,E_grid,E_DG,Q_prod,E_total,T_amb,GHI
2024-01-01 00:00:00,26.103916295800985,0.0,0.0,26.103916295800985,27.048229845162425,0.0
2024-01-01 01:00:00,4.436912905012916,0.0,0.0,4.436912905012916,28.443448869258013,0.0
2024-01-01 02:00:00,14.995674149006046,0.0,0.0,14.995674149006046,28.45352210620877,0.0
2024-01-01 03:00:00,20.866253872007537,0.0,0.0,20.866253872007537,28.014717212794782,0.0
2024-01-01 04:00:00,18.172754793630304,0.0,0.0,18.172754793630304,26.90495698592903,0.0
2024-01-01 05:00:00,21.50557564095328,0.0,0.0,21.50557564095328,26.260109786374056,0.0
2024-01-01 06:00:00,49.268576039385415,0.0,0.0,49.268576039385415,25.882046107308142,0.0
2024-01-01 07:00:00,15.474526900484577,18.3456513503897,0.0,33.82017825087428,25.23159721228747,202.4384670528494
2024-01-01 08:00:00,12.163659647644934,37.42978521718881,0.0,49.59344486483374,23.411102072826914,355.0458109837674
2024-01-01 09:00:00,0.0,48.90761380689972,0.0,39.21002922745044,23.636827914520243,430.8162858562683
2024-01-01 10:00:00,0.0,60.6069656254996,0.0,39.401495233946584,23.189079137530676,522.7783931103065
2024-01-01 11:00:00,0.0,67.26116329208736,0.0,50.280668240715215,22.108711341368963,578.1739912264243
2024-01-01 12:00:00,0.0,68.05824415737374,0.0,34.232566762062596,20.926232690958784,572.6928472321068
2024-01-01 13:00:00,0.0,81.1880135134455,0.0,49.12914496832741,20.517405914894454,690.9779522311815
2024-01-01 14:00:00,0.0,82.30148434065208,0.0,33.55528537010097,20.945274177693477,686.3558468394931
2024-01-01 15:00:00,0.0,62.9370888261088,0.0,32.770694689481424,20.83795575592561,499.2262461579728
2024-01-01 16:00:00,4.35994124395873,35.04266509232965,0.0,39.40260633628838,21.485779679488857,267.6203031289114
2024-01-01 17:00:00,4.1383626314682544,26.572994265792563,0.0,30.711356897260817,22.12133495775634,179.24107472379123
2024-01-01 18:00:00,47.52700731103757,2.275892492778299e-15,0.0,47.52700731103757,23.091293270053768,8.507124156936742e-14
2024-01-01 19:00:00,54.22213441510252,0.0,0.0,54.22213441510252,22.823419633282853,0.0
2024-01-01 20:00:00,45.9754331162733,0.0,0.0,45.9754331162733,24.406157479531096,0.0
2024-01-01 21:00:00,40.9879883473243,0.0,0.0,40.9879883473243,25.0194771614846,0.0
2024-01-01 22:00:00,20.727283458944967,0.0,0.0,20.727283458944967,25.99603048363876,0.0
2024-01-01 23:00:00,20.570654279883883,0.0,0.0,20.570654279883883,27.202426166093726,0.0
2024-01-02 00:00:00,17.011307752382763,0.0,0.0,17.011307752382763,30.569852274605733,0.0
2024-01-02 01:00:00,23.850757964339145,0.0,0.0,23.850757964339145,31.13216264203814,0.0
2024-01-02 02:00:00,18.04109728578444,0.0,0.0,18.04109728578444,30.764995550018707,0.0
2024-01-02 03:00:00,16.292312008607276,0.0,0.0,16.292312008607276,30.377932421468415,0.0
2024-01-02 04:00:00,16.91416025041086,0.0,0.0,16.91416025041086,29.956850103354917,0.0
2024-01-02 05:00:00,17.485860464904093,0.0,0.0,17.485860464904093,28.659696657790153,0.0
2024-01-02 06:00:00,43.83298850930433,0.0,0.0,43.83298850930433,29.472067947283875,0.0
2024-01-02 07:00:00,26.80170475254502,17.815789539985296,0.0,44.61749429253032,27.797117875800563,200.1430601524246
2024-01-02 08:00:00,4.4450757646036365,39.28947054578896,0.0,43.734546310392595,27.305148954836028,380.9608751447888
2024-01-02 09:00:00,0.0,53.902153057725315,0.0,33.35496320397895,26.485832029846968,496.03481471361295
2024-01-02 10:00:00,0.0,71.49984105095963,0.0,50.0904321310359,24.679542670309505,646.5861332350474
2024-01-02 11:00:00,0.0,76.67719292495809,0.0,32.01703352604481,24.11565349445184,677.1375587908844
2024-01-02 12:00:00,0.0,75.93837819501626,0.0,34.48336808969054,24.794621465116784,666.8881362383244
2024-01-02 13:00:00,0.0,80.34900300605327,0.0,35.6358112880854,23.816677790664606,696.8794707817981
2024-01-02 14:00:00,0.0,69.6840326918793,0.0,41.333575656930144,23.261907592685315,575.4169836312512
2024-01-02 15:00:00,0.0,67.5574853300772,0.0,52.59483793297794,23.608286527259065,546.5016493364719
2024-01-02 16:00:00,0.5881961525156356,43.21979964009927,0.0,43.8079957926149,24.564229964005456,330.46546976211863
2024-01-02 17:00:00,18.589634483111627,30.664506880903392,0.0,49.25414136401502,25.04448393054881,207.68874508460257
2024-01-02 18:00:00,47.72811380252026,2.7014142584013768e-15,0.0,47.72811380252026,24.56915954371475,8.064850605332358e-14
2024-01-02 19:00:00,45.64893038815343,0.0,0.0,45.64893038815343,26.963475688811698,0.0
2024-01-02 20:00:00,51.7877515176892,0.0,0.0,51.7877515176892,27.535274440333914,0.0
2024-01-02 21:00:00,43.062236102645954,0.0,0.0,43.062236102645954,27.881829458022604,0.0
2024-01-02 22:00:00,18.807443733297355,0.0,0.0,18.807443733297355,28.206339203291215,0.0
2024-01-02 23:00:00,10.201601525189268,0.0,0.0,10.201601525189268,30.054078479017953,0.0
2024-01-03 00:00:00,32.521046511145364,0.0,0.0,32.521046511145364,29.9629896771169,0.0
2024-01-03 01:00:00,33.78661272956652,0.0,0.0,33.78661272956652,29.34552821669691,0.0
2024-01-03 02:00:00,24.58320950716983,0.0,0.0,24.58320950716983,30.077647976044865,0.0
2024-01-03 03:00:00,35.14733310211227,0.0,0.0,35.14733310211227,31.637513877132037,0.0
2024-01-03 04:00:00,31.715365804554185,0.0,0.0,31.715365804554185,29.733026805676804,0.0
2024-01-03 05:00:00,44.029158030926084,0.0,0.0,44.029158030926084,28.797575450709143,0.0
2024-01-03 06:00:00,201.2399980725873,0.0,50.59662100940635,201.2399980725873,27.939438701070735,0.0
2024-01-03 07:00:00,377.38833231861935,19.03980069250651,145.46392221264747,396.42813301112585,28.48560316329759,216.32028475968787
2024-01-03 08:00:00,335.9056202588015,33.194601548564705,140.81212035295044,369.1002218073662,27.1175667585129,307.96196602341627
2024-01-03 09:00:00,314.04432832581074,49.9207836047278,131.86875145405537,363.9651119305385,26.491539912823846,452.45966034763103
2024-01-03 10:00:00,255.82566126007924,73.8535675732527,130.30650691025542,329.67922883333193,25.067779655770135,678.7158339157239
2024-01-03 11:00:00,281.46870806199036,77.93359244965313,137.35943211563273,359.4023005116435,24.845822897237532,689.092239830792
2024-01-03 12:00:00,221.95787434927541,96.62218820168873,110.22209259212414,318.58006255096416,23.238437905704565,867.4453206351754
2024-01-03 13:00:00,156.86585641165647,82.92583758568101,74.86206771543473,239.79169399733746,23.394242112169845,718.4345212893502
2024-01-03 14:00:00,124.19595209409184,64.80763625098967,47.16841078971453,189.0035883450815,23.337213771210422,537.548086418575
2024-01-03 15:00:00,307.8850120617678,58.75045348642305,135.16001641341248,366.63546554819084,24.00417008764993,474.72486538719863
2024-01-03 16:00:00,336.7270577447544,36.38584407399135,149.69634921894004,373.11290181874574,23.822019620548748,279.37801160726906
2024-01-03 17:00:00,345.1180772084242,28.962946748553072,141.44164271295253,374.0810239569773,23.906057408703035,194.09820077854786
2024-01-03 18:00:00,338.6786292017053,2.0049947066325202e-15,128.0947774305602,338.6786292017053,24.97572393318424,9.22666297076781e-14
2024-01-03 19:00:00,341.19982570311976,0.0,125.46094260894776,341.19982570311976,24.949613754635113,0.0
2024-01-03 20:00:00,347.27989537709504,0.0,124.8228036245915,347.27989537709504,25.53320264708892,0.0
2024-01-03 21:00:00,284.52209143515023,0.0,97.19689870079442,284.52209143515023,28.01522435663702,0.0
2024-01-03 22:00:00,33.41353090643664,0.0,0.0,33.41353090643664,28.256315070570885,0.0
2024-01-03 23:00:00,39.16854969482585,0.0,0.0,39.16854969482585,29.037852098386836,0.0
2024-01-04 00:00:00,38.581905679386125,0.0,0.0,38.581905679386125,32.314955325948276,0.0
2024-01-04 01:00:00,34.76716319544039,0.0,0.0,34.76716319544039,32.94763865755346,0.0
2024-01-04 02:00:00,33.66929381533231,0.0,0.0,33.66929381533231,32.63563705043322,0.0
2024-01-04 03:00:00,30.25154452111226,0.0,0.0,30.25154452111226,33.21316988014007,0.0
2024-01-04 04:00:00,35.76423870610297,0.0,0.0,35.76423870610297,32.150826553293605,0.0
2024-01-04 05:00:00,35.97970449952491,0.0,0.0,35.97970449952491,31.494373538962343,0.0
2024-01-04 06:00:00,219.7365075106182,0.0,54.36753640115038,219.7365075106182,30.73858748427173,0.0
2024-01-04 07:00:00,359.07605846700056,17.919472343055975,137.69663769389948,376.99553081005655,29.131511949811443,205.51952407762653
2024-01-04 08:00:00,292.4146223619766,32.57877872479062,106.49975005024133,324.9934010867672,29.346392375839493,304.4435486050951
2024-01-04 09:00:00,280.4947401909964,51.231843962490096,119.05732911068523,331.7265841534865,26.739793405152962,471.2339235630001
2024-01-04 10:00:00,273.2183906768247,80.07900650741288,134.40361209475338,353.2973971842376,26.82526664438154,738.1736743044429
2024-01-04 11:00:00,279.7732000997329,77.14564737017466,128.2748120608338,356.9188474699075,26.40498451415032,692.855828242288
2024-01-04 12:00:00,279.8598523935862,91.35286263552997,136.79628408296546,371.21271502911617,25.44242299806721,800.9596399756977
2024-01-04 13:00:00,170.01911292868039,83.89529317794008,81.97101885522325,253.91440610662048,25.26177471947128,729.4035599555199
2024-01-04 14:00:00,135.74386524024155,75.33552368420513,57.24244213391,211.07938892444668,26.288080856133043,631.4612991806792
2024-01-04 15:00:00,245.99907943794886,72.22304437803113,109.76631784011684,318.22212381598,26.03966462389853,594.5199289912318
2024-01-04 16:00:00,279.1760291720914,46.820761475761,120.07941412632267,325.9967906478524,25.494390319370524,359.56972565603024
2024-01-04 17:00:00,334.5953860502405,22.50639673800951,133.65523357274753,357.10178278825003,26.158736083380326,155.7545645411408
2024-01-04 18:00:00,341.29960385908936,2.452195524003462e-15,126.26005668772476,341.29960385908936,26.479891098743508,8.279583200952764e-14
2024-01-04 19:00:00,357.4892162290007,0.0,130.81125259155706,357.4892162290007,28.315023308163674,0.0
2024-01-04 20:00:00,361.2600242667482,0.0,136.47187018813537,361.2600242667482,28.743521847814193,0.0
2024-01-04 21:00:00,250.496509516842,0.0,74.96604239907299,250.496509516842,28.79102649543098,0.0
2024-01-04 22:00:00,36.44734571961309,0.0,0.0,36.44734571961309,30.668784868924458,0.0
2024-01-04 23:00:00,33.0908125349725,0.0,0.0,33.0908125349725,31.56275624897326,0.0
2024-01-05 00:00:00,40.22625726306833,0.0,0.0,40.22625726306833,30.02163497554792,0.0
2024-01-05 01:00:00,38.23385248055856,0.0,0.0,38.23385248055856,29.85303857043821,0.0
2024-01-05 02:00:00,35.64169883696217,0.0,0.0,35.64169883696217,29.822639994321666,0.0
2024-01-05 03:00:00,34.254429023162956,0.0,0.0,34.254429023162956,30.882848307971358,0.0
2024-01-05 04:00:00,32.62633192137038,0.0,0.0,32.62633192137038,29.54335756701017,0.0
2024-01-05 05:00:00,37.118356209185336,0.0,0.0,37.118356209185336,29.34363022566674,0.0
2024-01-05 06:00:00,212.42936367083647,0.0,55.03825866200397,212.42936367083647,27.989205754026727,0.0
2024-01-05 07:00:00,377.40120459218457,16.890174906187212,142.34379117315441,394.2913794983718,27.759797059391595,194.32888659965002
2024-01-05 08:00:00,338.64916382750255,40.76030688300061,135.87856741932274,379.4094707105032,25.781161079512806,395.6292168217773
2024-01-05 09:00:00,322.3320178203404,54.708131483456015,144.72982502076846,377.04014930379645,25.372075144996717,508.10181494525085
2024-01-05 10:00:00,238.7921823327468,66.87739001122073,105.66529132033195,305.6695723439675,24.15483845600183,600.5582613282664
2024-01-05 11:00:00,276.99495296699604,77.26498537961305,127.08852813841348,354.2599383466091,23.73161518062721,685.0030817567149
2024-01-05 12:00:00,288.6125796511064,82.50215753675307,147.0464672701987,371.1147371878595,24.103121682584856,732.3783854667513
2024-01-05 13:00:00,157.92813565463808,78.08573550414981,73.99874010893878,236.0138711587879,22.82207223905127,668.6140280656145
2024-01-05 14:00:00,132.25534559450514,81.76830411718763,48.599681077917715,214.02364971169277,23.3681036384519,686.7068006483652
2024-01-05 15:00:00,295.0167505331957,72.54888682697681,133.29537943627807,367.5656373601725,23.886867774731638,591.1996599248921
2024-01-05 16:00:00,317.77189508614094,43.51068087509705,134.7661930845161,361.28257596123797,23.464098005667662,330.0023575339578
2024-01-05 17:00:00,312.3121072991067,30.388195204146694,127.78159145077231,342.7003025032534,24.53098539409008,202.53469435312934
2024-01-05 18:00:00,396.4818785342652,2.037482348625132e-15,159.88824676559688,396.4818785342652,25.024518554784194,9.355187918899421e-14
2024-01-05 19:00:00,366.88536490647823,0.0,138.86762517633906,366.88536490647823,25.6613273831478,0.0
2024-01-05 20:00:00,339.5596522614542,0.0,122.81108110494682,339.5596522614542,26.88413337037332,0.0
2024-01-05 21:00:00,241.63052287918055,0.0,69.33998975274453,241.63052287918055,28.334811278569607,0.0
2024-01-05 22:00:00,37.670239226565585,0.0,0.0,37.670239226565585,27.94034111946058,0.0
2024-01-05 23:00:00,37.494921314820495,0.0,0.0,37.494921314820495,28.504248859779736,0.0
2024-01-06 00:00:00,35.722223154155955,0.0,0.0,35.722223154155955,27.89092841784257,0.0
2024-01-06 01:00:00,29.76620274318195,0.0,0.0,29.76620274318195,29.24675115430472,0.0
2024-01-06 02:00:00,39.8133097136272,0.0,0.0,39.8133097136272,29.433480588988882,0.0
2024-01-06 03:00:00,38.6093642522235,0.0,0.0,38.6093642522235,28.481018702769475,0.0
2024-01-06 04:00:00,35.21111862501728,0.0,0.0,35.21111862501728,27.33187891595057,0.0
2024-01-06 05:00:00,39.4648463988525,0.0,0.0,39.4648463988525,27.50629214161608,0.0
2024-01-06 06:00:00,59.32515042481491,0.0,0.0,59.32515042481491,27.392723866328204,0.0
2024-01-06 07:00:00,39.40889554982494,17.73992432880752,0.0,57.14881987863246,26.241301865792114,204.54216696493563
2024-01-06 08:00:00,19.47407479085217,35.24081381453442,0.0,54.71488860538659,25.45897065080239,338.08632514993565
2024-01-06 09:00:00,7.645830401560552,48.97602433847574,0.0,56.62185474003629,24.201257910428083,439.2490658971454
2024-01-06 10:00:00,0.0,81.80111330685764,0.0,59.48937690901479,24.125841339779587,754.3187602622692
2024-01-06 11:00:00,0.0,78.73177631112792,0.0,58.60180202065212,23.065518944149108,699.8156403996958
2024-01-06 12:00:00,0.0,88.25568141811652,0.0,58.16206307686859,22.63093960036107,764.74196147103
2024-01-06 13:00:00,0.0,78.65802346841721,0.0,60.291525514390145,22.06758922692631,670.3452465871078
2024-01-06 14:00:00,0.0,72.57099285725134,0.0,61.707042929409724,22.130980859230128,599.466577913353
2024-01-06 15:00:00,0.0,69.61685077930342,0.0,59.57405799106605,22.217342229503448,555.8922877001087
2024-01-06 16:00:00,6.325000835524456,49.333113614031255,0.0,55.65811444955571,21.873670550111278,371.95710546849074
2024-01-06 17:00:00,25.79513658191913,32.63922388458124,0.0,58.43436046650037,23.080454590959356,214.32491269031215
2024-01-06 18:00:00,61.34535810600125,2.2327157804701557e-15,0.0,61.34535810600125,24.014550863397965,1.0210553890028037e-13
2024-01-06 19:00:00,59.612430499380366,0.0,0.0,59.612430499380366,25.040500852663303,0.0
2024-01-06 20:00:00,62.46439701699085,0.0,0.0,62.46439701699085,25.576850351566563,0.0
2024-01-06 21:00:00,66.38721953561789,0.0,0.0,66.38721953561789,25.79203817591776,0.0
2024-01-06 22:00:00,46.210136715116846,0.0,0.0,46.210136715116846,26.713138112637704,0.0
2024-01-06 23:00:00,36.32917413874478,0.0,0.0,36.32917413874478,27.626096470951154,0.0
2024-01-07 00:00:00,20.916146944570635,0.0,0.0,20.916146944570635,29.564953106407216,0.0
2024-01-07 01:00:00,12.314439046388788,0.0,0.0,12.314439046388788,29.75875458045136,0.0
2024-01-07 02:00:00,18.122706887524608,0.0,0.0,18.122706887524608,29.377266206277962,0.0
2024-01-07 03:00:00,17.990994440516026,0.0,0.0,17.990994440516026,29.25501261394763,0.0
2024-01-07 04:00:00,22.045697836859304,0.0,0.0,22.045697836859304,28.42096026488561,0.0
2024-01-07 05:00:00,15.311617542668742,0.0,0.0,15.311617542668742,27.354268511312327,0.0
2024-01-07 06:00:00,19.376441946348532,0.0,0.0,19.376441946348532,28.123241327615954,0.0
2024-01-07 07:00:00,4.003476728483463,16.047880488480025,0.0,20.05135721696349,28.50511408452367,186.43171516663955
2024-01-07 08:00:00,0.0,36.32118554587227,0.0,24.74267261920722,27.337522000989132,353.84600021127164
2024-01-07 09:00:00,0.0,57.499820103545574,0.0,21.655961877634446,25.044149875173108,536.5282442193272
2024-01-07 10:00:00,0.0,69.00637273933765,0.0,21.365721141296113,24.764083887788722,621.5294904814492
2024-01-07 11:00:00,0.0,79.66065048248436,0.0,19.945104486588225,23.23196874991542,708.6272334464011
2024-01-07 12:00:00,0.0,84.77987594484655,0.0,16.580353660677503,22.75198856041882,742.834372441075
2024-01-07 13:00:00,0.0,77.87890102395967,0.0,18.80102702851576,22.45965554826649,661.9754685550297
2024-01-07 14:00:00,0.0,80.78908951114562,0.0,12.77989968568377,22.826382896872502,673.1638873939999
2024-01-07 15:00:00,0.0,81.849279566401,0.0,13.415803647635759,22.96716204197569,671.7514421272202
2024-01-07 16:00:00,0.0,39.839015648480085,0.0,24.967588651088164,23.53439431125131,300.90494309377516
2024-01-07 17:00:00,0.0,29.940231544790535,0.0,20.943479133387275,24.295866699792644,197.0870334682626
2024-01-07 18:00:00,15.129050889755023,2.4348116881816037e-15,0.0,15.129050889755025,24.52069177739584,8.316410155465943e-14
2024-01-07 19:00:00,18.91812893417238,0.0,0.0,18.91812893417238,25.55136656656591,0.0
2024-01-07 20:00:00,16.621534079179312,0.0,0.0,16.621534079179312,25.892225985748315,0.0
2024-01-07 21:00:00,11.958157323452028,0.0,0.0,11.958157323452028,26.67275038482365,0.0
2024-01-07 22:00:00,12.797370969334086,0.0,0.0,12.797370969334086,27.439646066069262,0.0
2024-01-07 23:00:00,20.599046837002657,0.0,0.0,20.599046837002657,29.238629873810446,0.0
2024-01-08 00:00:00,30.682439269056115,0.0,0.0,30.682439269056115,28.968775229182413,0.0
2024-01-08 01:00:00,33.105177254494485,0.0,0.0,33.105177254494485,28.551820500580533,0.0
2024-01-08 02:00:00,31.52155896040038,0.0,0.0,31.52155896040038,29.575095763639194,0.0
2024-01-08 03:00:00,33.793912256062015,0.0,0.0,33.793912256062015,28.862969966099694,0.0
2024-01-08 04:00:00,32.54828943454051,0.0,0.0,32.54828943454051,29.96791856271302,0.0
2024-01-08 05:00:00,39.64022486222785,0.0,0.0,39.64022486222785,28.2921031133405,0.0
2024-01-08 06:00:00,214.6008972613014,0.0,56.19011332681333,214.6008972613014,28.19739323289056,0.0
2024-01-08 07:00:00,319.42677650876095,15.588161965503481,122.49118697657987,335.01493847426445,27.556988411532313,178.14855268765544
2024-01-08 08:00:00,388.2988109810861,35.09465355966904,164.06036058257024,423.39346454075513,25.629176013702477,337.9634809417253
2024-01-08 09:00:00,312.3626156748466,53.54292936988997,140.77722785721832,365.9055450447366,25.23879714089953,494.08029505059875
2024-01-08 10:00:00,306.2954941444826,71.9642807109642,142.5596216135286,378.2597748554468,24.63337419067507,657.8718624051394
2024-01-08 11:00:00,297.79698972849854,61.946544566955296,138.357276775274,359.74353429545386,23.689539592033135,524.5606030411788
2024-01-08 12:00:00,308.18968516556566,85.7554613975728,150.14118738474178,393.94514656313845,23.25610170639037,751.2320909236134
2024-01-08 13:00:00,149.7981811868524,76.85717235358497,61.59767557503604,226.65535354043735,22.061085151189683,654.7540448205781
2024-01-08 14:00:00,137.61702889016755,69.36406951807065,47.50234181649813,206.9810984082382,22.88365834983826,573.0788183024916
2024-01-08 15:00:00,334.7753629672929,50.938162933170254,148.9608630947088,385.71352590046314,22.482817750882905,399.81025405459883
2024-01-08 16:00:00,354.7532110422826,47.72482906971888,155.25782880981296,402.47804011200145,23.25027693837753,357.7267701348698
2024-01-08 17:00:00,308.1317167047642,17.982178090258063,118.32369264659539,326.11389479502225,24.091760928603815,127.7918115854833
2024-01-08 18:00:00,319.7570815268596,2.0287910119512705e-15,110.44847925843008,319.7570815268596,24.691044493740133,8.897056379068905e-14
2024-01-08 19:00:00,368.70631522453453,0.0,137.26154412472917,368.70631522453453,25.37513344486691,0.0
2024-01-08 20:00:00,370.6736476810441,0.0,141.5530676531607,370.6736476810441,26.427704388073256,0.0
2024-01-08 21:00:00,248.55831835546152,0.0,82.1937972551425,248.55831835546152,27.356712424784213,0.0
2024-01-08 22:00:00,32.09614217548864,0.0,0.0,32.09614217548864,28.60439082067296,0.0
2024-01-08 23:00:00,36.60228097474136,0.0,0.0,36.60228097474136,28.564488624402525,0.0
2024-01-09 00:00:00,30.480709503061146,0.0,0.0,30.480709503061146,30.13471685249121,0.0
2024-01-09 01:00:00,30.983116530646207,0.0,0.0,30.983116530646207,30.86842323902427,0.0
2024-01-09 02:00:00,33.12247177215791,0.0,0.0,33.12247177215791,30.27645563764272,0.0
2024-01-09 03:00:00,32.63774912869109,0.0,0.0,32.63774912869109,29.734756098197224,0.0
2024-01-09 04:00:00,26.805346638721403,0.0,0.0,26.805346638721403,30.2993534430614,0.0
2024-01-09 05:00:00,42.08071471034969,0.0,0.0,42.08071471034969,29.39351133436942,0.0
2024-01-09 06:00:00,202.37266234115324,0.0,53.6780029898997,202.37266234115324,28.167885736657293,0.0
2024-01-09 07:00:00,291.5729182319854,17.836726732996322,109.99995684380136,309.40964496498174,28.17778706507322,211.76159633496687
2024-01-09 08:00:00,325.72893787877024,34.02989784154199,129.9373631223643,359.7588357203122,27.7372159500391,327.4569733075038
2024-01-09 09:00:00,288.94891088324505,63.60294427339529,131.9503360816463,352.55185515664033,25.30091151152111,598.0684207158107
2024-01-09 10:00:00,277.2683137532148,75.0432167250777,127.59875727957186,352.31153047829247,25.782811940132717,691.4651503929238
2024-01-09 11:00:00,214.21799422328445,100.82586590220983,109.09703123693524,315.0438601254943,23.27824195049872,917.6295349746149
2024-01-09 12:00:00,295.0024220805905,81.14867875993902,142.89394319988463,376.1511008405295,23.790417214188185,705.0496383168157
2024-01-09 13:00:00,184.90986664053835,86.75582997807359,88.01267610086289,271.66569661861195,24.56116700663403,754.2505432429341
2024-01-09 14:00:00,102.50071755614874,94.36956337006671,49.70891937224981,196.87028092621546,23.357487418268043,801.3591185891516
2024-01-09 15:00:00,278.35086726044915,77.25887610598114,132.48938329024102,355.6097433664303,23.685878248423236,621.6922086270166
2024-01-09 16:00:00,301.9536121088514,48.96401859056504,128.29169418966887,350.91763069941646,24.37199362966572,367.8739122398953
2024-01-09 17:00:00,310.2323742363745,32.15891992284971,128.4229044030564,342.3912941592242,23.688538951341236,208.5257074167756
2024-01-09 18:00:00,375.71172309906314,2.1013580683767276e-15,141.65773945569143,375.71172309906314,25.307696842944356,9.660159580394255e-14
2024-01-09 19:00:00,375.07487186243515,0.0,141.9838058514213,375.07487186243515,26.147889320646307,0.0
2024-01-09 20:00:00,391.59516589500663,0.0,149.50941171215683,391.59516589500663,27.95280992914885,0.0
2024-01-09 21:00:00,264.831359005504,0.0,89.53682506218439,264.831359005504,27.309645684884387,0.0
2024-01-09 22:00:00,27.045136251587813,0.0,0.0,27.045136251587813,28.580879784299416,0.0
2024-01-09 23:00:00,34.66568546113948,0.0,0.0,34.66568546113948,29.032345281265584,0.0
2024-01-10 00:00:00,40.71516805256489,0.0,0.0,40.71516805256489,29.04615348547007,0.0
2024-01-10 01:00:00,34.768462649810786,0.0,0.0,34.768462649810786,30.47671222961425,0.0
2024-01-10 02:00:00,39.39933220210611,0.0,0.0,39.39933220210611,30.045596225070632,0.0
2024-01-10 03:00:00,32.28750970121262,0.0,0.0,32.28750970121262,29.6352272678687,0.0
2024-01-10 04:00:00,32.22535983148119,0.0,0.0,32.22535983148119,29.304436436744492,0.0
2024-01-10 05:00:00,36.04982575007883,0.0,0.0,36.04982575007883,28.72553066975044,0.0
2024-01-10 06:00:00,214.95148508212412,0.0,53.07224709660387,214.95148508212412,28.045368885366376,0.0
2024-01-10 07:00:00,431.220383849418,15.634362484353465,173.3684098875227,446.85474633377146,26.805914459784415,182.8656319993427
2024-01-10 08:00:00,369.1548808511859,37.70715890368584,155.9243514306884,406.8620397548717,26.402905702787624,371.32912582782507
2024-01-10 09:00:00,281.95296922016513,58.58649472888641,126.11511085713202,340.53946394905154,25.446800470385327,551.3423006177657
2024-01-10 10:00:00,281.6269786454509,86.36451584029925,136.70908361899484,367.99149448575014,24.403372120868553,791.5034008582783
2024-01-10 11:00:00,221.1915262973385,82.8934591830112,108.19152005516491,304.0849854803497,24.134919868069797,745.6823389421855
2024-01-10 12:00:00,276.3654137312741,96.91593522792917,135.36797804316367,373.2813489592032,23.621126300883766,869.2456594757566
2024-01-10 13:00:00,204.614879936006,86.86286936491662,94.55692757678348,291.4777493009226,22.87320647491263,753.1105271256729
2024-01-10 14:00:00,147.5835668900841,86.28157789903403,69.0190441399886,233.86514478911812,22.960203398687096,726.9706803547092
2024-01-10 15:00:00,276.05592132807953,71.54894567296756,133.3627398130779,347.6048670010471,24.230841945508914,572.6457338203569
2024-01-10 16:00:00,312.5218201119031,58.67737304280771,139.5209121979456,371.19919315471077,24.561398190125757,443.47086148690966
2024-01-10 17:00:00,345.70499689341284,31.29159274320776,143.17171239014164,376.9965896366206,23.53035164485244,201.86429910943053
2024-01-10 18:00:00,413.49966262574543,2.203129454218563e-15,161.72599821556597,413.49966262574543,24.325046690775945,8.585720400079894e-14
2024-01-10 19:00:00,337.0306683695945,0.0,121.72984643703315,337.0306683695945,25.096702177715404,0.0
2024-01-10 20:00:00,428.526430591179,0.0,170.84942615771132,428.526430591179,27.060797444056345,0.0
2024-01-10 21:00:00,248.43379910652277,0.0,78.4317177171812,248.43379910652277,27.2388724821412,0.0
2024-01-10 22:00:00,32.872114182126104,0.0,0.0,32.872114182126104,28.402107595868372,0.0
2024-01-10 23:00:00,30.944906844556762,0.0,0.0,30.944906844556762,30.00562787486358,0.0
2024-01-11 00:00:00,28.60719963893292,0.0,0.0,28.60719963893292,28.01392047482713,0.0
2024-01-11 01:00:00,31.37268402462363,0.0,0.0,31.37268402462363,28.721928711627225,0.0
2024-01-11 02:00:00,35.5661421133641,0.0,0.0,35.5661421133641,28.748274333387023,0.0
2024-01-11 03:00:00,38.064911105841674,0.0,0.0,38.064911105841674,28.07469567490059,0.0
2024-01-11 04:00:00,34.544866998523716,0.0,0.0,34.544866998523716,28.548733737853293,0.0
2024-01-11 05:00:00,34.033700710955074,0.0,0.0,34.033700710955074,27.03808728833965,0.0
2024-01-11 06:00:00,199.4022364000385,0.0,47.68116872982911,199.4022364000385,27.408003851958917,0.0
2024-01-11 07:00:00,93.81923641743285,15.831612772994303,0.0,109.65084919042715,25.60020513399109,187.1339505021269
2024-01-11 08:00:00,329.62633795463415,42.98343524118908,124.07033242309898,372.6097731958232,24.74908009846878,424.82612265948245
2024-01-11 09:00:00,334.858035873796,52.037984064908066,140.65995183693923,386.89601993870406,23.537953389064608,474.16457128644527
2024-01-11 10:00:00,249.05102380093018,70.06695465411003,112.69267914194195,319.1179784550402,22.775934253328504,627.6750128831239
2024-01-11 11:00:00,292.1012865762434,85.17999799151008,136.91214051382224,377.2812845677535,22.299808063419643,756.2477932734183
2024-01-11 12:00:00,305.98158735135786,81.44861352521542,143.963580681267,387.4302008765733,20.741300766535986,692.5708121840764
2024-01-11 13:00:00,208.9444598739874,75.90469693094342,93.01095533932745,284.84915680493083,21.49065739613729,638.359421730301
2024-01-11 14:00:00,146.78889441854147,57.33757771927189,57.67527287314598,204.12647213781338,21.234076840116067,460.79073648835475
2024-01-11 15:00:00,339.26460923934894,67.06806869639045,154.1872054664776,406.3326779357394,22.002329116031007,532.9793129655295
2024-01-11 16:00:00,284.8837440543219,47.20238324119339,126.82348641843893,332.08612729551527,22.168465414669704,348.21523952336594
2024-01-11 17:00:00,347.8852162239175,24.847208581597673,140.32156845929595,372.73242480551517,22.159371509034266,162.55578026460947
2024-01-11 18:00:00,307.788094207567,2.1070883222105314e-15,104.90543557477517,307.788094207567,23.008788579023875,8.751970535872452e-14
2024-01-11 19:00:00,348.5494940713115,0.0,133.46116255549032,348.5494940713115,23.964888281617554,0.0
2024-01-11 20:00:00,362.2617832540873,0.0,140.2211423125295,362.2617832540873,25.73104223597475,0.0
2024-01-11 21:00:00,255.62255907575306,0.0,84.86558359506888,255.62255907575306,25.48277827636743,0.0
2024-01-11 22:00:00,33.519269368279026,0.0,0.0,33.519269368279026,26.3781836262615,0.0
2024-01-11 23:00:00,27.978078819373152,0.0,0.0,27.978078819373152,26.898645617081165,0.0
2024-01-12 00:00:00,34.39913678512548,0.0,0.0,34.39913678512548,26.827177227694623,0.0
2024-01-12 01:00:00,36.216875292131974,0.0,0.0,36.216875292131974,28.071350257991664,0.0
2024-01-12 02:00:00,37.343293497166236,0.0,0.0,37.343293497166236,28.138559719703782,0.0
2024-01-12 03:00:00,32.80885694032787,0.0,0.0,32.80885694032787,28.55922937259659,0.0
2024-01-12 04:00:00,38.524264087915874,0.0,0.0,38.524264087915874,28.088901471276177,0.0
2024-01-12 05:00:00,33.943604272030875,0.0,0.0,33.943604272030875,28.210540145585995,0.0
2024-01-12 06:00:00,199.81521723986418,0.0,45.49998327426546,199.81521723986418,26.25017167039663,0.0
2024-01-12 07:00:00,335.3250848324508,15.992982898217207,129.73276020284095,351.31806773066796,25.312709930127898,191.28226824351523
2024-01-12 08:00:00,320.8709293357305,37.444336567317215,131.61473323842398,358.31526590304776,23.886994881600497,368.17038688977755
2024-01-12 09:00:00,295.3254145306904,55.26875799024194,129.20748619962131,350.5941725209323,23.979530480046517,513.7716373267865
2024-01-12 10:00:00,312.4336827189823,70.67053891587176,144.78757892963392,383.10422163485407,22.846375174890348,633.1907821551645
2024-01-12 11:00:00,284.13283240523646,77.72998202778702,132.07282963292215,361.86281443302346,22.387867472519606,692.7586216656396
2024-01-12 12:00:00,295.9794717698779,74.6052955204609,136.34091396808077,370.5847672903388,20.936457031302442,623.8986242131048
2024-01-12 13:00:00,162.95455597895597,79.80661458514352,77.03408124592254,242.7611705640995,21.33216975666879,670.5787352728713
2024-01-12 14:00:00,132.3491291672344,83.91393942861794,59.750051985936466,216.26306859585233,21.13970786314415,695.4187770206162
2024-01-12 15:00:00,331.4948965574924,57.05098986026252,150.37966151524984,388.5458864177549,21.22588518210228,445.12060855331316
2024-01-12 16:00:00,298.8946235047938,48.88166235008966,130.83738645007418,347.77628585488344,21.16438618682638,359.54139462238027
2024-01-12 17:00:00,406.50911878184667,26.923041969059494,173.48295464823033,433.4321607509062,22.65689664429096,173.71616206643876
2024-01-12 18:00:00,334.4650746490445,1.9997664932504402e-15,124.65254973060397,334.4650746490445,23.812261843656184,9.086287019739649e-14
2024-01-12 19:00:00,378.4849077347955,0.0,148.5971583373835,378.4849077347955,23.076069383159545,0.0
2024-01-12 20:00:00,350.3941973376427,0.0,122.1614908930705,350.3941973376427,24.897330043963656,0.0
2024-01-12 21:00:00,273.827556036533,0.0,87.26149641092941,273.827556036533,24.004049636355806,0.0
2024-01-12 22:00:00,38.785658461913044,0.0,0.0,38.785658461913044,26.621413028908407,0.0
2024-01-12 23:00:00,27.48900700132142,0.0,0.0,27.48900700132142,26.076904480049215,0.0
2024-01-13 00:00:00,30.25066763120754,0.0,0.0,30.25066763120754,29.584095082455526,0.0
2024-01-13 01:00:00,31.1761285127792,0.0,0.0,31.1761285127792,29.539717904294232,0.0
2024-01-13 02:00:00,40.52553371543755,0.0,0.0,40.52553371543755,30.20768409568492,0.0
2024-01-13 03:00:00,31.49119030596001,0.0,0.0,31.49119030596001,30.61562708435527,0.0
2024-01-13 04:00:00,37.40253600662939,0.0,0.0,37.40253600662939,28.917922124541644,0.0
2024-01-13 05:00:00,35.53428981753437,0.0,0.0,35.53428981753437,29.110623732554714,0.0
2024-01-13 06:00:00,174.03963076757952,0.0,49.09006833001091,174.03963076757952,28.30880545875159,0.0
2024-01-13 07:00:00,41.451675852481074,16.411830978376837,0.0,57.863506830857915,28.51188084295438,200.56047236460753
2024-01-13 08:00:00,246.77165242864123,39.07175335836622,113.25133098229867,285.84340578700744,27.03137034708476,390.9009014967554
2024-01-13 09:00:00,270.77388680130986,68.14692992944246,136.182310147033,338.92081673075234,25.321014628664084,642.2855290440879
2024-01-13 10:00:00,213.7800473949864,82.41569193833472,105.40588948140285,296.1957393333211,24.82984265364442,755.6754649197936
2024-01-13 11:00:00,187.64557736303732,100.78202756614634,119.36141220217871,288.42760492918364,25.118668228199468,917.6295349746149
2024-01-13 12:00:00,186.32866046609098,107.81211046874489,118.5996775951201,294.14077093483587,24.141583588301092,950.0
2024-01-13 13:00:00,105.10534432725652,84.05996050688054,68.55888185779604,189.16530483413706,22.975632719945168,721.020987023924
2024-01-13 14:00:00,0.0,85.36963385081984,0.0,58.270759372663385,23.181954573968074,718.9242352918301
2024-01-13 15:00:00,0.0,65.3633884507013,0.0,57.74124757210969,23.317194876943805,520.005707320166
2024-01-13 16:00:00,9.060604898486638,51.570773825973625,0.0,60.63137872446026,23.51540996633618,382.8461486798127
2024-01-13 17:00:00,25.62633133222361,31.655145414734033,0.0,57.281476746957644,23.48551003084586,201.07757136844666
2024-01-13 18:00:00,64.53901463987427,1.9923786354951176e-15,0.0,64.53901463987427,24.726678985464634,9.116841181907319e-14
2024-01-13 19:00:00,60.433222005515816,0.0,0.0,60.433222005515816,26.604222838233483,0.0
2024-01-13 20:00:00,60.89107091090103,0.0,0.0,60.89107091090103,26.62491759962903,0.0
2024-01-13 21:00:00,57.07231843428915,0.0,0.0,57.07231843428915,27.66972968578798,0.0
2024-01-13 22:00:00,30.18640916885487,0.0,0.0,30.18640916885487,28.635752666586406,0.0
2024-01-13 23:00:00,32.42998134354903,0.0,0.0,32.42998134354903,30.399434274668597,0.0
2024-01-14 00:00:00,13.268673969626816,0.0,0.0,13.268673969626816,31.195263748237103,0.0
2024-01-14 01:00:00,12.279056253768026,0.0,0.0,12.279056253768026,32.08745051808658,0.0
2024-01-14 02:00:00,20.235372335806126,0.0,0.0,20.235372335806126,31.36064736325749,0.0
2024-01-14 03:00:00,17.18540688028722,0.0,0.0,17.18540688028722,31.410778211043578,0.0
2024-01-14 04:00:00,15.038572650933133,0.0,0.0,15.038572650933133,31.197102724083763,0.0
2024-01-14 05:00:00,19.062401019592752,0.0,0.0,19.062401019592752,30.247544712511306,0.0
2024-01-14 06:00:00,11.75687204641175,0.0,0.0,11.75687204641175,29.807878558981606,0.0
2024-01-14 07:00:00,3.248976647235713,14.562732269972303,0.0,17.811708917208016,29.509629575048542,165.57437991742447
2024-01-14 08:00:00,0.0,37.8420986409711,0.0,12.952621831497698,27.759555168737144,379.04897767523573
2024-01-14 09:00:00,0.0,50.43657100692913,0.0,16.32604298289736,27.25391530690608,464.46910892571253
2024-01-14 10:00:00,0.0,79.38136867449172,0.0,9.610441406572921,26.76410422511105,738.9156273062557
2024-01-14 11:00:00,0.0,86.58739240635647,0.0,20.21483375619738,25.272630690723798,776.2045408462245
2024-01-14 12:00:00,0.0,84.68154560114245,0.0,10.057564739594058,25.676355432345026,749.3406395684684
2024-01-14 13:00:00,0.0,65.0255549397253,0.0,11.37092952069836,24.81543879712701,537.9460406555489
2024-01-14 14:00:00,0.0,70.24087353175543,0.0,14.588409956579003,24.57717616761344,577.9400252138183
2024-01-14 15:00:00,0.0,70.26182947400554,0.0,18.977737190658942,23.77492315437124,561.6953052776798
2024-01-14 16:00:00,0.0,55.84940702607661,0.0,15.098596206140313,24.94184231503081,417.1332166071801
2024-01-14 17:00:00,0.0,33.478041473948,0.0,21.91974916892012,25.870659923202822,213.88396391978625
2024-01-14 18:00:00,17.17172937496682,3.2176336789599124e-15,0.0,17.171729374966823,27.28240995868432,7.606211274486361e-14
2024-01-14 19:00:00,17.398194805332423,0.0,0.0,17.398194805332423,27.537815368480068,0.0
2024-01-14 20:00:00,16.595681406234434,0.0,0.0,16.595681406234434,28.72284556517226,0.0
2024-01-14 21:00:00,15.22702530576097,0.0,0.0,15.22702530576097,28.46105182033094,0.0
2024-01-14 22:00:00,12.634674390168913,0.0,0.0,12.634674390168913,29.84632620145661,0.0
2024-01-14 23:00:00,21.870767508400046,0.0,0.0,21.870767508400046,31.244984404600434,0.0
2024-01-15 00:00:00,38.75243244962475,0.0,0.0,38.75243244962475,29.18243959890764,0.0
2024-01-15 01:00:00,38.198868995644354,0.0,0.0,38.198868995644354,30.458569167360352,0.0
2024-01-15 02:00:00,38.23749386535774,0.0,0.0,38.23749386535774,30.46187639316223,0.0
2024-01-15 03:00:00,38.732373847966706,0.0,0.0,38.732373847966706,30.113319677098712,0.0
2024-01-15 04:00:00,34.45662967835635,0.0,0.0,34.45662967835635,29.461955061539612,0.0
2024-01-15 05:00:00,34.91306586747476,0.0,0.0,34.91306586747476,28.57694361772876,0.0
2024-01-15 06:00:00,240.04313346088446,0.0,62.41377362725086,240.04313346088446,29.23290710791372,0.0
2024-01-15 07:00:00,341.3402907455395,17.062524262796355,129.9319063724092,358.40281500833584,27.8170153775829,210.5146234373783
2024-01-15 08:00:00,323.36516217079486,42.46325162988611,130.10541928732013,365.82841380068095,26.765525523199788,425.00513689739756
2024-01-15 09:00:00,330.2765950331194,59.34841983572021,152.44600028290117,389.6250148688396,25.482925928902116,560.9105378037079
2024-01-15 10:00:00,306.18169779987005,74.14362946411124,138.33911963934085,380.3253272639813,24.864153275657053,680.0467992881634
2024-01-15 11:00:00,265.3416549363709,88.10462356714238,131.80792457075347,353.44627850351327,24.202702361694165,795.3458664510935
2024-01-15 12:00:00,300.16327312287365,78.98852473130425,140.58657126296958,379.1517978541779,23.764066389983313,670.3941134490633
2024-01-15 13:00:00,167.5657560264723,95.90680322295442,86.07047103687559,263.4725592494267,23.581647213086292,823.5854447540459
2024-01-15 14:00:00,129.35965535581738,85.05384466857144,53.360966015583905,214.4135000243888,22.703981697934516,706.9719821743361
2024-01-15 15:00:00,312.8802757760988,72.9690682161675,147.45145614769925,385.8493439922663,22.48117858610682,579.4036018601972
2024-01-15 16:00:00,261.83843412248405,59.756479474527076,117.84751600957945,321.5949135970111,23.606268973253275,444.6997655971382
2024-01-15 17:00:00,338.1989503376314,27.147474895116158,138.53443215224144,365.34642523274755,23.246735058046767,172.8832911786983
2024-01-15 18:00:00,386.91834539162454,2.5935173710379233e-15,145.80364073611085,386.91834539162454,24.683386963365244,8.160707651099774e-14
2024-01-15 19:00:00,388.5838981377586,0.0,143.39423391683601,388.5838981377586,25.434755887947357,0.0
2024-01-15 20:00:00,298.35793448294197,0.0,104.74583232139847,298.35793448294197,26.841091556962898,0.0
2024-01-15 21:00:00,263.64465437499985,0.0,79.97460030014884,263.64465437499985,28.49238263646404,0.0
2024-01-15 22:00:00,33.41197766785835,0.0,0.0,33.41197766785835,27.372922148910284,0.0
2024-01-15 23:00:00,24.56970917366635,0.0,0.0,24.56970917366635,30.207183710174178,0.0
2024-01-16 00:00:00,40.90597930027817,0.0,0.0,40.90597930027817,30.390508158390272,0.0
2024-01-16 01:00:00,33.116374753442685,0.0,0.0,33.116374753442685,31.030601557802274,0.0
2024-01-16 02:00:00,33.6646412798071,0.0,0.0,33.6646412798071,30.26854074589239,0.0
2024-01-16 03:00:00,35.98992869993318,0.0,0.0,35.98992869993318,31.355133001829145,0.0
2024-01-16 04:00:00,35.633031826044,0.0,0.0,35.633031826044,30.527782006125648,0.0
2024-01-16 05:00:00,35.32914657758619,0.0,0.0,35.32914657758619,29.92009685326302,0.0
2024-01-16 06:00:00,198.38227100971122,0.0,47.444200672362946,198.38227100971122,28.257264267252772,0.0
2024-01-16 07:00:00,390.83150023315375,14.457792473412958,152.35791800854935,405.2892927065667,28.418721889486786,164.73680472449587
2024-01-16 08:00:00,320.09485354235227,37.633780413511786,129.72590232304563,357.72863395586404,27.898870986612536,377.27766764679916
2024-01-16 09:00:00,348.6698956041976,57.90772413127263,150.8585020092873,406.57761973547025,26.45195084910383,543.5863717004215
2024-01-16 10:00:00,241.3338030675705,77.14706100652819,118.56990813633976,318.4808640740987,26.313056497526322,711.7143959775833
2024-01-16 11:00:00,299.2685588113503,70.52666552371339,140.2736775848803,369.7952243350637,25.567530676497014,615.0654474454306
2024-01-16 12:00:00,278.7817724391228,79.95302769412103,135.1071981277384,358.7348001332438,24.124320220088286,686.1364129494942
2024-01-16 13:00:00,226.91417848687885,85.74507901920262,103.38896100645073,312.6592575060815,24.892773362091205,734.2385072171298
2024-01-16 14:00:00,136.29168842397286,74.36730266383903,60.36080951319203,210.6589910878119,23.99860430686679,612.8949483278993
2024-01-16 15:00:00,341.1683684489973,55.84326764457729,150.03743764460577,397.01163609357457,24.120089058086425,437.2960916745889
2024-01-16 16:00:00,355.2561427313334,50.10107201777116,162.37540451662844,405.35721474910457,24.494358522760077,367.4288995184391
2024-01-16 17:00:00,334.3953556455284,30.766905282863306,138.8308624820885,365.16226092839173,25.035740966021898,193.42200643291255
2024-01-16 18:00:00,339.85729449953334,2.127881273383857e-15,133.6566654758469,339.85729449953334,24.410890146374992,8.69538589374823e-14
2024-01-16 19:00:00,354.7228615803376,0.0,132.1174276235672,354.7228615803376,26.477336967750563,0.0
2024-01-16 20:00:00,373.71092235779975,0.0,139.4255248785606,373.71092235779975,26.793983588873022,0.0
2024-01-16 21:00:00,219.17921717944836,0.0,58.56200679265473,219.17921717944836,29.19499133367091,0.0
2024-01-16 22:00:00,40.75553039221193,0.0,0.0,40.75553039221193,30.018998320564847,0.0
2024-01-16 23:00:00,37.25559465092108,0.0,0.0,37.25559465092108,30.376799725084958,0.0
2024-01-17 00:00:00,35.22424804964153,0.0,0.0,35.22424804964153,30.62722617962041,0.0
2024-01-17 01:00:00,39.56082757703357,0.0,0.0,39.56082757703357,30.592103908754208,0.0
2024-01-17 02:00:00,41.58947963292322,0.0,0.0,41.58947963292322,30.88658048440652,0.0
2024-01-17 03:00:00,33.24803626180154,0.0,0.0,33.24803626180154,32.06743233026907,0.0
2024-01-17 04:00:00,38.593233859960186,0.0,0.0,38.593233859960186,30.400361205029878,0.0
2024-01-17 05:00:00,37.94207054366625,0.0,0.0,37.94207054366625,29.012447042004204,0.0
2024-01-17 06:00:00,218.13248886434124,0.0,54.012561521625265,218.13248886434124,29.980453739287018,0.0
2024-01-17 07:00:00,366.4623979898747,14.348918178242922,138.06168575132173,380.8113161681176,29.37148919971209,165.64703635705703
2024-01-17 08:00:00,321.38874511189107,35.793737328950535,132.89601855526388,357.1824824408416,28.54497882862758,359.7507763276171
2024-01-17 09:00:00,274.603082776303,48.256787224673964,114.33274841763783,322.85987000097697,27.32867832931016,438.74530689889843
2024-01-17 10:00:00,286.0746295877133,65.46964752200755,132.97720608971846,351.54427710972084,26.56613082366171,594.7985829434002
2024-01-17 11:00:00,258.2178180021753,70.65396449790013,114.2950606749708,328.8717825000754,25.266964287918174,624.4586144909214
2024-01-17 12:00:00,317.49855421669105,83.28610531878157,158.94572948320572,400.7846595354726,23.646134260052953,720.3174981707936
2024-01-17 13:00:00,168.18063969526483,80.4208923717294,78.91546338430852,248.60153206699422,24.34857111378259,681.3124426976756
2024-01-17 14:00:00,115.72066697590427,65.17888615728538,42.861398112794284,180.89955313318964,24.52615737125403,534.0344347459383
2024-01-17 15:00:00,296.89346669882593,58.97676876712482,132.21210215380498,355.87023546595077,24.266995564749458,464.1585220435433
2024-01-17 16:00:00,318.27205565138286,50.93445770865203,147.0878782175781,369.2065133600349,24.593864012428977,374.28065422511094
2024-01-17 17:00:00,343.3015570562984,28.74257369815844,137.37705399919972,372.04413075445683,24.758438231382243,180.9490525397625
2024-01-17 18:00:00,337.9742028577353,4.09530712682167e-15,122.66294298973047,337.9742028577353,25.464501613408306,6.895590489575533e-14
2024-01-17 19:00:00,342.0652527609165,0.0,125.84364950463399,342.0652527609165,27.72857858456853,0.0
2024-01-17 20:00:00,345.62308178513473,0.0,131.12756219600507,345.62308178513473,28.65254416998439,0.0
2024-01-17 21:00:00,242.98128688609873,0.0,77.43872623317979,242.98128688609873,28.61991407728009,0.0
2024-01-17 22:00:00,29.95666842256619,0.0,0.0,29.95666842256619,29.606132787590784,0.0
2024-01-17 23:00:00,32.091476225368226,0.0,0.0,32.091476225368226,29.699815690678726,0.0
2024-01-18 00:00:00,31.802362464257715,0.0,0.0,31.802362464257715,30.17252655316887,0.0
2024-01-18 01:00:00,36.71371017580467,0.0,0.0,36.71371017580467,31.08071519277244,0.0
2024-01-18 02:00:00,31.388090288995027,0.0,0.0,31.388090288995027,29.555534824981258,0.0
2024-01-18 03:00:00,32.21048439587863,0.0,0.0,32.21048439587863,30.43283225681654,0.0
2024-01-18 04:00:00,32.34151046007834,0.0,0.0,32.34151046007834,30.12075024952166,0.0
2024-01-18 05:00:00,41.81304480136227,0.0,0.0,41.81304480136227,29.558827206551147,0.0
2024-01-18 06:00:00,198.3477883021571,0.0,47.19834283615458,198.3477883021571,29.391559048877838,0.0
2024-01-18 07:00:00,351.5171894983096,14.801191976141164,134.08743040672093,366.3183814744508,28.744025978898,183.26309313204172
2024-01-18 08:00:00,286.47464057299476,33.937510511521836,116.99458783380949,320.4121510845166,26.703408376017272,332.06654517583263
2024-01-18 09:00:00,332.431553022359,51.07730022640834,147.81210541941186,383.50885324876737,26.25087039317296,476.59346234110035
2024-01-18 10:00:00,321.0858483392709,60.180799719808334,149.45992896014477,381.2666480590793,25.11226706781663,533.425596286392
2024-01-18 11:00:00,244.64606733640392,87.80135666436935,121.45696960409965,332.44742400077325,24.02921883433084,782.7591034992308
2024-01-18 12:00:00,245.94966188993968,100.85589409127383,125.32530717330611,346.8055559812135,23.924468380148575,892.3823720850148
2024-01-18 13:00:00,152.68502702766227,96.86508365410766,77.57369890541663,249.55011068176992,23.77515958719199,833.8160221637995
2024-01-18 14:00:00,135.10773673557614,67.65998737778554,53.82980391070408,202.76772411336168,23.428614557662097,546.7412759997836
2024-01-18 15:00:00,295.8069727927981,72.79960696336545,138.46744453633352,368.6065797561635,22.998819218198808,572.7521242023732
2024-01-18 16:00:00,306.5541071574456,58.44290422502251,141.25121166385873,364.99701138246814,23.557280981780227,431.4924747404572
2024-01-18 17:00:00,344.02381250689945,29.884266882095705,140.9362451298119,373.90807938899513,24.11732277071336,186.39819144225348
2024-01-18 18:00:00,400.2264760541309,2.0365787273929676e-15,155.97718496330407,400.2264760541309,24.648928237488253,9.339338615068608e-14
2024-01-18 19:00:00,369.95336593606066,0.0,135.81491488629555,369.95336593606066,26.071053347897614,0.0
2024-01-18 20:00:00,323.8645979415432,0.0,117.41649955554561,323.8645979415432,27.029206263100143,0.0
2024-01-18 21:00:00,237.0580224871877,0.0,67.96563037779816,237.0580224871877,28.215775673256026,0.0
2024-01-18 22:00:00,32.13654974439464,0.0,0.0,32.13654974439464,28.141339040873287,0.0
2024-01-18 23:00:00,34.98875519624882,0.0,0.0,34.98875519624882,29.00628460599212,0.0
2024-01-19 00:00:00,38.54830206580097,0.0,0.0,38.54830206580097,29.330983853777465,0.0
2024-01-19 01:00:00,27.16373530900657,0.0,0.0,27.16373530900657,28.82110267454159,0.0
2024-01-19 02:00:00,32.47616722561419,0.0,0.0,32.47616722561419,29.037675729192127,0.0
2024-01-19 03:00:00,31.307075827861986,0.0,0.0,31.307075827861986,28.815798745880222,0.0
2024-01-19 04:00:00,33.61582955820307,0.0,0.0,33.61582955820307,29.120214537172668,0.0
2024-01-19 05:00:00,35.206923866083635,0.0,0.0,35.206923866083635,28.58338828907674,0.0
2024-01-19 06:00:00,225.17885649463295,0.0,62.83324912490313,225.17885649463295,27.829214264860735,0.0
2024-01-19 07:00:00,383.85787734761067,14.455862234725052,141.88035422407523,398.3137395823357,26.441760678103908,169.68191494805458
2024-01-19 08:00:00,347.5792459526164,40.325222000022315,137.78710647476802,387.90446795263875,25.086392225821808,403.9537382141107
2024-01-19 09:00:00,327.9069239777484,55.847463885338335,141.06165452337885,383.7543878630868,25.579350095587113,522.7501146900665
2024-01-19 10:00:00,305.911041020918,66.21001380222552,137.16363048590767,372.1210548231435,24.20076470304407,599.0489266267826
2024-01-19 11:00:00,289.1194854933864,80.62370472080576,140.84805019208778,369.7431902141921,22.8194069897172,706.4110639830767
2024-01-19 12:00:00,239.88567249720484,97.53995211019163,129.97005634947885,337.42562460739646,23.20343072479298,854.8971959071471
2024-01-19 13:00:00,182.95050222063531,92.39558549502813,89.54709237606338,275.34608771566343,21.874065364925023,791.384245264254
2024-01-19 14:00:00,121.1540247991768,81.03312370777937,51.16572767921738,202.18714850695616,22.727961916160638,661.2935950877808
2024-01-19 15:00:00,256.49696392406963,73.6677596402424,122.80562390262037,330.164723564312,22.88101211724682,580.2023500431928
2024-01-19 16:00:00,286.2557080976778,47.27660592214974,112.17359736170914,333.53231401982754,22.030779915480245,342.62437113155204
2024-01-19 17:00:00,316.1576757117145,32.48719945144974,131.7907164286878,348.6448751631642,23.338615631923876,200.82757844481213
2024-01-19 18:00:00,386.37662832539075,2.0995106815431665e-15,152.11128457893597,386.37662832539075,24.163705566546973,9.609491736607714e-14
2024-01-19 19:00:00,354.5866512454364,0.0,128.82577307640597,354.5866512454364,25.92419815650065,0.0
2024-01-19 20:00:00,330.76518298410707,0.0,116.38960368771893,330.76518298410707,25.15145965574938,0.0
2024-01-19 21:00:00,261.6527235290943,0.0,83.30710752065625,261.6527235290943,27.144748510922046,0.0
2024-01-19 22:00:00,37.07179808603019,0.0,0.0,37.07179808603019,27.281283223583088,0.0
2024-01-19 23:00:00,30.975141338985843,0.0,0.0,30.975141338985843,27.37680185692894,0.0
2024-01-20 00:00:00,33.11682006082436,0.0,0.0,33.11682006082436,29.70546503038307,0.0
2024-01-20 01:00:00,35.084806211384986,0.0,0.0,35.084806211384986,30.11634247461627,0.0
2024-01-20 02:00:00,42.02090220136985,0.0,0.0,42.02090220136985,29.704924605497034,0.0
2024-01-20 03:00:00,32.270133021799076,0.0,0.0,32.270133021799076,30.271196903492182,0.0
2024-01-20 04:00:00,34.445316318029434,0.0,0.0,34.445316318029434,30.244363243049506,0.0
2024-01-20 05:00:00,35.65733520287243,0.0,0.0,35.65733520287243,29.3283437632386,0.0
2024-01-20 06:00:00,55.52947174666037,0.0,0.0,55.52947174666037,28.21344765736474,0.0
2024-01-20 07:00:00,38.753238467652025,14.352745498570872,0.0,53.105983966222894,27.566000325710018,169.39757732170995
2024-01-20 08:00:00,13.2014016171103,40.40090594990435,0.0,53.60230756701465,26.732098023657954,407.83541639709506
2024-01-20 09:00:00,15.680326903379616,46.55362350689515,0.0,62.233950410274765,25.93716385793638,418.3184686472792
2024-01-20 10:00:00,0.0,77.29811382487178,0.0,65.92316467072845,25.539285083174693,713.1107091217863
2024-01-20 11:00:00,0.0,79.67902084339909,0.0,57.52180691007156,24.39546584459481,708.4469346682805
2024-01-20 12:00:00,0.0,76.38730268270679,0.0,55.99577449190366,23.001932474494286,647.0039509601982
2024-01-20 13:00:00,0.0,79.65101852240784,0.0,66.73817967998338,23.072468774048595,669.6853107392001
2024-01-20 14:00:00,0.0,69.95345720872002,0.0,55.812046908444266,23.317380227502998,571.8512499153464
2024-01-20 15:00:00,0.0,72.20390238475215,0.0,59.41302461588086,23.91569155252,568.1313860339746
2024-01-20 16:00:00,14.098521231768132,54.34052066690573,0.0,68.43904189867386,24.352204009577417,396.64525480789933
2024-01-20 17:00:00,40.420249628041674,24.239942937353423,0.0,64.66019256539509,25.146838638695492,157.09533107503822
2024-01-20 18:00:00,63.46159484781593,2.14620436694902e-15,0.0,63.46159484781593,25.049676900844332,8.657677225556445e-14
2024-01-20 19:00:00,54.910332763927286,0.0,0.0,54.910332763927286,26.2101576319471,0.0
2024-01-20 20:00:00,54.78923376137708,0.0,0.0,54.78923376137708,26.007138934853195,0.0
2024-01-20 21:00:00,62.503211512847926,0.0,0.0,62.503211512847926,27.855177146494242,0.0
2024-01-20 22:00:00,35.781233985415845,0.0,0.0,35.781233985415845,27.94673765132425,0.0
2024-01-20 23:00:00,29.21807357837547,0.0,0.0,29.21807357837547,29.177973838330217,0.0
2024-01-21 00:00:00,17.005695561287737,0.0,0.0,17.005695561287737,32.49449557280218,0.0
2024-01-21 01:00:00,22.365994374921954,0.0,0.0,22.365994374921954,31.481004975227528,0.0
2024-01-21 02:00:00,20.35306736719161,0.0,0.0,20.35306736719161,31.01658085553041,0.0
2024-01-21 03:00:00,17.814400125660537,0.0,0.0,17.814400125660537,31.533122360111264,0.0
2024-01-21 04:00:00,14.820881584641345,0.0,0.0,14.820881584641345,30.721038785071435,0.0
2024-01-21 05:00:00,18.968915541177804,0.0,0.0,18.968915541177804,29.942989142694714,0.0
2024-01-21 06:00:00,24.368037724806257,0.0,0.0,24.368037724806257,30.750057231815827,0.0
2024-01-21 07:00:00,7.937633932777365,15.60777727952234,0.0,23.545411212299705,29.387760136112774,200.2146120469219
2024-01-21 08:00:00,0.0,33.84406264737477,0.0,20.178686437234177,28.121255777618448,332.7040995814876
2024-01-21 09:00:00,0.0,55.77161150875814,0.0,15.119354108938865,26.84670916213798,526.9791380497236
2024-01-21 10:00:00,0.0,69.19489436751071,0.0,21.75950049884785,26.043092723634476,635.085397627157
2024-01-21 11:00:00,0.0,78.96457064308707,0.0,22.83104854480991,26.244854664389734,711.1270041247847
2024-01-21 12:00:00,0.0,106.4056299623427,0.0,10.86753768295183,25.07068732070732,950.0
2024-01-21 13:00:00,0.0,91.55073456160162,0.0,16.868754166475824,23.02634450163443,779.2244856595415
2024-01-21 14:00:00,0.0,84.91758230842565,0.0,21.46513632248393,25.658956722949995,711.070480599971
2024-01-21 15:00:00,0.0,60.51398701168154,0.0,17.48413881912476,24.65927825159498,471.93650048778335
2024-01-21 16:00:00,0.0,51.845493881883726,0.0,15.745497436363134,25.089083054742446,376.3620359671641
2024-01-21 17:00:00,0.0,34.06061330634526,0.0,18.299251430842997,26.01696113768506,211.91799817382014
2024-01-21 18:00:00,20.273444997370298,2.0226166378635275e-15,0.0,20.2734449973703,26.431188878776368,8.873313984802729e-14
2024-01-21 19:00:00,12.67996850085691,0.0,0.0,12.67996850085691,27.416075116120158,0.0
2024-01-21 20:00:00,15.830632166225996,0.0,0.0,15.830632166225996,27.736625731438114,0.0
2024-01-21 21:00:00,19.932616644344996,0.0,0.0,19.932616644344996,28.239456460996205,0.0
2024-01-21 22:00:00,17.220714063941074,0.0,0.0,17.220714063941074,29.838603855857173,0.0
2024-01-21 23:00:00,15.417538225670238,0.0,0.0,15.417538225670238,31.139168525410785,0.0
2024-01-22 00:00:00,30.887703588177082,0.0,0.0,30.887703588177082,29.843056293573873,0.0
2024-01-22 01:00:00,30.98650823351264,0.0,0.0,30.98650823351264,30.152597054121745,0.0
2024-01-22 02:00:00,38.03790063466471,0.0,0.0,38.03790063466471,31.246378289709867,0.0
2024-01-22 03:00:00,29.444180520526743,0.0,0.0,29.444180520526743,30.28798644896109,0.0
2024-01-22 04:00:00,34.031940114374294,0.0,0.0,34.031940114374294,29.96167761584823,0.0
2024-01-22 05:00:00,33.044496208684706,0.0,0.0,33.044496208684706,29.42417025719969,0.0
2024-01-22 06:00:00,210.277636988106,0.0,50.48423390012062,210.277636988106,28.85337816902466,0.0
2024-01-22 07:00:00,405.784686319468,14.25170668079608,155.90160579906632,420.03639300026407,27.2549162694277,169.82196421725126
2024-01-22 08:00:00,351.5859789311302,37.074876549278216,149.5070698330789,388.66085548040843,26.866198603249085,374.6969320484763
2024-01-22 09:00:00,282.0970241266521,50.892231188265654,117.84292026919383,332.9892553149178,26.345186011230936,474.4213555141617
2024-01-22 10:00:00,291.23378430464754,63.80146537777958,132.65242107454495,355.03524968242715,25.49748762760731,576.381063125536
2024-01-22 11:00:00,267.4055201431083,75.44754443591707,124.80383686184737,342.85306457902533,25.239991451656774,673.0696342041948
2024-01-22 12:00:00,229.67104991159462,92.79868264157065,119.33318808790492,322.4697325531653,25.024475857371762,817.7971056832176
2024-01-22 13:00:00,187.0564695158123,68.61982140869617,80.54693061634056,255.67629092450846,24.51136999084036,566.9882656194304
2024-01-22 14:00:00,129.58112010655964,78.78865557745503,58.418456924586664,208.36977568401468,24.093194851556863,647.2376315842455
2024-01-22 15:00:00,315.96682041203957,49.617099740559716,133.8969516142146,365.58392015259926,23.680760972124556,385.35587836454556
2024-01-22 16:00:00,295.68365523594036,48.502805618993555,128.0319581027642,344.1864608549339,23.793245211295922,352.6846389014042
2024-01-22 17:00:00,267.474138480963,33.98202722894049,105.21580703142027,301.4561657099035,24.669934141621184,209.27145508213235
2024-01-22 18:00:00,342.61997973399093,2.0223642362640912e-15,126.01149318370109,342.61997973399093,25.678658044406347,8.89087851737229e-14
2024-01-22 19:00:00,386.2637636804901,0.0,142.4493642795408,386.2637636804901,26.64097090078391,0.0
2024-01-22 20:00:00,311.9441049996901,0.0,116.88379742287933,311.9441049996901,27.447411526277822,0.0
2024-01-22 21:00:00,281.9997537319023,0.0,91.3887531551723,281.9997537319023,27.981147581690692,0.0
2024-01-22 22:00:00,35.42369500325226,0.0,0.0,35.42369500325226,29.27929977944103,0.0
2024-01-22 23:00:00,36.31775581726851,0.0,0.0,36.31775581726851,30.241178646214564,0.0
2024-01-23 00:00:00,32.519825691684545,0.0,0.0,32.519825691684545,30.869063516673695,0.0
2024-01-23 01:00:00,35.03273385110053,0.0,0.0,35.03273385110053,30.762628275824426,0.0
2024-01-23 02:00:00,43.307150501785124,0.0,0.0,43.307150501785124,30.48097006514138,0.0
2024-01-23 03:00:00,39.6179148126694,0.0,0.0,39.6179148126694,30.34985108871207,0.0
2024-01-23 04:00:00,36.511935815700554,0.0,0.0,36.511935815700554,30.08837451284383,0.0
2024-01-23 05:00:00,32.978981956245825,0.0,0.0,32.978981956245825,30.001305744884768,0.0
2024-01-23 06:00:00,209.50323757256479,0.0,50.8483717460276,209.50323757256479,29.407796288172204,0.0
2024-01-23 07:00:00,360.8211665034694,16.18175831138464,137.61521756972456,377.002924814854,27.596494910281194,208.31901185220673
2024-01-23 08:00:00,313.0601084090327,42.504649434858685,129.611621401046,355.56475784389136,27.14589685721261,430.31480915283163
2024-01-23 09:00:00,281.0442837354998,59.59383277548345,119.11972400430722,340.63811651098325,26.61367048618826,561.410682516818
2024-01-23 10:00:00,298.9539737906872,77.78455904472773,140.9439967391022,376.7385328354149,25.198054456345584,707.6029368141878
2024-01-23 11:00:00,262.35085473635536,87.3361197940847,126.92682850610058,349.68697453044007,25.139972753771275,782.7556748052917
2024-01-23 12:00:00,250.9143245844539,88.98022871990415,123.75407928548412,339.89455330435806,24.213091352690565,780.319619382501
2024-01-23 13:00:00,147.97800549450676,85.45426176091689,61.75319089125877,233.43226725542365,23.65544388354802,721.4830361735586
2024-01-23 14:00:00,115.08540969116324,98.19725060096637,61.03450857583724,213.2826602921296,23.924497127618835,822.7241335952168
2024-01-23 15:00:00,293.79063530686557,68.42247456241519,135.08300810217122,362.21310986928074,24.2132941841722,532.4007677638026
2024-01-23 16:00:00,332.97561003900944,50.95532868802622,149.93868673199353,383.93093872703565,23.942541041013886,368.3349774065657
2024-01-23 17:00:00,345.37494280893895,34.66712182030494,143.37259749444584,380.0420646292439,24.801714487334447,212.29927420819828
2024-01-23 18:00:00,368.03081733847887,2.1427444846263854e-15,149.93683764536598,368.03081733847887,25.88173360004794,9.875767282327185e-14
2024-01-23 19:00:00,341.13531081545295,0.0,127.38404499341208,341.13531081545295,26.11098266187718,0.0
2024-01-23 20:00:00,318.25608070641334,0.0,116.47184923933581,318.25608070641334,26.569015991182436,0.0
2024-01-23 21:00:00,253.23788308090195,0.0,87.17781229085234,253.23788308090195,27.535474146408333,0.0
2024-01-23 22:00:00,41.48005579084419,0.0,0.0,41.48005579084419,28.9388689793659,0.0
2024-01-23 23:00:00,33.49861772670714,0.0,0.0,33.49861772670714,29.213559007394732,0.0
2024-01-24 00:00:00,34.466641597703834,0.0,0.0,34.466641597703834,28.802172475627223,0.0
2024-01-24 01:00:00,37.13327840721253,0.0,0.0,37.13327840721253,30.158156327567887,0.0
2024-01-24 02:00:00,36.96165391338601,0.0,0.0,36.96165391338601,28.755645316125467,0.0
2024-01-24 03:00:00,32.67514531250468,0.0,0.0,32.67514531250468,29.184382476242696,0.0
2024-01-24 04:00:00,40.21027963959808,0.0,0.0,40.21027963959808,30.042185700351038,0.0
2024-01-24 05:00:00,26.47629227708365,0.0,0.0,26.47629227708365,28.623883285610578,0.0
2024-01-24 06:00:00,233.22251955663563,0.0,54.70307321579488,233.22251955663563,27.51108286623201,0.0
2024-01-24 07:00:00,334.9980354315385,15.442895057075239,128.7040538305742,350.44093048861373,26.772369850569014,198.4669934265469
2024-01-24 08:00:00,367.70593992427666,35.74974374539487,145.02663100451684,403.45568366967154,26.159625764166446,359.3845416784065
2024-01-24 09:00:00,314.49248132058125,61.03538565585821,139.15976303328017,375.52786697643944,25.886963817424704,574.9998070993556
2024-01-24 10:00:00,292.8319333900312,76.66067941788089,143.6256694008178,369.4926128079121,23.929517706231188,697.3008939800583
2024-01-24 11:00:00,244.06469102669715,84.40120213849352,121.1976751841422,328.46589316519066,23.091265634372753,743.8281662204098
2024-01-24 12:00:00,301.49058433698656,82.6785814685383,148.19782223694898,384.16916580552487,22.224451230334157,708.9129292805463
2024-01-24 13:00:00,171.86862874126393,89.47604236348786,80.96249152441457,261.3446711047518,22.615752134212972,752.2886895577999
2024-01-24 14:00:00,38.58577489612864,80.85008606295139,0.0,119.43586095908003,21.742100825060852,661.3378612678437
2024-01-24 15:00:00,342.76891380075756,60.97455360026288,148.07141982628778,403.74346740102044,22.332312805547172,472.07003363085977
2024-01-24 16:00:00,349.8638034513035,45.74606011998424,144.26502289949104,395.60986357128775,22.459513876169094,328.54707673692303
2024-01-24 17:00:00,328.19258104873234,34.520386408493074,133.4997961495804,362.71296745722543,24.007132530933944,210.1361012582173
2024-01-24 18:00:00,378.03833598742943,4.0065424936758774e-15,144.57918451213877,378.03833598742943,23.940746316286404,6.995285144954943e-14
2024-01-24 19:00:00,396.2256267169557,0.0,149.9956049739894,396.2256267169557,25.237543016113793,0.0
2024-01-24 20:00:00,371.8574941093785,0.0,143.19089368267686,371.8574941093785,25.142898509125526,0.0
2024-01-24 21:00:00,246.74697820973722,0.0,82.64103850063223,246.74697820973722,26.916564645055054,0.0
2024-01-24 22:00:00,40.120431647508894,0.0,0.0,40.120431647508894,27.093364357039434,0.0
2024-01-24 23:00:00,35.770681345868084,0.0,0.0,35.770681345868084,28.206993994157795,0.0
2024-01-25 00:00:00,34.46049442563958,0.0,0.0,34.46049442563958,30.39386568867907,0.0
2024-01-25 01:00:00,34.7730153171177,0.0,0.0,34.7730153171177,30.1040030689376,0.0
2024-01-25 02:00:00,38.532133368188276,0.0,0.0,38.532133368188276,29.692969196889766,0.0
2024-01-25 03:00:00,39.84775383666661,0.0,0.0,39.84775383666661,31.237386835208756,0.0
2024-01-25 04:00:00,36.48017329022643,0.0,0.0,36.48017329022643,28.830677056364298,0.0
2024-01-25 05:00:00,32.34190802443029,0.0,0.0,32.34190802443029,29.31465741349602,0.0
2024-01-25 06:00:00,214.97458675516327,0.0,57.84398375928931,214.97458675516327,27.240838259881865,0.0
2024-01-25 07:00:00,332.4350571220549,16.981026574757923,127.90298931182367,349.41608369681285,27.04108076734027,219.54029208273533
2024-01-25 08:00:00,363.9742515706961,41.034784958156564,155.43885892278672,405.0090365288527,25.58328061321514,414.1403912896133
2024-01-25 09:00:00,249.78996513549995,68.20714728303952,112.29533031057062,317.9971124185395,25.479946787992034,653.2024359071631
2024-01-25 10:00:00,297.07423641590105,68.76263756621762,135.46443673095453,365.8368739821187,24.5351606150948,623.6219012232257
2024-01-25 11:00:00,273.74121938470626,75.04305872525784,129.51956809901725,348.7842781099641,23.628469354560714,650.3603606855581
2024-01-25 12:00:00,259.04419673387065,81.39477080342395,126.34796214008298,340.4389675372946,23.77211508762304,702.5484649575322
2024-01-25 13:00:00,158.20195453042828,94.66591077184074,83.47208760133616,252.86786530226902,22.592885609792287,800.0875359971484
2024-01-25 14:00:00,98.81084394800449,86.82223042627588,47.9224317287638,185.63307437428037,22.920601362209084,706.6421544696977
2024-01-25 15:00:00,341.2069451905549,71.77918753132677,164.0510846799837,412.9861327218817,23.28671256642935,555.7077518176376
2024-01-25 16:00:00,280.27688631813663,48.57203595952642,116.7465765826652,328.84892227766306,22.484475970611793,346.38659873550966
2024-01-25 17:00:00,284.6781234635092,35.751243381490355,122.1578816860967,320.42936684499955,23.408094583315314,216.4762098528529
2024-01-25 18:00:00,339.76997104357866,2.3644622431826425e-15,120.8832708919968,339.76997104357866,24.53410597196334,8.389324965317899e-14
2024-01-25 19:00:00,373.7884593392313,0.0,137.67972457175551,373.7884593392313,25.666385540160757,0.0
2024-01-25 20:00:00,379.374765152165,0.0,148.6963454318752,379.374765152165,26.967794371266187,0.0
2024-01-25 21:00:00,250.35371228897958,0.0,85.26065593407355,250.35371228897958,27.055102246800285,0.0
2024-01-25 22:00:00,26.27376146408094,0.0,0.0,26.27376146408094,27.848939966980478,0.0
2024-01-25 23:00:00,30.448936768323016,0.0,0.0,30.448936768323016,28.295751207351504,0.0
2024-01-26 00:00:00,35.83968080270855,0.0,0.0,35.83968080270855,29.553608186253612,0.0
2024-01-26 01:00:00,38.77882149198719,0.0,0.0,38.77882149198719,29.589708832082252,0.0
2024-01-26 02:00:00,33.51318737430117,0.0,0.0,33.51318737430117,29.720511095506698,0.0
2024-01-26 03:00:00,36.6750267864451,0.0,0.0,36.6750267864451,29.691323365987042,0.0
2024-01-26 04:00:00,37.9904476186771,0.0,0.0,37.9904476186771,29.664430171210263,0.0
2024-01-26 05:00:00,33.22435360632644,0.0,0.0,33.22435360632644,28.550535684482842,0.0
2024-01-26 06:00:00,221.52573366608902,0.0,61.95065917773954,221.52573366608902,27.721448182465107,0.0
2024-01-26 07:00:00,328.0556932789596,15.227890363741427,123.83188138675926,343.28358364270105,27.479255977845433,197.93932626362914
2024-01-26 08:00:00,362.13298016372204,38.480181358754564,143.89273974411387,400.6131615224766,24.844664775978266,387.56316329720187
2024-01-26 09:00:00,290.09882824337626,64.60657653254407,130.90225541658094,354.70540477592033,25.149821482229893,609.2222586697245
2024-01-26 10:00:00,290.1646847666046,74.37351991310372,138.07900063358872,364.5382046797083,24.031872477215877,680.5287446581037
2024-01-26 11:00:00,300.64369722429603,90.13755559826183,149.96719475432178,390.78125282255786,24.484282604275037,800.3635008986387
2024-01-26 12:00:00,234.48544029357987,89.9473454585422,112.15435070341765,324.4327857521221,23.10597193240257,773.3682022238837
2024-01-26 13:00:00,188.33780838003764,88.14260732176909,97.12716936436887,276.48041570180675,22.696428777274203,736.2874985325465
2024-01-26 14:00:00,125.92304429430332,73.54198493880052,53.215682410161364,199.46502923310385,22.83321598429292,590.0569278600124
2024-01-26 15:00:00,253.7061336232849,58.98297103734982,113.3105286527652,312.6891046606347,22.679100620675364,451.1027309409291
2024-01-26 16:00:00,283.9976318596823,54.016235359430034,125.64655854865511,338.01386721911234,23.125114234597255,384.1929121895291
2024-01-26 17:00:00,330.84351400498656,33.93002219561343,136.38112063289176,364.7735362006,23.931208697978224,205.12917655811958
2024-01-26 18:00:00,343.4210420437129,2.305699629411333e-15,125.64347335945679,343.4210420437129,24.396507009666426,8.456414496614795e-14
2024-01-26 19:00:00,311.8404471923585,0.0,107.35344516814847,311.8404471923585,25.237051842924718,0.0
2024-01-26 20:00:00,366.15510662339676,0.0,136.30678733433675,366.15510662339676,25.852448390063902,0.0
2024-01-26 21:00:00,256.93439190618057,0.0,75.15382853539498,256.93439190618057,26.686502014518116,0.0
2024-01-26 22:00:00,30.58180122450163,0.0,0.0,30.58180122450163,28.137845675714697,0.0
2024-01-26 23:00:00,31.68730859192531,0.0,0.0,31.68730859192531,28.985701215965385,0.0
2024-01-27 00:00:00,34.395698713459815,0.0,0.0,34.395698713459815,28.755404988309408,0.0
2024-01-27 01:00:00,33.39942520403231,0.0,0.0,33.39942520403231,30.199105496658007,0.0
2024-01-27 02:00:00,33.51725355769356,0.0,0.0,33.51725355769356,30.32041821686822,0.0
2024-01-27 03:00:00,37.77846140982315,0.0,0.0,37.77846140982315,30.306479358106895,0.0
2024-01-27 04:00:00,33.724196062971906,0.0,0.0,33.724196062971906,29.619427852571683,0.0
2024-01-27 05:00:00,43.578320783040795,0.0,0.0,43.578320783040795,29.231809181253258,0.0
2024-01-27 06:00:00,57.49765248775564,0.0,0.0,57.49765248775564,29.280907319245006,0.0
2024-01-27 07:00:00,46.22735519002998,13.849644632703008,0.0,60.076999822732986,27.193500254376023,152.6198649651591
2024-01-27 08:00:00,30.587440866927224,34.11212227884188,0.0,64.6995631457691,25.91554864651107,336.53118050447284
2024-01-27 09:00:00,12.477144417944139,50.86371120644552,0.0,63.34085562438966,24.765497797486294,461.271180550716
2024-01-27 10:00:00,0.0,66.28431584894734,0.0,63.983386671966294,25.566231362072006,593.5242421671791
2024-01-27 11:00:00,0.0,71.89690174578007,0.0,59.45153378865783,24.84791429215226,625.4664016789472
2024-01-27 12:00:00,0.0,81.27675327177309,0.0,57.25055943374477,22.945005612743195,699.7341177342173
2024-01-27 13:00:00,0.0,74.81842495763003,0.0,56.24852767812328,22.69399359860483,622.7295693765756
2024-01-27 14:00:00,0.0,74.80992645633356,0.0,61.368275330518706,22.77639887819026,603.7447604487465
2024-01-27 15:00:00,1.3770732864402362,64.36474156576487,0.0,65.74181485220511,23.6697824410171,497.5843866713181
2024-01-27 16:00:00,14.99141398786584,39.854892156068765,0.0,54.846306143934605,22.763654384470154,288.1820168053629
2024-01-27 17:00:00,38.358780837279795,19.17673312980568,0.0,57.53551396708547,22.980210900358493,129.4325859022989
2024-01-27 18:00:00,62.60243582411479,2.0020261411417928e-15,0.0,62.60243582411479,25.772151635236927,9.243799545650904e-14
2024-01-27 19:00:00,54.433568694821965,0.0,0.0,54.433568694821965,25.688714382557063,0.0
2024-01-27 20:00:00,53.476163005345654,0.0,0.0,53.476163005345654,26.66560104991513,0.0
2024-01-27 21:00:00,64.50448540972089,0.0,0.0,64.50448540972089,27.241708052214673,0.0
2024-01-27 22:00:00,34.279045257434014,0.0,0.0,34.279045257434014,28.42128685881486,0.0
2024-01-27 23:00:00,35.105381905227134,0.0,0.0,35.105381905227134,28.15616518943827,0.0
2024-01-28 00:00:00,23.775630504869724,0.0,0.0,23.775630504869724,30.512178609030254,0.0
2024-01-28 01:00:00,17.161122195266984,0.0,0.0,17.161122195266984,31.33486931348787,0.0
2024-01-28 02:00:00,12.216152306455477,0.0,0.0,12.216152306455477,30.26610453276471,0.0
2024-01-28 03:00:00,23.844687935517733,0.0,0.0,23.844687935517733,31.131031564319454,0.0
2024-01-28 04:00:00,17.288015002025947,0.0,0.0,17.288015002025947,30.750556707293164,0.0
2024-01-28 05:00:00,21.436664285251755,0.0,0.0,21.436664285251755,30.225078597392564,0.0
2024-01-28 06:00:00,14.994565388632275,0.0,0.0,14.994565388632275,29.376009075304342,0.0
2024-01-28 07:00:00,1.7072728947960236,16.943975557797494,0.0,18.651248452593517,28.309470674136406,222.4659406606498
2024-01-28 08:00:00,0.0,39.54298715937715,0.0,13.915823954601178,26.990534054079372,402.6901369999036
2024-01-28 09:00:00,0.0,61.276266654831176,0.0,19.897594798659245,27.068056844939715,585.11776453253
2024-01-28 10:00:00,0.0,73.57267081670437,0.0,22.393905484051256,26.00148798581671,667.3491260354574
2024-01-28 11:00:00,0.0,86.04366721391136,0.0,15.749380000027072,24.739035471777576,767.962583239454
2024-01-28 12:00:00,0.0,92.52965387182155,0.0,19.1076640417935,24.90172777238618,798.4608965120882
2024-01-28 13:00:00,0.0,91.1233868444804,0.0,20.24423779277693,24.37333448966674,779.150310239672
2024-01-28 14:00:00,0.0,90.06120313411027,0.0,14.085980106752043,24.171038003383774,735.2567146075537
2024-01-28 15:00:00,0.0,76.15039285451594,0.0,16.575932891010783,23.442362143799368,588.6518081886392
2024-01-28 16:00:00,0.0,55.05289930313512,0.0,15.219395716232743,25.21184482212324,396.82439552421295
2024-01-28 17:00:00,0.0,31.244558086127167,0.0,18.81870220092587,24.81015072500735,188.62595453431604
2024-01-28 18:00:00,19.6997019796864,2.1107925999381983e-15,0.0,19.699701979686402,26.183185106635452,9.741224131714705e-14
2024-01-28 19:00:00,16.458731095488286,0.0,0.0,16.458731095488286,26.59154909963966,0.0
2024-01-28 20:00:00,21.693472102827787,0.0,0.0,21.693472102827787,27.707186720440838,0.0
2024-01-28 21:00:00,10.117549674007707,0.0,0.0,10.117549674007707,29.38356288294861,0.0
2024-01-28 22:00:00,14.781186540726168,0.0,0.0,14.781186540726168,29.917359079616517,0.0
2024-01-28 23:00:00,17.70352180629277,0.0,0.0,17.70352180629277,30.941443686512482,0.0
2024-01-29 00:00:00,36.974691018424764,0.0,0.0,36.974691018424764,26.879673186550523,0.0
2024-01-29 01:00:00,34.909590971557726,0.0,0.0,34.909590971557726,27.262203710176326,0.0
2024-01-29 02:00:00,33.16006253871023,0.0,0.0,33.16006253871023,26.29282202588111,0.0
2024-01-29 03:00:00,31.208844893179922,0.0,0.0,31.208844893179922,26.90536942107266,0.0
2024-01-29 04:00:00,33.693548832063755,0.0,0.0,33.693548832063755,26.60202597331543,0.0
2024-01-29 05:00:00,37.34010079513199,0.0,0.0,37.34010079513199,26.770097670323104,0.0
2024-01-29 06:00:00,212.30459108127732,0.0,57.516155741800006,212.30459108127732,25.180276862040735,0.0
2024-01-29 07:00:00,327.02474532763193,14.963373847737195,120.57677063279976,341.98811917536915,24.721687938381084,193.9267432305222
2024-01-29 08:00:00,390.72204064839366,39.74671390379231,165.53064894554075,430.46875455218594,23.796270197536575,397.337765161601
2024-01-29 09:00:00,337.47985258816584,57.495843090319184,141.93399256288652,394.975695678485,23.35636244827574,533.5881715823392
2024-01-29 10:00:00,276.6026276635631,78.5963755028311,137.65672498627444,355.1990031663942,21.866519484841135,715.3795487934083
2024-01-29 11:00:00,310.5417718952289,79.81398806559405,143.41216612315188,390.355759960823,21.622411266187857,698.498692103907
2024-01-29 12:00:00,233.25882182098883,84.15617465576396,110.40958346651296,317.4149964767528,19.7998700456799,705.1116133200502
2024-01-29 13:00:00,131.96355554286367,107.63751079035337,76.97463933744152,239.60106633321703,19.49564141751049,903.9706577334224
2024-01-29 14:00:00,138.33737140159815,83.06007991724388,63.62831216186415,221.39745131884203,19.041719353681938,658.4551211975697
2024-01-29 15:00:00,290.57367992332166,62.89970122974051,130.67820867628848,353.4733811530622,20.695643621549127,477.7749571002838
2024-01-29 16:00:00,303.0400677712486,48.15276697897551,134.15185146610844,351.1928347502241,20.989136081643032,338.79618782848064
2024-01-29 17:00:00,315.5894574416107,28.176702609899912,128.70225699058548,343.7661600515106,21.656931578790925,170.48740445581154
2024-01-29 18:00:00,404.360384228553,2.1661741109465107e-15,154.7708588454962,404.360384228553,21.594710608141103,9.81598120385275e-14
2024-01-29 19:00:00,357.354158913667,0.0,131.69743695136077,357.354158913667,22.495751039368045,0.0
2024-01-29 20:00:00,333.5713720389815,0.0,118.10022343329294,333.5713720389815,23.622867704663044,0.0
2024-01-29 21:00:00,316.4550306832796,0.0,101.88840249266703,316.4550306832796,25.31110783532685,0.0
2024-01-29 22:00:00,29.79058852220676,0.0,0.0,29.79058852220676,26.280305589805224,0.0
2024-01-29 23:00:00,40.6093201951346,0.0,0.0,40.6093201951346,26.555169505067795,0.0
2024-01-30 00:00:00,38.27563868663705,0.0,0.0,38.27563868663705,29.733244741145494,0.0
2024-01-30 01:00:00,39.38228977935495,0.0,0.0,39.38228977935495,30.585077706360007,0.0
2024-01-30 02:00:00,30.983817478166884,0.0,0.0,30.983817478166884,29.90872473692343,0.0
2024-01-30 03:00:00,29.755800607658504,0.0,0.0,29.755800607658504,29.721915592268797,0.0
2024-01-30 04:00:00,35.03141132313777,0.0,0.0,35.03141132313777,29.503223818436837,0.0
2024-01-30 05:00:00,38.90991707156419,0.0,0.0,38.90991707156419,28.522162514941332,0.0
2024-01-30 06:00:00,202.04436074192446,0.0,46.57487342400129,202.04436074192446,28.1991412833124,0.0
2024-01-30 07:00:00,349.62772858120024,15.479169720647315,133.68536690225633,365.10689830184754,26.88380860146506,203.47290816586514
2024-01-30 08:00:00,308.7334258896788,37.335765998756166,123.63577690592359,346.069191888435,27.049149874947997,377.0277084575525
2024-01-30 09:00:00,282.40073815978064,68.13773098989833,125.52838541189894,350.538469149679,25.90262300315589,653.8502697851961
2024-01-30 10:00:00,247.30667505918717,82.70108991946616,120.69226197067528,330.0077649786533,25.50142716427212,756.8507096556136
2024-01-30 11:00:00,265.5551816396283,93.82454886986913,127.71010582759251,359.37973050949745,23.247130829888196,842.0703555646888
2024-01-30 12:00:00,283.53930098739113,105.24958850963002,148.2844489038113,388.78888949702116,24.456405525713706,920.5839528008034
2024-01-30 13:00:00,114.3092670193628,107.12256284141563,65.59391159990578,221.43182986077844,22.369667866589747,917.6295349746149
2024-01-30 14:00:00,140.84491003910213,75.14953015361328,60.808360945793986,215.99444019271542,22.437491927956604,602.6624893356071
2024-01-30 15:00:00,315.8849632519351,71.47520925060638,149.6933739004902,387.3601725025415,22.845494800054922,544.2454273707932
2024-01-30 16:00:00,317.8244930222081,54.83183895033697,141.8722997806101,372.6563319725451,24.1594173982376,389.48328919835666
2024-01-30 17:00:00,321.6018730092926,33.04770441954392,136.7033014471988,354.6495774288365,24.174558979959578,196.99586986328086
2024-01-30 18:00:00,368.8915314426531,1.9920921497444923e-15,138.73462908961775,368.8915314426531,24.66473134023742,9.110142125625556e-14
2024-01-30 19:00:00,403.4290300135761,0.0,154.21606780873688,403.4290300135761,25.234465590316802,0.0
2024-01-30 20:00:00,326.81338398255326,0.0,111.43190608452882,326.81338398255326,25.848678390167855,0.0
2024-01-30 21:00:00,272.1058016589179,0.0,86.89104648766522,272.1058016589179,28.008826285203533,0.0
2024-01-30 22:00:00,33.70294154757313,0.0,0.0,33.70294154757313,28.685965596022527,0.0
2024-01-30 23:00:00,34.44362680987434,0.0,0.0,34.44362680987434,29.687744888197297,0.0
2024-01-31 00:00:00,29.873513860438056,0.0,0.0,29.873513860438056,29.634102325902273,0.0
2024-01-31 01:00:00,40.12777845095102,0.0,0.0,40.12777845095102,28.464293511900145,0.0
2024-01-31 02:00:00,33.590535064446975,0.0,0.0,33.590535064446975,29.282312882825448,0.0
2024-01-31 03:00:00,32.95932156398416,0.0,0.0,32.95932156398416,30.017780394101266,0.0
2024-01-31 04:00:00,37.449550623159894,0.0,0.0,37.449550623159894,29.2508347497937,0.0
2024-01-31 05:00:00,30.59566227928725,0.0,0.0,30.59566227928725,28.600057099855025,0.0
2024-01-31 06:00:00,211.12437295486708,0.0,49.97067145230878,211.12437295486708,27.60299096672141,0.0
2024-01-31 07:00:00,389.8020446011895,13.66018394724759,146.14759154910655,403.4622285484371,27.784265790732267,146.41871767039063
2024-01-31 08:00:00,302.50773632437,34.90640630870825,126.71639534196277,337.41414263307826,26.63270066787333,349.6570711907224
2024-01-31 09:00:00,330.826759675996,52.31349484555209,144.54274448221102,383.1402545215481,25.749333302761414,487.01238049376747
2024-01-31 10:00:00,254.67320095894456,64.73228392344248,114.09544797667652,319.40548488238704,24.337803224773644,573.6520729914376
2024-01-31 11:00:00,237.68867862854916,91.95084635026545,112.15025881030009,329.6395249788146,24.017874494463165,821.8358648716942
2024-01-31 12:00:00,278.7674502984032,87.0145393082468,133.47365165455173,365.78198960665003,22.7046329728224,739.7194089957908
2024-01-31 13:00:00,199.12217469809298,86.6633701622538,92.62779321268879,285.78554486034676,22.95894996673134,727.516193541249
2024-01-31 14:00:00,130.01023914395768,68.08592982124007,56.89593587431937,198.09616896519773,21.64063955986962,543.2015528136316
2024-01-31 15:00:00,309.9656219573632,57.6012375449572,142.1430452467414,367.5668595023204,22.23980588758716,439.8640455554319
2024-01-31 16:00:00,337.8548309765772,49.358546928799804,146.6126164823718,387.213377905377,23.21235951379463,350.396964248657
2024-01-31 17:00:00,323.67109189721344,30.65481808235899,129.6408183892993,354.32590997957243,25.117289688150723,184.05793535711254
2024-01-31 18:00:00,373.5937291905631,4.205315284267919e-15,143.24510961858525,373.5937291905631,23.754232812453743,6.820266599745602e-14
2024-01-31 19:00:00,358.16478309417465,0.0,127.17441485865561,358.16478309417465,24.87694739503742,0.0
2024-01-31 20:00:00,356.92039755668293,0.0,130.76079856712212,356.92039755668293,26.51299174751258,0.0
2024-01-31 21:00:00,250.58030330706214,0.0,79.46221899740023,250.58030330706214,28.1951824600323,0.0
2024-01-31 22:00:00,31.441420078118973,0.0,0.0,31.441420078118973,28.255690597660212,0.0
2024-01-31 23:00:00,44.12457666603865,0.0,0.0,44.12457666603865,29.23054900947117,0.0
2024-02-01 00:00:00,28.539234023252696,0.0,0.0,28.539234023252696,27.716485668174318,0.0
2024-02-01 01:00:00,43.3810091199564,0.0,0.0,43.3810091199564,27.97962822780907,0.0
2024-02-01 02:00:00,39.59141544728229,0.0,0.0,39.59141544728229,28.3952908063009,0.0
2024-02-01 03:00:00,30.045634327788477,0.0,0.0,30.045634327788477,27.905794326965708,0.0
2024-02-01 04:00:00,42.648258838266386,0.0,0.0,42.648258838266386,28.24742221287143,0.0
2024-02-01 05:00:00,33.992604738290694,0.0,0.0,33.992604738290694,26.525936414947143,0.0
2024-02-01 06:00:00,193.62156071833118,0.0,51.05415036833619,193.62156071833118,27.04919214655044,0.0
2024-02-01 07:00:00,348.8629001134592,16.884864537479707,134.10831764162722,365.7477646509389,25.77972179427722,222.0888170273399
2024-02-01 08:00:00,316.4756920655152,38.631290002463274,131.5634656603807,355.1069820679785,24.74683819596659,389.3309249059398
2024-02-01 09:00:00,273.94617157610475,65.87786005239775,125.44652274963217,339.8240316285025,23.126839692314988,616.4068922703527
2024-02-01 10:00:00,269.06509829257294,84.93202887785213,133.10187691949045,353.9971271704251,22.614304294268088,767.3933970024477
2024-02-01 11:00:00,286.79436007870123,98.24862638792503,137.0960921865869,385.04298646662625,22.978650632680694,878.8275740771144
2024-02-01 12:00:00,229.97172989783735,107.53321676064864,120.15183209116499,337.504946658486,21.7188102180048,946.8134716502616
2024-02-01 13:00:00,176.3900249565499,86.82830375347937,84.38139692434649,263.21832871002925,21.612657471191692,720.4004789388796
2024-02-01 14:00:00,109.03516941093494,87.67838775841693,51.33412735743415,196.71355716935187,20.914432623609347,703.8338682941671
2024-02-01 15:00:00,304.58961408052807,76.4419058226682,137.67575095607603,381.0315199031963,21.458930920142556,574.5371203477515
2024-02-01 16:00:00,294.114360467744,57.26120656692847,126.01848725997756,351.3755670346725,21.137033692961495,402.1037457655422
2024-02-01 17:00:00,348.3823814266196,33.427935026206605,149.18168794502716,381.8103164528262,22.429266023258048,197.3021841071082
2024-02-01 18:00:00,381.97730859340123,2.232770661527979e-15,147.90756209200725,381.97730859340123,23.289519078902124,8.557322018028896e-14
2024-02-01 19:00:00,329.7713497207645,0.0,120.83325157416932,329.7713497207645,24.108639336000707,0.0
2024-02-01 20:00:00,378.00966014244773,0.0,142.08748879366965,378.00966014244773,24.40240621502194,0.0
2024-02-01 21:00:00,288.19444963667394,0.0,92.71479961612113,288.19444963667394,25.589039796075593,0.0
2024-02-01 22:00:00,38.34667120440888,0.0,0.0,38.34667120440888,26.872795703257836,0.0
2024-02-01 23:00:00,31.374066272264567,0.0,0.0,31.374066272264567,27.223353566780887,0.0
2024-02-02 00:00:00,38.37764746123719,0.0,0.0,38.37764746123719,30.19355688198044,0.0
2024-02-02 01:00:00,32.54316628910294,0.0,0.0,32.54316628910294,31.638594856229474,0.0
2024-02-02 02:00:00,27.591220103362108,0.0,0.0,27.591220103362108,30.330626100471896,0.0
2024-02-02 03:00:00,37.71568196001628,0.0,0.0,37.71568196001628,31.22707028596119,0.0
2024-02-02 04:00:00,30.84486145516822,0.0,0.0,30.84486145516822,29.75986924139803,0.0
2024-02-02 05:00:00,35.81970101799562,0.0,0.0,35.81970101799562,30.10838493694358,0.0
2024-02-02 06:00:00,198.54887639355516,0.0,48.879834954436475,198.54887639355516,29.410196938966944,0.0
2024-02-02 07:00:00,337.66151094919525,13.704282715688452,123.26911614866574,351.3657936648837,27.95680474023526,151.2523353210285
2024-02-02 08:00:00,355.6762930568367,39.49391085536045,144.92330259922315,395.17020391219717,26.697382233473906,401.2470756640003
2024-02-02 09:00:00,297.9158185753334,47.95060884087345,117.35309058265443,345.8664274162068,25.415037400144428,432.7597092700175
2024-02-02 10:00:00,277.050354559169,59.67653867140248,124.50357527635646,336.72689323057153,25.248563905442293,522.0915240827632
2024-02-02 11:00:00,266.1757617129415,75.0226886971692,121.30201933216381,341.1984504101107,25.094356249728207,656.0834762871881
2024-02-02 12:00:00,294.92224931327206,80.91721177835662,145.09103797967595,375.83946109162866,23.73621766810963,675.3444899565459
2024-02-02 13:00:00,177.7087312218444,72.0916172104924,75.39131895386376,249.80034843233682,23.973854558355086,592.7004122131747
2024-02-02 14:00:00,124.52672175460953,71.56611986529964,52.46314161393558,196.09284161990917,23.067905760949536,570.7290564495969
2024-02-02 15:00:00,264.0996465220913,71.63539499403157,124.89762277728103,335.73504151612286,23.80843617184124,548.454412085471
2024-02-02 16:00:00,347.91558368621446,43.29615427325623,150.5049322595697,391.21173795947067,23.701509794560057,310.47179955100535
2024-02-02 17:00:00,322.76702133397254,23.380444483749287,123.39827605979015,346.1474658177218,24.79225667480483,149.15224049225756
2024-02-02 18:00:00,316.6822327268272,2.0024454869061858e-15,115.99739924873435,316.6822327268272,25.305580925101193,9.231831243892902e-14
2024-02-02 19:00:00,333.6795607737038,0.0,115.46830313078614,333.6795607737038,25.805070933927336,0.0
2024-02-02 20:00:00,375.0862943579281,0.0,144.36440506689524,375.0862943579281,26.97668392096049,0.0
2024-02-02 21:00:00,263.7705476671058,0.0,87.20350752462718,263.7705476671058,27.744908886642786,0.0
2024-02-02 22:00:00,35.2236925880678,0.0,0.0,35.2236925880678,28.39915830978625,0.0
2024-02-02 23:00:00,30.934371562390396,0.0,0.0,30.934371562390396,30.32236730670258,0.0
2024-02-03 00:00:00,28.020516309260113,0.0,0.0,28.020516309260113,28.481601250686165,0.0
2024-02-03 01:00:00,32.87051376018099,0.0,0.0,32.87051376018099,27.910227437140996,0.0
2024-02-03 02:00:00,33.15654963983975,0.0,0.0,33.15654963983975,28.81895936586875,0.0
2024-02-03 03:00:00,29.76890467141001,0.0,0.0,29.76890467141001,29.46869601858696,0.0
2024-02-03 04:00:00,35.82149037317674,0.0,0.0,35.82149037317674,28.28100936628294,0.0
2024-02-03 05:00:00,32.35569047539629,0.0,0.0,32.35569047539629,28.85434544288582,0.0
2024-02-03 06:00:00,56.3698941614336,0.0,0.0,56.3698941614336,26.952268742185296,0.0
2024-02-03 07:00:00,41.69013348982285,13.89461410838303,0.0,55.58474759820588,26.788170455433143,173.158267472043
2024-02-03 08:00:00,23.00633454318092,33.76872614142913,0.0,56.77506068461005,26.148919061961596,331.274216107278
2024-02-03 09:00:00,5.479641276072201,55.06454884286526,0.0,60.54419011893746,24.949830097962984,513.5215061696597
2024-02-03 10:00:00,0.0,67.06802829922775,0.0,61.05006939700193,23.193352782345574,593.8083018082442
2024-02-03 11:00:00,8.880101635991096,54.646169578185926,0.0,63.52627121417702,22.684491747052395,447.34578486024094
2024-02-03 12:00:00,0.0,70.2467318516844,0.0,63.32218148220892,23.184546351613847,584.1572900602843
2024-02-03 13:00:00,0.0,77.54453575823176,0.0,56.617609655828474,21.847553649488365,632.009231020666
2024-02-03 14:00:00,0.0,68.72994108288448,0.0,64.14551089610268,22.618438026617195,544.7144264623631
2024-02-03 15:00:00,0.0,63.6098359402302,0.0,57.13354107191427,22.03471701674688,480.9025640826317
2024-02-03 16:00:00,3.5784564807264445,50.11013668985501,0.0,53.688593170581456,22.67022951603013,351.89618553751853
2024-02-03 17:00:00,31.811384318185873,30.14047279266839,0.0,61.95185711085426,22.4626723970027,178.59623017427472
2024-02-03 18:00:00,60.561042736312565,3.166426174323159e-15,0.0,60.561042736312565,23.57646598230984,7.684849920312024e-14
2024-02-03 19:00:00,59.52167037458634,0.0,0.0,59.52167037458634,24.287079921587406,0.0
2024-02-03 20:00:00,65.19254321015521,0.0,0.0,65.19254321015521,25.743399594945178,0.0
2024-02-03 21:00:00,59.61228861887047,0.0,0.0,59.61228861887047,26.583065217382856,0.0
2024-02-03 22:00:00,38.03638320147836,0.0,0.0,38.03638320147836,27.61192471778891,0.0
2024-02-03 23:00:00,38.903350373038094,0.0,0.0,38.903350373038094,27.86021225227267,0.0
2024-02-04 00:00:00,16.969757743333496,0.0,0.0,16.969757743333496,28.637534698374456,0.0
2024-02-04 01:00:00,17.81797989839914,0.0,0.0,17.81797989839914,29.543665755560102,0.0
2024-02-04 02:00:00,12.748942092763471,0.0,0.0,12.748942092763471,29.056766369272694,0.0
2024-02-04 03:00:00,28.872971859032297,0.0,0.0,28.872971859032297,29.99151247599924,0.0
2024-02-04 04:00:00,12.228263707674905,0.0,0.0,12.228263707674905,29.04538854072719,0.0
2024-02-04 05:00:00,15.034203774638033,0.0,0.0,15.034203774638033,28.383367000076646,0.0
2024-02-04 06:00:00,14.89044042418185,0.0,0.0,14.89044042418185,28.052648632151314,0.0
2024-02-04 07:00:00,7.839078030447602,17.029639731098822,0.0,24.868717761546424,26.939245228919173,225.9000913896866
2024-02-04 08:00:00,0.0,38.85180457308387,0.0,17.05630587882581,25.24253496235861,389.97357659158735
2024-02-04 09:00:00,0.0,64.88433486686958,0.0,18.22778764431566,24.63497921322267,610.1678193063406
2024-02-04 10:00:00,0.0,75.86827485669778,0.0,15.874926318853898,24.850415172708516,692.8038577563913
2024-02-04 11:00:00,0.0,89.05395592759542,0.0,14.6205389696397,23.638629260545585,786.0536521333208
2024-02-04 12:00:00,0.0,94.88085257847179,0.0,17.610494060645607,22.199688006348953,806.520831052159
2024-02-04 13:00:00,0.0,95.12490734181844,0.0,15.870037178164331,22.866876462122054,803.5935296051259
2024-02-04 14:00:00,0.0,101.67493001672821,0.0,19.5811724980235,22.291931410841336,822.7241335952168
2024-02-04 15:00:00,0.0,78.91230014933329,0.0,21.289253365131927,22.25357045251008,602.9701824721922
2024-02-04 16:00:00,0.0,46.82531293954702,0.0,22.449642089247337,22.46803554471375,329.4131700347975
2024-02-04 17:00:00,0.0,35.57749348108367,0.0,11.470204001334366,24.096651822282638,210.38841214909877
2024-02-04 18:00:00,16.928188239696812,2.3231688884006473e-15,0.0,16.928188239696816,23.338811634773535,1.0601579560247157e-13
2024-02-04 19:00:00,16.981864292725632,0.0,0.0,16.981864292725632,24.746928125697643,0.0
2024-02-04 20:00:00,17.58839407865356,0.0,0.0,17.58839407865356,26.131624203731832,0.0
2024-02-04 21:00:00,25.98060283725026,0.0,0.0,25.98060283725026,27.766609013086782,0.0
2024-02-04 22:00:00,17.252283790548546,0.0,0.0,17.252283790548546,28.09848991895137,0.0
2024-02-04 23:00:00,4.653129951668426,0.0,0.0,4.653129951668426,28.123422247162722,0.0
2024-02-05 00:00:00,34.974171353307284,0.0,0.0,34.974171353307284,32.5143039296038,0.0
2024-02-05 01:00:00,36.546887154299306,0.0,0.0,36.546887154299306,31.421716981464105,0.0
2024-02-05 02:00:00,32.885795991792186,0.0,0.0,32.885795991792186,32.35120637198243,0.0
2024-02-05 03:00:00,32.42276764532733,0.0,0.0,32.42276764532733,32.3431710041927,0.0
2024-02-05 04:00:00,32.669719219845355,0.0,0.0,32.669719219845355,31.30906941095017,0.0
2024-02-05 05:00:00,42.21900510185111,0.0,0.0,42.21900510185111,31.542208549401895,0.0
2024-02-05 06:00:00,236.7710109651674,0.0,60.74219461023867,236.7710109651674,30.211593224834374,0.0
2024-02-05 07:00:00,320.2894127631131,14.103555496063693,117.97686022573454,334.39296825917677,29.971976160922658,187.80541155054303
2024-02-05 08:00:00,349.69069311564124,33.531020246167444,131.8786360547688,383.22171336180867,27.79874054301175,330.0341582692126
2024-02-05 09:00:00,365.84579819823546,62.42752233081813,167.76854200313306,428.2733205290536,27.98015967656047,597.2521896394138
2024-02-05 10:00:00,287.1285992825761,67.8274899632817,130.91872569764868,354.9560892458578,26.76248495295805,604.9791399108543
2024-02-05 11:00:00,266.39319906770197,86.03565033912301,127.3939834553473,352.428849406825,26.818516446635847,768.5595400018723
2024-02-05 12:00:00,278.23204619473086,83.13971533594628,134.7163687735596,361.37176153067713,25.66545901117384,717.421128164352
2024-02-05 13:00:00,179.41068486356377,87.95269734850459,85.29260126574627,267.36338221206836,25.962412664153174,734.4514891162434
2024-02-05 14:00:00,111.94874166664842,77.5016295538254,56.771459393414645,189.4503712204738,25.47234467182138,622.477872838533
2024-02-05 15:00:00,274.69488022276045,73.86545907043273,126.70517849797966,348.5603392931932,25.274043667769035,566.8032255867122
2024-02-05 16:00:00,304.6267099655482,49.549040742816466,127.10202359376345,354.17575070836466,26.081284030866463,350.9022837034684
2024-02-05 17:00:00,315.45529814103446,31.996394619452936,130.99778921473134,347.4516927604874,26.640693787415497,190.29886420895465
2024-02-05 18:00:00,340.2059827540636,2.012030488354091e-15,125.14383030909383,340.2059827540636,27.20449329155046,8.883520277502356e-14
2024-02-05 19:00:00,320.8614631565717,0.0,118.33069846961196,320.8614631565717,26.66652094413344,0.0
2024-02-05 20:00:00,406.6412880365124,0.0,159.40734550155193,406.6412880365124,28.227258043922653,0.0
2024-02-05 21:00:00,254.86222110137095,0.0,77.70391062477186,254.86222110137095,30.316457870416638,0.0
2024-02-05 22:00:00,37.71542109518246,0.0,0.0,37.71542109518246,29.84056536158722,0.0
2024-02-05 23:00:00,33.02135725564735,0.0,0.0,33.02135725564735,31.63464259849067,0.0
2024-02-06 00:00:00,32.89594868185052,0.0,0.0,32.89594868185052,31.096283621082236,0.0
2024-02-06 01:00:00,31.628937231140114,0.0,0.0,31.628937231140114,30.729832590667588,0.0
2024-02-06 02:00:00,31.86892382238524,0.0,0.0,31.86892382238524,30.214352565888504,0.0
2024-02-06 03:00:00,37.84030762231279,0.0,0.0,37.84030762231279,30.80825247248464,0.0
2024-02-06 04:00:00,31.408719621586506,0.0,0.0,31.408719621586506,31.782064814508907,0.0
2024-02-06 05:00:00,28.479191829088673,0.0,0.0,28.479191829088673,29.755203467495104,0.0
2024-02-06 06:00:00,220.50777859105597,0.0,52.10868686646606,220.50777859105597,29.06483970714723,0.0
2024-02-06 07:00:00,360.2402043010661,13.762052430207104,130.6923308489346,374.00225673127323,28.119043832150776,169.37307351296297
2024-02-06 08:00:00,322.2412713619616,35.399397925130884,133.91311499537457,357.64066928709246,28.319360617721625,358.75125761804736
2024-02-06 09:00:00,331.25578247056563,45.78562291398748,140.86925688861828,377.0414053845531,26.684643865775488,405.1487402387849
2024-02-06 10:00:00,299.2107933704815,53.40636814684527,128.71991065061164,352.61716151732674,25.649015264972295,453.39610085387204
2024-02-06 11:00:00,319.34809777502915,73.45086029070384,150.3812726466503,392.798958065733,25.943831653891625,638.8098513563668
2024-02-06 12:00:00,294.41991788637245,75.10775307138378,143.07051436973757,369.52767095775624,24.970626510169097,638.9734282891568
2024-02-06 13:00:00,194.88457014886382,71.32847951122824,79.45372125394384,266.21304966009205,23.87158286658,583.5835870371917
2024-02-06 14:00:00,118.87102891722319,70.63260796842431,50.402333033119284,189.5036368856475,23.600176423915975,561.1511604307369
2024-02-06 15:00:00,297.34793130121244,78.14284375579678,149.64650823591742,375.4907750570092,24.910312969875115,602.350620998741
2024-02-06 16:00:00,308.47178658485234,50.05046970062266,132.8124304654917,358.522256285475,24.689273548072187,352.475615662936
2024-02-06 17:00:00,295.5512708060846,31.728802961258552,118.22285812022088,327.28007376734314,24.462562635365895,186.68337778649985
2024-02-06 18:00:00,390.57963812966085,2.1558038314600846e-15,148.78437106447686,390.57963812966085,25.07041053600009,8.641922125105685e-14
2024-02-06 19:00:00,345.7202192843351,0.0,125.19456594642162,345.7202192843351,26.248082363988164,0.0
2024-02-06 20:00:00,367.8211377445752,0.0,146.7247604737492,367.8211377445752,27.09222608539535,0.0
2024-02-06 21:00:00,229.3807068634846,0.0,60.634431871275375,229.3807068634846,27.59479655185497,0.0
2024-02-06 22:00:00,33.65391434373414,0.0,0.0,33.65391434373414,28.91221488612262,0.0
2024-02-06 23:00:00,39.61482901134307,0.0,0.0,39.61482901134307,29.727301832777854,0.0
2024-02-07 00:00:00,34.81720475207252,0.0,0.0,34.81720475207252,29.98913259602739,0.0
2024-02-07 01:00:00,31.675802724839418,0.0,0.0,31.675802724839418,31.416579741549732,0.0
2024-02-07 02:00:00,36.1651942068187,0.0,0.0,36.1651942068187,30.555962690925003,0.0
2024-02-07 03:00:00,34.175871465969884,0.0,0.0,34.175871465969884,30.48633730011377,0.0
2024-02-07 04:00:00,27.138571687049026,0.0,0.0,27.138571687049026,30.475100922119147,0.0
2024-02-07 05:00:00,28.23295340047277,0.0,0.0,28.23295340047277,29.545599025593773,0.0
2024-02-07 06:00:00,208.23712756734085,0.0,52.00922243929986,208.23712756734085,29.139460808917494,0.0
2024-02-07 07:00:00,398.69131394487556,15.982883255321873,150.65957610993664,414.67419720019745,28.235558423308827,213.28544563383738
2024-02-07 08:00:00,332.30198283155283,41.36097282899642,135.06926485629938,373.66295566054924,27.25067860977376,420.95845095161894
2024-02-07 09:00:00,329.15837343408344,54.9896851021233,143.07482638314158,384.14805853620675,27.666750711324795,521.0164970234551
2024-02-07 10:00:00,270.91792509751247,64.23538868752192,122.82393505431686,335.1533137850344,25.894947248996314,572.211592603495
2024-02-07 11:00:00,274.0488229109714,92.4534338113445,139.69402056196898,366.5022567223159,24.173649600467858,809.7441109920131
2024-02-07 12:00:00,274.33775542775754,98.04336409236325,135.0506556043732,372.38111952012076,24.343406506823186,851.5258839078308
2024-02-07 13:00:00,152.96633308379603,105.21119220343407,82.9710059270563,258.1775252872301,23.41277553163254,887.4991514510922
2024-02-07 14:00:00,116.96832720862686,100.12075969441493,65.0121114824461,217.0890869030418,23.912509709004066,819.5407510432768
2024-02-07 15:00:00,304.57217590058116,87.22997341861141,152.61196009620568,391.80214931919255,23.121050226408265,669.080352831065
2024-02-07 16:00:00,60.180444985943225,53.78924462454414,0.0,113.96968961048736,23.60440568968661,375.52641567040655
2024-02-07 17:00:00,61.631587744866266,35.16267308928066,0.0,96.79426083414693,24.886464374066286,207.0890072504166
2024-02-07 18:00:00,370.2920067966445,2.2929943471369873e-15,122.72639586340334,370.2920067966445,25.938218883773153,1.05736988142201e-13
2024-02-07 19:00:00,372.07365988563845,0.0,128.6384073337188,372.07365988563845,26.534839843491824,0.0
2024-02-07 20:00:00,326.74097994522475,0.0,114.31014653283306,326.74097994522475,27.616442994241748,0.0
2024-02-07 21:00:00,240.98568189458803,0.0,70.71635856471278,240.98568189458803,28.282160264214884,0.0
2024-02-07 22:00:00,40.90544685604468,0.0,0.0,40.90544685604468,29.025632376490304,0.0
2024-02-07 23:00:00,35.551613889274726,0.0,0.0,35.551613889274726,29.412411423997835,0.0
2024-02-08 00:00:00,39.136305460324515,0.0,0.0,39.136305460324515,30.39452213917722,0.0
2024-02-08 01:00:00,34.60403367306842,0.0,0.0,34.60403367306842,30.850112329998343,0.0
2024-02-08 02:00:00,28.91647227895041,0.0,0.0,28.91647227895041,30.425374475908395,0.0
2024-02-08 03:00:00,35.959215122868976,0.0,0.0,35.959215122868976,30.279209692695694,0.0
2024-02-08 04:00:00,40.82809306380081,0.0,0.0,40.82809306380081,30.78372414067994,0.0
2024-02-08 05:00:00,40.0244381329281,0.0,0.0,40.0244381329281,29.421595165818086,0.0
2024-02-08 06:00:00,203.8049887580127,0.0,49.2127173468477,203.8049887580127,28.744775256756267,0.0
2024-02-08 07:00:00,359.1102574895786,14.943083889565838,134.6068181349019,374.05334137914446,28.104911933308554,199.35273809992756
2024-02-08 08:00:00,302.55690401210416,34.35927885996887,118.46238258627726,336.916182872073,26.908029193596207,339.3881895151985
2024-02-08 09:00:00,308.47710246163126,55.92756660914758,134.47120248107527,364.4046690707788,25.640895502342914,519.8238917253577
2024-02-08 10:00:00,41.64920072647641,70.18448675484983,0.0,111.83368748132624,25.395915109335046,628.1390356155454
2024-02-08 11:00:00,256.25717791277555,78.74105068414357,119.68791137373017,334.99822859691915,24.46268108240921,686.8703729882699
2024-02-08 12:00:00,326.63833046109113,92.17838369523675,155.595422671161,418.81671415632786,24.846968286564994,791.967924081933
2024-02-08 13:00:00,154.1101082482026,72.81728655923371,70.27134181669862,226.92739480743631,23.970416204707735,594.4349157803689
2024-02-08 14:00:00,147.9379870566449,75.3857544862969,60.03355399433398,223.3237415429418,23.159191178351783,599.8169531833047
2024-02-08 15:00:00,230.9761826577382,73.56976502427592,104.56727100463485,304.5459476820141,23.940722039156732,554.2931719222281
2024-02-08 16:00:00,311.98281267795034,48.675154407436075,133.07985161675902,360.6579670853864,24.07977632569324,342.6157984700617
2024-02-08 17:00:00,303.55655771215925,25.550748739953093,118.83206475394711,329.1073064521123,25.136771738393126,157.78456103195035
2024-02-08 18:00:00,334.4957590936597,2.0869385390890757e-15,126.16486131246761,334.4957590936597,24.944705215158763,9.58546046660766e-14
2024-02-08 19:00:00,416.08433109248324,0.0,159.43708514974375,416.08433109248324,26.145403737894224,0.0
2024-02-08 20:00:00,359.382758385761,0.0,130.31593723714474,359.382758385761,26.907385497027036,0.0
2024-02-08 21:00:00,228.27235541890514,0.0,72.05315474374443,228.27235541890514,27.892038690961257,0.0
2024-02-08 22:00:00,31.767664417609637,0.0,0.0,31.767664417609637,28.26433284707131,0.0
2024-02-08 23:00:00,35.12368796366643,0.0,0.0,35.12368796366643,29.719761889682786,0.0
2024-02-09 00:00:00,30.411247931054813,0.0,0.0,30.411247931054813,29.542455024235874,0.0
2024-02-09 01:00:00,34.61309197643651,0.0,0.0,34.61309197643651,30.325736173538225,0.0
2024-02-09 02:00:00,27.730133416193667,0.0,0.0,27.730133416193667,29.797371047072197,0.0
2024-02-09 03:00:00,32.647583210709556,0.0,0.0,32.647583210709556,29.477204610953258,0.0
2024-02-09 04:00:00,40.97055629615396,0.0,0.0,40.97055629615396,29.728120075283144,0.0
2024-02-09 05:00:00,34.81002886286405,0.0,0.0,34.81002886286405,28.38015551641866,0.0
2024-02-09 06:00:00,200.95106905183655,0.0,56.63323368376159,200.95106905183655,28.59487624060757,0.0
2024-02-09 07:00:00,347.67496049801343,14.596175984583548,130.1974166335433,362.271136482597,27.749671629631262,194.67387731555925
2024-02-09 08:00:00,340.41038389851576,42.308021240737794,137.03462776158509,382.71840513925355,26.93102342363279,430.27894111082145
2024-02-09 09:00:00,283.71972045877715,61.216395852139065,122.65486348943152,344.9361163109162,25.58482880754651,570.941021954698
2024-02-09 10:00:00,275.1257079759511,71.06808469912086,123.3195781671533,346.19379267507196,24.309135781766706,634.8390807041447
2024-02-09 11:00:00,278.0086741038075,79.54070289923445,124.36630917552426,357.54937700304197,23.882104102065355,695.7099549204657
2024-02-09 12:00:00,301.5099824358531,78.49650943109177,145.77884742323354,380.0064918669449,23.461329507359654,660.8536572469792
2024-02-09 13:00:00,162.35103283142365,95.27984971582123,79.16267900583782,257.6308825472449,22.641572758459912,780.621744018435
2024-02-09 14:00:00,121.08660266004185,82.51086324232233,48.33939468478941,203.59746590236418,23.468942117528197,657.4126339708665
2024-02-09 15:00:00,303.6644301797596,56.838880993667274,137.18456282613533,360.5033111734269,23.21168566483812,428.3486822352668
2024-02-09 16:00:00,306.9724751917746,53.80448763740705,136.0729735290273,360.7769628291816,22.82518358215905,372.674522822055
2024-02-09 17:00:00,328.10273736902906,31.766674747534964,142.7436377735579,359.86941211656404,24.76894707714556,185.72461006350102
2024-02-09 18:00:00,343.53195980802207,2.4184384639841777e-15,128.49568335279056,343.53195980802207,24.601078610650678,1.1093032848144778e-13
2024-02-09 19:00:00,355.5593087201243,0.0,133.95278460365878,355.5593087201243,24.84946579378177,0.0
2024-02-09 20:00:00,362.7900803862073,0.0,140.69266156066539,362.7900803862073,25.88725691169195,0.0
2024-02-09 21:00:00,231.75320930417956,0.0,72.8242404989125,231.75320930417956,27.952142429507084,0.0
2024-02-09 22:00:00,29.106340369334482,0.0,0.0,29.106340369334482,28.964876431173998,0.0
2024-02-09 23:00:00,34.90033932979891,0.0,0.0,34.90033932979891,29.28200023395896,0.0
2024-02-10 00:00:00,31.28163945908405,0.0,0.0,31.28163945908405,32.58999595598323,0.0
2024-02-10 01:00:00,29.772254354439568,0.0,0.0,29.772254354439568,32.88830083985517,0.0
2024-02-10 02:00:00,40.201521786481095,0.0,0.0,40.201521786481095,32.677710794826154,0.0
2024-02-10 03:00:00,33.29192460887571,0.0,0.0,33.29192460887571,32.444514004361324,0.0
2024-02-10 04:00:00,32.73607406465678,0.0,0.0,32.73607406465678,32.20027322892796,0.0
2024-02-10 05:00:00,29.246709220948063,0.0,0.0,29.246709220948063,31.742134174168683,0.0
2024-02-10 06:00:00,58.069164307872626,0.0,0.0,58.069164307872626,30.278453715180923,0.0
2024-02-10 07:00:00,46.650658363664824,14.818873526294496,0.0,61.46953188995932,30.171098740959,199.46164038495604
2024-02-10 08:00:00,24.694178769988312,41.3353288707095,0.0,66.02950764069782,29.62856114209263,424.5786938751199
2024-02-10 09:00:00,0.0,68.76409468185675,0.0,66.96628748104142,27.89019984642078,652.7392094978228
2024-02-10 10:00:00,0.0,69.56087632982178,0.0,59.28269426959501,26.99262882578322,622.8012330240248
2024-02-10 11:00:00,0.0,83.40955521401344,0.0,66.90055960509389,26.662652138910538,735.7551795791475
2024-02-10 12:00:00,0.0,104.56148105006547,0.0,60.52699312284094,25.543335029994516,901.465599857431
2024-02-10 13:00:00,0.0,76.14203214596752,0.0,58.13851350775965,24.86010301811863,625.2459685341389
2024-02-10 14:00:00,0.0,88.93788915659235,0.0,64.07014523877702,25.97311223849671,728.4014655245775
2024-02-10 15:00:00,0.0,63.67482159443211,0.0,61.694356764408454,25.293036696420668,484.7905866674516
2024-02-10 16:00:00,2.138304912350989,54.74562660513469,0.0,56.88393151748568,25.87738809455869,385.38865146760736
2024-02-10 17:00:00,22.945256412394215,32.85422823243216,0.0,55.79948464482638,26.11931646378717,192.70381202389976
2024-02-10 18:00:00,58.439526250256385,2.2773853526612524e-15,0.0,58.439526250256385,27.78763012590062,8.452273663444174e-14
2024-02-10 19:00:00,55.01533396594681,0.0,0.0,55.01533396594681,28.419974139727305,0.0
2024-02-10 20:00:00,52.316024814757014,0.0,0.0,52.316024814757014,28.77888294786727,0.0
2024-02-10 21:00:00,60.66418526102903,0.0,0.0,60.66418526102903,29.215170693921568,0.0
2024-02-10 22:00:00,38.43195506300971,0.0,0.0,38.43195506300971,30.47578781601502,0.0
2024-02-10 23:00:00,37.77749749829263,0.0,0.0,37.77749749829263,31.659202802571894,0.0
2024-02-11 00:00:00,17.58602652490661,0.0,0.0,17.58602652490661,30.588007923013706,0.0
2024-02-11 01:00:00,18.701942241249277,0.0,0.0,18.701942241249277,30.89789057196602,0.0
2024-02-11 02:00:00,26.292452637815508,0.0,0.0,26.292452637815508,31.068450537463193,0.0
2024-02-11 03:00:00,15.24633502537247,0.0,0.0,15.24633502537247,31.222739665489105,0.0
2024-02-11 04:00:00,19.9560259655951,0.0,0.0,19.9560259655951,30.472760468941303,0.0
2024-02-11 05:00:00,15.948060817688821,0.0,0.0,15.948060817688821,30.162481617110952,0.0
2024-02-11 06:00:00,12.9085639959107,0.0,0.0,12.9085639959107,28.71914155385574,0.0
2024-02-11 07:00:00,7.025043812857273,16.14924052092781,0.0,23.17428433378508,29.64539320407477,217.14558475748794
2024-02-11 08:00:00,0.0,41.48971881122306,0.0,15.677819194089464,27.32067149807016,421.3983120626578
2024-02-11 09:00:00,0.0,56.01302206771095,0.0,17.985644886360323,26.65853100381145,523.1728101870443
2024-02-11 10:00:00,0.0,72.44658749683724,0.0,16.607339991591896,25.99583392012139,649.4362121748745
2024-02-11 11:00:00,0.0,89.3104506381851,0.0,21.969676073310183,24.782332167375102,793.6729024974693
2024-02-11 12:00:00,0.0,84.17191332383638,0.0,13.703956057656267,24.435424641607483,717.6483049921588
2024-02-11 13:00:00,0.0,87.25125590772247,0.0,23.527526181220402,24.079698403044937,723.8108423416344
2024-02-11 14:00:00,0.0,85.8032881006658,0.0,21.480506684202886,23.505582111441598,681.8683558536584
2024-02-11 15:00:00,0.0,78.71528760277234,0.0,11.084666753454913,24.30115547848637,605.45031536658
2024-02-11 16:00:00,0.0,52.583146271375334,0.0,15.732182220855154,23.606901325353384,367.297606229174
2024-02-11 17:00:00,0.0,27.38887807629528,0.0,21.255147785076264,25.864081644783678,165.77967757484313
2024-02-11 18:00:00,24.126490063940633,3.0235773054081608e-15,0.0,24.126490063940636,26.109086600217484,7.775078008790409e-14
2024-02-11 19:00:00,20.14532821324295,0.0,0.0,20.14532821324295,26.876295678696152,0.0
2024-02-11 20:00:00,15.920885307592144,0.0,0.0,15.920885307592144,26.594280101511664,0.0
2024-02-11 21:00:00,12.037231421333194,0.0,0.0,12.037231421333194,27.9722034789406,0.0
2024-02-11 22:00:00,18.41601961877452,0.0,0.0,18.41601961877452,29.907273718130813,0.0
2024-02-11 23:00:00,16.528428043127747,0.0,0.0,16.528428043127747,32.013095590401,0.0
2024-02-12 00:00:00,33.545346379420664,0.0,0.0,33.545346379420664,29.22897524901575,0.0
2024-02-12 01:00:00,31.42829343523877,0.0,0.0,31.42829343523877,29.49975220037891,0.0
2024-02-12 02:00:00,36.775258891501075,0.0,0.0,36.775258891501075,29.363027217298793,0.0
2024-02-12 03:00:00,39.416081289528194,0.0,0.0,39.416081289528194,28.557531897398352,0.0
2024-02-12 04:00:00,40.36362234738051,0.0,0.0,40.36362234738051,29.1292160580874,0.0
2024-02-12 05:00:00,35.007335168076104,0.0,0.0,35.007335168076104,27.524810168846148,0.0
2024-02-12 06:00:00,211.01242577128573,0.0,58.78560345512868,211.01242577128573,26.74524752067177,0.0
2024-02-12 07:00:00,363.4718330936495,15.121796341226572,135.22198898077067,378.59362943487605,25.869642098381277,199.79231330804237
2024-02-12 08:00:00,304.88548609584524,39.36104064206227,120.13632702320606,344.2465267379075,26.088401426492496,395.71316956576345
2024-02-12 09:00:00,292.00504256784944,52.55063163572474,120.03629887118069,344.5556742035742,24.665966417919126,479.454148322066
2024-02-12 10:00:00,286.3084402868362,72.59675223297602,133.65811935983987,358.9051925198122,23.900969153193888,649.3476031767194
2024-02-12 11:00:00,268.66503018434844,67.81290866369143,127.57195155954524,336.47793884803986,23.11796440056344,572.4331473594009
2024-02-12 12:00:00,294.76311316726446,90.12180552377016,145.1871893964476,384.8849186910346,22.00659291939705,763.1197371537183
2024-02-12 13:00:00,176.93205036134563,95.23627370814958,78.67730950863763,272.1683240694952,21.88443425822126,777.5247293207918
2024-02-12 14:00:00,134.5671913221367,79.55623702061342,55.636451444963406,214.12342834275012,21.79032700011497,628.5129778604485
2024-02-12 15:00:00,263.345245596076,82.30230541676676,123.5436149284042,345.64755101284277,21.51716398761728,625.8499881575167
2024-02-12 16:00:00,301.78834009288266,48.80140429941921,134.68955432258173,350.5897443923019,22.317346142345986,340.0276837758065
2024-02-12 17:00:00,368.42268467448974,34.39495254582308,152.7597352655134,402.8176372203128,22.585013140890663,197.6225659203194
2024-02-12 18:00:00,351.3384929069207,1.995863715595614e-15,133.00026805689177,351.3384929069207,24.139377917675194,9.115129509929192e-14
2024-02-12 19:00:00,351.4246106090827,0.0,127.53498378696972,351.4246106090827,25.02515897736629,0.0
2024-02-12 20:00:00,338.9510873400957,0.0,123.33863317474916,338.9510873400957,24.953720541921754,0.0
2024-02-12 21:00:00,246.8539337181337,0.0,80.84795870795429,246.8539337181337,26.358090878976522,0.0
2024-02-12 22:00:00,36.947426816958725,0.0,0.0,36.947426816958725,28.27857004390005,0.0
2024-02-12 23:00:00,38.45605829992176,0.0,0.0,38.45605829992176,27.585032388555465,0.0
2024-02-13 00:00:00,28.569627951666195,0.0,0.0,28.569627951666195,28.064285088281885,0.0
2024-02-13 01:00:00,30.101853117295892,0.0,0.0,30.101853117295892,28.253378625151996,0.0
2024-02-13 02:00:00,30.849942175483903,0.0,0.0,30.849942175483903,28.86632104505927,0.0
2024-02-13 03:00:00,37.877660122729175,0.0,0.0,37.877660122729175,28.348351078829257,0.0
2024-02-13 04:00:00,37.06030644666163,0.0,0.0,37.06030644666163,27.635318440422477,0.0
2024-02-13 05:00:00,32.68239372180894,0.0,0.0,32.68239372180894,27.328133061028172,0.0
2024-02-13 06:00:00,228.5561843438909,0.0,61.610299747962486,228.5561843438909,26.610562238115683,0.0
2024-02-13 07:00:00,304.50686762012424,13.733594714015402,116.59147520054827,318.24046233413964,25.679896332856224,146.06415747071998
2024-02-13 08:00:00,334.73539812108515,24.689786554070526,134.32611123489536,359.42518467515566,24.160321538476804,203.49681908447494
2024-02-13 09:00:00,280.619576823269,43.70712662979707,111.86272927442967,324.3267034530661,24.535554912078936,376.1619989353222
2024-02-13 10:00:00,291.1408294452316,65.4582886232472,129.4593001603908,356.5991180684788,23.603094060070976,577.8549775449638
2024-02-13 11:00:00,282.78105376830064,71.31686427412075,138.54738641349678,354.0979180424214,21.82290901855097,594.682646943893
2024-02-13 12:00:00,235.6924789541275,72.03088545650215,113.66493641874519,307.72336441062964,21.6384255368014,592.5443769696152
2024-02-13 13:00:00,179.60043963229532,78.41510820854143,77.39704267092458,258.01554784083675,21.32659403944997,628.1277893067106
2024-02-13 14:00:00,144.04804609141792,67.98011497571554,55.56880508364059,212.02816106713345,20.741617865889022,528.6612282263417
2024-02-13 15:00:00,296.11805130867856,63.606126185043394,136.77036423310938,359.724177493722,20.505738740245942,471.05619366196595
2024-02-13 16:00:00,321.26536101047105,46.45436503880667,139.57593660748452,367.7197260492777,21.45349202693711,321.75157144774187
2024-02-13 17:00:00,311.91708492358805,30.63753274154184,121.84294540500346,342.5546176651299,22.166802361860302,178.39780217038265
2024-02-13 18:00:00,378.4435567247538,3.590369133781475e-15,138.91645400087202,378.4435567247538,22.349260599456805,7.358846843789807e-14
2024-02-13 19:00:00,334.89728066518444,0.0,126.89988894170315,334.89728066518444,24.00249949032273,0.0
2024-02-13 20:00:00,378.9403764718411,0.0,144.63939620684025,378.9403764718411,25.401305417796983,0.0
2024-02-13 21:00:00,107.86990499121056,0.0,0.0,107.86990499121056,26.14680199708027,0.0
2024-02-13 22:00:00,33.02540416002783,0.0,0.0,33.02540416002783,26.506534439559456,0.0
2024-02-13 23:00:00,35.83413551392458,0.0,0.0,35.83413551392458,26.374545152031132,0.0
2024-02-14 00:00:00,40.70801050568305,0.0,0.0,40.70801050568305,30.569145685962184,0.0
2024-02-14 01:00:00,33.51591374272283,0.0,0.0,33.51591374272283,30.634142078931138,0.0
2024-02-14 02:00:00,29.310857531723727,0.0,0.0,29.310857531723727,30.892381156996134,0.0
2024-02-14 03:00:00,34.69006883753188,0.0,0.0,34.69006883753188,31.528997394550117,0.0
2024-02-14 04:00:00,44.32162170632473,0.0,0.0,44.32162170632473,29.798888700867334,0.0
2024-02-14 05:00:00,30.688358718460478,0.0,0.0,30.688358718460478,28.217671369979016,0.0
2024-02-14 06:00:00,215.95766958759006,0.0,52.43610935668251,215.95766958759006,28.403478313482243,0.0
2024-02-14 07:00:00,366.42694980020815,13.742679039709365,136.3348407802382,380.1696288399175,28.329094794379856,164.5649371663752
2024-02-14 08:00:00,370.0899134716994,39.27564755318821,153.21733268260405,409.3655610248876,27.193668553261144,393.82149929395206
2024-02-14 09:00:00,320.3416152106255,49.97194444514856,136.17176002280445,370.31355965577404,25.66652087972896,449.67756339051215
2024-02-14 10:00:00,316.1248909211976,53.046922146515506,137.54185764768067,369.1718130677131,24.720346910798906,446.3081748397742
2024-02-14 11:00:00,281.70123536918044,88.91191950130307,140.06911808451872,370.6131548704835,24.52802736032551,768.9352857699596
2024-02-14 12:00:00,317.47507818398316,83.7073366048055,151.916677207407,401.18241478878866,23.526069354200683,704.0505010881184
2024-02-14 13:00:00,186.5758132224464,76.55514454792588,77.90665526137334,263.1309577703723,24.059781919502647,624.8262109308288
2024-02-14 14:00:00,128.17806426816162,68.4081110239134,46.42325463036058,196.586175292075,23.47449215807399,540.3660097672652
2024-02-14 15:00:00,255.21472781936433,69.2254204247909,113.47361177231961,324.44014824415524,23.48590626820953,519.332748990253
2024-02-14 16:00:00,338.50866411504114,43.42480692863957,143.9666360128364,381.9334710436807,23.76997848768008,305.4989659625777
2024-02-14 17:00:00,322.9218603941531,32.97489414196187,138.013294422316,355.896754536115,24.836893231524506,191.38533686546967
2024-02-14 18:00:00,353.4034368870494,2.265380820361543e-15,131.53937666705602,353.4034368870494,25.45151021426714,8.49164594384222e-14
2024-02-14 19:00:00,337.21514628730125,0.0,127.08772476864772,337.21514628730125,26.375317579459598,0.0
2024-02-14 20:00:00,354.7527796939612,0.0,137.44124151800784,354.7527796939612,27.270270324290028,0.0
2024-02-14 21:00:00,265.71570890096046,0.0,82.69875813654868,265.71570890096046,28.04997449194759,0.0
2024-02-14 22:00:00,31.4070286777264,0.0,0.0,31.4070286777264,28.413640310658078,0.0
2024-02-14 23:00:00,30.076461427898778,0.0,0.0,30.076461427898778,29.289889273174406,0.0
2024-02-15 00:00:00,34.69193518651895,0.0,0.0,34.69193518651895,29.266708504821935,0.0
2024-02-15 01:00:00,40.23444028925673,0.0,0.0,40.23444028925673,30.846295055201765,0.0
2024-02-15 02:00:00,28.1411814504217,0.0,0.0,28.1411814504217,29.25853888393746,0.0
2024-02-15 03:00:00,31.510867903944053,0.0,0.0,31.510867903944053,29.604209184499158,0.0
2024-02-15 04:00:00,34.31978231440335,0.0,0.0,34.31978231440335,29.513179487446646,0.0
2024-02-15 05:00:00,39.50003574938995,0.0,0.0,39.50003574938995,28.756164401662534,0.0
2024-02-15 06:00:00,218.484374882833,0.0,56.591080963470766,218.484374882833,28.719941814864736,0.0
2024-02-15 07:00:00,326.11965308388875,14.024378148143542,120.03299643912717,340.1440312320323,27.184574736753255,179.09108174467215
2024-02-15 08:00:00,285.9563384373599,33.89744328181808,111.18187485392357,319.85378171917796,26.31568634457056,329.19829573614686
2024-02-15 09:00:00,296.7378922332843,52.21723213465396,122.66738713744813,348.95512436793825,25.934404643095203,474.9731583931923
2024-02-15 10:00:00,255.40420598861675,80.99806484271164,116.75976039905646,336.4022708313284,25.588312875605055,735.2433042014989
2024-02-15 11:00:00,252.60596639631785,65.24679391165746,116.06049988417465,317.8527603079753,24.661832496967115,544.3562312382799
2024-02-15 12:00:00,308.3493045135958,87.52775712553444,156.19144071669206,395.87706163913026,23.333541188845757,733.4011180207281
2024-02-15 13:00:00,151.10476144335104,67.97720613940886,62.637284014980914,219.0819675827599,23.027459546267927,548.457349197324
2024-02-15 14:00:00,132.77006647099796,75.72259027972102,56.53640543294775,208.492656750719,22.95631666653797,595.1252862029924
2024-02-15 15:00:00,312.07211481068197,62.23923770894543,147.2444758957725,374.3113525196274,23.12571635636542,468.43104241688764
2024-02-15 16:00:00,342.1495697999158,37.37934092313464,148.3307725602117,379.52891072305044,22.97819407372642,268.47753577328825
2024-02-15 17:00:00,331.2974538820913,32.36023262359882,138.74263223366717,363.6576865056901,24.42638020942067,187.6396870328248
2024-02-15 18:00:00,393.3206375464709,2.588770230062559e-15,152.81878089267528,393.3206375464709,24.78626160800726,8.162691329819083e-14
2024-02-15 19:00:00,414.15378790071173,0.0,159.07589636743597,414.15378790071173,25.504662291879384,0.0
2024-02-15 20:00:00,349.23009406772496,0.0,130.9198808372501,349.23009406772496,25.797384355866328,0.0
2024-02-15 21:00:00,246.88179295457937,0.0,84.62452077227888,246.88179295457937,27.369966806249995,0.0
2024-02-15 22:00:00,28.37995946719512,0.0,0.0,28.37995946719512,27.236350892535462,0.0
2024-02-15 23:00:00,33.40299960864492,0.0,0.0,33.40299960864492,28.617006106282666,0.0
2024-02-16 00:00:00,37.46189652077226,0.0,0.0,37.46189652077226,27.534814259670537,0.0
2024-02-16 01:00:00,33.703171803037726,0.0,0.0,33.703171803037726,28.309512188220147,0.0
2024-02-16 02:00:00,32.1185375140647,0.0,0.0,32.1185375140647,29.225199212137248,0.0
2024-02-16 03:00:00,28.268849186135956,0.0,0.0,28.268849186135956,28.451968324509057,0.0
2024-02-16 04:00:00,33.96357853296131,0.0,0.0,33.96357853296131,28.540564149227944,0.0
2024-02-16 05:00:00,31.615421296068188,0.0,0.0,31.615421296068188,27.582754020369304,0.0
2024-02-16 06:00:00,228.36312549851064,0.0,60.889288044715116,228.36312549851064,27.097800944508407,0.0
2024-02-16 07:00:00,348.3508441323787,14.025331907022057,123.36354962646563,362.3761760394008,26.619704533994977,176.6650268682898
2024-02-16 08:00:00,58.193435553659775,42.88435373432291,0.0,101.07778928798268,24.41935578351347,427.8917739927107
2024-02-16 09:00:00,268.9810097608685,72.79326789494307,126.55140876747943,341.7742776558116,23.480855324740023,671.7514421272201
2024-02-16 10:00:00,301.29345179885706,84.83628375317332,141.2232026798819,386.1297355520304,23.369679649903258,752.3572195389158
2024-02-16 11:00:00,210.169356927121,102.1752871059632,109.37566007998213,312.3446440330842,22.30856123848056,900.3312832664667
2024-02-16 12:00:00,303.409811124483,98.38823191028052,154.39446422276663,401.7980430347635,21.864362202822544,834.0136573440243
2024-02-16 13:00:00,178.43921414043518,95.77398048011052,85.32375217124051,274.2131946205457,21.28020036159918,786.7925106794421
2024-02-16 14:00:00,115.14513426591584,92.67487414879913,57.185682326100036,207.82000841471498,20.98714484115224,735.3324392592609
2024-02-16 15:00:00,217.26540788552398,72.24064571273173,103.09525895997642,289.50605359825573,22.214916142040373,536.0642358253831
2024-02-16 16:00:00,278.9832422676717,54.42189836892177,120.95812223505855,333.40514063659344,21.204254729509106,373.43261181221453
2024-02-16 17:00:00,373.32457331083145,41.061777587234396,155.12133379773212,414.38635089806587,22.653596595132456,237.16916435488366
2024-02-16 18:00:00,340.08866751017115,2.4806027417657346e-15,132.60502074935852,340.08866751017115,23.297388342529825,1.1320759385370565e-13
2024-02-16 19:00:00,313.4933319780294,0.0,111.72513717763417,313.4933319780294,23.089900893020655,0.0
2024-02-16 20:00:00,365.07765645910706,0.0,137.99189913134873,365.07765645910706,24.369884034667802,0.0
2024-02-16 21:00:00,255.31891689789995,0.0,86.50118064148383,255.31891689789995,25.359795577048487,0.0
2024-02-16 22:00:00,36.741339742609455,0.0,0.0,36.741339742609455,26.817566256322895,0.0
2024-02-16 23:00:00,35.40765308246429,0.0,0.0,35.40765308246429,27.076630380852237,0.0
2024-02-17 00:00:00,33.54512509044,0.0,0.0,33.54512509044,30.00259740879403,0.0
2024-02-17 01:00:00,35.72122203382636,0.0,0.0,35.72122203382636,29.66622011237327,0.0
2024-02-17 02:00:00,31.701631744796334,0.0,0.0,31.701631744796334,31.677259257211553,0.0
2024-02-17 03:00:00,30.004005951736968,0.0,0.0,30.004005951736968,30.430641600235383,0.0
2024-02-17 04:00:00,33.54518899056988,0.0,0.0,33.54518899056988,30.294892760747906,0.0
2024-02-17 05:00:00,36.86139979524634,0.0,0.0,36.86139979524634,29.2188643887242,0.0
2024-02-17 06:00:00,178.5798756912353,0.0,48.339550024685586,178.5798756912353,28.43798973531997,0.0
2024-02-17 07:00:00,275.69988610977924,16.45302310546318,113.02410016239448,292.1529092152424,28.876512384189486,217.90887523948223
2024-02-17 08:00:00,276.23817205936166,43.07702044579708,127.7805922361398,319.31519250515873,26.055942595350583,430.2081758241618
2024-02-17 09:00:00,241.1930928301764,52.90209610981537,106.69441246214167,294.0951889399918,26.247760275210464,483.6655819664426
2024-02-17 10:00:00,229.08482941002575,73.24623153328783,120.94752164597328,302.33106094331356,24.65855145329995,644.0658585055769
2024-02-17 11:00:00,186.21015766727356,98.54028931852734,116.29932745877282,284.7504469858009,24.33692908750248,869.6304663817331
2024-02-17 12:00:00,193.7361994007891,98.37681276758352,113.22283418596497,292.1130121683726,23.66416725177135,828.0322723123342
2024-02-17 13:00:00,112.56599301508845,78.62364333546617,66.24060741176574,191.18963635055462,23.140574165132534,638.2657111007383
2024-02-17 14:00:00,0.0,95.7742831847051,0.0,64.37313561026733,23.53202426370706,766.5524978166679
2024-02-17 15:00:00,0.0,73.58310869585226,0.0,59.036446413094325,22.349548433189128,540.8667223553995
2024-02-17 16:00:00,0.0,65.5075936907481,0.0,59.560620729273595,23.82547024464901,456.7443191243631
2024-02-17 17:00:00,20.694518769824768,35.84485182208517,0.0,56.539370591909936,24.494284677025995,206.93955322117483
2024-02-17 18:00:00,57.787471413041324,2.193897063470331e-15,0.0,57.787471413041324,24.58466512565089,1.0063979073319573e-13
2024-02-17 19:00:00,52.49317298489071,0.0,0.0,52.49317298489071,26.865046101719766,0.0
2024-02-17 20:00:00,58.47178894083337,0.0,0.0,58.47178894083337,26.71707421145524,0.0
2024-02-17 21:00:00,59.84465840425547,0.0,0.0,59.84465840425547,27.8014279354803,0.0
2024-02-17 22:00:00,34.93903451105233,0.0,0.0,34.93903451105233,28.468193816896544,0.0
2024-02-17 23:00:00,28.97310285243003,0.0,0.0,28.97310285243003,29.44839407279152,0.0
2024-02-18 00:00:00,20.84410508133867,0.0,0.0,20.84410508133867,29.862328367624738,0.0
2024-02-18 01:00:00,19.616258034261364,0.0,0.0,19.616258034261364,30.79441570159965,0.0
2024-02-18 02:00:00,25.53764193293659,0.0,0.0,25.53764193293659,30.049987009476503,0.0
2024-02-18 03:00:00,23.69077563282034,0.0,0.0,23.69077563282034,30.1019046831238,0.0
2024-02-18 04:00:00,17.793232500255296,0.0,0.0,17.793232500255296,30.066470061610254,0.0
2024-02-18 05:00:00,23.705875326315102,0.0,0.0,23.705875326315102,28.776476680162318,0.0
2024-02-18 06:00:00,17.00040965067117,0.0,0.0,17.00040965067117,28.71229284443211,0.0
2024-02-18 07:00:00,2.703089765625446,13.87119858367415,0.0,16.574288349299596,27.4792346316802,166.00285326410923
2024-02-18 08:00:00,0.0,36.09789461113562,0.0,18.766980400857015,26.249161087281962,356.33480227260895
2024-02-18 09:00:00,0.0,47.08425009133419,0.0,20.85375250011064,25.446471266993086,412.48889860253513
2024-02-18 10:00:00,0.0,74.82783251697462,0.0,30.637184769922502,23.516458925942263,665.0395032996258
2024-02-18 11:00:00,0.0,68.02698427483998,0.0,20.3273871558291,23.848353303696335,569.8330944835748
2024-02-18 12:00:00,0.0,72.14134667464187,0.0,16.158844755945744,22.37420473415749,590.045910445405
2024-02-18 13:00:00,0.0,89.8268780514169,0.0,21.6159449888305,21.983792439808884,732.9445762091649
2024-02-18 14:00:00,0.0,73.17634259170413,0.0,17.399410214193892,22.77360675213879,569.8723063463325
2024-02-18 15:00:00,0.0,56.3507259358099,0.0,18.375430616824477,22.23938771801441,424.2690240886728
2024-02-18 16:00:00,0.0,45.120031869267294,0.0,17.915226835735456,23.14252161872895,315.0853846980765
2024-02-18 17:00:00,0.0,33.375846802223414,0.0,21.097223452593482,23.771510933148193,192.76699591946308
2024-02-18 18:00:00,11.845073664056674,2.0068241251999236e-15,0.0,11.845073664056676,24.518692208034743,9.226394707270288e-14
2024-02-18 19:00:00,19.303850888123574,0.0,0.0,19.303850888123574,24.8192400462463,0.0
2024-02-18 20:00:00,21.649075465970515,0.0,0.0,21.649075465970515,26.626508598866774,0.0
2024-02-18 21:00:00,15.922408975063247,0.0,0.0,15.922408975063247,27.038416447251958,0.0
2024-02-18 22:00:00,19.548340882130624,0.0,0.0,19.548340882130624,28.147705247711755,0.0
2024-02-18 23:00:00,20.47363451982416,0.0,0.0,20.47363451982416,28.05382133480559,0.0
2024-02-19 00:00:00,35.03421033007525,0.0,0.0,35.03421033007525,30.07872304548051,0.0
2024-02-19 01:00:00,34.76779681350671,0.0,0.0,34.76779681350671,31.06618554427976,0.0
2024-02-19 02:00:00,31.435568003385033,0.0,0.0,31.435568003385033,31.121886726537316,0.0
2024-02-19 03:00:00,36.10159776273808,0.0,0.0,36.10159776273808,30.118891961182506,0.0
2024-02-19 04:00:00,40.528840217236734,0.0,0.0,40.528840217236734,29.89510772859108,0.0
2024-02-19 05:00:00,37.00931478188467,0.0,0.0,37.00931478188467,29.11732827975397,0.0
2024-02-19 06:00:00,223.0990419451,0.0,59.201371076919465,223.0990419451,28.558591451502522,0.0
2024-02-19 07:00:00,365.472671550834,15.128622276704668,137.23913923208028,380.60129382753865,27.343130798138525,198.00838732788876
2024-02-19 08:00:00,346.3563607200872,35.974461240869886,136.03625973318978,382.3308219609571,27.067709974428727,356.81405799766213
2024-02-19 09:00:00,289.756202547084,50.6189548894077,125.15894528792596,340.3751574364917,26.547500451865563,457.23979343132305
2024-02-19 10:00:00,292.5115324818164,64.45353917722159,128.01953542982028,356.96507165903796,24.994271478732426,560.8288879517577
2024-02-19 11:00:00,275.7790900140349,91.09609711874951,137.96707854774957,366.87518713278445,24.61662103514946,801.9941786015634
2024-02-19 12:00:00,42.25685696311888,84.16717032266783,0.0,126.4240272857867,23.99545979357175,708.420976620494
2024-02-19 13:00:00,201.24714249983327,98.0055870567008,90.58298182552485,299.25272955653406,24.283616884420336,816.1840638861729
2024-02-19 14:00:00,127.39981773773542,74.97286162985455,51.545215113757266,202.37267936758997,23.331001992230753,589.999424593057
2024-02-19 15:00:00,289.42860847277666,70.14435056419046,129.68012977717316,359.5729590369671,23.4684494647958,524.984785943885
2024-02-19 16:00:00,263.167270273056,64.38567172341574,112.5261368032875,327.5529419964717,23.682698433241246,451.07621999238546
2024-02-19 17:00:00,353.4724635268724,27.795611597293373,143.68762616016141,381.26807512416576,24.093169416440805,165.63063100288767
2024-02-19 18:00:00,369.3389931835775,3.908430815427214e-15,142.4684540962431,369.3389931835775,25.651390406356448,7.054885359086809e-14
2024-02-19 19:00:00,386.9299296289068,0.0,148.19060559590844,386.9299296289068,26.1633758546089,0.0
2024-02-19 20:00:00,390.135091885336,0.0,148.95138963963652,390.135091885336,27.164202840544615,0.0
2024-02-19 21:00:00,273.2634826574456,0.0,87.39046696955916,273.2634826574456,28.679985146589484,0.0
2024-02-19 22:00:00,35.58343209220073,0.0,0.0,35.58343209220073,29.5528382735969,0.0
2024-02-19 23:00:00,28.824059048565893,0.0,0.0,28.824059048565893,28.788554490868478,0.0
2024-02-20 00:00:00,32.82391022897086,0.0,0.0,32.82391022897086,30.385094507290408,0.0
2024-02-20 01:00:00,35.49624024817911,0.0,0.0,35.49624024817911,30.52365211236442,0.0
2024-02-20 02:00:00,30.061405954689878,0.0,0.0,30.061405954689878,30.29929275792412,0.0
2024-02-20 03:00:00,34.35775920466919,0.0,0.0,34.35775920466919,30.574670493022797,0.0
2024-02-20 04:00:00,36.62809733854316,0.0,0.0,36.62809733854316,29.19798555313223,0.0
2024-02-20 05:00:00,35.02991739517334,0.0,0.0,35.02991739517334,30.236283163038202,0.0
2024-02-20 06:00:00,210.3094961458675,0.0,58.48802612982776,210.3094961458675,29.03756030603304,0.0
2024-02-20 07:00:00,368.6691962655964,16.03882253610032,143.23592829861585,384.7080188016967,27.503356042939583,209.1630277521943
2024-02-20 08:00:00,351.24378998597933,42.51170327534951,145.3152597662449,393.75549326132887,26.737383146587327,424.64352668398584
2024-02-20 09:00:00,254.85980631271002,62.384734298976234,110.13351688605796,317.24454061168626,25.272648361864544,572.6806886334797
2024-02-20 10:00:00,260.92256653144915,79.41986606143205,120.15282539128188,340.3424325928812,25.12310963257896,709.823781690607
2024-02-20 11:00:00,220.8791693949508,92.54578386361347,117.94688066750554,313.42495325856424,24.31384853472388,810.1664128061125
2024-02-20 12:00:00,306.1135229640484,93.5958596395677,152.14733564786283,399.7093826036161,23.336444150689672,790.4220131904954
2024-02-20 13:00:00,139.66976575532786,103.82075702547013,74.65802758512305,243.490522780798,24.03769898234024,862.3585553640337
2024-02-20 14:00:00,91.69151881333244,102.1670579075653,50.63654422075157,193.85857672089773,24.168486852344326,822.1983295797739
2024-02-20 15:00:00,29.266161329092924,75.72680916231548,0.0,104.9929704914084,23.63566762046311,569.1966389982426
2024-02-20 16:00:00,39.653266910231245,62.81663428847194,0.0,102.46990119870318,23.846175902828367,438.5667909638284
2024-02-20 17:00:00,361.69382903579543,36.84140748305736,140.1373545210995,398.5352365188528,24.77270682441007,212.76157810183355
2024-02-20 18:00:00,327.2657732432994,2.310889644412716e-15,106.2397322634243,327.2657732432994,25.270268776249566,1.0630369634358923e-13
2024-02-20 19:00:00,324.3397899096601,0.0,119.10388936152593,324.3397899096601,25.58313199152267,0.0
2024-02-20 20:00:00,371.58050429961224,0.0,137.6840185382752,371.58050429961224,26.703749264203456,0.0
2024-02-20 21:00:00,230.96878799044228,0.0,70.94274651458633,230.96878799044228,27.787736911981895,0.0
2024-02-20 22:00:00,36.77692453920346,0.0,0.0,36.77692453920346,28.904181554735437,0.0
2024-02-20 23:00:00,38.36220641736181,0.0,0.0,38.36220641736181,29.509630350588235,0.0
2024-02-21 00:00:00,36.82209380915842,0.0,0.0,36.82209380915842,28.906356777386485,0.0
2024-02-21 01:00:00,34.76521130886454,0.0,0.0,34.76521130886454,28.388409574517173,0.0
2024-02-21 02:00:00,39.466701457554265,0.0,0.0,39.466701457554265,29.60269204618986,0.0
2024-02-21 03:00:00,30.667396797507173,0.0,0.0,30.667396797507173,29.15253150816339,0.0
2024-02-21 04:00:00,30.10829631582673,0.0,0.0,30.10829631582673,30.077526614468006,0.0
2024-02-21 05:00:00,34.07672510544433,0.0,0.0,34.07672510544433,28.051139723212103,0.0
2024-02-21 06:00:00,236.26486291961294,0.0,61.01521075963997,236.26486291961294,27.68181242170208,0.0
2024-02-21 07:00:00,368.72327583400556,17.15817598461969,135.62477242155418,385.88145181862524,28.09055941311047,224.41280264786803
2024-02-21 08:00:00,358.22529146257096,33.117383785850016,150.28294678958204,391.34267524842096,25.867128988898983,312.06124725608737
2024-02-21 09:00:00,323.61840230602064,52.57531984849254,139.83187478651678,376.1937221545132,24.830401246650563,475.1918216169278
2024-02-21 10:00:00,289.43544388650486,69.02480494990691,134.83894810577837,358.4602488364118,23.52662222677207,598.2763511016177
2024-02-21 11:00:00,258.761410325224,85.80540030164413,121.54641090811663,344.5668106268681,24.059342623598972,738.4040901125071
2024-02-21 12:00:00,293.3183039181883,88.63831907576893,147.5434743520391,381.95662299395724,22.15944346781357,741.4699996397801
2024-02-21 13:00:00,172.0695752466564,102.22598274730709,84.57416273794286,274.2955579939635,22.60290324055972,845.7635333703529
2024-02-21 14:00:00,135.52323685567032,91.66889068536076,65.25709867380012,227.19212754103108,22.033305513493204,729.0158100570495
2024-02-21 15:00:00,295.81470111902826,75.99409214629891,146.18340496693614,371.80879326532715,22.294674650846645,570.5681523065675
2024-02-21 16:00:00,285.0862005402312,57.14535625064001,129.63505982014553,342.2315567908712,22.027028126596825,390.1661896195136
2024-02-21 17:00:00,343.2574999908536,35.716803168807765,138.90719123348939,378.97430315966136,23.966773050861427,206.8352239503589
2024-02-21 18:00:00,129.92643206366364,2.181607021526413e-15,0.0,129.92643206366364,23.881184521188256,8.61849858574731e-14
2024-02-21 19:00:00,405.8119180999879,0.0,150.69993699916574,405.8119180999879,24.256671686842054,0.0
2024-02-21 20:00:00,421.7530881811003,0.0,152.84524446485335,421.7530881811003,26.39642847266744,0.0
2024-02-21 21:00:00,261.511871109747,0.0,79.68800008409063,261.511871109747,26.423881425487565,0.0
2024-02-21 22:00:00,36.743858337786385,0.0,0.0,36.743858337786385,27.687386820012755,0.0
2024-02-21 23:00:00,32.932252366472774,0.0,0.0,32.932252366472774,28.665665099367494,0.0
2024-02-22 00:00:00,37.061391401522386,0.0,0.0,37.061391401522386,30.52751979584174,0.0
2024-02-22 01:00:00,34.51642720187355,0.0,0.0,34.51642720187355,29.541836334071263,0.0
2024-02-22 02:00:00,29.94859729729613,0.0,0.0,29.94859729729613,31.10709206779794,0.0
2024-02-22 03:00:00,37.40414015369862,0.0,0.0,37.40414015369862,30.58984722798822,0.0
2024-02-22 04:00:00,39.83110958475641,0.0,0.0,39.83110958475641,30.125988282152914,0.0
2024-02-22 05:00:00,34.60298518981059,0.0,0.0,34.60298518981059,29.67974997697435,0.0
2024-02-22 06:00:00,196.81395621526454,0.0,47.43618617623921,196.81395621526454,28.204397320338504,0.0
2024-02-22 07:00:00,315.6015425719471,15.233241207913986,109.97317864244448,330.8347837798611,28.261365832498768,197.9770837268091
2024-02-22 08:00:00,300.9525091429478,35.29315138210283,119.61608229379316,336.24566052505065,26.57721803045439,341.9757148369519
2024-02-22 09:00:00,292.66658919235556,58.30478425010799,127.01101798207495,350.9713734424636,26.210627204671905,537.3025461031452
2024-02-22 10:00:00,322.28017044622464,76.34643300716108,155.30852748812052,398.6266034533857,25.58754593307815,671.8117310816988
2024-02-22 11:00:00,326.41734114085136,86.23394274867397,155.51332409958113,412.65128388952536,25.321558527149936,752.7866890078005
2024-02-22 12:00:00,282.4917468070782,92.66902361142145,147.96216073109153,375.1607704184996,23.81851822413365,782.9130226930571
2024-02-22 13:00:00,174.9070728009173,98.42169977903544,90.96623087787701,273.3287725799527,24.6044670112203,820.6498075292985
2024-02-22 14:00:00,118.95568768129532,76.38959451722646,50.18007922758264,195.34528219852177,24.232840344066616,595.8848219769397
2024-02-22 15:00:00,246.30678066060702,73.98474400467663,114.54323707730357,320.29152466528365,23.66396845405204,554.3437047318442
2024-02-22 16:00:00,284.7654443852103,62.52801466479427,121.41186462412091,347.29345905000457,23.673950170862206,434.32090393718903
2024-02-22 17:00:00,274.8550627715204,27.7489017951959,107.5299493374837,302.6039645667163,24.06263189204092,165.32756957805003
2024-02-22 18:00:00,328.442705090239,2.084647231298911e-15,119.96160410157088,328.442705090239,25.645290643075615,9.60441864279244e-14
2024-02-22 19:00:00,344.0695113581911,0.0,128.16971581893188,344.0695113581911,25.984904984679815,0.0
2024-02-22 20:00:00,375.64667642093747,0.0,137.250499717021,375.64667642093747,27.859092119949903,0.0
2024-02-22 21:00:00,255.12995398276462,0.0,82.09720373297917,255.12995398276462,27.825518460253733,0.0
2024-02-22 22:00:00,30.904410995073434,0.0,0.0,30.904410995073434,28.55907822728306,0.0
2024-02-22 23:00:00,37.133349634799536,0.0,0.0,37.133349634799536,29.851100627084115,0.0
2024-02-23 00:00:00,38.749043370239164,0.0,0.0,38.749043370239164,28.590579385503943,0.0
2024-02-23 01:00:00,31.84676338235493,0.0,0.0,31.84676338235493,29.28752928953426,0.0
2024-02-23 02:00:00,35.4026670184716,0.0,0.0,35.4026670184716,29.89550856586738,0.0
2024-02-23 03:00:00,36.649165444206396,0.0,0.0,36.649165444206396,29.34186895868422,0.0
2024-02-23 04:00:00,36.92547120166296,0.0,0.0,36.92547120166296,28.994085044435018,0.0
2024-02-23 05:00:00,35.82050732948884,0.0,0.0,35.82050732948884,28.479960989445242,0.0
2024-02-23 06:00:00,209.7878176342165,0.0,50.275962211453034,209.7878176342165,26.805964405695423,0.0
2024-02-23 07:00:00,372.09288918419566,14.478029154284648,142.6807971686352,386.5709183384803,27.004299433662187,182.73975125945077
2024-02-23 08:00:00,322.08512925636774,38.5338787598091,125.949064260539,360.61900801617685,25.982479689201067,379.97843527025657
2024-02-23 09:00:00,292.4573851623505,72.28322471654911,135.13560345864772,364.7406098788996,25.443095906471008,671.7514421272201
2024-02-23 10:00:00,252.761389259167,85.62037577478618,120.01523973147289,338.3817650339532,24.45541930140668,765.2423120175547
2024-02-23 11:00:00,309.3844790727891,80.21519686794286,149.69700871259917,389.59967594073197,23.32666585088245,688.7099877528036
2024-02-23 12:00:00,268.5453501116441,97.3120499783959,135.28126744338408,365.85740009004,23.387621433347928,827.0439515158985
2024-02-23 13:00:00,178.96708218158406,85.2882895788575,86.49848262933588,264.25537176044156,22.37545816002002,690.2820739848305
2024-02-23 14:00:00,128.87560007110153,71.23419285584653,47.43255570955329,200.10979292694807,22.526092452876973,556.7022424993166
2024-02-23 15:00:00,302.6652658579881,80.52345871665538,137.35472631140365,383.1887245746435,22.366198793586705,604.7963137833885
2024-02-23 16:00:00,310.82554982808614,63.011466155646474,142.7265052832996,373.8370159837326,23.102303890054188,432.99768801406003
2024-02-23 17:00:00,269.1909648201654,38.48069574482975,107.40779128572267,307.67166056499514,23.239395275366324,221.89288955461748
2024-02-23 18:00:00,378.3248688335933,1.9888385948749857e-15,150.76930952164523,378.3248688335933,24.976289705308904,9.08833120001171e-14
2024-02-23 19:00:00,320.7579070023231,0.0,118.1327681144983,320.7579070023231,26.005328611592116,0.0
2024-02-23 20:00:00,360.4659962141353,0.0,137.8471529086672,360.4659962141353,26.339483027931124,0.0
2024-02-23 21:00:00,294.1798659442511,0.0,95.48039363644757,294.1798659442511,27.579028883403957,0.0
2024-02-23 22:00:00,31.990828942408726,0.0,0.0,31.990828942408726,26.882906660408597,0.0
2024-02-23 23:00:00,39.84597740566457,0.0,0.0,39.84597740566457,27.666698763353537,0.0
2024-02-24 00:00:00,26.728816030191627,0.0,0.0,26.728816030191627,28.850850382112764,0.0
2024-02-24 01:00:00,21.420698646563167,0.0,0.0,21.420698646563167,29.38189762682401,0.0
2024-02-24 02:00:00,11.61236877016162,0.0,0.0,11.61236877016162,29.381438043133002,0.0
2024-02-24 03:00:00,17.3814522186913,0.0,0.0,17.3814522186913,28.540214519378097,0.0
2024-02-24 04:00:00,13.468696317684874,0.0,0.0,13.468696317684874,29.587426518590195,0.0
2024-02-24 05:00:00,10.871990543132075,0.0,0.0,10.871990543132075,29.532514603014217,0.0
2024-02-24 06:00:00,21.08741603688172,0.0,0.0,21.08741603688172,28.371035591769147,0.0
2024-02-24 07:00:00,0.0,14.620212628380768,0.0,12.597928364646279,27.429170044434894,185.58498695523025
2024-02-24 08:00:00,0.0,34.00445754880313,0.0,17.21133804642188,26.093601554755637,323.467885730049
2024-02-24 09:00:00,0.0,57.03706567709608,0.0,10.058562823596974,24.65317640896044,515.6768548429028
2024-02-24 10:00:00,0.0,81.34819822784083,0.0,21.896631046870752,24.266805778500817,725.208254583536
2024-02-24 11:00:00,0.0,82.20561059901617,0.0,20.869772804336563,24.55846203645067,703.8048426034892
2024-02-24 12:00:00,0.0,86.27606711551276,0.0,14.282864680945597,22.773458782683768,717.0773932594531
2024-02-24 13:00:00,0.0,76.6169041214336,0.0,18.359435906894237,22.372322736259125,609.8875564163534
2024-02-24 14:00:00,0.0,98.35872781395645,0.0,13.662596621741825,23.03419358173479,782.0433696913321
2024-02-24 15:00:00,0.0,78.96197827415837,0.0,15.618873089001823,23.186644385543893,588.7222020582689
2024-02-24 16:00:00,0.0,59.978001117044435,0.0,12.622632224403358,22.525501936049896,414.1683902247579
2024-02-24 17:00:00,0.0,37.77269222565567,0.0,20.533728806484945,23.37492571141121,218.28068789401084
2024-02-24 18:00:00,11.637678356815451,2.1771440825622654e-15,0.0,11.637678356815453,23.979589004232118,9.964394051829664e-14
2024-02-24 19:00:00,15.135614994148025,0.0,0.0,15.135614994148025,25.109519783854555,0.0
2024-02-24 20:00:00,17.48398528535823,0.0,0.0,17.48398528535823,26.53238508765858,0.0
2024-02-24 21:00:00,22.157243003114154,0.0,0.0,22.157243003114154,26.48439464947761,0.0
2024-02-24 22:00:00,18.543772351206787,0.0,0.0,18.543772351206787,28.275374158301304,0.0
2024-02-24 23:00:00,17.014714391203015,0.0,0.0,17.014714391203015,28.506241110796402,0.0
2024-02-25 00:00:00,16.261152034441125,0.0,0.0,16.261152034441125,30.05545929345702,0.0
2024-02-25 01:00:00,22.629364312050065,0.0,0.0,22.629364312050065,29.40143014625152,0.0
2024-02-25 02:00:00,13.05368203874172,0.0,0.0,13.05368203874172,29.31281502723971,0.0
2024-02-25 03:00:00,14.937301301586622,0.0,0.0,14.937301301586622,29.529372067624077,0.0
2024-02-25 04:00:00,20.842265138111912,0.0,0.0,20.842265138111912,28.723790106356276,0.0
2024-02-25 05:00:00,18.486437791820162,0.0,0.0,18.486437791820162,27.438511484531347,0.0
2024-02-25 06:00:00,20.648102993419773,0.0,0.0,20.648102993419773,27.491013724918798,0.0
2024-02-25 07:00:00,0.6902092754997291,15.207173935250307,0.0,15.897383210750036,26.638994165378556,194.3286621101568
2024-02-25 08:00:00,0.0,37.39292789165264,0.0,15.741645505118138,25.065115581779438,364.3828020501613
2024-02-25 09:00:00,0.0,56.21562070411188,0.0,12.147953148978697,24.918890059298274,510.81877758184254
2024-02-25 10:00:00,0.0,71.05312267669763,0.0,19.03808052739471,23.077719199749644,621.1968709786988
2024-02-25 11:00:00,0.0,76.7852811411534,0.0,19.437783801187674,23.21255716032369,654.6627966414468
2024-02-25 12:00:00,0.0,83.35290810463744,0.0,11.82759660335103,22.951983394831146,687.4251440595326
2024-02-25 13:00:00,0.0,99.29708859886551,0.0,16.00308578678769,22.529032008611722,805.6157080607533
2024-02-25 14:00:00,0.0,79.05698752795797,0.0,18.220385656197465,22.155739575610937,617.7680506144086
2024-02-25 15:00:00,0.0,62.981590555061075,0.0,12.412696076341394,22.437768719068572,468.0094901213565
2024-02-25 16:00:00,0.0,49.90682661799893,0.0,14.697615463169011,22.438153180069893,341.17363368027765
2024-02-25 17:00:00,0.0,36.19439058637372,0.0,15.709962420332836,23.391808837612697,208.40473319481546
2024-02-25 18:00:00,18.77328460788196,2.0668164289030737e-15,0.0,18.773284607881962,24.14031751535023,9.465686860946026e-14
2024-02-25 19:00:00,19.001574194375834,0.0,0.0,19.001574194375834,24.505282665244767,0.0
2024-02-25 20:00:00,19.44128159362097,0.0,0.0,19.44128159362097,25.995123912308895,0.0
2024-02-25 21:00:00,13.512508341095655,0.0,0.0,13.512508341095655,26.897867297453395,0.0
2024-02-25 22:00:00,21.779170517970705,0.0,0.0,21.779170517970705,27.52816935526381,0.0
2024-02-25 23:00:00,16.559716977526186,0.0,0.0,16.559716977526186,29.546671564350667,0.0
2024-02-26 00:00:00,40.35886607071762,0.0,0.0,40.35886607071762,30.817907033270906,0.0
2024-02-26 01:00:00,32.40201154328482,0.0,0.0,32.40201154328482,31.098292582692753,0.0
2024-02-26 02:00:00,27.931723540999222,0.0,0.0,27.931723540999222,31.14597275876366,0.0
2024-02-26 03:00:00,36.213603153261516,0.0,0.0,36.213603153261516,30.752440093841063,0.0
2024-02-26 04:00:00,33.6629548895829,0.0,0.0,33.6629548895829,31.231206906534762,0.0
2024-02-26 05:00:00,37.80831509280085,0.0,0.0,37.80831509280085,29.988919563510713,0.0
2024-02-26 06:00:00,207.84039843356146,0.0,59.156476266612685,207.84039843356146,29.32319523986865,0.0
2024-02-26 07:00:00,328.48215750915284,14.063509793262435,114.8858380866925,342.54566730241527,28.49391519145705,159.6984914838216
2024-02-26 08:00:00,335.6479075562676,28.300582866934313,132.59652611516185,363.9484904232019,27.364697555443268,245.64749638379746
2024-02-26 09:00:00,363.19656862177317,44.847171976015545,151.65130171589166,408.0437405977887,26.07576098923634,387.25772756712456
2024-02-26 10:00:00,282.6849470149956,57.56685164079721,123.97353728633986,340.2517986557928,25.875699379787928,492.0563447487186
2024-02-26 11:00:00,284.417942489963,65.29306123390974,130.14162348149094,349.71100372387275,25.818963235570756,544.7006919859568
2024-02-26 12:00:00,39.74235391698785,67.55071846973836,0.0,107.29307238672621,24.92457030285461,555.3057945530544
2024-02-26 13:00:00,202.66743676588615,71.55989906686264,85.61731529835187,274.2273358327488,25.25671655644985,576.0994349541683
2024-02-26 14:00:00,143.53134529988853,60.776081410526615,45.700246287014004,204.30742671041514,24.732647465862115,480.81285532481616
2024-02-26 15:00:00,330.7997462851928,44.89530964055335,143.45248793702675,375.69505592574615,24.73841132649281,342.7541197560364
2024-02-26 16:00:00,311.2422425735232,46.74248115801353,126.59221108476638,357.98472373153675,25.767404911448345,327.5721882594426
2024-02-26 17:00:00,91.38098943682127,28.33697809241978,0.0,119.71796752924105,25.333722781713004,169.03279550448156
2024-02-26 18:00:00,366.51350721966145,2.6623378166326267e-15,131.9642376242733,366.51350721966145,26.138707150120002,8.08212431715723e-14
2024-02-26 19:00:00,392.41313912792464,0.0,143.09685235089435,392.41313912792464,26.945570444678633,0.0
2024-02-26 20:00:00,371.3102219604458,0.0,134.71595791885758,371.3102219604458,28.6290626789593,0.0
2024-02-26 21:00:00,285.65920300745984,0.0,92.66751898254587,285.65920300745984,28.764293629455892,0.0
2024-02-26 22:00:00,32.54852603166576,0.0,0.0,32.54852603166576,29.283030626328973,0.0
2024-02-26 23:00:00,25.798919655638205,0.0,0.0,25.798919655638205,30.625880816501866,0.0
2024-02-27 00:00:00,38.09473999457373,0.0,0.0,38.09473999457373,28.78627214205179,0.0
2024-02-27 01:00:00,33.3391979522807,0.0,0.0,33.3391979522807,29.810789282653467,0.0
2024-02-27 02:00:00,33.62195925740952,0.0,0.0,33.62195925740952,29.870233601405687,0.0
2024-02-27 03:00:00,41.89863649120592,0.0,0.0,41.89863649120592,29.449352192443257,0.0
2024-02-27 04:00:00,33.40061111422924,0.0,0.0,33.40061111422924,29.47730783362372,0.0
2024-02-27 05:00:00,35.4213401185271,0.0,0.0,35.4213401185271,27.894291903333507,0.0
2024-02-27 06:00:00,223.14543318221666,0.0,59.342916935957845,223.14543318221666,27.99479419499726,0.0
2024-02-27 07:00:00,335.5571403485301,17.932805574121005,124.26314358449791,353.4899459226511,26.837797099860225,227.5341302776531
2024-02-27 08:00:00,370.04462420745915,37.15658733951709,153.4315198431885,407.20121154697625,27.59444492297703,364.8470337020027
2024-02-27 09:00:00,313.38499669839814,64.8405214178841,139.311984444243,378.2255181162822,25.33535901129605,595.9883990657091
2024-02-27 10:00:00,291.20705965959684,78.32378000255362,137.29342517543333,369.53083966215047,24.115117109443048,690.3902211725915
2024-02-27 11:00:00,292.70155256397146,94.34830005646249,146.45082220304283,387.04985262043397,22.99928853215531,818.6178925321582
2024-02-27 12:00:00,242.24497852999673,96.94818561049287,120.94449369676194,339.1931641404896,23.784927319486364,822.8976196249105
2024-02-27 13:00:00,131.24810844797202,105.53362411846201,69.82654999675805,236.78173256643402,22.607556382561143,865.7480414328601
2024-02-27 14:00:00,103.71132173008475,89.1780428982451,54.134683920971206,192.88936462832984,22.267637100797057,702.430511603941
2024-02-27 15:00:00,259.6494228165147,76.08018068144088,126.81492519987626,335.72960349795557,22.95072234932756,560.4585590577719
2024-02-27 16:00:00,344.4699923745441,64.20205795576366,162.99520071623982,408.6720503303078,23.457083636792056,444.3337031781642
2024-02-27 17:00:00,298.0648923200977,38.00714949046005,124.68164200810003,336.0720418105578,24.005415866786617,219.86072710075214
2024-02-27 18:00:00,354.6856640013905,2.2995836485920564e-15,135.54333919660186,354.6856640013905,24.42318834586445,1.0544017192962272e-13
2024-02-27 19:00:00,366.33315249706715,0.0,137.59152038492596,366.33315249706715,25.337041544919305,0.0
2024-02-27 20:00:00,404.15724201380783,0.0,151.62220115477825,404.15724201380783,26.27933167217512,0.0
2024-02-27 21:00:00,230.36822491044876,0.0,72.94405572143926,230.36822491044876,27.237377925008026,0.0
2024-02-27 22:00:00,28.95328883892544,0.0,0.0,28.95328883892544,28.12575573228551,0.0
2024-02-27 23:00:00,37.820613254404854,0.0,0.0,37.820613254404854,29.185413244140456,0.0
2024-02-28 00:00:00,39.023039347435706,0.0,0.0,39.023039347435706,31.206228160935567,0.0
2024-02-28 01:00:00,28.858109825648228,0.0,0.0,28.858109825648228,31.119270575773662,0.0
2024-02-28 02:00:00,33.00517011434241,0.0,0.0,33.00517011434241,31.574785965125088,0.0
2024-02-28 03:00:00,29.260328109300467,0.0,0.0,29.260328109300467,31.90456261805634,0.0
2024-02-28 04:00:00,30.758062666175725,0.0,0.0,30.758062666175725,30.284756750730217,0.0
2024-02-28 05:00:00,37.926273517618256,0.0,0.0,37.926273517618256,29.731429453144038,0.0
2024-02-28 06:00:00,196.84381725404126,0.0,45.29484684556994,196.84381725404126,30.356069877373265,0.0
2024-02-28 07:00:00,89.39177397405942,16.048760802163734,0.0,105.44053477622315,29.81285988296159,204.367345612664
2024-02-28 08:00:00,71.16795133046307,40.75183854392734,0.0,111.9197898743904,27.514331799167365,401.92033115828866
2024-02-28 09:00:00,46.86496405164068,59.29287055730788,0.0,106.15783460894856,27.291294794234727,543.3706378492468
2024-02-28 10:00:00,336.0889755242156,71.13201073254425,146.56541269956307,407.22098625675983,26.197159260218594,629.2783439844397
2024-02-28 11:00:00,331.2826722294401,77.68129078097368,148.90511577283667,408.9639630104138,25.541643026403378,659.3752697115688
2024-02-28 12:00:00,263.6121391636302,98.53138942145077,129.8988431773421,362.14352858508096,25.268608407809776,842.3500999781772
2024-02-28 13:00:00,179.47924499071138,87.64102424299313,75.74362523340623,267.1202692337045,24.11975631015999,709.6788675275548
2024-02-28 14:00:00,88.07759456417256,103.10374564631965,43.2202120058842,191.1813402104922,24.0933230664309,822.7241335952168
2024-02-28 15:00:00,277.73336778034496,67.67072583001682,121.56883061660461,345.40409361036177,24.615565838204752,503.2553314755392
2024-02-28 16:00:00,309.54946270171246,50.42859128657411,135.83903973887294,359.97805398828655,25.043155104484487,349.3455196446196
2024-02-28 17:00:00,305.3555169312988,36.91951384547538,125.53115071005968,342.27503077677414,25.109080529682103,215.6021267633936
2024-02-28 18:00:00,329.18156118085744,2.4087477471524085e-15,119.59783836055564,329.18156118085744,26.791755654071697,1.115016334153713e-13
2024-02-28 19:00:00,365.545115168042,0.0,135.68069105397657,365.545115168042,27.032284672262765,0.0
2024-02-28 20:00:00,382.2962102068759,0.0,153.12971758538325,382.2962102068759,27.93602301364368,0.0
2024-02-28 21:00:00,252.25265462328397,0.0,80.54627170275798,252.25265462328397,29.194127869650877,0.0
2024-02-28 22:00:00,39.24807084329678,0.0,0.0,39.24807084329678,29.832477678643354,0.0
2024-02-28 23:00:00,38.35662339006771,0.0,0.0,38.35662339006771,31.040543957282924,0.0
2024-02-29 00:00:00,30.406620217960537,0.0,0.0,30.406620217960537,31.204559488569437,0.0
2024-02-29 01:00:00,36.83496470963224,0.0,0.0,36.83496470963224,31.32222893770423,0.0
2024-02-29 02:00:00,36.03090569472661,0.0,0.0,36.03090569472661,31.985288062324926,0.0
2024-02-29 03:00:00,31.322406978486672,0.0,0.0,31.322406978486672,32.05104032270347,0.0
2024-02-29 04:00:00,29.698421442537793,0.0,0.0,29.698421442537793,31.05089278542101,0.0
2024-02-29 05:00:00,38.06839273179256,0.0,0.0,38.06839273179256,30.421178797527016,0.0
2024-02-29 06:00:00,213.4404933553498,0.0,47.88277420936636,213.4404933553498,30.48133073539322,0.0
2024-02-29 07:00:00,399.6974553693284,15.240978473922539,152.17773363783584,414.93843384325095,29.167158218425573,192.62138838498308
2024-02-29 08:00:00,307.8483439201666,40.2792245199664,124.54941444038433,348.127568440133,27.91392598572077,394.46825252667776
2024-02-29 09:00:00,349.346441267669,60.217172026352955,154.97151825912493,409.56361329402193,28.21698583252244,550.2626935231754
2024-02-29 10:00:00,272.88610696869347,78.66561762144543,131.44769643775373,351.5517245901389,26.574284507760684,699.4970085381917
2024-02-29 11:00:00,276.74280651366945,81.0751277923436,136.39225645233765,357.81793430601306,26.740213912003995,696.2992248851242
2024-02-29 12:00:00,331.50392106162747,89.2983157339957,156.07205652058394,420.8022367956232,25.62332832653341,744.0712848243278
2024-02-29 13:00:00,135.20123892400227,90.26336943556187,70.05287093884408,225.46460835956412,25.406820883240144,733.9904617598006
2024-02-29 14:00:00,110.58232285868196,79.9977404905781,48.329431532435414,190.58006334926006,25.034431971175803,633.7346221307763
2024-02-29 15:00:00,279.5599158686644,65.89668626041323,130.59160251844682,345.4566021290776,23.931860329939642,488.4842368852297
2024-02-29 16:00:00,312.7253921617585,50.41219256267277,133.11043330483952,363.1375847244313,25.040699685451845,347.87108387621913
2024-02-29 17:00:00,412.61272871394635,28.523999566790962,170.6679420360872,441.1367282807373,26.10245338021195,170.52897441941008
2024-02-29 18:00:00,341.8847158260883,1.984982193732374e-15,123.0111721530622,341.8847158260883,27.072546412870583,9.222211041663118e-14
2024-02-29 19:00:00,315.6982933885197,0.0,117.39265882214804,315.6982933885197,26.839478175171347,0.0
2024-02-29 20:00:00,334.8496558333033,0.0,122.366228861678,334.8496558333033,28.613380990294,0.0
2024-02-29 21:00:00,267.0310758310065,0.0,82.88027767271349,267.0310758310065,28.984916458476036,0.0
2024-02-29 22:00:00,35.26073825784024,0.0,0.0,35.26073825784024,30.507491926769056,0.0
2024-02-29 23:00:00,33.98190634412168,0.0,0.0,33.98190634412168,31.105355185527234,0.0
2024-03-01 00:00:00,33.04966164770413,0.0,0.0,33.04966164770413,33.01637675023498,0.0
2024-03-01 01:00:00,25.312559132152746,0.0,0.0,25.312559132152746,33.52768889288016,0.0
2024-03-01 02:00:00,34.91246855774875,0.0,0.0,34.91246855774875,33.34303198541168,0.0
2024-03-01 03:00:00,36.8354448160974,0.0,0.0,36.8354448160974,33.42447422227169,0.0
2024-03-01 04:00:00,39.60817806781992,0.0,0.0,39.60817806781992,32.469454711058276,0.0
2024-03-01 05:00:00,41.36249924540295,0.0,0.0,41.36249924540295,33.49996947556115,0.0
2024-03-01 06:00:00,218.79343424056688,0.0,56.65699312307663,218.79343424056688,30.75412748752722,0.0
2024-03-01 07:00:00,346.88754501663027,14.704879038415047,125.45432426639566,361.59242405504534,30.255525804678825,182.35090158841703
2024-03-01 08:00:00,345.10018172525946,37.40189213263568,135.2839879369818,382.50207385789514,30.06421632714811,369.3778967838993
2024-03-01 09:00:00,358.5964566019903,63.0414166945315,161.2602315771648,421.63787329652183,29.084031030346335,581.569088881591
2024-03-01 10:00:00,297.36379659339343,72.37470703190426,135.47477450512076,369.7385036252977,28.107231545345837,638.389713718996
2024-03-01 11:00:00,296.70907968733997,73.05101076828129,139.33336531391106,369.76009045562125,27.476322630618302,622.5326368263719
2024-03-01 12:00:00,309.92508412777755,92.87286616437946,160.50134088391883,402.797950292157,25.540669545226105,776.9607643337869
2024-03-01 13:00:00,178.04341629681903,82.11720913150047,75.34599170972437,260.1606254283195,27.02744599103184,674.9569884826113
2024-03-01 14:00:00,98.29331836149994,95.71872485124923,49.877592919682826,194.01204321274918,26.011591556341354,761.3301497992072
2024-03-01 15:00:00,289.7930694781968,68.9419187081623,128.65929164530883,358.7349881863591,26.85574373489835,520.1060382387795
2024-03-01 16:00:00,319.30481008016193,39.394833633733214,127.87320801229107,358.69964371389517,25.565684833045147,282.88170709048126
2024-03-01 17:00:00,273.799106072592,33.74691701568515,110.41632298334352,307.54602308827714,27.266947553362343,197.42350529015096
2024-03-01 18:00:00,367.27389491811834,2.3296182961030446e-15,136.8629209304466,367.27389491811834,27.581785896202238,1.0818720185620077e-13
2024-03-01 19:00:00,367.33245371875097,0.0,137.928707580392,367.33245371875097,28.99373045370649,0.0
2024-03-01 20:00:00,351.28602234330106,0.0,132.49090957726852,351.28602234330106,29.772072262009086,0.0
2024-03-01 21:00:00,257.8281271642978,0.0,83.00451382695542,257.8281271642978,30.702427592383074,0.0
2024-03-01 22:00:00,35.27696417164197,0.0,0.0,35.27696417164197,30.834066191658916,0.0
2024-03-01 23:00:00,35.135177779978314,0.0,0.0,35.135177779978314,32.059926209518274,0.0
2024-03-02 00:00:00,36.56776307804262,0.0,0.0,36.56776307804262,29.935811011644542,0.0
2024-03-02 01:00:00,35.64315871966658,0.0,0.0,35.64315871966658,30.623201035229133,0.0
2024-03-02 02:00:00,34.54360530613748,0.0,0.0,34.54360530613748,30.989454120080413,0.0
2024-03-02 03:00:00,33.52563331482426,0.0,0.0,33.52563331482426,30.450783975379725,0.0
2024-03-02 04:00:00,31.764515821766537,0.0,0.0,31.764515821766537,29.38780839141491,0.0
2024-03-02 05:00:00,33.723384360631,0.0,0.0,33.723384360631,29.523468761299977,0.0
2024-03-02 06:00:00,59.01284576710232,0.0,0.0,59.01284576710232,30.05034373656831,0.0
2024-03-02 07:00:00,49.464066723093964,11.205914457384639,0.0,60.6699811804786,28.723674943716393,93.9669146440715
2024-03-02 08:00:00,30.204589290686318,26.413388205950408,0.0,56.617977496636726,25.50760584098483,221.0038547388335
2024-03-02 09:00:00,28.797145336269125,35.494153291009255,0.0,64.29129862727838,26.120610541352278,289.1978019698133
2024-03-02 10:00:00,5.594142028334673,54.84128981125005,0.0,60.43543183958472,25.71086538499135,460.54162641428167
2024-03-02 11:00:00,0.0,64.50481248082664,0.0,60.4923261253234,24.428768381926773,536.3152034001382
2024-03-02 12:00:00,0.0,66.79161198197892,0.0,56.89436735577434,23.733671249046203,545.9776109961929
2024-03-02 13:00:00,9.462933787040996,49.73777241572039,0.0,59.20070620276139,23.480583122810195,394.38329434028157
2024-03-02 14:00:00,32.35840182243598,28.490759391462507,0.0,60.84916121389849,23.770900365081005,222.99096658018166
2024-03-02 15:00:00,32.692715340054235,30.296495336054626,0.0,62.98921067610886,23.039830243164435,234.33745158252947
2024-03-02 16:00:00,15.190784477989034,40.28574513436246,0.0,55.47652961235149,24.55806103492283,286.8679783960468
2024-03-02 17:00:00,39.7394051748483,16.122159664733683,0.0,55.86156483958199,24.49193539236173,112.63725413096579
2024-03-02 18:00:00,55.72092944383535,5.163684671619766e-15,0.0,55.72092944383536,24.777293485307904,5.00436282430388e-14
2024-03-02 19:00:00,61.843990148646604,0.0,0.0,61.843990148646604,26.651114045204203,0.0
2024-03-02 20:00:00,67.43017064576316,0.0,0.0,67.43017064576316,26.222240169807858,0.0
2024-03-02 21:00:00,64.1394091199833,0.0,0.0,64.1394091199833,27.62306723172171,0.0
2024-03-02 22:00:00,31.291018390845764,0.0,0.0,31.291018390845764,28.458968089721097,0.0
2024-03-02 23:00:00,33.19677698243128,0.0,0.0,33.19677698243128,30.54165032563466,0.0
2024-03-03 00:00:00,16.00365079485421,0.0,0.0,16.00365079485421,34.44198998085134,0.0
2024-03-03 01:00:00,21.545283954456227,0.0,0.0,21.545283954456227,34.05666923368722,0.0
2024-03-03 02:00:00,13.196971496070727,0.0,0.0,13.196971496070727,34.96250389428596,0.0
2024-03-03 03:00:00,12.440848190820137,0.0,0.0,12.440848190820137,35.36192701763966,0.0
2024-03-03 04:00:00,17.950740664996353,0.0,0.0,17.950740664996353,35.17654263846286,0.0
2024-03-03 05:00:00,21.660391482997788,0.0,0.0,21.660391482997788,35.36655503279983,0.0
2024-03-03 06:00:00,14.946524777093202,0.0,0.0,14.946524777093202,34.20686023741847,0.0
2024-03-03 07:00:00,2.4911021734065084,12.619664491578245,0.0,15.110766664984753,32.753239406741926,115.22489118480355
2024-03-03 08:00:00,0.0,17.098379684663723,0.0,10.190797658525025,31.307703718138136,138.17939169127484
2024-03-03 09:00:00,0.0,26.553782457808637,0.0,9.482028774892472,31.659558509740382,216.26233915982758
2024-03-03 10:00:00,0.0,41.18316255537877,0.0,12.0347510725877,29.81912967676241,337.9275117802884
2024-03-03 11:00:00,0.0,58.348094090104716,0.0,16.10604471473198,28.949459099665308,490.646837284627
2024-03-03 12:00:00,0.0,57.68321288204105,0.0,15.100252281357847,28.513785637602954,476.2307852271425
2024-03-03 13:00:00,0.0,57.34150631900217,0.0,20.105260119092428,27.746526940465383,465.1839742085695
2024-03-03 14:00:00,0.0,66.88323294928446,0.0,17.328404531906813,28.020901406340037,533.3449690859993
2024-03-03 15:00:00,0.0,33.33442439003303,0.0,23.74287437288769,28.25611689492458,262.4293935557826
2024-03-03 16:00:00,0.0,30.903776043954803,0.0,22.1137597859469,29.087650841586047,232.74854167165844
2024-03-03 17:00:00,0.0,18.599151052836035,0.0,14.795267816031004,29.084493550222103,127.00745353305085
2024-03-03 18:00:00,12.981442918798402,5.0714504511462645e-15,0.0,12.981442918798408,29.369681831006268,5.0409555882704986e-14
2024-03-03 19:00:00,12.056724989909156,0.0,0.0,12.056724989909156,30.045658716438354,0.0
2024-03-03 20:00:00,21.17472850195863,0.0,0.0,21.17472850195863,31.858196325687086,0.0
2024-03-03 21:00:00,13.761072607004518,0.0,0.0,13.761072607004518,32.69559103651896,0.0
2024-03-03 22:00:00,9.606608145916312,0.0,0.0,9.606608145916312,33.226255096318944,0.0
2024-03-03 23:00:00,15.947633309721606,0.0,0.0,15.947633309721606,33.99455695583241,0.0
2024-03-04 00:00:00,31.43137055366652,0.0,0.0,31.43137055366652,33.314966102812946,0.0
2024-03-04 01:00:00,35.348687500677535,0.0,0.0,35.348687500677535,34.16564724202424,0.0
2024-03-04 02:00:00,32.438243274849405,0.0,0.0,32.438243274849405,33.19956143109584,0.0
2024-03-04 03:00:00,37.075779515414396,0.0,0.0,37.075779515414396,33.514825533287286,0.0
2024-03-04 04:00:00,40.29816578131012,0.0,0.0,40.29816578131012,33.59985783841602,0.0
2024-03-04 05:00:00,37.423519188566814,0.0,0.0,37.423519188566814,32.176450312222116,0.0
2024-03-04 06:00:00,226.1234073651403,0.0,55.393787736269736,226.1234073651403,31.83181766588618,0.0
2024-03-04 07:00:00,319.70420530464725,13.302122500995662,117.23194841271804,333.0063278056429,30.976502579482823,125.91239729574754
2024-03-04 08:00:00,346.74907442627136,30.165215752454543,138.89663928607584,376.91429017872593,29.433986105646074,268.294208331966
2024-03-04 09:00:00,333.8936672572071,41.291136070927614,142.53991306287844,375.1848033281347,29.268016462691822,353.3584260148018
2024-03-04 10:00:00,257.3747533199521,70.27321091063672,113.43913022654218,327.64796423058885,28.35540606247005,624.2884952420873
2024-03-04 11:00:00,333.6946469738353,62.08001826278456,154.75206630197872,395.77466523661985,27.892302113812946,520.8969973040327
2024-03-04 12:00:00,250.78970600210494,79.91909239748828,118.31674991078444,330.7087983995932,26.46510157259194,663.5294357982217
2024-03-04 13:00:00,175.3085784597967,63.399494163728335,71.78027124347986,238.70807262352506,26.713878523786708,513.123459401409
2024-03-04 14:00:00,150.7615421137823,62.151123817260135,55.09055868404667,212.91266593104243,27.280500754995735,489.99514092207426
2024-03-04 15:00:00,330.8209974869873,40.39550860471511,142.21843367557457,371.21650609170246,27.747643247112237,315.13495180770127
2024-03-04 16:00:00,356.88447099046317,34.70075348847049,145.49856261204238,391.58522447893364,27.6986094444081,256.05713764366277
2024-03-04 17:00:00,339.7702593416601,22.769519970507265,142.5733965253145,362.53977931216735,27.026224236189798,145.4802252800133
2024-03-04 18:00:00,343.4367149431105,2.5475736700395115e-15,127.98400930618058,343.4367149431105,28.565160064189644,8.163839485847724e-14
2024-03-04 19:00:00,372.8070042106856,0.0,136.46557746206122,372.8070042106856,28.942193777828454,0.0
2024-03-04 20:00:00,344.1041603867796,0.0,130.72494995982345,344.1041603867796,30.231584019732793,0.0
2024-03-04 21:00:00,258.0974619759614,0.0,82.41149819908968,258.0974619759614,30.609392028138192,0.0
2024-03-04 22:00:00,42.15732415812957,0.0,0.0,42.15732415812957,30.982897002241682,0.0
2024-03-04 23:00:00,31.59657166806741,0.0,0.0,31.59657166806741,32.392248837970826,0.0
2024-03-05 00:00:00,36.68817297725435,0.0,0.0,36.68817297725435,32.85296656579215,0.0
2024-03-05 01:00:00,33.49052533145906,0.0,0.0,33.49052533145906,32.985316573990254,0.0
2024-03-05 02:00:00,39.40124639990334,0.0,0.0,39.40124639990334,33.16205023419879,0.0
2024-03-05 03:00:00,30.14952399333616,0.0,0.0,30.14952399333616,32.94949185774304,0.0
2024-03-05 04:00:00,34.360811152463725,0.0,0.0,34.360811152463725,32.69392895491,0.0
2024-03-05 05:00:00,38.73121263574994,0.0,0.0,38.73121263574994,32.20020591793787,0.0
2024-03-05 06:00:00,215.28425997718878,0.0,54.36966596187251,215.28425997718878,31.073235589764302,0.0
2024-03-05 07:00:00,346.1309739281751,15.158877209886228,128.18373377072263,361.2898511380613,30.40788824281024,186.30161476353783
2024-03-05 08:00:00,324.0167140035598,35.41324916706912,130.31255813180007,359.4299631706289,30.332205491676454,338.5765229121988
2024-03-05 09:00:00,249.19425170353387,60.342628140446635,109.99524160841148,309.5368798439805,28.625725160883356,547.5227703803572
2024-03-05 10:00:00,321.8942860821695,52.191782406039984,146.20675526541783,374.0860684882095,27.731858052468567,439.2941092581443
2024-03-05 11:00:00,300.54717170554494,69.65179835320139,139.0170263443459,370.19897005874634,27.037144823701894,584.1157006858084
2024-03-05 12:00:00,240.3945421300185,71.70552951672781,103.85981798333455,312.1000716467463,26.320533131837962,589.7368145757916
2024-03-05 13:00:00,209.3892990848578,56.877485492311195,87.42459817674778,266.266784577169,25.86215793036947,458.7071211860439
2024-03-05 14:00:00,125.88631400018912,77.21798589288068,53.713649833795024,203.1042998930698,26.064915566424325,610.9578058298233
2024-03-05 15:00:00,279.28733912228597,56.43207680239098,122.35290142912132,335.719415924677,25.826978311250297,427.33171113158636
2024-03-05 16:00:00,298.43717256410554,48.78476425310678,121.15676007856838,347.22193681721234,26.356729926257465,340.5502056672125
2024-03-05 17:00:00,304.08527766573656,35.41591572460283,125.70900072190672,339.5011933903394,26.59044521682555,208.15032709453067
2024-03-05 18:00:00,346.49393128102395,3.554547390234841e-15,122.42440799129426,346.49393128102395,27.764582206508766,7.323901220754996e-14
2024-03-05 19:00:00,342.1029707935609,0.0,124.23796199409686,342.1029707935609,28.8468071184708,0.0
2024-03-05 20:00:00,402.76322066231523,0.0,157.95856192081214,402.76322066231523,29.354618874286153,0.0
2024-03-05 21:00:00,264.7889846925581,0.0,84.00612055449982,264.7889846925581,29.362253743655774,0.0
2024-03-05 22:00:00,27.083127996774707,0.0,0.0,27.083127996774707,31.505762076269345,0.0
2024-03-05 23:00:00,31.60351769791997,0.0,0.0,31.60351769791997,31.995541959774403,0.0
2024-03-06 00:00:00,35.5652001885359,0.0,0.0,35.5652001885359,32.328011460855244,0.0
2024-03-06 01:00:00,38.00866569045531,0.0,0.0,38.00866569045531,33.560913785789815,0.0
2024-03-06 02:00:00,34.886730918546895,0.0,0.0,34.886730918546895,32.59432567225851,0.0
2024-03-06 03:00:00,36.421696367717416,0.0,0.0,36.421696367717416,33.69698247229041,0.0
2024-03-06 04:00:00,33.65137610530711,0.0,0.0,33.65137610530711,32.795943876038365,0.0
2024-03-06 05:00:00,29.08108061155767,0.0,0.0,29.08108061155767,31.13397946908069,0.0
2024-03-06 06:00:00,239.08829276007424,0.0,64.99445571651675,239.08829276007424,31.632703066248055,0.0
2024-03-06 07:00:00,373.13987069888213,14.63110400214766,138.04747131087274,387.7709747010298,30.496308746429794,169.8312563986977
2024-03-06 08:00:00,343.5426196568758,35.034689422834425,142.82008722113173,378.57730907971023,29.51511362670487,335.0673538746381
2024-03-06 09:00:00,292.83572445882106,56.80501901376202,123.11047989358585,349.6407434725831,28.518808734029506,512.6838514976439
2024-03-06 10:00:00,297.7654177902726,57.618019314752,132.731616836983,355.3834371050246,27.979930377186502,490.0843844771952
2024-03-06 11:00:00,284.17673629295575,70.11960111202043,133.8973176896334,354.2963374049762,27.07607019787995,584.5943309906564
2024-03-06 12:00:00,285.22537313772017,83.03985807253774,143.3712480123566,368.2652312102579,25.834104237776707,689.8733579859669
2024-03-06 13:00:00,175.64072737358077,78.7928929494298,80.59918299590728,254.4336203230106,27.048831823943303,638.9998195811404
2024-03-06 14:00:00,140.82510153572906,78.47697112622645,55.8971684553534,219.3020726619555,26.171359444635534,617.1210585013994
2024-03-06 15:00:00,321.40147732997,53.788055757016195,139.25962634029733,375.1895330869862,26.046830372665568,407.07158645190793
2024-03-06 16:00:00,314.3666078127461,49.78379552416562,130.91142142097695,364.1504033369117,26.198237518098235,348.13525000648485
2024-03-06 17:00:00,305.95931899017774,32.874714611231894,129.52317063027036,338.83403360140966,27.704030572189982,194.65497640187428
2024-03-06 18:00:00,347.06318400222165,2.1308246470430454e-15,125.96859268161832,347.06318400222165,27.394322288068174,8.647560848608028e-14
2024-03-06 19:00:00,380.99726312982943,0.0,149.61109980188766,380.99726312982943,28.954665265686597,0.0
2024-03-06 20:00:00,345.00944213849175,0.0,130.91717324720145,345.00944213849175,29.501713771679647,0.0
2024-03-06 21:00:00,261.89731279076625,0.0,83.66406978613145,261.89731279076625,30.436695100194093,0.0
2024-03-06 22:00:00,38.344954411120355,0.0,0.0,38.344954411120355,30.991758507128488,0.0
2024-03-06 23:00:00,34.281949628286505,0.0,0.0,34.281949628286505,31.958252290508522,0.0
2024-03-07 00:00:00,35.357188996931086,0.0,0.0,35.357188996931086,33.03771852335973,0.0
2024-03-07 01:00:00,27.718695829713983,0.0,0.0,27.718695829713983,33.500619919547,0.0
2024-03-07 02:00:00,34.298196762677904,0.0,0.0,34.298196762677904,33.109427173719276,0.0
2024-03-07 03:00:00,36.414859374769875,0.0,0.0,36.414859374769875,33.337496605153795,0.0
2024-03-07 04:00:00,30.61313123992494,0.0,0.0,30.61313123992494,33.47753954309151,0.0
2024-03-07 05:00:00,41.95724974759334,0.0,0.0,41.95724974759334,31.64578287003914,0.0
2024-03-07 06:00:00,214.51565225251818,0.0,53.15460227286118,214.51565225251818,31.749088927564834,0.0
2024-03-07 07:00:00,383.82645926611104,15.183340209097658,149.34533480384385,399.0097994752087,30.4326980995185,183.49824294413318
2024-03-07 08:00:00,286.61483140402413,38.71716606525149,108.1608165896987,325.3319974692756,29.4758813283025,374.8052829675027
2024-03-07 09:00:00,317.4336472798909,55.57492923493837,139.09009291555623,373.00857651482926,29.22686251300099,507.07002688606457
2024-03-07 10:00:00,275.0840714445716,58.04622276645533,118.05870825394402,333.1302942110269,27.979597680026984,493.9963723999487
2024-03-07 11:00:00,316.972238185183,66.66391292821555,140.27447024281815,383.63615111339857,26.9189481170903,553.2353964486982
2024-03-07 12:00:00,276.52996846747124,76.1402336336711,133.0216215567182,352.67020210114237,27.63327609715022,635.6614138319164
2024-03-07 13:00:00,154.07758725299266,71.93589815919115,69.02527502135655,226.01348541218383,27.08152777951494,586.4432413118759
2024-03-07 14:00:00,126.93229052388149,61.466956569737064,55.82325484881018,188.39924709361856,25.536070436181177,480.56374475472614
2024-03-07 15:00:00,301.47623885922286,56.82966271827059,138.02645456538835,358.30590157749344,25.88426895834799,429.8158961689786
2024-03-07 16:00:00,309.6706245392181,42.43410046446688,131.87851437487382,352.104725003685,27.267863036774568,302.678531543908
2024-03-07 17:00:00,329.8273416305759,24.22168257999635,133.58836470377724,354.04902421057227,27.384912763689112,152.7963125515234
2024-03-07 18:00:00,366.04833003792015,3.247100014542236e-15,137.18039961372483,366.04833003792015,29.00251073653824,7.561214819551072e-14
2024-03-07 19:00:00,389.91463839079194,0.0,150.9059727430732,389.91463839079194,29.404524955772445,0.0
2024-03-07 20:00:00,345.2361058545137,0.0,130.75658727480806,345.2361058545137,30.15195617628776,0.0
2024-03-07 21:00:00,257.92246581006725,0.0,89.2055588468119,257.92246581006725,30.397158726306866,0.0
2024-03-07 22:00:00,33.503275275430184,0.0,0.0,33.503275275430184,31.997943561793,0.0
2024-03-07 23:00:00,33.467050941770715,0.0,0.0,33.467050941770715,31.839215171138445,0.0
2024-03-08 00:00:00,32.34891771373801,0.0,0.0,32.34891771373801,35.74034288878306,0.0
2024-03-08 01:00:00,33.89302798719096,0.0,0.0,33.89302798719096,35.64844139535335,0.0
2024-03-08 02:00:00,40.279280607386646,0.0,0.0,40.279280607386646,35.144216420453695,0.0
2024-03-08 03:00:00,32.70736722227976,0.0,0.0,32.70736722227976,35.83971081491038,0.0
2024-03-08 04:00:00,33.505685513128505,0.0,0.0,33.505685513128505,36.20848306664619,0.0
2024-03-08 05:00:00,28.66904685700517,0.0,0.0,28.66904685700517,34.42269689308068,0.0
2024-03-08 06:00:00,210.60508526298455,0.0,53.79776853884002,210.60508526298455,34.08183830367814,0.0
2024-03-08 07:00:00,388.0349156347633,13.886127641344856,152.49241743099384,401.92104327610815,32.74658370684581,140.48861938826218
2024-03-08 08:00:00,317.6817795724422,37.17149386273888,131.82558747578375,354.8532734351811,32.099307817641666,360.3914394709196
2024-03-08 09:00:00,289.5558362973346,58.734355081940734,126.00462307758369,348.29019137927537,30.39714777095794,536.3752564010662
2024-03-08 10:00:00,275.13637440898117,59.868325736543255,120.18136718818172,335.0047001455244,30.306366952079554,517.0729076246884
2024-03-08 11:00:00,296.9828966579711,74.12961910685218,134.54349091808737,371.11251576482323,29.603546639594878,638.9896822322414
2024-03-08 12:00:00,283.1453781273636,64.03949355349032,124.29216350150168,347.1848716808539,29.925041684009326,531.0828475900518
2024-03-08 13:00:00,223.82841683085138,67.32756170086982,92.376355562529,291.1559785317212,27.778389760469075,547.2360818175258
2024-03-08 14:00:00,117.65408889528656,80.4195706515933,49.29545227449612,198.07365954687987,28.4161899792786,642.4696228537576
2024-03-08 15:00:00,283.62742285734225,58.01017717252868,125.68468451217942,341.63760002987095,29.319949925736267,443.1877431541144
2024-03-08 16:00:00,337.79944103046165,39.972796145931945,142.84462197182017,377.7722371763936,28.90465704768757,288.97037270367315
2024-03-08 17:00:00,365.1470230033876,29.002388674403218,151.0081913521183,394.1494116777908,29.496087208187074,175.90604286163978
2024-03-08 18:00:00,377.6973392558439,3.159406983565237e-15,144.86911253764788,377.6973392558439,29.8900021963914,7.62350502923809e-14
2024-03-08 19:00:00,384.4801547587183,0.0,149.29224313203522,384.4801547587183,30.684462360842286,0.0
2024-03-08 20:00:00,362.5759465285913,0.0,133.91708265084836,362.5759465285913,31.143704825915915,0.0
2024-03-08 21:00:00,260.06500908123985,0.0,80.46438637844427,260.06500908123985,32.64789074286924,0.0
2024-03-08 22:00:00,34.198028922568255,0.0,0.0,34.198028922568255,33.31195418127643,0.0
2024-03-08 23:00:00,37.07456247201772,0.0,0.0,37.07456247201772,34.59052485981394,0.0
2024-03-09 00:00:00,41.52257592768628,0.0,0.0,41.52257592768628,33.32914829921469,0.0
2024-03-09 01:00:00,35.8532575314439,0.0,0.0,35.8532575314439,33.832838386668506,0.0
2024-03-09 02:00:00,36.095638395807036,0.0,0.0,36.095638395807036,33.96579079065219,0.0
2024-03-09 03:00:00,31.967642505850993,0.0,0.0,31.967642505850993,34.04855128804757,0.0
2024-03-09 04:00:00,36.10617038140572,0.0,0.0,36.10617038140572,33.45872127222413,0.0
2024-03-09 05:00:00,45.779248309896,0.0,0.0,45.779248309896,32.63587417636537,0.0
2024-03-09 06:00:00,62.861796680425385,0.0,0.0,62.861796680425385,32.484776709154936,0.0
2024-03-09 07:00:00,44.82926687290019,15.704129066226312,0.0,60.53339593912651,32.131501753172145,191.31984648481358
2024-03-09 08:00:00,29.54190263413698,32.17156402296319,0.0,61.71346665710017,30.7561265850764,294.1728947334853
2024-03-09 09:00:00,4.687605527886774,61.141800705286784,0.0,65.82940623317356,29.481116610202882,559.4950332832676
2024-03-09 10:00:00,0.44299583707322654,68.30116844493558,0.0,68.74416428200881,28.8803202846342,591.6504637097503
2024-03-09 11:00:00,0.0,65.40096282806626,0.0,55.22250209160698,27.191703367849833,541.9051340753756
2024-03-09 12:00:00,0.0,72.91058826697974,0.0,62.13787862548588,27.591103199166046,598.5486091399631
2024-03-09 13:00:00,0.0,82.61964959935385,0.0,49.2855040212408,27.11097591062404,673.8380717943963
2024-03-09 14:00:00,0.0,78.66441213889493,0.0,60.548171581617275,26.72516330817776,622.0138342813145
2024-03-09 15:00:00,1.0497576688680255,59.62498098533014,0.0,60.674738654198165,26.935103919003293,447.50267247626175
2024-03-09 16:00:00,13.094910890659534,45.275927948674926,0.0,58.37083883933446,27.455687323165655,320.8163814692085
2024-03-09 17:00:00,18.95877459771663,29.91277579697662,0.0,48.87155039469325,28.713248891031345,180.10533136368701
2024-03-09 18:00:00,61.64519037075514,2.7877240361501524e-15,0.0,61.64519037075514,29.487923695571062,7.938839178315982e-14
2024-03-09 19:00:00,59.300070354076624,0.0,0.0,59.300070354076624,29.32196424854329,0.0
2024-03-09 20:00:00,57.2742539225768,0.0,0.0,57.2742539225768,30.43285480055932,0.0
2024-03-09 21:00:00,57.9792721834897,0.0,0.0,57.9792721834897,31.35146516639555,0.0
2024-03-09 22:00:00,32.6970543766154,0.0,0.0,32.6970543766154,32.84666624495608,0.0
2024-03-09 23:00:00,36.82894376060176,0.0,0.0,36.82894376060176,33.23952049764974,0.0
2024-03-10 00:00:00,12.20249818651239,0.0,0.0,12.20249818651239,35.11780220069581,0.0
2024-03-10 01:00:00,22.700539343794638,0.0,0.0,22.700539343794638,35.68919005485209,0.0
2024-03-10 02:00:00,17.609481598213137,0.0,0.0,17.609481598213137,35.2421116519243,0.0
2024-03-10 03:00:00,10.561698577297022,0.0,0.0,10.561698577297022,36.103002035318525,0.0
2024-03-10 04:00:00,19.29551299652877,0.0,0.0,19.29551299652877,35.07053494066519,0.0
2024-03-10 05:00:00,21.20236318124064,0.0,0.0,21.20236318124064,34.08723586718672,0.0
2024-03-10 06:00:00,20.558980858779567,0.0,0.0,20.558980858779567,33.67549823423084,0.0
2024-03-10 07:00:00,4.162902042286367,15.978201706633195,0.0,20.141103748919562,33.56214917609252,194.62143321050783
2024-03-10 08:00:00,0.0,38.065083801624915,0.0,13.55870584537034,31.827747288137875,370.3543805828894
2024-03-10 09:00:00,0.0,60.40140865339436,0.0,23.566758210357538,31.609230597793356,550.7452052581455
2024-03-10 10:00:00,0.0,74.83450205228384,0.0,15.053600640016011,29.977645459744004,665.2064526542065
2024-03-10 11:00:00,0.0,82.65995350093944,0.0,17.781709099456663,29.182612773588193,719.6637270171038
2024-03-10 12:00:00,0.0,90.74334410113988,0.0,19.73800795223563,29.339028148181374,768.9126164568326
2024-03-10 13:00:00,0.0,86.50105198663061,0.0,23.380096153150813,28.222591683795155,698.7177414489706
2024-03-10 14:00:00,0.0,82.03326824544409,0.0,23.80080887956472,28.95158848121061,656.4381592531013
2024-03-10 15:00:00,0.0,62.07003648082011,0.0,18.55463560245197,28.8353909636297,474.7675974302682
2024-03-10 16:00:00,0.0,53.28873866129241,0.0,17.912489492769385,28.57243247565043,377.35370010695607
2024-03-10 17:00:00,0.0,33.51888731395512,0.0,21.17291939196493,29.529723249979682,201.20838287701605
2024-03-10 18:00:00,20.07213820384023,2.4186489765674297e-15,0.0,20.072138203840233,30.015931210849995,8.275109398842296e-14
2024-03-10 19:00:00,13.24104534343025,0.0,0.0,13.24104534343025,31.30893997660547,0.0
2024-03-10 20:00:00,18.146705508072017,0.0,0.0,18.146705508072017,32.98421747860747,0.0
2024-03-10 21:00:00,26.323902691742923,0.0,0.0,26.323902691742923,32.76083271254487,0.0
2024-03-10 22:00:00,23.894517447184576,0.0,0.0,23.894517447184576,34.05720649305901,0.0
2024-03-10 23:00:00,25.559806082865776,0.0,0.0,25.559806082865776,34.52741241111643,0.0
2024-03-11 00:00:00,32.41537409994554,0.0,0.0,32.41537409994554,34.136181907911315,0.0
2024-03-11 01:00:00,31.7085221198628,0.0,0.0,31.7085221198628,34.39120197478017,0.0
2024-03-11 02:00:00,34.28615357506254,0.0,0.0,34.28615357506254,34.16435541995842,0.0
2024-03-11 03:00:00,38.81234520894017,0.0,0.0,38.81234520894017,34.641374509787155,0.0
2024-03-11 04:00:00,30.962413070328285,0.0,0.0,30.962413070328285,33.979782181420035,0.0
2024-03-11 05:00:00,37.671321743263704,0.0,0.0,37.671321743263704,33.11553783541775,0.0
2024-03-11 06:00:00,246.4096046483774,0.0,64.86349248319642,246.4096046483774,33.35015077425834,0.0
2024-03-11 07:00:00,409.2423557951593,14.310880104896894,157.81862763730402,423.5532359000562,32.04843561234419,148.07036098407892
2024-03-11 08:00:00,354.49997496170096,33.86739790878198,144.64173187943044,388.36737287048294,30.979014664462575,315.3139035769536
2024-03-11 09:00:00,348.0246070291979,52.13890096287832,149.93918825859433,400.16350799207623,30.85722579264852,470.8184229200728
2024-03-11 10:00:00,328.69459379495026,60.09579253164618,146.59019083363046,388.79038632659643,28.425023375367697,514.1362621607288
2024-03-11 11:00:00,247.35930069932925,83.02019172041172,118.71934484223699,330.379492419741,29.254600810845826,712.2367798302739
2024-03-11 12:00:00,297.7690212956018,74.31966813554816,134.46469651551274,372.08868943115,27.621881255320552,620.5064102214671
2024-03-11 13:00:00,220.18982351695564,74.00197894732268,93.12387174101917,294.19180246427834,27.81809002083022,601.6635615889155
2024-03-11 14:00:00,148.8785837218651,58.27375626716139,57.889831562974486,207.1523399890265,27.29903226607384,461.8056561701724
2024-03-11 15:00:00,297.2563180719115,58.815642292026574,134.141539582337,356.07196036393805,27.250823230896245,448.40256883907364
2024-03-11 16:00:00,365.41118894974704,40.94389781947837,155.36823030311604,406.3550867692254,28.718918492872877,296.07249790390614
2024-03-11 17:00:00,348.8982128208007,21.95080034944353,139.98557575703776,370.84901317024423,29.546298692678924,143.93052500111634
2024-03-11 18:00:00,379.17128103619166,4.2812951970102626e-15,145.2003251169237,379.17128103619166,29.232451317808657,6.653738859858699e-14
2024-03-11 19:00:00,373.8206785802001,0.0,140.0561745179223,373.8206785802001,30.35493483637252,0.0
2024-03-11 20:00:00,375.1163453771211,0.0,142.3056905758598,375.1163453771211,31.121559768965447,0.0
2024-03-11 21:00:00,260.42972632225343,0.0,85.96262025190185,260.42972632225343,32.86418421966945,0.0
2024-03-11 22:00:00,30.99207824808464,0.0,0.0,30.99207824808464,31.786488919407425,0.0
2024-03-11 23:00:00,34.9880223737284,0.0,0.0,34.9880223737284,33.756499597922215,0.0
2024-03-12 00:00:00,43.0042317698054,0.0,0.0,43.0042317698054,32.79644888743299,0.0
2024-03-12 01:00:00,38.471591477900965,0.0,0.0,38.471591477900965,32.33168151253557,0.0
2024-03-12 02:00:00,39.461768028387944,0.0,0.0,39.461768028387944,33.448658082544796,0.0
2024-03-12 03:00:00,30.993315201115742,0.0,0.0,30.993315201115742,34.433687918726434,0.0
2024-03-12 04:00:00,33.29552864817344,0.0,0.0,33.29552864817344,32.831987449304755,0.0
2024-03-12 05:00:00,44.224690667813725,0.0,0.0,44.224690667813725,32.99917961869464,0.0
2024-03-12 06:00:00,230.2171274917388,0.0,61.01824001543885,230.2171274917388,32.4782592297911,0.0
2024-03-12 07:00:00,386.7029965398006,14.287706938781646,154.3044130476093,400.99070347858225,31.02844138780848,143.8007346679387
2024-03-12 08:00:00,328.32950725217074,30.234414051863816,128.91026989328896,358.5639213040346,30.189150940465066,267.5158514664831
2024-03-12 09:00:00,329.9916824516892,56.16598334813272,139.79939966030378,386.1576657998219,28.36490752013004,499.37944015369834
2024-03-12 10:00:00,331.565517730778,67.87009930329191,152.15862040038942,399.43561703406994,28.020841199673097,586.8913390375945
2024-03-12 11:00:00,284.5875808197766,79.51535666823943,133.22394807282643,364.10293748801604,28.107553209271504,675.7383558498022
2024-03-12 12:00:00,248.62965574891788,75.84231759034569,117.32990175614316,324.47197333926357,27.128173766532417,628.3370489002814
2024-03-12 13:00:00,149.92268623939674,81.21655119642044,73.63994963833555,231.1392374358172,26.931853459969524,661.0667317054409
2024-03-12 14:00:00,134.30715188319127,53.41331525311392,49.466273190376015,187.7204671363052,26.695501921100945,425.64391787628614
2024-03-12 15:00:00,286.2439237988302,64.04236211088904,128.81458345029574,350.28628590971925,27.844184711395897,488.5711222387489
2024-03-12 16:00:00,302.61480217147425,45.21784136538841,124.92591782875412,347.8326435368627,26.88257430241958,319.40518148140853
2024-03-12 17:00:00,369.19349768488047,28.564947585448337,148.89293212349747,397.7584452703288,28.456754418599658,174.1876982623414
2024-03-12 18:00:00,357.9089115558169,2.7153621431325075e-15,131.26287487085483,357.9089115558169,28.445674742362787,8.012019326409819e-14
2024-03-12 19:00:00,398.1073575695894,0.0,152.02487312079433,398.1073575695894,30.070155960690997,0.0
2024-03-12 20:00:00,329.0094242704552,0.0,119.7410397942649,329.0094242704552,29.516434086630344,0.0
2024-03-12 21:00:00,235.50446669029068,0.0,78.13808550153351,235.50446669029068,31.127115892933674,0.0
2024-03-12 22:00:00,33.05491312083149,0.0,0.0,33.05491312083149,31.682079739297684,0.0
2024-03-12 23:00:00,38.13064021227644,0.0,0.0,38.13064021227644,32.67353303333736,0.0
2024-03-13 00:00:00,36.20928267330858,0.0,0.0,36.20928267330858,33.67384840072749,0.0
2024-03-13 01:00:00,36.59062654622409,0.0,0.0,36.59062654622409,33.601716550839605,0.0
2024-03-13 02:00:00,41.18864190680624,0.0,0.0,41.18864190680624,34.141762701162364,0.0
2024-03-13 03:00:00,29.49749564020056,0.0,0.0,29.49749564020056,33.07720120152366,0.0
2024-03-13 04:00:00,33.48170325601849,0.0,0.0,33.48170325601849,32.65124304063257,0.0
2024-03-13 05:00:00,30.859018787466905,0.0,0.0,30.859018787466905,32.514497626870444,0.0
2024-03-13 06:00:00,206.55227126118214,0.0,54.56309771090632,206.55227126118214,31.76224526695335,0.0
2024-03-13 07:00:00,375.6978744680009,14.737491975003637,145.94393160399053,390.43536644300457,30.84450832959562,155.7775273141881
2024-03-13 08:00:00,359.90883893568366,29.052710432783,150.43896133028252,388.96154936846665,29.55225549331355,252.7988428892672
2024-03-13 09:00:00,305.56222961061945,47.53360173096947,127.73271655919747,353.0958313415889,29.725030493216014,414.73353420380397
2024-03-13 10:00:00,317.45648620342854,67.4027324104674,148.41114986351624,384.85921861389596,28.10015275583215,585.2364722849258
2024-03-13 11:00:00,257.78234580609745,57.66444717606545,112.29444687604668,315.4467929821629,28.269736683102316,479.4735983974335
2024-03-13 12:00:00,301.90942963263535,70.5682204390672,146.7629709841478,372.47765007170256,27.006854125505384,579.6329779605987
2024-03-13 13:00:00,157.7205760732806,80.28489646911392,70.13737323698628,238.00547254239453,26.975045429544174,650.2654848083105
2024-03-13 14:00:00,142.52192204246958,62.05955742083453,56.41187727876892,204.5814794633041,26.81042617763073,488.0351564771353
2024-03-13 15:00:00,340.0110695180744,51.02607781443567,150.24401813131593,391.0371473325101,26.238693593961727,390.1277528188527
2024-03-13 16:00:00,343.94403350808545,48.29040805081345,146.97760958201792,392.2344415588989,27.1840839036796,341.8742687435458
2024-03-13 17:00:00,301.5974446324347,22.899929511337188,112.87109820758653,324.4973741437719,28.52086409422953,148.05782235777164
2024-03-13 18:00:00,354.05854895686275,2.3918973666052927e-15,128.96236243778225,354.05854895686275,28.40737748269907,8.318590681637619e-14
2024-03-13 19:00:00,381.9530993751347,0.0,144.67859713668702,381.9530993751347,29.576343068069907,0.0
2024-03-13 20:00:00,365.9582053546918,0.0,144.29198134078692,365.9582053546918,30.378207278444982,0.0
2024-03-13 21:00:00,258.8845802925469,0.0,83.23504265583624,258.8845802925469,31.09096284319021,0.0
2024-03-13 22:00:00,31.056534051839556,0.0,0.0,31.056534051839556,31.874810715011265,0.0
2024-03-13 23:00:00,31.53755073210819,0.0,0.0,31.53755073210819,32.78010286986246,0.0
2024-03-14 00:00:00,36.556486529296954,0.0,0.0,36.556486529296954,34.58666068738286,0.0
2024-03-14 01:00:00,25.25161327224407,0.0,0.0,25.25161327224407,33.878588864385726,0.0
2024-03-14 02:00:00,29.498974709798038,0.0,0.0,29.498974709798038,34.79758194544775,0.0
2024-03-14 03:00:00,31.946680981100197,0.0,0.0,31.946680981100197,34.4626319525376,0.0
2024-03-14 04:00:00,34.93084105558748,0.0,0.0,34.93084105558748,34.009255992319204,0.0
2024-03-14 05:00:00,37.12481410340528,0.0,0.0,37.12481410340528,34.296786424566726,0.0
2024-03-14 06:00:00,190.43523203297212,0.0,42.111320837926186,190.43523203297212,32.5573573768676,0.0
2024-03-14 07:00:00,390.31291227519324,14.415654009262907,151.17365962422815,404.7285662844561,31.382412628603344,146.10764312206155
2024-03-14 08:00:00,362.7071081431493,39.28378348313196,153.5795152626792,401.99089162628127,31.57178861359245,378.21543198596214
2024-03-14 09:00:00,317.35978416382,64.66243529360068,137.21048798572352,382.0222194574207,29.557866914763757,590.0056296843134
2024-03-14 10:00:00,304.4062925909529,73.00973360563535,138.08580214614287,377.41602619658823,28.45995896192024,641.5016242747008
2024-03-14 11:00:00,298.4275947708147,86.1187649649387,141.79131513431045,384.5463597357534,29.15319061174159,746.7125644080827
2024-03-14 12:00:00,319.97400595497254,79.76633586919425,154.71597784623407,399.74034182416676,28.22220271293523,671.091114237203
2024-03-14 13:00:00,200.62739532239215,63.626013629951714,83.0294888874564,264.2534089523439,28.029549922572173,519.9854159901973
2024-03-14 14:00:00,143.97698676666056,57.11123414251159,52.967656915313334,201.08822090917215,27.452716713509712,454.18679347183564
2024-03-14 15:00:00,308.43549732478664,64.30732109472993,140.1505215320189,372.74281841951654,27.100987043083276,483.6533482408419
2024-03-14 16:00:00,320.08767884022114,43.11848967965128,134.8500166473117,363.20616851987245,27.54994798084515,309.8062499239639
2024-03-14 17:00:00,344.9276179661058,24.11344632072924,135.00336792189583,369.041064286835,28.562962317030966,154.02194347799662
2024-03-14 18:00:00,306.66747216567364,2.634777160849631e-15,111.16089849037671,306.66747216567364,28.787729071940504,8.080637690545927e-14
2024-03-14 19:00:00,375.86859077727877,0.0,142.05822654620863,375.86859077727877,30.421590296563526,0.0
2024-03-14 20:00:00,387.81152338758164,0.0,150.81464315843016,387.81152338758164,30.942701531882314,0.0
2024-03-14 21:00:00,270.4442776026072,0.0,89.26501938653188,270.4442776026072,32.172315182441,0.0
2024-03-14 22:00:00,41.56881823036252,0.0,0.0,41.56881823036252,33.00150456501274,0.0
2024-03-14 23:00:00,36.25289045583086,0.0,0.0,36.25289045583086,33.8422040122647,0.0
2024-03-15 00:00:00,30.642694667125276,0.0,0.0,30.642694667125276,34.76534093208929,0.0
2024-03-15 01:00:00,35.915469150042874,0.0,0.0,35.915469150042874,34.69330085182137,0.0
2024-03-15 02:00:00,35.41864366888362,0.0,0.0,35.41864366888362,35.076495388516165,0.0
2024-03-15 03:00:00,33.498973028613285,0.0,0.0,33.498973028613285,34.98325521142108,0.0
2024-03-15 04:00:00,33.806466141303964,0.0,0.0,33.806466141303964,33.301154513898105,0.0
2024-03-15 05:00:00,34.796637118602824,0.0,0.0,34.796637118602824,34.282647362281914,0.0
2024-03-15 06:00:00,207.95621061435557,0.0,59.13535393421358,207.95621061435557,33.30948185330938,0.0
2024-03-15 07:00:00,356.9385882980694,17.376163934991066,134.2844687983744,374.31475223306046,32.672401845679865,205.04514187353098
2024-03-15 08:00:00,340.2891100250738,34.614628376654785,136.96662860787606,374.90373840172856,30.841088957475616,321.3953889692068
2024-03-15 09:00:00,341.7315177957841,56.71487750427013,151.0839364119512,398.44639530005423,30.42075750975923,514.293348745454
2024-03-15 10:00:00,322.47450541502764,71.65460294280338,146.709282957684,394.129108357831,29.18874602691646,629.7928689659963
2024-03-15 11:00:00,304.9524556574611,83.73696438602846,155.06580941917514,388.6894200434896,29.381937709152773,719.0977472599229
2024-03-15 12:00:00,260.15431141347,86.90309998731884,125.91832798465512,347.05741140078885,27.750863570919467,733.2041620312344
2024-03-15 13:00:00,173.95091024887267,77.01913147939419,75.50045671791574,250.97004172826686,27.63944297222635,621.5403275557812
2024-03-15 14:00:00,142.6088090913695,65.79950503557656,52.204131045695604,208.40831412694604,28.25166781933524,523.9501595499186
2024-03-15 15:00:00,277.0318397770239,71.9127688176006,122.26905915561356,348.94460859462447,27.789083097048888,547.2256630244275
2024-03-15 16:00:00,264.25991971283173,50.82319771182029,117.16035604130772,315.083117424652,27.989226513559185,360.85944127104875
2024-03-15 17:00:00,72.69327955148103,34.08411814582126,0.0,106.77739769730229,29.462996735816425,205.74770674098178
2024-03-15 18:00:00,386.69997425081203,2.1220068103009943e-15,140.40743032521783,386.69997425081203,30.20836663349518,8.623910732342541e-14
2024-03-15 19:00:00,380.9725750931504,0.0,138.3240495451696,380.9725750931504,30.939679693610927,0.0
2024-03-15 20:00:00,372.20265446726626,0.0,139.77556078028175,372.20265446726626,31.908865592169395,0.0
2024-03-15 21:00:00,235.48966508742063,0.0,69.14393526688869,235.48966508742063,32.27458777358905,0.0
2024-03-15 22:00:00,29.772794865431553,0.0,0.0,29.772794865431553,33.13221426788095,0.0
2024-03-15 23:00:00,35.67032887675669,0.0,0.0,35.67032887675669,33.63534385008537,0.0
2024-03-16 00:00:00,37.621764819606454,0.0,0.0,37.621764819606454,34.81110471994457,0.0
2024-03-16 01:00:00,30.93998600581627,0.0,0.0,30.93998600581627,34.81294245118986,0.0
2024-03-16 02:00:00,32.95480108074144,0.0,0.0,32.95480108074144,34.97961811987756,0.0
2024-03-16 03:00:00,32.66312006266551,0.0,0.0,32.66312006266551,35.37684183184423,0.0
2024-03-16 04:00:00,33.93891896192169,0.0,0.0,33.93891896192169,35.31950975884377,0.0
2024-03-16 05:00:00,32.56989538415645,0.0,0.0,32.56989538415645,34.37015508412901,0.0
2024-03-16 06:00:00,61.266690945626074,0.0,0.0,61.266690945626074,34.34330915546233,0.0
2024-03-16 07:00:00,50.18546900855154,15.837575348227835,0.0,66.02304435677938,32.24926009468349,182.286048951714
2024-03-16 08:00:00,17.569155754865477,40.41920016417433,0.0,57.988355919039805,30.777163903236413,385.8025941388744
2024-03-16 09:00:00,15.218624100009158,43.786666623712634,0.0,59.00529072372179,31.147598509776998,376.617265498896
2024-03-16 10:00:00,0.0,72.78839724006478,0.0,63.998313671596534,29.560234446517676,639.6599726464298
2024-03-16 11:00:00,0.0,80.40112179036088,0.0,57.77075272619442,29.084431367800445,693.3252535730371
2024-03-16 12:00:00,0.0,81.85678193426597,0.0,65.34805697791897,27.780164054534943,679.3685162481485
2024-03-16 13:00:00,0.0,95.75753415795792,0.0,60.213741506205025,27.86580570715639,795.6954726774502
2024-03-16 14:00:00,0.0,77.82511995232268,0.0,64.45369321297372,27.445037514551423,620.7495280412753
2024-03-16 15:00:00,0.0,67.88509574770339,0.0,60.22306949527848,28.098259199119152,514.8345797154383
2024-03-16 16:00:00,11.341142938938717,50.600503209900864,0.0,61.94164614883958,28.46778656265403,356.4538377736841
2024-03-16 17:00:00,40.67519525337399,24.002212163397623,0.0,64.67740741677162,29.266257694462233,154.22931853539168
2024-03-16 18:00:00,59.32475671615398,2.6737845950766065e-15,0.0,59.32475671615398,30.56601270501863,8.02809083141905e-14
2024-03-16 19:00:00,63.35276469038937,0.0,0.0,63.35276469038937,31.128737697431127,0.0
2024-03-16 20:00:00,63.02525551924994,0.0,0.0,63.02525551924994,30.885066404735802,0.0
2024-03-16 21:00:00,57.70955115782073,0.0,0.0,57.70955115782073,32.9060255985063,0.0
2024-03-16 22:00:00,34.41213404300386,0.0,0.0,34.41213404300386,33.50202857156177,0.0
2024-03-16 23:00:00,32.31099566756033,0.0,0.0,32.31099566756033,34.12211174097591,0.0
2024-03-17 00:00:00,14.566611287610364,0.0,0.0,14.566611287610364,33.20589293462603,0.0
2024-03-17 01:00:00,17.961409850088614,0.0,0.0,17.961409850088614,33.66917039240398,0.0
2024-03-17 02:00:00,19.428617478182908,0.0,0.0,19.428617478182908,33.34021039084233,0.0
2024-03-17 03:00:00,22.520203409316167,0.0,0.0,22.520203409316167,33.47571874959853,0.0
2024-03-17 04:00:00,24.005872429995097,0.0,0.0,24.005872429995097,33.80921226154056,0.0
2024-03-17 05:00:00,19.556503873123393,0.0,0.0,19.556503873123393,32.30907462828926,0.0
2024-03-17 06:00:00,13.737367771701086,0.0,0.0,13.737367771701086,31.42120979826156,0.0
2024-03-17 07:00:00,0.6577520843822846,15.223306296713243,0.0,15.881058381095528,31.061166770271008,164.78101488091673
2024-03-17 08:00:00,0.0,32.76547337674033,0.0,19.580726202826977,29.620870557970935,294.68239328333067
2024-03-17 09:00:00,0.0,52.41914635664964,0.0,16.578943798161905,28.418895567763116,460.346450922131
2024-03-17 10:00:00,0.0,69.4331365553549,0.0,16.294578409351857,28.2639201978117,596.3531181023546
2024-03-17 11:00:00,0.0,71.57305888362238,0.0,10.104485523827679,28.435590994478154,608.4658761382129
2024-03-17 12:00:00,0.0,85.29927365488625,0.0,17.146857859929185,27.135762825165127,709.6315753338424
2024-03-17 13:00:00,0.0,73.99952975269127,0.0,20.942597458384995,26.89470194156148,601.987745408055
2024-03-17 14:00:00,0.0,79.4463765675709,0.0,12.979869870562695,25.621079607273547,618.9305253292008
2024-03-17 15:00:00,0.0,65.81172445263455,0.0,9.93288187430694,27.024476140557844,495.78083837383406
2024-03-17 16:00:00,0.0,46.419360585256136,0.0,19.26779646168899,27.20174780375847,331.45047836019734
2024-03-17 17:00:00,0.0,26.21757307581736,0.0,17.329184286318572,27.378822638176516,164.08766488159313
2024-03-17 18:00:00,18.080764332554736,2.393109789464374e-15,0.0,18.08076433255474,28.526179022050297,8.315942160550057e-14
2024-03-17 19:00:00,20.962282487604103,0.0,0.0,20.962282487604103,29.365347937069266,0.0
2024-03-17 20:00:00,13.78616789276715,0.0,0.0,13.78616789276715,29.65640982217014,0.0
2024-03-17 21:00:00,12.387568485404426,0.0,0.0,12.387568485404426,31.257947307597888,0.0
2024-03-17 22:00:00,15.31172678669064,0.0,0.0,15.31172678669064,32.534721497612686,0.0
2024-03-17 23:00:00,13.505489571263722,0.0,0.0,13.505489571263722,32.54705678276527,0.0
2024-03-18 00:00:00,33.866984681869596,0.0,0.0,33.866984681869596,33.30753883971235,0.0
2024-03-18 01:00:00,37.17093693835977,0.0,0.0,37.17093693835977,34.00219738479624,0.0
2024-03-18 02:00:00,35.54507161039489,0.0,0.0,35.54507161039489,34.637553625217585,0.0
2024-03-18 03:00:00,39.00445800373023,0.0,0.0,39.00445800373023,33.47782800004847,0.0
2024-03-18 04:00:00,38.11486143640736,0.0,0.0,38.11486143640736,34.030615070322995,0.0
2024-03-18 05:00:00,38.167134607969686,0.0,0.0,38.167134607969686,32.846113532578045,0.0
2024-03-18 06:00:00,204.1435406955051,0.0,51.4077165800737,204.1435406955051,32.58127856837524,0.0
2024-03-18 07:00:00,351.3636545608864,15.5859496679839,131.0381760075318,366.9496042288703,31.33394804802141,171.7465238245095
2024-03-18 08:00:00,332.2222936398775,36.68323651806153,135.65483158055974,368.905530157939,30.426738550144584,343.65992940735805
2024-03-18 09:00:00,283.6130072254946,59.10891305893737,115.2931992578505,342.721920284432,30.565927827944066,537.0203269268271
2024-03-18 10:00:00,279.7766678993145,73.29133104667018,122.4748190116251,353.06799894598464,28.25570373241862,642.9496739147999
2024-03-18 11:00:00,276.412591730878,75.60898417410088,129.10754089683988,352.0215759049789,28.478056382305223,641.8809732339344
2024-03-18 12:00:00,306.06167899871264,76.02604759304087,149.28685292386015,382.0877265917535,28.544820319900474,625.8952511159241
2024-03-18 13:00:00,171.3671572419475,89.46158143839766,83.12114933677387,260.82873868034517,27.67226759891004,737.0939006652715
2024-03-18 14:00:00,132.93134554418035,79.88486073150895,59.516457458273045,212.8162062756893,26.544698518165774,637.0747945266892
2024-03-18 15:00:00,308.1308207243068,51.213891298294236,133.34717965244766,359.344712022601,26.688716381215926,392.2599634508878
2024-03-18 16:00:00,327.7850340893497,45.723104036817126,135.01335006056306,373.50813812616684,27.30334542611663,326.50758956081984
2024-03-18 17:00:00,340.87412763437413,29.12308471250376,141.7375248856713,369.9972123468779,28.31432724929239,178.42831065002287
2024-03-18 18:00:00,352.095849726,1.96208244583603e-15,132.60765397034137,352.095849726,29.07321837472989,9.013473148758431e-14
2024-03-18 19:00:00,343.59213931407174,0.0,126.56620597140818,343.59213931407174,29.168532092676696,0.0
2024-03-18 20:00:00,319.2266313430861,0.0,114.8878967852295,319.2266313430861,30.27386829846188,0.0
2024-03-18 21:00:00,237.98094632955824,0.0,76.15687088543964,237.98094632955824,31.21037244205418,0.0
2024-03-18 22:00:00,33.27431254807144,0.0,0.0,33.27431254807144,32.369873623627925,0.0
2024-03-18 23:00:00,36.28503678433193,0.0,0.0,36.28503678433193,34.17746849048382,0.0
2024-03-19 00:00:00,30.348605663141946,0.0,0.0,30.348605663141946,33.7653438715402,0.0
2024-03-19 01:00:00,36.839561505095446,0.0,0.0,36.839561505095446,34.09310996655024,0.0
2024-03-19 02:00:00,37.80405469251704,0.0,0.0,37.80405469251704,34.13427834353447,0.0
2024-03-19 03:00:00,37.28503087577824,0.0,0.0,37.28503087577824,34.89936116873925,0.0
2024-03-19 04:00:00,30.523338294775996,0.0,0.0,30.523338294775996,34.21126660617438,0.0
2024-03-19 05:00:00,29.806263359488483,0.0,0.0,29.806263359488483,33.227608951174325,0.0
2024-03-19 06:00:00,222.35214028813098,0.0,58.51541118581484,222.35214028813098,32.769450699217224,0.0
2024-03-19 07:00:00,408.88442311346057,14.963609988303299,152.01910092638528,423.84803310176386,31.710959998486363,154.5207233356627
2024-03-19 08:00:00,312.98346385452675,35.04770967737755,124.56238182897603,348.0311735319043,31.348794131701013,326.4340910535836
2024-03-19 09:00:00,276.07375160435294,43.84479513627847,111.59454397412293,319.9185467406314,31.637170136645736,377.43952251074626
2024-03-19 10:00:00,334.93574826747545,50.856676645373334,147.5092467917029,385.7924249128488,29.72628069395251,426.1274792132443
2024-03-19 11:00:00,289.14667663112994,67.82696649481805,135.93553201325994,356.973643125948,28.679480499399794,569.2393440260511
2024-03-19 12:00:00,244.89671232793822,80.103212667046,116.81486791035104,324.9999249949842,27.83727183411688,673.8535327441547
2024-03-19 13:00:00,117.23865686044627,86.98844697048673,55.80260572696,204.227103830933,27.148408058152228,718.6824955561942
2024-03-19 14:00:00,121.31725748044978,73.82951447837875,48.79758253836111,195.14677195882854,28.067693356807908,584.7599110371661
2024-03-19 15:00:00,288.8644024994272,45.74037648068937,128.75023079517547,334.6047789801165,28.159785188277812,356.5181423730196
2024-03-19 16:00:00,286.3071397576279,41.36036891809102,119.45271259525296,327.6675086757189,27.936709079515452,299.060463866692
2024-03-19 17:00:00,362.6517775768315,25.99640863303029,144.340735946739,388.64818620986176,29.332641748424784,164.42387023879422
2024-03-19 18:00:00,330.01975850932666,3.0634847982754133e-15,124.03033435176408,330.01975850932666,29.461401960548933,7.706429980025822e-14
2024-03-19 19:00:00,102.16026838532748,0.0,0.0,102.16026838532748,30.682362200945136,0.0
2024-03-19 20:00:00,111.6200651120923,0.0,0.0,111.6200651120923,31.348946992122897,0.0
2024-03-19 21:00:00,271.0760586791966,0.0,81.95143652556418,271.0760586791966,32.018147209026395,0.0
2024-03-19 22:00:00,39.32005010411938,0.0,0.0,39.32005010411938,32.473406185452646,0.0
2024-03-19 23:00:00,31.85900815928711,0.0,0.0,31.85900815928711,33.60295392907797,0.0
2024-03-20 00:00:00,37.78493051819273,0.0,0.0,37.78493051819273,33.49135621656872,0.0
2024-03-20 01:00:00,27.260193634647347,0.0,0.0,27.260193634647347,33.16591480493779,0.0
2024-03-20 02:00:00,32.54673441246864,0.0,0.0,32.54673441246864,33.75911266667735,0.0
2024-03-20 03:00:00,34.27421039664737,0.0,0.0,34.27421039664737,32.878614419875504,0.0
2024-03-20 04:00:00,35.82317073802033,0.0,0.0,35.82317073802033,33.46036005018647,0.0
2024-03-20 05:00:00,26.23490974476582,0.0,0.0,26.23490974476582,32.67058637127366,0.0
2024-03-20 06:00:00,215.0566821310291,0.0,53.37620074507868,215.0566821310291,31.188186589457512,0.0
2024-03-20 07:00:00,355.2491362515892,15.771739492209406,133.74547578116815,371.0208757437986,30.833101364973782,172.18769883547685
2024-03-20 08:00:00,354.66437798678396,28.96028704828602,144.0316953833128,383.62466503507,30.50496242353495,248.9168896187134
2024-03-20 09:00:00,320.0673584387548,54.860409858311385,142.3586480704313,374.9277682970662,28.50385904069033,485.0134787629074
2024-03-20 10:00:00,276.5811103545394,61.29756392343419,121.45201454879357,337.87867427797363,27.7537668495633,518.7331087886172
2024-03-20 11:00:00,272.408233363526,80.69182836990696,129.44943548907523,353.10006173343294,27.529619757329602,682.3748176568441
2024-03-20 12:00:00,276.31393608491766,68.85003924886378,125.99105923854401,345.1639753337814,28.074818420846324,572.1133391059467
2024-03-20 13:00:00,172.10219912021412,79.35085244073272,78.71059056984232,251.45305156094685,26.322212534844276,648.9230058355679
2024-03-20 14:00:00,161.87687774067794,70.76057268328438,63.86375340757822,232.63745042396232,26.78687896866851,561.1962577306051
2024-03-20 15:00:00,304.968391825367,64.77338616941404,143.33554153614486,369.74177799478105,26.788569280664703,489.7207858955874
2024-03-20 16:00:00,303.0623217801041,47.83154416959145,133.92320478959186,350.89386594969557,26.713393105497456,339.50551351741376
2024-03-20 17:00:00,357.917145264485,26.907836452005217,151.80118443897032,384.8249817164902,27.644934910615287,168.2690168688818
2024-03-20 18:00:00,367.9418203358527,4.182831987413602e-15,137.5443621641403,367.9418203358527,28.065324637828287,6.769569977036756e-14
2024-03-20 19:00:00,300.75605567291524,0.0,112.88632008565453,300.75605567291524,28.954472915958686,0.0
2024-03-20 20:00:00,408.295557918648,0.0,157.4635234244981,408.295557918648,29.2086060174892,0.0
2024-03-20 21:00:00,247.45487938328804,0.0,79.73316858924038,247.45487938328804,30.932890509301426,0.0
2024-03-20 22:00:00,32.24670937039153,0.0,0.0,32.24670937039153,32.23878872218704,0.0
2024-03-20 23:00:00,36.64152731729891,0.0,0.0,36.64152731729891,32.54282859041852,0.0
2024-03-21 00:00:00,34.00064893969439,0.0,0.0,34.00064893969439,32.71441475309343,0.0
2024-03-21 01:00:00,37.90345738726974,0.0,0.0,37.90345738726974,32.808976074420926,0.0
2024-03-21 02:00:00,29.965865610732628,0.0,0.0,29.965865610732628,32.60830130627157,0.0
2024-03-21 03:00:00,37.048123356258856,0.0,0.0,37.048123356258856,32.20484957494501,0.0
2024-03-21 04:00:00,35.92080545573096,0.0,0.0,35.92080545573096,31.92602901500151,0.0
2024-03-21 05:00:00,30.04679286944442,0.0,0.0,30.04679286944442,30.877690456621036,0.0
2024-03-21 06:00:00,189.27620830922058,0.0,41.81745558266644,189.27620830922058,30.754532514387517,0.0
2024-03-21 07:00:00,299.94479683721227,15.229179106915053,113.40504613344308,315.17397594412733,30.11693799657758,155.25811858314847
2024-03-21 08:00:00,361.22951550428684,34.853172562901904,150.22375318686332,396.0826880671887,29.995782508336298,318.92055208060106
2024-03-21 09:00:00,284.43526409256503,49.08667804141043,113.62410596802475,333.5219421339755,28.496365463217295,426.8630674780669
2024-03-21 10:00:00,332.73445490141415,58.88480438493698,153.2145313883524,391.6192592863511,26.95564496936769,491.39035295177774
2024-03-21 11:00:00,315.3147011657505,57.34151080863002,136.09414244961948,372.6562119743805,25.943514087524363,471.0937506623361
2024-03-21 12:00:00,311.08834592201106,68.90894324186874,144.63757109247487,379.9972891638798,26.003707002588857,566.6322577148967
2024-03-21 13:00:00,192.20632075474649,63.3979670808641,78.91986803357855,255.6042878356106,26.163213790838817,506.00439839045566
2024-03-21 14:00:00,169.17427407618348,52.2622430236782,56.8261702219804,221.43651709986167,25.527763791089484,410.69832452244066
2024-03-21 15:00:00,326.254606750422,50.04489512301686,139.2736572374843,376.2995018734389,26.02832365492774,385.3619472588431
2024-03-21 16:00:00,312.3397172496513,35.78269521641624,134.47984305869053,348.12241246606754,26.01642032156505,262.9383567123376
2024-03-21 17:00:00,312.0010520203831,26.94586127579657,120.61657711487274,338.9469132961797,27.021698442641565,168.18668782822274
2024-03-21 18:00:00,364.72643945874705,2.778889954496139e-15,139.8401330720793,364.72643945874705,26.58944294808385,7.97414880480593e-14
2024-03-21 19:00:00,312.7733500392632,0.0,110.47017468309264,312.7733500392632,29.034296361650906,0.0
2024-03-21 20:00:00,389.183962830499,0.0,147.57526784289175,389.183962830499,28.581830235324823,0.0
2024-03-21 21:00:00,257.08196138373665,0.0,82.59565980817727,257.08196138373665,30.44080478216039,0.0
2024-03-21 22:00:00,37.57930477112161,0.0,0.0,37.57930477112161,30.7519799621022,0.0
2024-03-21 23:00:00,31.122422082714746,0.0,0.0,31.122422082714746,31.555031743406143,0.0
2024-03-22 00:00:00,32.234787001720804,0.0,0.0,32.234787001720804,32.443012680217905,0.0
2024-03-22 01:00:00,32.13339552745183,0.0,0.0,32.13339552745183,33.04101740449493,0.0
2024-03-22 02:00:00,26.65860675140823,0.0,0.0,26.65860675140823,33.2612369915979,0.0
2024-03-22 03:00:00,37.04748986028185,0.0,0.0,37.04748986028185,33.44239586788072,0.0
2024-03-22 04:00:00,33.05846726424901,0.0,0.0,33.05846726424901,33.26753807450167,0.0
2024-03-22 05:00:00,37.999757187924956,0.0,0.0,37.999757187924956,32.17325922749872,0.0
2024-03-22 06:00:00,226.79822446979733,0.0,56.50666114366487,226.79822446979733,32.139311839541605,0.0
2024-03-22 07:00:00,287.3843613317139,16.72926850191219,99.67176125916532,304.1136298336261,30.484827649227515,185.6330864571382
2024-03-22 08:00:00,298.68427587773937,36.70952783274606,119.80259499311205,335.39380371048543,30.071194901083913,338.33215860612967
2024-03-22 09:00:00,313.45736122209564,42.95392814516413,128.17215639423904,356.41128936725977,28.840967898551703,362.67250399755756
2024-03-22 10:00:00,332.55127724236803,54.63784424152037,144.094656205313,387.1891214838884,27.507872404244768,455.5504607868916
2024-03-22 11:00:00,248.4433679857735,78.69043839882161,122.27205235225748,327.1338063845951,27.14821806299446,666.0690900082205
2024-03-22 12:00:00,359.00606206740235,79.5572328877841,169.39805068305944,438.56329495518645,26.75297174546648,652.517575701435
2024-03-22 13:00:00,169.56916020084833,72.00618767634342,78.8671677292564,241.57534787719175,26.13563526224441,575.3893270386322
2024-03-22 14:00:00,123.46812464165717,74.75127698569733,48.513624273183694,198.2194016273545,26.23890297895623,592.9769598037901
2024-03-22 15:00:00,289.58745299346305,64.32890594893611,132.47752674250503,353.91635894239914,26.58441580760916,486.8291047669958
2024-03-22 16:00:00,294.59078890895427,52.9084185498162,122.16220928901107,347.49920745877046,26.48969923571397,375.75297229895244
2024-03-22 17:00:00,297.1857442324569,29.13135888689762,119.01138994044643,326.3171031193545,25.585657151463298,178.61415786683898
2024-03-22 18:00:00,381.1536385695597,2.029292437673843e-15,148.64822496941946,381.1536385695597,28.62160979570414,9.467601250127964e-14
2024-03-22 19:00:00,368.3029583021015,0.0,141.92874825323463,368.3029583021015,28.477812346988465,0.0
2024-03-22 20:00:00,368.67260404002405,0.0,141.96794978076102,368.67260404002405,29.120834609541305,0.0
2024-03-22 21:00:00,276.48663014460624,0.0,91.34170002562828,276.48663014460624,29.876286229989866,0.0
2024-03-22 22:00:00,42.36698645263416,0.0,0.0,42.36698645263416,31.11425176879063,0.0
2024-03-22 23:00:00,37.27188277325499,0.0,0.0,37.27188277325499,31.725974538451872,0.0
2024-03-23 00:00:00,32.547161376032925,0.0,0.0,32.547161376032925,32.87334165024561,0.0
2024-03-23 01:00:00,37.531772753626754,0.0,0.0,37.531772753626754,33.25043472603187,0.0
2024-03-23 02:00:00,36.84080088277351,0.0,0.0,36.84080088277351,33.97562888097233,0.0
2024-03-23 03:00:00,34.838036259352755,0.0,0.0,34.838036259352755,34.60667958145571,0.0
2024-03-23 04:00:00,29.584822829460464,0.0,0.0,29.584822829460464,33.652132181195405,0.0
2024-03-23 05:00:00,32.96993994934803,0.0,0.0,32.96993994934803,33.246930295472616,0.0
2024-03-23 06:00:00,164.7973166798856,0.0,48.133824429453476,164.7973166798856,31.77205245321905,0.0
2024-03-23 07:00:00,258.09744677123257,15.486388093585404,102.50150387064298,273.58383486481796,31.16895680957653,160.3397328970091
2024-03-23 08:00:00,284.0870332593572,35.56370148388715,122.8816851259413,319.65073474324436,30.42399867105756,326.77854075782903
2024-03-23 09:00:00,220.38874743206426,45.393066080121024,101.82205014968422,265.7818135121853,28.97511186426221,387.6288622028692
2024-03-23 10:00:00,226.93900038560687,68.88980291870192,109.26450612055892,295.8288033043088,28.24789243366786,593.5778382153749
2024-03-23 11:00:00,221.21156542546805,68.97379725851091,114.2253846340629,290.18536268397895,28.16315971395604,575.6037482661778
2024-03-23 12:00:00,204.86198274341893,78.94516063726019,113.0611071265213,283.8071433806791,27.724814933246936,653.0261884673735
2024-03-23 13:00:00,107.4217601554669,74.58538464632079,56.51770400731119,182.0071448017877,26.86372221168831,602.5655601632292
2024-03-23 14:00:00,0.0,86.6359740624647,0.0,69.60145812055666,26.113178878553054,685.6446694162383
2024-03-23 15:00:00,0.0,73.7896757536263,0.0,63.299339437694975,26.682221085321853,562.903015478873
2024-03-23 16:00:00,15.920593552402941,45.188642998407815,0.0,61.109236550810756,26.459002988443945,324.4741484580949
2024-03-23 17:00:00,31.386485904724665,26.794774924731428,0.0,58.18126082945609,27.773484939706865,168.3037103744698
2024-03-23 18:00:00,54.58858478681256,3.2573979860146554e-15,0.0,54.58858478681256,28.58845902457813,7.556458113101845e-14
2024-03-23 19:00:00,56.950817863052194,0.0,0.0,56.950817863052194,29.169535600564707,0.0
2024-03-23 20:00:00,62.31122388596243,0.0,0.0,62.31122388596243,30.33161308013402,0.0
2024-03-23 21:00:00,60.41151960533734,0.0,0.0,60.41151960533734,31.325074746343162,0.0
2024-03-23 22:00:00,34.229521918218815,0.0,0.0,34.229521918218815,32.08918849039598,0.0
2024-03-23 23:00:00,36.080698496494804,0.0,0.0,36.080698496494804,32.084866056946865,0.0
2024-03-24 00:00:00,19.45959791146858,0.0,0.0,19.45959791146858,34.19910531755355,0.0
2024-03-24 01:00:00,18.806671029202292,0.0,0.0,18.806671029202292,34.88031044820924,0.0
2024-03-24 02:00:00,14.584487933670598,0.0,0.0,14.584487933670598,35.584004452717366,0.0
2024-03-24 03:00:00,17.88128140708311,0.0,0.0,17.88128140708311,34.539426083956755,0.0
2024-03-24 04:00:00,17.19707892077349,0.0,0.0,17.19707892077349,34.60115758053395,0.0
2024-03-24 05:00:00,17.009493788426767,0.0,0.0,17.009493788426767,34.20859825717919,0.0
2024-03-24 06:00:00,17.790782631067287,0.0,0.0,17.790782631067287,32.94633471787808,0.0
2024-03-24 07:00:00,0.0,16.50837982514503,0.0,16.436456293506215,32.77471909866686,182.3511076984881
2024-03-24 08:00:00,0.0,33.81864292958059,0.0,16.258495899781945,31.89573548277981,307.4548889136696
2024-03-24 09:00:00,0.0,53.555093278240456,0.0,19.30070790537515,31.07897427623613,473.25225017087104
2024-03-24 10:00:00,0.0,73.75822162833401,0.0,13.36904546436094,29.773864651557126,645.4296846559736
2024-03-24 11:00:00,0.0,78.01861375698103,0.0,20.651867456282925,29.999843457740212,670.6696356137869
2024-03-24 12:00:00,0.0,70.19311986356928,0.0,18.421261785185195,27.955918097436655,579.22921436172
2024-03-24 13:00:00,0.0,69.14116059286154,0.0,16.05016695694149,28.975946968142093,566.6581837381468
2024-03-24 14:00:00,0.0,63.253350350506956,0.0,13.722191720734394,28.178798311393578,503.69897125230705
2024-03-24 15:00:00,0.0,66.70131223326621,0.0,21.472029503296174,28.58410184156598,511.9031157500902
2024-03-24 16:00:00,0.0,58.25124831436147,0.0,24.78914012760313,28.10354077654797,421.72295839465977
2024-03-24 17:00:00,0.0,32.92797210896487,0.0,14.931593491316953,29.242012184393328,204.50244136731703
2024-03-24 18:00:00,14.566747664414454,4.272257744843409e-15,0.0,14.566747664414457,30.25813564889654,6.643648350401126e-14
2024-03-24 19:00:00,20.488337049282975,0.0,0.0,20.488337049282975,29.8451025873436,0.0
2024-03-24 20:00:00,21.09584759142504,0.0,0.0,21.09584759142504,31.21298542615665,0.0
2024-03-24 21:00:00,14.521633747941465,0.0,0.0,14.521633747941465,31.12988888080759,0.0
2024-03-24 22:00:00,20.912591492160818,0.0,0.0,20.912591492160818,32.95548207863978,0.0
2024-03-24 23:00:00,15.255531666293358,0.0,0.0,15.255531666293358,33.36151820448723,0.0
2024-03-25 00:00:00,32.61516372787444,0.0,0.0,32.61516372787444,34.93297806394868,0.0
2024-03-25 01:00:00,35.76868807212445,0.0,0.0,35.76868807212445,36.85333506550059,0.0
2024-03-25 02:00:00,34.056395380157696,0.0,0.0,34.056395380157696,36.36967474808512,0.0
2024-03-25 03:00:00,36.470431839930576,0.0,0.0,36.470431839930576,34.671789618347944,0.0
2024-03-25 04:00:00,40.37658036002076,0.0,0.0,40.37658036002076,35.319731058731755,0.0
2024-03-25 05:00:00,28.101636663624202,0.0,0.0,28.101636663624202,34.88511227236906,0.0
2024-03-25 06:00:00,198.0492225102613,0.0,53.27522331183179,198.0492225102613,33.591824451334226,0.0
2024-03-25 07:00:00,359.5575722005663,16.317084848851763,129.5057770831838,375.8746570494181,33.005793454124614,177.26585174754737
2024-03-25 08:00:00,355.3824623623977,41.84883423020036,146.61298296378294,397.231296592598,32.14876409839402,395.20611318607354
2024-03-25 09:00:00,286.2056056266976,62.77505471970661,131.29827572404378,348.9806603464042,30.43160065039677,563.4955499187834
2024-03-25 10:00:00,331.4410334566595,81.05130536920043,152.1567474726538,412.4923388258599,29.74510831764345,712.2062391151597
2024-03-25 11:00:00,261.80856578334766,88.45958613898682,126.97092186656566,350.2681519223345,29.622047619754102,762.3781466069621
2024-03-25 12:00:00,252.46922602636442,94.70023182778624,128.59306288908314,347.16945785415066,29.02938534543187,805.0063954246718
2024-03-25 13:00:00,172.33985775066168,90.62750256210522,87.40026738347517,262.9673603127669,28.275751244966152,751.9954348242811
2024-03-25 14:00:00,114.087997304446,80.4932279864406,54.54293610680269,194.5812252908866,28.1135849247596,643.4586836351399
2024-03-25 15:00:00,298.2735165194753,67.44392109157229,136.46348177111412,365.7174376110476,28.585142977839183,515.922498892717
2024-03-25 16:00:00,269.5440834134813,48.644354174035165,109.22402505256885,318.1884375875165,29.422759557932622,352.395086217023
2024-03-25 17:00:00,332.97607023820467,25.330758526850943,130.22892007798754,358.3068287650556,29.497656375060174,163.232492508221
2024-03-25 18:00:00,387.8641914279356,2.7413674276067726e-15,146.66450565811567,387.8641914279356,31.072138410004346,7.96287681973042e-14
2024-03-25 19:00:00,333.17253297286703,0.0,124.41991524119072,333.17253297286703,30.756996062996418,0.0
2024-03-25 20:00:00,373.117271335673,0.0,144.4590188861374,373.117271335673,32.10732789541393,0.0
2024-03-25 21:00:00,258.75880789585534,0.0,83.17071755805769,258.75880789585534,32.73949193799334,0.0
2024-03-25 22:00:00,36.18910870724807,0.0,0.0,36.18910870724807,34.05475346789307,0.0
2024-03-25 23:00:00,34.839904234653204,0.0,0.0,34.839904234653204,34.094852787726836,0.0
2024-03-26 00:00:00,37.56496772727268,0.0,0.0,37.56496772727268,32.867531139760864,0.0
2024-03-26 01:00:00,34.10903692357466,0.0,0.0,34.10903692357466,31.408177539992195,0.0
2024-03-26 02:00:00,34.841498430661545,0.0,0.0,34.841498430661545,33.23048346935858,0.0
2024-03-26 03:00:00,34.636735295692134,0.0,0.0,34.636735295692134,32.29847797608461,0.0
2024-03-26 04:00:00,40.5707520515244,0.0,0.0,40.5707520515244,32.180044553637444,0.0
2024-03-26 05:00:00,36.09212640220171,0.0,0.0,36.09212640220171,32.01487953521735,0.0
2024-03-26 06:00:00,215.5989414958806,0.0,52.921538419421374,215.5989414958806,31.05157409710149,0.0
2024-03-26 07:00:00,388.9626200289392,15.589698626203237,153.32968794963156,404.55231865514247,29.41359656348075,154.95822515622748
2024-03-26 08:00:00,310.3834587570637,38.66272950203786,130.41210565242122,349.04618825910154,29.172788127149754,355.8466287160943
2024-03-26 09:00:00,315.8801280743129,47.24128355640646,131.35301503366654,363.12141163071936,28.90061367797694,404.93401403043936
2024-03-26 10:00:00,294.182310220859,63.672531155521575,132.1496588112828,357.8548413763806,26.679097493438043,537.336785424632
2024-03-26 11:00:00,297.5884378561066,72.63584052481768,136.08708625797883,370.2242783809243,27.457083870962528,606.5275495404736
2024-03-26 12:00:00,318.70871422803066,62.09661303071365,145.35392717764947,380.8053272587443,26.0345056792572,507.65339279706416
2024-03-26 13:00:00,159.18333339659034,74.72423079290779,69.07230292612108,233.90756418949812,25.275389071546588,603.94564185388
2024-03-26 14:00:00,156.55667079485116,52.83862498146524,58.687444448664984,209.3952957763164,24.92609865721433,416.1297631794509
2024-03-26 15:00:00,316.7871504309812,49.694589589993114,135.9193239140017,366.48174002097437,25.38035942030258,381.05227907926053
2024-03-26 16:00:00,318.6481750337962,46.97604030216338,142.47946682731802,365.62421533595955,24.86401527073767,334.09583933156614
2024-03-26 17:00:00,388.47680110944316,24.67130006043892,167.2899806240036,413.14810116988207,26.190247380836148,158.79847978445997
2024-03-26 18:00:00,337.53802937324036,4.061773577004876e-15,128.0925845844189,337.53802937324036,26.991279727590648,6.898391574116795e-14
2024-03-26 19:00:00,330.1611338788447,0.0,118.46694728805066,330.1611338788447,27.42966986710342,0.0
2024-03-26 20:00:00,366.4017741691513,0.0,137.61628688463904,366.4017741691513,29.246665946970634,0.0
2024-03-26 21:00:00,258.79369881417307,0.0,83.85255137474667,258.79369881417307,29.669226863482585,0.0
2024-03-26 22:00:00,36.36794314618321,0.0,0.0,36.36794314618321,30.30484607721124,0.0
2024-03-26 23:00:00,32.81728690753103,0.0,0.0,32.81728690753103,31.1849501161371,0.0
2024-03-27 00:00:00,34.889602609997084,0.0,0.0,34.889602609997084,32.991828633187474,0.0
2024-03-27 01:00:00,35.360364796270645,0.0,0.0,35.360364796270645,33.20053698052926,0.0
2024-03-27 02:00:00,36.175997231411166,0.0,0.0,36.175997231411166,32.932698439240234,0.0
2024-03-27 03:00:00,40.415229379756596,0.0,0.0,40.415229379756596,33.22675311231598,0.0
2024-03-27 04:00:00,43.183777165079356,0.0,0.0,43.183777165079356,32.788936917746426,0.0
2024-03-27 05:00:00,36.60304672907057,0.0,0.0,36.60304672907057,31.68832760586253,0.0
2024-03-27 06:00:00,228.57030122947313,0.0,58.7066903787182,228.57030122947313,31.38893363653039,0.0
2024-03-27 07:00:00,337.86827168633795,14.849051950810777,127.73191395623996,352.71732363714875,30.97872177635329,141.32158422679674
2024-03-27 08:00:00,317.2391057633346,35.96707460506414,123.79355724079029,353.20618036839875,30.069255113232273,327.28357411153496
2024-03-27 09:00:00,262.03853631556035,62.606926889733785,114.30489348284917,324.64546320529416,28.762337159223502,552.7749145900565
2024-03-27 10:00:00,271.4918164140615,65.98231053200622,116.53883736014818,337.4741269460677,28.37157238067701,561.9621406751423
2024-03-27 11:00:00,267.35392843832005,85.91934714799562,129.3845100124741,353.27327558631566,26.818334500638795,736.4446175011736
2024-03-27 12:00:00,264.5465841566005,82.49217592258739,133.4261033650919,347.03876007918785,26.27760315094182,689.8383432136924
2024-03-27 13:00:00,204.40491405703676,82.09629671029823,97.72758674781441,286.501210767335,26.27681810962544,675.0919731881773
2024-03-27 14:00:00,123.15127037464163,61.38962379524261,44.86005009512185,184.54089416988424,27.03196905132759,486.33981474760697
2024-03-27 15:00:00,300.3587567744925,68.04813806698644,139.52791791697098,368.40689484147896,26.484071404541385,519.2591601598027
2024-03-27 16:00:00,299.35547727945163,44.09800612056757,125.19986598041062,343.4534834000192,26.6144141652056,318.8183848993401
2024-03-27 17:00:00,337.18197764824583,30.25828993720025,138.00870076898963,367.44026758544607,28.08038124973443,188.59797804180292
2024-03-27 18:00:00,342.53379231278,3.5039707322094632e-15,127.53131571211625,342.53379231278,27.88971676568225,7.362756408109299e-14
2024-03-27 19:00:00,394.8854713862402,0.0,148.9776919251175,394.8854713862402,29.994685944068195,0.0
2024-03-27 20:00:00,368.0091896921228,0.0,148.8940703231254,368.0091896921228,29.52754442147365,0.0
2024-03-27 21:00:00,243.08439483524043,0.0,80.08388160686296,243.08439483524043,30.183188276517193,0.0
2024-03-27 22:00:00,31.984054013285668,0.0,0.0,31.984054013285668,31.450004995858084,0.0
2024-03-27 23:00:00,44.700166791527266,0.0,0.0,44.700166791527266,32.133517587018424,0.0
2024-03-28 00:00:00,38.77810471972905,0.0,0.0,38.77810471972905,32.69779392859498,0.0
2024-03-28 01:00:00,33.718737010045935,0.0,0.0,33.718737010045935,34.75229243461505,0.0
2024-03-28 02:00:00,36.681198957051,0.0,0.0,36.681198957051,33.72987828742672,0.0
2024-03-28 03:00:00,35.07047270949329,0.0,0.0,35.07047270949329,33.68343018237162,0.0
2024-03-28 04:00:00,37.10868515289326,0.0,0.0,37.10868515289326,32.87071428320117,0.0
2024-03-28 05:00:00,33.15707125282139,0.0,0.0,33.15707125282139,32.25660404530444,0.0
2024-03-28 06:00:00,239.05085834689527,0.0,61.771204514809604,239.05085834689527,32.33334418138295,0.0
2024-03-28 07:00:00,371.4444613367617,17.337663024863264,145.26146705020105,388.782124361625,30.13851077508804,186.32202202585472
2024-03-28 08:00:00,374.40672650898864,29.909770859835785,153.7995460077717,404.3164973688244,29.499132767128913,255.90596161458492
2024-03-28 09:00:00,308.9529189498951,57.386166867958906,134.41764762466246,366.33908581785397,29.041044092861497,503.2935358191774
2024-03-28 10:00:00,331.0041718939285,63.11402310324151,147.84928310049412,394.11819499717,28.996088656341254,538.7687788697395
2024-03-28 11:00:00,268.2581018460888,72.15215842321597,124.62844832568923,340.41026026930473,27.408432782886447,603.941213731573
2024-03-28 12:00:00,268.9548819273355,80.9409975091803,123.25960303503452,349.8958794365158,27.24755186891566,672.4645874697428
2024-03-28 13:00:00,190.5220040994535,80.75568182106575,98.65658768533305,271.2776859205193,26.703688951206406,662.1369422586394
2024-03-28 14:00:00,134.84840551010743,62.61547922242155,48.13629180272874,197.46388473252898,27.218694209992503,501.014240585177
2024-03-28 15:00:00,285.5526391921994,65.1066978161697,129.1125739586797,350.6593370083691,25.8974631024059,492.0548491104022
2024-03-28 16:00:00,279.91195666706676,44.74438776929956,109.37690780964108,324.65634443636634,27.40745769213995,324.9698278341448
2024-03-28 17:00:00,311.98024156213097,20.897844143867136,123.58084786040416,332.8780857059981,27.496241804499885,141.27982596177222
2024-03-28 18:00:00,341.79239374095647,3.0842792145691106e-15,121.57781988412262,341.79239374095647,28.783007100483804,7.695840106628003e-14
2024-03-28 19:00:00,352.5113863118086,0.0,125.95107546861294,352.5113863118086,28.755057292615117,0.0
2024-03-28 20:00:00,372.51665083414304,0.0,139.04843102181377,372.51665083414304,30.082761538455518,0.0
2024-03-28 21:00:00,262.1614727013441,0.0,85.38238659637025,262.1614727013441,30.92517830592658,0.0
2024-03-28 22:00:00,35.70043600765256,0.0,0.0,35.70043600765256,31.319347267863893,0.0
2024-03-28 23:00:00,28.185486927860275,0.0,0.0,28.185486927860275,31.905232231203527,0.0
2024-03-29 00:00:00,35.82620961154751,0.0,0.0,35.82620961154751,34.19454367108194,0.0
2024-03-29 01:00:00,41.10641095882007,0.0,0.0,41.10641095882007,34.89936639527721,0.0
2024-03-29 02:00:00,30.570504350711126,0.0,0.0,30.570504350711126,34.57520432661573,0.0
2024-03-29 03:00:00,34.93265073667269,0.0,0.0,34.93265073667269,34.6693640492658,0.0
2024-03-29 04:00:00,30.581865270257726,0.0,0.0,30.581865270257726,33.54185067477172,0.0
2024-03-29 05:00:00,31.825976452368874,0.0,0.0,31.825976452368874,33.74320921267903,0.0
2024-03-29 06:00:00,195.29771401061777,0.0,48.56322856356468,195.29771401061777,33.71545376208048,0.0
2024-03-29 07:00:00,337.096137719742,16.684024691402268,124.33950161150743,353.78016241114426,32.71211725961184,177.92742944707433
2024-03-29 08:00:00,360.7877896573429,36.74016772772496,149.62738809742342,397.52795738506785,31.4101994702544,337.8930195399862
2024-03-29 09:00:00,357.0468658228945,56.20388420058019,158.02145642848265,413.2507500234747,30.669620143416232,497.8185797028571
2024-03-29 10:00:00,352.5088759284299,57.85874634061426,151.9548775908351,410.36762226904415,29.289530240970894,484.9679061015743
2024-03-29 11:00:00,234.84861035069133,80.98245687183088,112.77452988790881,315.8310672225222,29.791006046260758,686.4518906142015
2024-03-29 12:00:00,313.8072570928058,95.55015904974287,151.0569964222652,409.3574161425487,29.45645277877939,817.7914501535852
2024-03-29 13:00:00,205.0060575739107,78.96097353975468,96.01487973776614,283.96703111366537,28.15533186210922,644.8600340027926
2024-03-29 14:00:00,52.3382432576075,71.06210892707116,0.0,123.40035218467867,29.249003356798717,568.9435804930198
2024-03-29 15:00:00,40.54420426503774,63.19296880867498,0.0,103.73717307371273,27.732828860988562,484.4602118475298
2024-03-29 16:00:00,340.6142056343573,56.826636471783814,138.04042430343887,397.4408421061411,27.79703190548796,408.0518184201959
2024-03-29 17:00:00,332.53420094419664,22.706132412874396,130.58364092042933,355.24033335707105,28.623974827568,151.11118710746874
2024-03-29 18:00:00,364.4700648075776,2.4053938209590556e-15,136.43346844461414,364.4700648075776,29.59391530623048,8.291957949509368e-14
2024-03-29 19:00:00,385.4650400875555,0.0,140.98401768965292,385.4650400875555,31.70382705651063,0.0
2024-03-29 20:00:00,397.80428546320667,0.0,150.62739820650688,397.80428546320667,31.313080875064994,0.0
2024-03-29 21:00:00,288.4392986250668,0.0,89.95871768858215,288.4392986250668,31.929699190224788,0.0
2024-03-29 22:00:00,35.02739576378426,0.0,0.0,35.02739576378426,32.75443100897926,0.0
2024-03-29 23:00:00,34.00477777691421,0.0,0.0,34.00477777691421,34.49854522894253,0.0
2024-03-30 00:00:00,45.585393420928746,0.0,0.0,45.585393420928746,33.396007144933854,0.0
2024-03-30 01:00:00,37.689778372153306,0.0,0.0,37.689778372153306,33.00426865636874,0.0
2024-03-30 02:00:00,38.93710392826253,0.0,0.0,38.93710392826253,32.42837529949522,0.0
2024-03-30 03:00:00,33.345355084326364,0.0,0.0,33.345355084326364,32.682710977190894,0.0
2024-03-30 04:00:00,39.96875149751346,0.0,0.0,39.96875149751346,33.757978189529105,0.0
2024-03-30 05:00:00,34.52201165248799,0.0,0.0,34.52201165248799,32.68554503396145,0.0
2024-03-30 06:00:00,61.73475051202491,0.0,0.0,61.73475051202491,31.648998045312954,0.0
2024-03-30 07:00:00,46.985626629066175,17.963146892811878,0.0,64.94877352187805,31.706550601968154,193.14466631395325
2024-03-30 08:00:00,14.469643273460186,45.96510186810581,0.0,60.434745141566,30.84543049393956,428.2101206675791
2024-03-30 09:00:00,13.900709985849005,47.05475767438419,0.0,60.9554676602332,28.94243089869433,400.9742664822
2024-03-30 10:00:00,0.0,78.46797953249396,0.0,60.18954346705467,28.107481477267967,678.5205132565642
2024-03-30 11:00:00,0.0,78.12636050875325,0.0,58.335673296852754,27.100370282324846,654.8951215293804
2024-03-30 12:00:00,0.0,88.12160048862985,0.0,58.82667548390749,26.692876800545697,733.9306370671187
2024-03-30 13:00:00,0.0,66.43306364325589,0.0,57.012228047767294,25.742364477622,528.7825299424196
2024-03-30 14:00:00,0.0,85.53091535943544,0.0,49.169940553214666,25.62107416944177,679.1728357671327
2024-03-30 15:00:00,0.0,68.07242014069487,0.0,62.97226420382684,25.62419753106911,517.914912697108
2024-03-30 16:00:00,17.348791297770966,46.134065832817576,0.0,63.48285713058854,27.377346947747988,334.8549289732779
2024-03-30 17:00:00,30.602824843782,29.8749388091603,0.0,60.4777636529423,26.610692511924604,186.78856212624333
2024-03-30 18:00:00,56.156524498923275,3.2884082881115416e-15,0.0,56.156524498923275,29.091248506886878,7.525324495239444e-14
2024-03-30 19:00:00,62.12627230508421,0.0,0.0,62.12627230508421,28.595211754075276,0.0
2024-03-30 20:00:00,60.52554948749651,0.0,0.0,60.52554948749651,30.734942310925067,0.0
2024-03-30 21:00:00,62.426792041063244,0.0,0.0,62.426792041063244,30.589606843959885,0.0
2024-03-30 22:00:00,33.51303912360903,0.0,0.0,33.51303912360903,30.833173972073563,0.0
2024-03-30 23:00:00,34.353125613918735,0.0,0.0,34.353125613918735,32.98303054071945,0.0
2024-03-31 00:00:00,12.195268645456782,0.0,0.0,12.195268645456782,33.71634292512518,0.0
2024-03-31 01:00:00,14.69227379217603,0.0,0.0,14.69227379217603,32.91203608994127,0.0
2024-03-31 02:00:00,17.829025871785134,0.0,0.0,17.829025871785134,33.31849506476431,0.0
2024-03-31 03:00:00,17.223193102896644,0.0,0.0,17.223193102896644,32.912163621794285,0.0
2024-03-31 04:00:00,10.043239854089975,0.0,0.0,10.043239854089975,32.95514676407971,0.0
2024-03-31 05:00:00,13.990013434557817,0.0,0.0,13.990013434557817,32.51310950593638,0.0
2024-03-31 06:00:00,17.975679140809945,0.0,0.0,17.975679140809945,31.55862966850532,0.0
2024-03-31 07:00:00,4.308432367240105,16.816023789456683,0.0,21.124456156696787,29.98074215822643,173.86055993731495
2024-03-31 08:00:00,0.0,44.85743071345483,0.0,14.355977564673253,29.69388154051802,415.1400324002248
2024-03-31 09:00:00,0.0,55.033413254243385,0.0,21.40998985761318,29.43021392198123,480.91699864529545
2024-03-31 10:00:00,0.0,61.7856948029408,0.0,15.264956015988702,28.129871426765074,525.0000613317815
2024-03-31 11:00:00,0.0,87.48685472598754,0.0,16.219648268075645,27.345727150129264,743.6153808153616
2024-03-31 12:00:00,0.0,87.21591105810201,0.0,14.11814529685868,26.487844012302112,724.5405970106831
2024-03-31 13:00:00,0.0,86.92784462518192,0.0,15.990090628135677,26.298555121452488,706.9052065764943
2024-03-31 14:00:00,0.0,83.4069374080141,0.0,18.548899780004135,27.188795251354012,664.3154745612536
2024-03-31 15:00:00,0.0,58.13272175315052,0.0,20.47066701876085,26.03369217765024,443.34694764997215
2024-03-31 16:00:00,0.0,46.134067035290194,0.0,16.080759719157637,27.31364383316011,333.46426652635176
2024-03-31 17:00:00,0.0,26.87584652779918,0.0,17.717754356994366,27.53297507436188,171.74444954325364
2024-03-31 18:00:00,16.437518645955347,3.828635851012483e-15,0.0,16.43751864595535,28.35672652962373,7.084619056995312e-14
2024-03-31 19:00:00,19.15068690246602,0.0,0.0,19.15068690246602,28.7122763996969,0.0
2024-03-31 20:00:00,14.544023669307633,0.0,0.0,14.544023669307633,29.808432515039073,0.0
2024-03-31 21:00:00,18.50843342177377,0.0,0.0,18.50843342177377,30.887327765835877,0.0
2024-03-31 22:00:00,13.816625315717996,0.0,0.0,13.816625315717996,31.473987715758433,0.0
2024-03-31 23:00:00,11.70121321077066,0.0,0.0,11.70121321077066,32.624910984234226,0.0
2024-04-01 00:00:00,39.80646659979698,0.0,0.0,39.80646659979698,32.0654173287268,0.0
2024-04-01 01:00:00,34.34784612273533,0.0,0.0,34.34784612273533,33.27270261124143,0.0
2024-04-01 02:00:00,35.21908338336788,0.0,0.0,35.21908338336788,32.44470392210092,0.0
2024-04-01 03:00:00,39.414389842284955,0.0,0.0,39.414389842284955,31.23022797167205,0.0
2024-04-01 04:00:00,39.02114547023447,0.0,0.0,39.02114547023447,32.418207361084605,0.0
2024-04-01 05:00:00,26.979758221518452,0.0,0.0,26.979758221518452,31.17854732075455,0.0
2024-04-01 06:00:00,196.02573478407697,0.0,53.506357890909996,196.02573478407697,31.56157158888816,0.0
2024-04-01 07:00:00,375.4083756650157,20.13594144156326,147.28341202824876,395.54431710657894,30.44693779153121,213.42841999608976
2024-04-01 08:00:00,375.69204946518505,39.83272538592607,158.9736569543044,415.5247748511111,28.552975215563947,362.31355297152453
2024-04-01 09:00:00,385.30448795477326,66.31897213089815,182.2624451065604,451.6234600856714,28.260693641496495,586.4361845891125
2024-04-01 10:00:00,247.0964310274295,74.29187067864417,114.54200852963288,321.38830170607366,26.75863133354579,641.0409738019988
2024-04-01 11:00:00,293.59291302062707,89.4754559636004,147.8793423519752,383.06836898422745,26.332080586474163,758.7803842950777
2024-04-01 12:00:00,257.2357859499931,92.28243016985041,133.4357218910031,349.5182161198435,26.11251240135117,775.3526471477669
2024-04-01 13:00:00,152.3187529946211,89.68240690538182,81.55938207598433,242.00115990000293,25.981368618431247,741.9002882650718
2024-04-01 14:00:00,156.3972605595403,81.99355508500605,69.21013110128935,238.39081564454636,25.753211821862852,647.0462003591325
2024-04-01 15:00:00,315.97559001842933,64.90941130319831,149.12280191114849,380.88500132162767,25.462363331364408,497.09954700236676
2024-04-01 16:00:00,261.37063682738597,60.12028222643133,120.74425689865666,321.49091905381727,27.016231944214802,433.13730610229527
2024-04-01 17:00:00,368.2137032618852,26.28629992142637,155.0045849588338,394.50000318331155,26.148224970003273,168.6916187140833
2024-04-01 18:00:00,445.33500335930984,2.0387573442858676e-15,189.5647869432559,445.33500335930984,26.252008591570082,8.830058036251325e-14
2024-04-01 19:00:00,346.4708788925906,0.0,129.04461365002513,346.4708788925906,27.192392601956247,0.0
2024-04-01 20:00:00,435.85877440857166,0.0,165.89376366367568,435.85877440857166,29.542612772480904,0.0
2024-04-01 21:00:00,328.05616444464476,0.0,109.31480102163995,328.05616444464476,29.67314910535515,0.0
2024-04-01 22:00:00,27.301513952996288,0.0,0.0,27.301513952996288,30.635137656446776,0.0
2024-04-01 23:00:00,28.986592479287363,0.0,0.0,28.986592479287363,31.009220701610477,0.0
2024-04-02 00:00:00,32.92375080958682,0.0,0.0,32.92375080958682,33.884826452763846,0.0
2024-04-02 01:00:00,35.39331846927246,0.0,0.0,35.39331846927246,34.067281240705,0.0
2024-04-02 02:00:00,38.50820876062259,0.0,0.0,38.50820876062259,34.81566418583295,0.0
2024-04-02 03:00:00,40.93703195885154,0.0,0.0,40.93703195885154,34.4121392124111,0.0
2024-04-02 04:00:00,39.291970870814495,0.0,0.0,39.291970870814495,34.328680381315145,0.0
2024-04-02 05:00:00,33.11762072354799,0.0,0.0,33.11762072354799,33.72468170597956,0.0
2024-04-02 06:00:00,235.31129443537975,0.0,62.68863711803258,235.31129443537975,32.61714941235146,0.0
2024-04-02 07:00:00,463.387863338328,18.902954089704266,187.86600503578092,482.29081742803226,31.256590124375343,199.3981481275169
2024-04-02 08:00:00,356.6090910449742,33.12382620473788,147.10797960135667,389.7329172497121,30.307188981168235,290.21677231867204
2024-04-02 09:00:00,384.96189282499495,50.74871022679373,180.27355560290582,435.71060305178867,31.68754791715662,441.1448456631855
2024-04-02 10:00:00,36.02932173929919,86.35235330041854,0.0,122.38167503971773,30.06917550137957,759.7623022312374
2024-04-02 11:00:00,342.6339060867617,73.56810566562353,156.98761030959483,416.20201175238526,29.275306328460605,625.6518373738751
2024-04-02 12:00:00,263.3245019263966,91.91071669746876,134.07653455225338,355.2352186238653,27.71169646242893,773.7342285952188
2024-04-02 13:00:00,189.33433027209153,79.13145531524239,85.03365220944109,268.4657855873339,27.704103254037733,652.0994723502778
2024-04-02 14:00:00,129.52891631987984,79.4138051051596,48.23162134738175,208.94272142503945,27.172407382976328,635.1130999233135
2024-04-02 15:00:00,370.1690774803643,62.55081882063369,166.85786134258004,432.719896300998,27.04330733957323,480.254898500865
2024-04-02 16:00:00,361.43534363884817,52.769738041121755,164.9702330195123,414.2050816799699,27.754613105734524,384.99371898996174
2024-04-02 17:00:00,374.5117192012859,29.84000637387205,158.7476748682711,404.35172557515796,29.268307526729785,190.9321407159815
2024-04-02 18:00:00,398.73717862625386,2.22585264660834e-15,155.56725691666216,398.73717862625386,29.750461462629897,8.48974499043429e-14
2024-04-02 19:00:00,442.5348951105426,0.0,178.88207001188798,442.5348951105426,29.68919812049808,0.0
2024-04-02 20:00:00,408.6148319040237,0.0,162.19032114510122,408.6148319040237,30.922680754089175,0.0
2024-04-02 21:00:00,260.5091765193943,0.0,89.2586032644169,260.5091765193943,32.360517022995026,0.0
2024-04-02 22:00:00,39.217989876779946,0.0,0.0,39.217989876779946,32.54460308157424,0.0
2024-04-02 23:00:00,32.35524184034475,0.0,0.0,32.35524184034475,33.59475563573719,0.0
2024-04-03 00:00:00,32.80445785814951,0.0,0.0,32.80445785814951,33.53833374726207,0.0
2024-04-03 01:00:00,34.69367506890586,0.0,0.0,34.69367506890586,33.88252677841794,0.0
2024-04-03 02:00:00,31.009268532713048,0.0,0.0,31.009268532713048,33.93339382432928,0.0
2024-04-03 03:00:00,37.14188206054515,0.0,0.0,37.14188206054515,33.36021291560462,0.0
2024-04-03 04:00:00,35.008292578697464,0.0,0.0,35.008292578697464,33.06192272997026,0.0
2024-04-03 05:00:00,38.38711734316657,0.0,0.0,38.38711734316657,32.214369918876734,0.0
2024-04-03 06:00:00,235.0869213000661,0.0,63.92753802989476,235.0869213000661,31.275652813732997,0.0
2024-04-03 07:00:00,462.18216623587904,15.43728057295702,189.74820548405367,477.6194468088361,31.154813397497843,146.09392162608054
2024-04-03 08:00:00,403.79274326417743,34.29481931797641,167.29912851500518,438.08756258215385,30.71445091777773,302.5086455792054
2024-04-03 09:00:00,360.02113003920823,44.99069771800789,151.3587881237378,405.0118277572161,28.71031325554834,379.6394165087329
2024-04-03 10:00:00,358.32766858530687,54.65709866389538,156.7995590153372,412.98476724920226,28.692807732546264,454.1197358585162
2024-04-03 11:00:00,346.0528139530854,70.1504269623756,164.79821506247953,416.203240915461,28.223762983022915,592.8569684042068
2024-04-03 12:00:00,331.4429606182005,67.79067585264956,150.86789492938507,399.23363647085006,26.356865312827924,549.8504887553217
2024-04-03 13:00:00,199.3197729053885,66.36863998295301,89.6848041462436,265.68841288834153,26.790290168404287,542.1638456173775
2024-04-03 14:00:00,161.5530491640544,60.21666341976747,62.92867158603869,221.7697125838219,27.62942621071332,483.44673858623963
2024-04-03 15:00:00,380.7966140281967,60.31318526999364,181.42566931411574,441.10979929819035,27.201551227351082,464.7856031438674
2024-04-03 16:00:00,394.69663327450576,40.845032604449884,169.95788008233092,435.54166587895565,26.340003622707453,299.98258741637466
2024-04-03 17:00:00,362.94264556812254,23.493994856038345,151.0499204319907,386.4366404241609,28.160617107537025,156.33582861923017
2024-04-03 18:00:00,431.75038997543686,2.5981107659490563e-15,171.18695360468124,431.75038997543686,28.18245271336997,8.119097407952129e-14
2024-04-03 19:00:00,401.56624931833744,0.0,157.6350312364856,401.56624931833744,29.74610791767169,0.0
2024-04-03 20:00:00,418.40963633721526,0.0,162.92726647558396,418.40963633721526,29.961280227183746,0.0
2024-04-03 21:00:00,283.8776250866161,0.0,96.89674511272463,283.8776250866161,31.185671546136973,0.0
2024-04-03 22:00:00,36.209850343817656,0.0,0.0,36.209850343817656,31.78754972620266,0.0
2024-04-03 23:00:00,36.80811480514727,0.0,0.0,36.80811480514727,32.7827737060063,0.0
2024-04-04 00:00:00,35.3537522397953,0.0,0.0,35.3537522397953,32.46259478431451,0.0
2024-04-04 01:00:00,39.988994573274184,0.0,0.0,39.988994573274184,32.984117229258985,0.0
2024-04-04 02:00:00,28.24523791329433,0.0,0.0,28.24523791329433,32.627343453869145,0.0
2024-04-04 03:00:00,36.03189766514526,0.0,0.0,36.03189766514526,33.34121614774322,0.0
2024-04-04 04:00:00,32.56737774156311,0.0,0.0,32.56737774156311,32.83387747559198,0.0
2024-04-04 05:00:00,32.415711413563876,0.0,0.0,32.415711413563876,31.381753605125326,0.0
2024-04-04 06:00:00,214.86717061240398,0.0,49.70538105453266,214.86717061240398,31.96160428812545,0.0
2024-04-04 07:00:00,312.5145987516213,15.632646110529842,109.5028830827752,328.1472448621511,30.53286863605606,148.04511071959325
2024-04-04 08:00:00,389.03768164525013,35.018826154351316,161.0692873777327,424.05650779960143,29.79602715614244,310.7091191700564
2024-04-04 09:00:00,344.15001835792856,52.4001496440934,144.0674350315675,396.55016800202196,29.191560136180257,452.2366476263411
2024-04-04 10:00:00,285.41025198763566,65.06841078863188,131.68161421105364,350.4786627762675,28.129267079204478,552.3027329035591
2024-04-04 11:00:00,321.74902613409563,65.68158398902956,144.5533531758625,387.4306101231252,27.82287380310202,541.7219324060335
2024-04-04 12:00:00,353.3138913051978,80.90256661213229,172.06311982693987,434.21645791733005,26.53740928367624,673.9023821106541
2024-04-04 13:00:00,222.86582194786064,69.89931592467731,97.8814527404839,292.76513787253793,26.851620259126268,565.8914573086927
2024-04-04 14:00:00,165.3686878641617,66.65034737778186,67.86209557776546,232.01903524194356,26.276608266928147,533.9492836281005
2024-04-04 15:00:00,368.8917236845558,53.74055377750304,164.6362550337587,422.6322774620589,26.588222278266095,417.14323072330944
2024-04-04 16:00:00,337.91222338053575,39.562501384468625,143.028396229974,377.4747247650044,26.8858716311779,293.6317222031898
2024-04-04 17:00:00,417.3945533993877,18.976308647396408,169.73058126057273,436.3708620467841,27.860637386526335,132.66385715862486
2024-04-04 18:00:00,428.0438669133775,3.18860986745806e-15,166.725399728817,428.0438669133775,28.325852144804134,7.614775399518335e-14
2024-04-04 19:00:00,398.2077690932264,0.0,155.64963780554453,398.2077690932264,28.58780656001074,0.0
2024-04-04 20:00:00,401.25448384162536,0.0,158.4267329701134,401.25448384162536,29.394512436024563,0.0
2024-04-04 21:00:00,303.4363142790586,0.0,101.98880234566874,303.4363142790586,30.596135542085893,0.0
2024-04-04 22:00:00,28.69458730699873,0.0,0.0,28.69458730699873,31.08509523748486,0.0
2024-04-04 23:00:00,35.71883355999131,0.0,0.0,35.71883355999131,31.663923591514227,0.0
2024-04-05 00:00:00,30.8176130374185,0.0,0.0,30.8176130374185,32.155646809218,0.0
2024-04-05 01:00:00,30.939008662617155,0.0,0.0,30.939008662617155,32.79469314371887,0.0
2024-04-05 02:00:00,34.57682521470825,0.0,0.0,34.57682521470825,34.68128731117725,0.0
2024-04-05 03:00:00,38.601819587684965,0.0,0.0,38.601819587684965,33.24107439781834,0.0
2024-04-05 04:00:00,34.181425753409364,0.0,0.0,34.181425753409364,34.17140319377759,0.0
2024-04-05 05:00:00,34.037871149396736,0.0,0.0,34.037871149396736,32.86503516535219,0.0
2024-04-05 06:00:00,213.9669562806584,0.0,58.27846931101678,213.9669562806584,31.913705119803435,0.0
2024-04-05 07:00:00,432.6339024692789,20.165871466936018,174.6341566984677,452.79977393621493,30.344148230069692,209.8569269708063
2024-04-05 08:00:00,394.41733854405993,32.704956079491964,166.40022994321194,427.1222946235519,30.19091857840951,285.09016258498394
2024-04-05 09:00:00,366.5881953785466,39.74153494604047,157.53556187311318,406.32973032458705,30.228809356246778,333.3119714883575
2024-04-05 10:00:00,378.0235657896095,67.52644404203673,181.61697337183782,445.55000983164626,29.217402502629856,577.1608012926882
2024-04-05 11:00:00,311.8313181448067,62.886054916276265,137.11427779900706,374.7173730610829,27.85082972281736,524.3061000338157
2024-04-05 12:00:00,324.9871216045529,82.9196074818429,150.25208983519775,407.9067290863958,26.58316103442344,696.7982802094767
2024-04-05 13:00:00,202.89584030338608,68.3639485956221,88.05272995006496,271.2597888990082,26.329261065985172,556.9660702779519
2024-04-05 14:00:00,175.97294723213494,59.95897978335063,65.25597359236829,235.93192701548557,26.262288208925256,476.33988452897364
2024-04-05 15:00:00,383.8578135913945,53.118099485921185,176.12300577533833,436.9759130773157,27.446921202291097,413.3202755246437
2024-04-05 16:00:00,341.88177450824395,44.849418206216,142.01740446032585,386.73119271445995,27.973355435430328,327.81947365927886
2024-04-05 17:00:00,458.7803325284293,22.189939372564073,209.56159455899314,480.9702719009934,27.811656813952364,150.31276981721774
2024-04-05 18:00:00,391.85952476536517,4.079820394792309e-15,147.0615883271568,391.85952476536517,28.287043912859907,6.861657268717434e-14
2024-04-05 19:00:00,408.13707919475,0.0,163.18076469568047,408.13707919475,30.057072721093153,0.0
2024-04-05 20:00:00,405.96790512078206,0.0,157.54230926452075,405.96790512078206,29.699297360189007,0.0
2024-04-05 21:00:00,286.36327410967016,0.0,94.93617905304446,286.36327410967016,31.120362452280492,0.0
2024-04-05 22:00:00,34.689683308774356,0.0,0.0,34.689683308774356,32.17006713039455,0.0
2024-04-05 23:00:00,36.08329710263795,0.0,0.0,36.08329710263795,32.2320575611862,0.0
2024-04-06 00:00:00,21.717048810939367,0.0,0.0,21.717048810939367,34.5655264048674,0.0
2024-04-06 01:00:00,17.701700328079696,0.0,0.0,17.701700328079696,34.87626620473545,0.0
2024-04-06 02:00:00,14.870839716381118,0.0,0.0,14.870839716381118,36.06075803031156,0.0
2024-04-06 03:00:00,19.970698150305253,0.0,0.0,19.970698150305253,36.190318632857796,0.0
2024-04-06 04:00:00,18.62759236505132,0.0,0.0,18.62759236505132,34.94087978068133,0.0
2024-04-06 05:00:00,8.313049457080325,0.0,0.0,8.313049457080325,34.19315904294904,0.0
2024-04-06 06:00:00,17.170325800933707,0.0,0.0,17.170325800933707,33.30247406482087,0.0
2024-04-06 07:00:00,5.420620998960786,20.048016344784006,0.0,25.468637343744792,32.7591344169015,209.05331448490273
2024-04-06 08:00:00,0.0,43.24036497601132,0.0,16.30021290679663,31.577283726599124,397.12934659401753
2024-04-06 09:00:00,0.0,56.448305585641215,0.0,10.287720160424227,30.898012823281082,497.6810396712327
2024-04-06 10:00:00,0.0,63.98387798850737,0.0,17.73454733631265,30.30901101381948,550.004234566514
2024-04-06 11:00:00,0.0,86.15839334189067,0.0,11.647467915370239,29.17486439676942,742.9650552886529
2024-04-06 12:00:00,0.0,92.01919895680491,0.0,14.525350028243333,28.72651165776493,778.7292845965519
2024-04-06 13:00:00,0.0,93.83743181962325,0.0,13.867772984577021,28.378926967769626,792.1580636145262
2024-04-06 14:00:00,0.0,71.3240057052754,0.0,19.386842001225197,28.193612884954447,576.8301512051062
2024-04-06 15:00:00,0.0,60.68848814124706,0.0,20.18512996624083,28.250930271797674,472.5861498788112
2024-04-06 16:00:00,0.0,52.454643337053035,0.0,22.705818110232226,29.202403990540382,386.0894616463769
2024-04-06 17:00:00,0.0,29.30390760157899,0.0,21.529951439787514,28.49215285367638,189.40838726511117
2024-04-06 18:00:00,16.077498192140755,3.567962538453233e-15,0.0,16.07749819214076,30.88953453181815,7.273282912649901e-14
2024-04-06 19:00:00,17.57153890269082,0.0,0.0,17.57153890269082,31.014292676060194,0.0
2024-04-06 20:00:00,24.601949977207763,0.0,0.0,24.601949977207763,32.157403390310776,0.0
2024-04-06 21:00:00,20.398380624648553,0.0,0.0,20.398380624648553,33.12080015175078,0.0
2024-04-06 22:00:00,17.587262933895182,0.0,0.0,17.587262933895182,33.24836502230223,0.0
2024-04-06 23:00:00,14.630961669409995,0.0,0.0,14.630961669409995,33.87008905838081,0.0
2024-04-07 00:00:00,13.945607944016706,0.0,0.0,13.945607944016706,31.809089980934804,0.0
2024-04-07 01:00:00,16.539127762556102,0.0,0.0,16.539127762556102,32.55134208711363,0.0
2024-04-07 02:00:00,25.043264784797227,0.0,0.0,25.043264784797227,33.1437380557917,0.0
2024-04-07 03:00:00,10.894874370548385,0.0,0.0,10.894874370548385,32.38299508941751,0.0
2024-04-07 04:00:00,17.808765096279622,0.0,0.0,17.808765096279622,32.62919044335087,0.0
2024-04-07 05:00:00,20.389458056355487,0.0,0.0,20.389458056355487,30.585048834738505,0.0
2024-04-07 06:00:00,11.890223126084958,0.0,0.0,11.890223126084958,30.851352109028564,0.0
2024-04-07 07:00:00,9.512936867859066,15.647209263421084,0.0,25.16014613128015,30.78357105168079,146.43061126471295
2024-04-07 08:00:00,0.0,36.588038504882654,0.0,18.90311189799408,29.20865006549972,324.5678711037816
2024-04-07 09:00:00,0.0,41.06142390841773,0.0,13.95428355672371,27.973697234074283,340.81524870174553
2024-04-07 10:00:00,0.0,60.059291873844245,0.0,17.98881552817803,27.21571409894739,503.36403635086396
2024-04-07 11:00:00,0.0,55.7113131910049,0.0,14.25390078441266,25.305250694329168,452.1682826971632
2024-04-07 12:00:00,0.0,63.10053533448462,0.0,17.318938785894296,25.75714581156469,514.035444973479
2024-04-07 13:00:00,0.0,77.55357916603676,0.0,16.353335006880926,26.442016004260744,635.6059646393422
2024-04-07 14:00:00,0.0,64.19481554940305,0.0,13.342695117556211,25.502834326568074,511.3495516614995
2024-04-07 15:00:00,0.0,52.11827463485063,0.0,11.210646303106177,25.681123137003837,403.04830275253096
2024-04-07 16:00:00,0.0,36.07911614947681,0.0,23.424448484841673,25.09714070325245,268.67172045178137
2024-04-07 17:00:00,0.0,22.09109539715418,0.0,18.745004662947938,26.003843079306993,149.46244707483268
2024-04-07 18:00:00,19.15279224857346,3.2608725541232024e-15,0.0,19.152792248573462,28.139160299316064,7.557699690501651e-14
2024-04-07 19:00:00,14.917172021430016,0.0,0.0,14.917172021430016,28.696916092488145,0.0
2024-04-07 20:00:00,19.92912381858828,0.0,0.0,19.92912381858828,28.645416194296473,0.0
2024-04-07 21:00:00,16.656257067670477,0.0,0.0,16.656257067670477,29.884716172088403,0.0
2024-04-07 22:00:00,15.032815608657593,0.0,0.0,15.032815608657593,31.029549538516797,0.0
2024-04-07 23:00:00,23.895158761416177,0.0,0.0,23.895158761416177,31.170945578090727,0.0
2024-04-08 00:00:00,38.15891364754892,0.0,0.0,38.15891364754892,31.51902541416442,0.0
2024-04-08 01:00:00,32.81018371336887,0.0,0.0,32.81018371336887,32.79114364096771,0.0
2024-04-08 02:00:00,30.278494683430136,0.0,0.0,30.278494683430136,33.27631272376231,0.0
2024-04-08 03:00:00,29.270194482225655,0.0,0.0,29.270194482225655,33.1666774945524,0.0
2024-04-08 04:00:00,32.11857971303752,0.0,0.0,32.11857971303752,32.958716048692295,0.0
2024-04-08 05:00:00,33.11138542561116,0.0,0.0,33.11138542561116,31.188103545938688,0.0
2024-04-08 06:00:00,216.25448373955507,0.0,58.0078076481538,216.25448373955507,31.268959397589153,0.0
2024-04-08 07:00:00,439.2183318153816,16.785207547208543,174.3138569737787,456.0035393625901,30.261649418419946,163.23303589014907
2024-04-08 08:00:00,340.3586666625739,36.589440978409726,144.05074023931806,376.9481076409836,29.446398099927087,324.69566975114105
2024-04-08 09:00:00,293.6911042290792,60.985939107646324,129.639366925971,354.67704333672555,28.47825096799979,533.1896270627976
2024-04-08 10:00:00,326.7108176669418,62.77573866850431,139.82854044241768,389.4865563354461,27.409784352371926,530.5565237480023
2024-04-08 11:00:00,364.0395511965148,81.57334078200016,180.26372100401312,445.612891978515,25.506239481414966,684.1909922187721
2024-04-08 12:00:00,359.4188922567891,86.91257917679401,177.19490545800662,446.3314714335831,27.039834039715483,729.0877658865439
2024-04-08 13:00:00,175.72312525198106,74.46806217287497,75.53162279609508,250.19118742485603,26.27426313340149,609.1244240250185
2024-04-08 14:00:00,169.33336309922805,67.54205872687574,68.12649646941964,236.87542182610377,25.247863548907432,536.4531047140792
2024-04-08 15:00:00,296.60739665281807,55.66609740815482,126.28455645319708,352.2734940609729,26.345833877160324,431.6528057745287
2024-04-08 16:00:00,363.33787506938074,41.70748765609639,157.07116133918802,405.0453627254771,26.23526712592941,308.007386517983
2024-04-08 17:00:00,335.3029005750718,27.916259836036865,138.47791293582748,363.2191604111087,26.805648550313904,181.27156909474814
2024-04-08 18:00:00,431.2938366054031,2.7429663882562075e-15,171.52980919470306,431.2938366054031,27.355801141931167,7.997116145163257e-14
2024-04-08 19:00:00,421.05711749228203,0.0,166.2359092272781,421.05711749228203,28.852607021142994,0.0
2024-04-08 20:00:00,436.22153684151186,0.0,172.9283733106367,436.22153684151186,29.090096656917584,0.0
2024-04-08 21:00:00,273.9140292278071,0.0,91.70998378521725,273.9140292278071,29.847457757489206,0.0
2024-04-08 22:00:00,33.26746582001879,0.0,0.0,33.26746582001879,31.80588084797868,0.0
2024-04-08 23:00:00,40.513632094040844,0.0,0.0,40.513632094040844,31.875441471945237,0.0
2024-04-09 00:00:00,29.638366287722764,0.0,0.0,29.638366287722764,34.960048655208176,0.0
2024-04-09 01:00:00,33.444285814933565,0.0,0.0,33.444285814933565,35.72967538910882,0.0
2024-04-09 02:00:00,35.94831031558719,0.0,0.0,35.94831031558719,35.16890958653566,0.0
2024-04-09 03:00:00,40.90828467490226,0.0,0.0,40.90828467490226,35.14936674264705,0.0
2024-04-09 04:00:00,39.45251328670146,0.0,0.0,39.45251328670146,35.1866494850657,0.0
2024-04-09 05:00:00,35.5323717257384,0.0,0.0,35.5323717257384,33.70688786987978,0.0
2024-04-09 06:00:00,228.37043816714956,0.0,61.794627680256205,228.37043816714956,33.863252460342856,0.0
2024-04-09 07:00:00,353.7900735488441,15.280208975194181,133.88687882360279,369.07028252403825,32.530713865226886,141.48670209307687
2024-04-09 08:00:00,346.4350563757261,35.987573879431295,141.26986756737972,382.4226302551574,32.43043923318632,322.5341281697327
2024-04-09 09:00:00,401.4601510270003,54.19346234044523,172.43940159888737,455.65361336744553,31.370167942524876,476.7662192259033
2024-04-09 10:00:00,313.6691494765573,78.5995500459426,163.2844231799169,392.2686995224999,30.45997711544626,686.2263581687624
2024-04-09 11:00:00,338.98754845923025,74.53262134102583,159.14327617482888,413.5201698002561,28.72434987852855,635.856094105266
2024-04-09 12:00:00,395.6997280828167,57.53501254215816,177.37829172260092,453.23474062497485,28.919916326126298,474.3532842473946
2024-04-09 13:00:00,182.2908092077809,75.70442673681305,82.2136563470597,257.99523594459396,28.03332926473987,622.6433668245038
2024-04-09 14:00:00,147.86596327738692,90.4916694485812,67.53693176236918,238.35763272596813,28.484270985470232,744.7411904550138
2024-04-09 15:00:00,313.841565704563,65.56183582527703,138.92828325030965,379.40340152984,27.464322706502138,507.4159889331669
2024-04-09 16:00:00,409.0643813755296,39.41124600204073,180.77651346162483,448.47562737757033,28.201197889525588,295.0615898629625
2024-04-09 17:00:00,394.2928462800621,27.297191131374444,166.0754682211837,421.5900374114366,30.122346007225925,180.31271542573137
2024-04-09 18:00:00,436.44791798957544,3.553165794613807e-15,172.6908964310014,436.44791798957544,30.437229524962024,7.291029251215644e-14
2024-04-09 19:00:00,386.9270303074973,0.0,146.44906347052753,386.9270303074973,30.91992835536009,0.0
2024-04-09 20:00:00,454.06839917554584,0.0,191.8680470480217,454.06839917554584,31.548331275615638,0.0
2024-04-09 21:00:00,309.29199368287567,0.0,113.38637207059777,309.29199368287567,32.366442636024026,0.0
2024-04-09 22:00:00,29.33526808381469,0.0,0.0,29.33526808381469,33.852780814503014,0.0
2024-04-09 23:00:00,31.96855738863301,0.0,0.0,31.96855738863301,34.30576051631549,0.0
2024-04-10 00:00:00,28.974612969841587,0.0,0.0,28.974612969841587,34.3953422985268,0.0
2024-04-10 01:00:00,30.103321453548585,0.0,0.0,30.103321453548585,33.87928832562919,0.0
2024-04-10 02:00:00,37.211938324711646,0.0,0.0,37.211938324711646,34.120290039744894,0.0
2024-04-10 03:00:00,35.833180884795595,0.0,0.0,35.833180884795595,33.27741845160668,0.0
2024-04-10 04:00:00,30.705921086294047,0.0,0.0,30.705921086294047,33.44166909427959,0.0
2024-04-10 05:00:00,39.27828399136044,0.0,0.0,39.27828399136044,33.15429923030953,0.0
2024-04-10 06:00:00,246.87058392527126,0.0,65.71138782919417,246.87058392527126,32.15453693801604,0.0
2024-04-10 07:00:00,446.65877578264934,14.358062393046957,176.01037198123603,461.0168381756963,31.253982184694333,126.6408338568891
2024-04-10 08:00:00,374.2529076975564,31.18674175013941,152.74528302508864,405.4396494476958,30.75438460643029,268.3330567021108
2024-04-10 09:00:00,317.90074106550185,52.704987624032924,137.52142059191377,370.60572868953477,30.4424747765443,460.62379566681284
2024-04-10 10:00:00,358.97031305669304,75.27810833982991,170.03370065164003,434.248421396523,28.91341447877654,646.2125375939718
2024-04-10 11:00:00,311.89768648452207,73.47342986601188,143.0208661140006,385.37111635053395,28.688149201206283,621.7118879748944
2024-04-10 12:00:00,362.9782084693064,79.11468134342795,178.13596727090186,442.09288981273437,27.870642069136483,662.4774398872228
2024-04-10 13:00:00,221.55560325937014,73.86844874918208,104.40225940775593,295.4240520085522,27.752366088944814,599.8718547108041
2024-04-10 14:00:00,172.60982180652596,58.93245520377581,64.48190269838827,231.54227701030177,26.78606983194931,469.1207264880409
2024-04-10 15:00:00,347.97717380812014,52.64267350131402,160.32391015257798,400.6198473094342,27.10672565411869,411.85414917800625
2024-04-10 16:00:00,395.584329830483,34.79509225379535,173.08129361590656,430.37942208427836,27.45845409499476,263.79754961739195
2024-04-10 17:00:00,390.1307101168837,19.100668436703973,161.82438336376723,409.23137855358766,28.3891946777517,135.23768238233947
2024-04-10 18:00:00,399.3440832300303,2.760931195958854e-15,151.1297277950373,399.3440832300303,29.23713620472856,7.963059529764801e-14
2024-04-10 19:00:00,363.5296494666204,0.0,133.64651122210614,363.5296494666204,29.74759123131975,0.0
2024-04-10 20:00:00,433.68561631339776,0.0,172.60267073832185,433.68561631339776,31.02928308231056,0.0
2024-04-10 21:00:00,290.8794744914978,0.0,97.96284855353923,290.8794744914978,31.215130712990764,0.0
2024-04-10 22:00:00,31.457079803278305,0.0,0.0,31.457079803278305,32.78361857007219,0.0
2024-04-10 23:00:00,41.16277871250635,0.0,0.0,41.16277871250635,33.57370824886848,0.0
2024-04-11 00:00:00,42.00485063021603,0.0,0.0,42.00485063021603,34.67354200226217,0.0
2024-04-11 01:00:00,31.551289116302584,0.0,0.0,31.551289116302584,34.751530199806645,0.0
2024-04-11 02:00:00,28.32587369165188,0.0,0.0,28.32587369165188,35.160366582256785,0.0
2024-04-11 03:00:00,29.051103121333448,0.0,0.0,29.051103121333448,34.23744307544679,0.0
2024-04-11 04:00:00,34.87154190312106,0.0,0.0,34.87154190312106,34.43397496147994,0.0
2024-04-11 05:00:00,33.05889810716616,0.0,0.0,33.05889810716616,33.92883388861978,0.0
2024-04-11 06:00:00,266.76066573869304,0.0,80.36065848471476,266.76066573869304,32.38894708447856,0.0
2024-04-11 07:00:00,414.23032657827076,16.95996774943867,155.98939928514568,431.1902943277094,32.446863700382885,166.1442686022946
2024-04-11 08:00:00,379.3624642179783,34.51392388053331,162.25706783607365,413.8763880985116,30.679295553213393,303.34342794391324
2024-04-11 09:00:00,372.54278925155944,47.37923925373544,162.62668102557026,419.92202850529486,30.183879109240763,402.6788305099982
2024-04-11 10:00:00,364.04853840875944,56.73179143044188,167.74941263873632,420.78032983920133,29.57358539569245,480.1459301652733
2024-04-11 11:00:00,320.6158613795562,56.7109003953301,142.27165690928405,377.3267617748863,28.463462989584983,467.5382598627522
2024-04-11 12:00:00,333.3939484277553,69.7821024416608,156.2838597687416,403.1760508694161,28.313893022118922,581.5697494337863
2024-04-11 13:00:00,206.25851528960942,83.07181948070325,102.32138150840082,289.3303347703127,27.956243019260672,685.3645725008886
2024-04-11 14:00:00,161.8521998597564,58.58719855272532,60.903590400957626,220.43939841248172,27.39361409637488,467.97084981488166
2024-04-11 15:00:00,379.25131480012226,50.14513427571337,169.94547271463304,429.3964490758356,28.206951753454728,394.4770147789182
2024-04-11 16:00:00,361.8905703206773,53.837523999056884,159.02327649558652,415.72809431973417,27.890537751155648,398.98018603687535
2024-04-11 17:00:00,390.21047293782306,23.253640477659825,163.82946931399013,413.46411341548287,29.972818369268733,158.7798887282235
2024-04-11 18:00:00,432.54066774726937,2.3008644191315163e-15,175.63039851392926,432.54066774726937,29.498965504389,8.404157976195537e-14
2024-04-11 19:00:00,394.0831736240416,0.0,153.91914937793945,394.0831736240416,29.81219118570046,0.0
2024-04-11 20:00:00,345.1025892185571,0.0,134.63334343063636,345.1025892185571,30.811534032947414,0.0
2024-04-11 21:00:00,286.5241390229602,0.0,91.98308765808876,286.5241390229602,32.78336180626228,0.0
2024-04-11 22:00:00,28.953645971065928,0.0,0.0,28.953645971065928,32.849129091195074,0.0
2024-04-11 23:00:00,38.855135830516716,0.0,0.0,38.855135830516716,33.09669674629223,0.0
2024-04-12 00:00:00,33.82748655307576,0.0,0.0,33.82748655307576,34.44004757881624,0.0
2024-04-12 01:00:00,37.16982694051777,0.0,0.0,37.16982694051777,34.15505574012952,0.0
2024-04-12 02:00:00,34.010818827257296,0.0,0.0,34.010818827257296,34.8088120475665,0.0
2024-04-12 03:00:00,31.67864783989826,0.0,0.0,31.67864783989826,34.830625696846624,0.0
2024-04-12 04:00:00,37.79163416028823,0.0,0.0,37.79163416028823,34.15042297465663,0.0
2024-04-12 05:00:00,38.78360361159039,0.0,0.0,38.78360361159039,34.6549297240024,0.0
2024-04-12 06:00:00,211.980223600812,0.0,57.799002359148076,211.980223600812,31.86973104554021,0.0
2024-04-12 07:00:00,322.5686248621834,18.085204138551585,124.01965718854103,340.653829000735,31.478993912229743,180.63084306432174
2024-04-12 08:00:00,371.1058662412371,35.727969139394915,155.819764372032,406.833835380632,30.854127289704845,316.85437963418383
2024-04-12 09:00:00,365.1322105787739,46.67570598404726,160.63473288002925,411.80791656282116,31.20682239845206,398.84681884881934
2024-04-12 10:00:00,358.72266941081114,70.77571601403943,173.57699114923622,429.4983854248506,30.13110352705793,619.648672568524
2024-04-12 11:00:00,279.4465533231559,80.25861736057006,139.55586031396817,359.70517068372595,29.15157399155087,685.8238986885881
2024-04-12 12:00:00,335.02159070270875,81.97359831183792,158.89428488621905,416.99518901454667,27.553951408388333,684.5624128251719
2024-04-12 13:00:00,226.27123457541848,86.7809000438607,105.16046308787652,313.0521346192792,27.262604530109872,725.2996368884902
2024-04-12 14:00:00,132.15694549434676,81.49152335411382,59.37972261870724,213.6484688484606,27.067822274436597,661.7248818078924
2024-04-12 15:00:00,351.04984993056337,68.72298549273722,165.94549270866514,419.7728354233006,27.209648455974705,536.4219847806035
2024-04-12 16:00:00,406.62065114238055,47.73769009978426,182.66405863155902,454.35834124216484,28.697365682399276,355.0177140794689
2024-04-12 17:00:00,315.06009847375185,25.096219470744185,128.1669751438206,340.15631794449604,28.38534499615599,168.31977199517283
2024-04-12 18:00:00,412.3674405127923,2.0542117726907702e-15,161.7943055562448,412.3674405127923,29.176353209684855,9.609365424043287e-14
2024-04-12 19:00:00,447.9898879857067,0.0,175.8155155789555,447.9898879857067,30.463429027609717,0.0
2024-04-12 20:00:00,399.3007443340626,0.0,151.97627276185332,399.3007443340626,30.150338304989837,0.0
2024-04-12 21:00:00,313.56978705273474,0.0,107.60488172804116,313.56978705273474,31.914291860500217,0.0
2024-04-12 22:00:00,25.107100803061186,0.0,0.0,25.107100803061186,32.18366642767036,0.0
2024-04-12 23:00:00,36.340089638105084,0.0,0.0,36.340089638105084,33.309768565880574,0.0
2024-04-13 00:00:00,13.371251393683885,0.0,0.0,13.371251393683885,33.19547710351319,0.0
2024-04-13 01:00:00,15.425435663641451,0.0,0.0,15.425435663641451,33.51934855624337,0.0
2024-04-13 02:00:00,21.3623983854922,0.0,0.0,21.3623983854922,34.070389440600444,0.0
2024-04-13 03:00:00,11.758855107328513,0.0,0.0,11.758855107328513,33.948945630455256,0.0
2024-04-13 04:00:00,14.575140015812828,0.0,0.0,14.575140015812828,33.3787771558758,0.0
2024-04-13 05:00:00,11.4575477202965,0.0,0.0,11.4575477202965,33.11781444289576,0.0
2024-04-13 06:00:00,20.507352743196428,0.0,0.0,20.507352743196428,31.77329126682049,0.0
2024-04-13 07:00:00,6.356514925711359,16.15912496651915,0.0,22.51563989223051,31.7042581296258,151.59996385453988
2024-04-13 08:00:00,0.0,31.056028003036456,0.0,15.773328541576841,30.354499026168458,265.12854796003205
2024-04-13 09:00:00,0.0,42.31905993116147,0.0,11.135905012366322,29.30990009831949,353.36494049943803
2024-04-13 10:00:00,0.0,62.32887761579321,0.0,19.33318670972204,28.31021913139577,525.7399892884997
2024-04-13 11:00:00,0.0,58.67081760458259,0.0,25.192552308202632,27.862026072861006,486.1616395157917
2024-04-13 12:00:00,0.0,57.2022575744428,0.0,18.243601027410367,28.361829252424684,471.4279321264384
2024-04-13 13:00:00,0.0,51.544574540355164,0.0,11.945276056942827,27.04520126018423,416.2012597087108
2024-04-13 14:00:00,0.0,59.05853991206445,0.0,23.962132723038444,26.385396769175543,474.57131505005833
2024-04-13 15:00:00,0.0,53.269614114774605,0.0,13.821198012377595,27.536267678628047,416.18442570482983
2024-04-13 16:00:00,0.0,32.156712540731924,0.0,15.629133170745094,27.190545406105848,245.35658779562985
2024-04-13 17:00:00,0.0,22.442106110438214,0.0,7.522877236588,28.12460430527058,153.72800616310397
2024-04-13 18:00:00,19.305539173637417,4.816196510298379e-15,0.0,19.30553917363742,28.404768262033972,4.223031310883211e-14
2024-04-13 19:00:00,13.111955716770078,0.0,0.0,13.111955716770078,30.192118537460022,0.0
2024-04-13 20:00:00,21.16833377692696,0.0,0.0,21.16833377692696,30.162218658924278,0.0
2024-04-13 21:00:00,15.525488139457348,0.0,0.0,15.525488139457348,32.062394184394854,0.0
2024-04-13 22:00:00,21.2412716858529,0.0,0.0,21.2412716858529,31.68296824498287,0.0
2024-04-13 23:00:00,15.630963770921358,0.0,0.0,15.630963770921358,32.78601907854244,0.0
2024-04-14 00:00:00,18.030218936477006,0.0,0.0,18.030218936477006,33.81312786322066,0.0
2024-04-14 01:00:00,16.515916977971596,0.0,0.0,16.515916977971596,33.54686856142414,0.0
2024-04-14 02:00:00,17.34583287086931,0.0,0.0,17.34583287086931,34.71777402792455,0.0
2024-04-14 03:00:00,15.816642580751632,0.0,0.0,15.816642580751632,33.32821122441446,0.0
2024-04-14 04:00:00,15.455398335899389,0.0,0.0,15.455398335899389,33.241651396747606,0.0
2024-04-14 05:00:00,17.764187258822197,0.0,0.0,17.764187258822197,33.50948942719906,0.0
2024-04-14 06:00:00,9.735016020191065,0.0,0.0,9.735016020191065,31.075079448650598,0.0
2024-04-14 07:00:00,5.657477516778734,18.181312684272164,0.0,23.838790201050898,30.169032698289787,179.0499039895966
2024-04-14 08:00:00,0.0,39.165415535201305,0.0,20.029714487178257,29.68428696841703,347.0655459648812
2024-04-14 09:00:00,0.0,51.828955269780984,0.0,16.53360686048017,29.582860743899573,446.5825036226406
2024-04-14 10:00:00,0.0,57.981957253157496,0.0,17.597801960595703,27.527115465355763,482.9675067556941
2024-04-14 11:00:00,0.0,66.93336181475681,0.0,17.03321221129592,27.90569185114983,554.5109289399351
2024-04-14 12:00:00,0.0,63.999415026504664,0.0,17.142055279541246,27.314305491020644,531.1563603777266
2024-04-14 13:00:00,0.0,60.68697932281258,0.0,13.885101802308041,27.708495781610974,499.06393114018016
2024-04-14 14:00:00,0.0,55.09187856651604,0.0,20.147036233396634,27.104783519777918,444.18105586569527
2024-04-14 15:00:00,0.0,49.313102686884164,0.0,17.12838231687342,26.883325783758885,385.5850608777346
2024-04-14 16:00:00,0.0,33.60872732217607,0.0,16.722899737378654,27.73051861135268,256.8164810826914
2024-04-14 17:00:00,5.682494280569156,16.82194634151872,0.0,22.504440622087877,27.876619293426252,122.53274412047435
2024-04-14 18:00:00,16.526322857624773,3.3840034851903e-15,0.0,16.526322857624777,28.102006029708132,7.457442110657374e-14
2024-04-14 19:00:00,20.14069901129865,0.0,0.0,20.14069901129865,28.60387151063848,0.0
2024-04-14 20:00:00,9.83805619182404,0.0,0.0,9.83805619182404,29.797358255175194,0.0
2024-04-14 21:00:00,22.117092466460473,0.0,0.0,22.117092466460473,30.967870777606997,0.0
2024-04-14 22:00:00,16.92770540540715,0.0,0.0,16.92770540540715,31.919550259696535,0.0
2024-04-14 23:00:00,17.667779806469724,0.0,0.0,17.667779806469724,31.48931699213127,0.0
2024-04-15 00:00:00,19.75434903098855,0.0,0.0,19.75434903098855,34.419178372764115,0.0
2024-04-15 01:00:00,14.907907865672566,0.0,0.0,14.907907865672566,34.89290090376704,0.0
2024-04-15 02:00:00,25.88558136672026,0.0,0.0,25.88558136672026,35.2716383494205,0.0
2024-04-15 03:00:00,16.695391733269048,0.0,0.0,16.695391733269048,35.69201046024549,0.0
2024-04-15 04:00:00,18.684487239402145,0.0,0.0,18.684487239402145,34.62178530794875,0.0
2024-04-15 05:00:00,14.092787999705031,0.0,0.0,14.092787999705031,33.517961923009636,0.0
2024-04-15 06:00:00,45.07607410921518,0.0,0.0,45.07607410921518,32.338829935179845,0.0
2024-04-15 07:00:00,20.48639387741775,15.981106008339896,0.0,36.46749988575765,32.747241763895595,148.8104697707059
2024-04-15 08:00:00,9.737980402574578,33.69937998279123,0.0,43.43736038536581,31.063325947241875,294.46834162667517
2024-04-15 09:00:00,9.97430985695955,45.553889104213575,0.0,55.528198961173125,31.025421457702432,389.4655063277735
2024-04-15 10:00:00,0.0,66.82506351774863,0.0,51.24921973931579,30.446579703061865,579.9282621605589
2024-04-15 11:00:00,0.0,81.5666181430723,0.0,42.6826676155887,28.250958509838078,702.3758363926223
2024-04-15 12:00:00,0.0,68.31946996202736,0.0,25.13067046264523,28.743726993114525,567.1965102128632
2024-04-15 13:00:00,0.0,76.76394954567596,0.0,34.12503460775489,28.763440440138513,635.3384890261162
2024-04-15 14:00:00,0.0,60.1714133183013,0.0,53.048456726677024,28.507389289620722,482.9103217084292
2024-04-15 15:00:00,0.0,55.40338108683865,0.0,28.250489027792145,27.068939516513616,433.48132586835754
2024-04-15 16:00:00,0.0,38.53495725210956,0.0,38.206262772178846,28.039954691338192,291.8721035261838
2024-04-15 17:00:00,23.462373248051453,26.374351563594967,0.0,49.83672481164642,28.382905639952455,176.50250821637204
2024-04-15 18:00:00,36.44968364281826,3.714847915025138e-15,0.0,36.449683642818265,30.009606004554108,7.159546697152364e-14
2024-04-15 19:00:00,43.791480577310814,0.0,0.0,43.791480577310814,30.798666280864506,0.0
2024-04-15 20:00:00,39.67733094584014,0.0,0.0,39.67733094584014,30.148923688010267,0.0
2024-04-15 21:00:00,47.007672832035624,0.0,0.0,47.007672832035624,32.25332047417548,0.0
2024-04-15 22:00:00,12.201908800338167,0.0,0.0,12.201908800338167,33.648229542151135,0.0
2024-04-15 23:00:00,17.676689864911282,0.0,0.0,17.676689864911282,34.04673135674556,0.0
2024-04-16 00:00:00,18.594122151328374,0.0,0.0,18.594122151328374,34.99902625436885,0.0
2024-04-16 01:00:00,17.94842401363554,0.0,0.0,17.94842401363554,35.09304743002577,0.0
2024-04-16 02:00:00,21.131019419374557,0.0,0.0,21.131019419374557,34.865333410836044,0.0
2024-04-16 03:00:00,16.624294051230997,0.0,0.0,16.624294051230997,35.26701636143988,0.0
2024-04-16 04:00:00,11.349593257899748,0.0,0.0,11.349593257899748,34.95193952023648,0.0
2024-04-16 05:00:00,19.573021485545326,0.0,0.0,19.573021485545326,34.677304875692776,0.0
2024-04-16 06:00:00,44.84439073866707,0.0,0.0,44.84439073866707,33.99305384352112,0.0
2024-04-16 07:00:00,26.851360656098,16.970533562857366,0.0,43.821894218955364,32.843601248813826,163.30605290058577
2024-04-16 08:00:00,0.0,42.99474225346128,0.0,30.482232038957207,32.4422580636658,391.64675267641974
2024-04-16 09:00:00,0.0,57.80738411753422,0.0,48.19972584134252,30.801474889446677,510.62813490821975
2024-04-16 10:00:00,0.0,71.72521675584731,0.0,43.925012028912384,29.42279159643352,618.4689861528962
2024-04-16 11:00:00,0.0,83.96618802486216,0.0,27.201615657822035,29.65845698192957,721.4152966516746
2024-04-16 12:00:00,0.0,95.13972119259451,0.0,41.92715071946445,28.926904745322474,825.590665192419
2024-04-16 13:00:00,0.0,81.2465744926111,0.0,45.93596288732105,28.762529247201577,683.5356731015626
2024-04-16 14:00:00,0.0,72.97721636186924,0.0,58.56557613652841,27.762578207231922,594.1493080388722
2024-04-16 15:00:00,0.0,71.47490879805734,0.0,43.82368697631027,29.40946153366717,572.2744477650355
2024-04-16 16:00:00,0.0,50.909887942032825,0.0,41.93993956748505,29.218966174959668,384.0947128358483
2024-04-16 17:00:00,12.745041999802197,25.596786623301483,0.0,38.34182862310368,29.275931701720907,173.4763446491134
2024-04-16 18:00:00,53.55892413556384,2.208076572370941e-15,0.0,53.55892413556384,29.677077308391063,8.511904689198772e-14
2024-04-16 19:00:00,56.77896969992523,0.0,0.0,56.77896969992523,31.527513928730684,0.0
2024-04-16 20:00:00,34.509718420902814,0.0,0.0,34.509718420902814,31.343918990341457,0.0
2024-04-16 21:00:00,42.409065688824455,0.0,0.0,42.409065688824455,33.93135295162824,0.0
2024-04-16 22:00:00,18.26975431948661,0.0,0.0,18.26975431948661,33.33820141142372,0.0
2024-04-16 23:00:00,14.215933821292342,0.0,0.0,14.215933821292342,35.229930222829104,0.0
2024-04-17 00:00:00,28.02805382109717,0.0,0.0,28.02805382109717,34.73987803712849,0.0
2024-04-17 01:00:00,33.0579374202599,0.0,0.0,33.0579374202599,35.97213976284121,0.0
2024-04-17 02:00:00,31.74812247530614,0.0,0.0,31.74812247530614,34.933591763006056,0.0
2024-04-17 03:00:00,37.87558518653314,0.0,0.0,37.87558518653314,35.1911845977044,0.0
2024-04-17 04:00:00,37.27286659071666,0.0,0.0,37.27286659071666,35.23448959475013,0.0
2024-04-17 05:00:00,29.162162491449948,0.0,0.0,29.162162491449948,34.60693831892014,0.0
2024-04-17 06:00:00,240.6785381259462,0.0,66.9955972442122,240.6785381259462,34.101406933248256,0.0
2024-04-17 07:00:00,92.67790017259114,16.801215371378024,0.0,109.47911554396916,32.463156616877356,159.61516579083371
2024-04-17 08:00:00,412.9845035492452,35.082222827402816,166.67382099194222,448.066726376648,31.84343020284422,308.6452240739699
2024-04-17 09:00:00,431.6100126249128,43.374062066320434,186.6774845613292,474.9840746912333,31.519353646559527,365.5787669838697
2024-04-17 10:00:00,362.24557259082957,59.15342546809352,162.2250004509528,421.3989980589231,29.698398265559838,506.0709536964127
2024-04-17 11:00:00,285.16631109104276,83.03875833282538,135.95721876389885,368.20506942386817,29.6124228128256,713.9993290470194
2024-04-17 12:00:00,319.76435326491145,69.01658299688553,147.5617440115307,388.78093626179697,28.660356983284906,570.7366187030746
2024-04-17 13:00:00,235.0740670633438,60.88761798091273,104.12353474573848,295.9616850442565,28.52322267769888,501.6940051822123
2024-04-17 14:00:00,170.80769859504696,59.62120622367498,69.29174471501938,230.42890481872195,28.34330112462654,483.9939890557351
2024-04-17 15:00:00,360.32239687505427,52.0195705449129,152.60802716703955,412.34196741996715,28.026144049015095,409.47105649788045
2024-04-17 16:00:00,413.8653178757862,36.65192837323488,185.91773783718577,450.5172462490211,28.63959050711256,280.29263219701056
2024-04-17 17:00:00,100.88390401945361,20.894479271538753,0.0,121.77838329099237,29.398618408304753,147.44690756011542
2024-04-17 18:00:00,128.70116559580768,4.955829354822755e-15,0.0,128.70116559580768,29.99966401706325,5.6624251810850524e-14
2024-04-17 19:00:00,447.39124182796576,0.0,164.3399611896843,447.39124182796576,31.68152733345761,0.0
2024-04-17 20:00:00,370.48948551661726,0.0,136.54509445717065,370.48948551661726,32.3060037948275,0.0
2024-04-17 21:00:00,284.56014214858675,0.0,93.4558513289198,284.56014214858675,32.85188292352488,0.0
2024-04-17 22:00:00,33.87133811765956,0.0,0.0,33.87133811765956,33.169452925059566,0.0
2024-04-17 23:00:00,33.236886769505844,0.0,0.0,33.236886769505844,33.86388820462325,0.0
2024-04-18 00:00:00,32.57924253768274,0.0,0.0,32.57924253768274,33.095428470508516,0.0
2024-04-18 01:00:00,37.23162404488194,0.0,0.0,37.23162404488194,31.95323171359842,0.0
2024-04-18 02:00:00,38.86507243414178,0.0,0.0,38.86507243414178,32.634363848698044,0.0
2024-04-18 03:00:00,44.31992425651226,0.0,0.0,44.31992425651226,32.63864878880886,0.0
2024-04-18 04:00:00,28.32541159075481,0.0,0.0,28.32541159075481,31.95286112712666,0.0
2024-04-18 05:00:00,29.926263004096896,0.0,0.0,29.926263004096896,31.051205891487015,0.0
2024-04-18 06:00:00,268.2817346248913,0.0,77.9960763292205,268.2817346248913,30.434985720119535,0.0
2024-04-18 07:00:00,378.79446430612194,19.538514726427664,142.97429649165656,398.3329790325496,29.710048196329588,191.80747018851113
2024-04-18 08:00:00,395.6345818976823,40.92891584311546,167.34623184222542,436.5634977407978,28.72268760507389,364.75402971256426
2024-04-18 09:00:00,325.9719923763318,58.14512956054735,139.31847463861203,384.11712193687913,28.835427578354423,509.13736848208646
2024-04-18 10:00:00,303.7446069852655,67.96184623172998,142.81014549156512,371.70645321699544,27.322871042886465,578.3363902806299
2024-04-18 11:00:00,289.3007685528826,78.52515576280193,135.22496814058317,367.8259243156845,26.34065975489606,670.2563612154839
2024-04-18 12:00:00,341.1732936711464,91.03406497150884,172.3218678378218,432.2073586426552,26.099824148310844,756.1117428416635
2024-04-18 13:00:00,204.69665794449725,73.34286767940561,86.26538709845505,278.0395256239029,26.0306716002585,604.4062529835068
2024-04-18 14:00:00,162.9827936636404,68.2525721363327,70.98521311769012,231.2353657999731,25.40512418659399,543.4535208402928
2024-04-18 15:00:00,327.04658349942605,62.409700135749226,149.13170796131897,389.4562836351753,26.147684295199,487.2487924435454
2024-04-18 16:00:00,364.83992964462254,47.5604275823471,159.51598836000304,412.4003572269696,25.410771739198964,353.423160369761
2024-04-18 17:00:00,386.38944229080977,23.105682726197113,163.97924802476,409.4951250170069,27.18821212152807,158.56625676140112
2024-04-18 18:00:00,346.4098365293319,2.519776689995293e-15,132.03419791377746,346.4098365293319,27.32295786973667,8.200273046992255e-14
2024-04-18 19:00:00,410.8221559092025,0.0,160.7074756915962,410.8221559092025,28.147561205888092,0.0
2024-04-18 20:00:00,409.5968379981951,0.0,163.01089010094344,409.5968379981951,28.730926877390353,0.0
2024-04-18 21:00:00,302.5731566927851,0.0,105.27316053003477,302.5731566927851,29.369375632224894,0.0
2024-04-18 22:00:00,35.85229978719846,0.0,0.0,35.85229978719846,29.994098071715083,0.0
2024-04-18 23:00:00,28.656947223019223,0.0,0.0,28.656947223019223,31.170919439300803,0.0
2024-04-19 00:00:00,33.31101435797544,0.0,0.0,33.31101435797544,35.39081874495991,0.0
2024-04-19 01:00:00,33.31540348061567,0.0,0.0,33.31540348061567,34.96599440227261,0.0
2024-04-19 02:00:00,29.02573074326063,0.0,0.0,29.02573074326063,34.79166912855104,0.0
2024-04-19 03:00:00,28.624776470740066,0.0,0.0,28.624776470740066,34.99210095800604,0.0
2024-04-19 04:00:00,35.961633355993996,0.0,0.0,35.961633355993996,34.90456547590657,0.0
2024-04-19 05:00:00,39.307167174907974,0.0,0.0,39.307167174907974,34.36801634423494,0.0
2024-04-19 06:00:00,214.49531933207643,0.0,56.95512864678102,214.49531933207643,33.75144676729182,0.0
2024-04-19 07:00:00,367.4604913278691,18.06866674858818,144.63190590240296,385.52915807645724,33.48806305229796,177.2064806190194
2024-04-19 08:00:00,80.32524999827814,37.26292055144872,0.0,117.58817054972685,32.69052044045894,332.94835937982987
2024-04-19 09:00:00,60.429604620810444,49.41369489515795,0.0,109.8432995159684,32.162757816249034,428.7944298093109
2024-04-19 10:00:00,355.56283309189854,58.516561204784225,148.1680855305924,414.0793942966828,29.50343956306391,495.6464260390311
2024-04-19 11:00:00,304.88665549515844,76.58680496578138,138.04554242031656,381.4734604609398,29.163077527092113,655.3615495813103
2024-04-19 12:00:00,341.0323057199374,71.52590596003942,152.5115319133634,412.55821167997686,29.384046886697536,598.9881897145258
2024-04-19 13:00:00,203.37328047215385,62.82680815183288,84.92409757787141,266.20008862398674,28.458137221638943,519.9590933223456
2024-04-19 14:00:00,185.00144839894452,50.26454186034775,65.5060209259246,235.26599025929227,28.99628645633781,407.07947381145084
2024-04-19 15:00:00,333.5691571680817,50.39871666438003,140.49260226838663,383.96787383246175,28.78870954445887,400.89410864835645
2024-04-19 16:00:00,387.2832524958492,43.41410776766763,172.82324919830162,430.6973602635168,29.824406413186058,328.9213509835843
2024-04-19 17:00:00,383.90248350307104,29.466570655875604,160.8487129197074,413.36905415894665,30.11237754422662,200.1982725834691
2024-04-19 18:00:00,426.02798445503095,3.4020317302995236e-15,173.31457408034785,426.02798445503095,30.846401534692685,7.411221650536188e-14
2024-04-19 19:00:00,329.623889934575,0.0,119.33288925865973,329.623889934575,30.954090759207524,0.0
2024-04-19 20:00:00,356.3328183015795,0.0,129.80912631011665,356.3328183015795,32.01716279842906,0.0
2024-04-19 21:00:00,319.36790485922194,0.0,106.71575630134275,319.36790485922194,32.81913315048834,0.0
2024-04-19 22:00:00,30.72419586236048,0.0,0.0,30.72419586236048,33.06294714958825,0.0
2024-04-19 23:00:00,32.53999290165304,0.0,0.0,32.53999290165304,35.27665158331388,0.0
2024-04-20 00:00:00,42.3613414628248,0.0,0.0,42.3613414628248,33.47426026262996,0.0
2024-04-20 01:00:00,35.0597060511091,0.0,0.0,35.0597060511091,33.27870452493409,0.0
2024-04-20 02:00:00,34.721676045822505,0.0,0.0,34.721676045822505,34.22277394869281,0.0
2024-04-20 03:00:00,33.0895599424709,0.0,0.0,33.0895599424709,33.13603426360098,0.0
2024-04-20 04:00:00,33.76784338758946,0.0,0.0,33.76784338758946,32.18249937398072,0.0
2024-04-20 05:00:00,31.40682508401802,0.0,0.0,31.40682508401802,33.049036305562545,0.0
2024-04-20 06:00:00,59.693477055534856,0.0,0.0,59.693477055534856,31.181197578404827,0.0
2024-04-20 07:00:00,48.150976091726555,17.676285764591505,0.0,65.82726185631806,30.878456620009658,169.16227953271223
2024-04-20 08:00:00,19.87814086556248,41.1885854978959,0.0,61.06672636345838,30.173539215354705,369.638833111451
2024-04-20 09:00:00,21.28721166088131,42.055394055539594,0.0,63.342605716420906,29.357343709473383,351.0826222530932
2024-04-20 10:00:00,0.0,77.63676953425343,0.0,61.05753477024022,28.744678223064724,673.1895003453712
2024-04-20 11:00:00,0.0,89.01684573295547,0.0,60.968763520314766,27.886029673943668,764.9616121456203
2024-04-20 12:00:00,0.0,81.41753561314015,0.0,60.4589135031924,27.314335044998302,682.5878592103335
2024-04-20 13:00:00,0.0,83.73650385833005,0.0,64.150407374792,26.294361411922843,698.1587171671191
2024-04-20 14:00:00,0.0,76.5586216763502,0.0,61.36445273553618,26.717599473596653,625.9351417687631
2024-04-20 15:00:00,0.0,56.863816251507224,0.0,56.121858450132514,25.936962317926035,446.5159696505732
2024-04-20 16:00:00,12.405286770030806,48.08409023483475,0.0,60.48937700486555,27.820457630943704,360.95089330104935
2024-04-20 17:00:00,38.104608168461304,23.28756873597863,0.0,61.392176904439935,26.8943215489008,160.17393852485895
2024-04-20 18:00:00,60.64641822073437,3.007081363919081e-15,0.0,60.64641822073437,28.147257775584652,7.764933836054578e-14
2024-04-20 19:00:00,66.36890404600562,0.0,0.0,66.36890404600562,28.50517391759061,0.0
2024-04-20 20:00:00,57.53782666346143,0.0,0.0,57.53782666346143,29.70539455203,0.0
2024-04-20 21:00:00,62.5807978320322,0.0,0.0,62.5807978320322,30.983058560537675,0.0
2024-04-20 22:00:00,30.95905819872265,0.0,0.0,30.95905819872265,31.556098645704825,0.0
2024-04-20 23:00:00,39.39485222482547,0.0,0.0,39.39485222482547,33.117474558188555,0.0
2024-04-21 00:00:00,19.8520718197982,0.0,0.0,19.8520718197982,32.73850397617313,0.0
2024-04-21 01:00:00,19.753800893024394,0.0,0.0,19.753800893024394,32.743250082343636,0.0
2024-04-21 02:00:00,17.101465658004148,0.0,0.0,17.101465658004148,33.027173589959176,0.0
2024-04-21 03:00:00,17.254166150209148,0.0,0.0,17.254166150209148,33.5845551754859,0.0
2024-04-21 04:00:00,12.734208556660015,0.0,0.0,12.734208556660015,33.07948890983396,0.0
2024-04-21 05:00:00,10.777706982078127,0.0,0.0,10.777706982078127,31.499452842091408,0.0
2024-04-21 06:00:00,17.616675332512518,0.0,0.0,17.616675332512518,31.003638697876394,0.0
2024-04-21 07:00:00,1.0865891692162286,17.03827302378423,0.0,18.12486219300046,30.737226122147206,159.26382743017783
2024-04-21 08:00:00,0.0,32.609027032108614,0.0,19.023321028097815,29.770647847959715,278.6652442716664
2024-04-21 09:00:00,0.0,57.46758927980878,0.0,20.752528252504085,28.162907126387992,501.2727210301404
2024-04-21 10:00:00,0.0,58.85846753345143,0.0,17.00421917489372,28.21852784959951,496.53189643759333
2024-04-21 11:00:00,0.0,75.09365602829703,0.0,14.201990861998205,26.673653750700083,635.7567890676142
2024-04-21 12:00:00,0.0,74.72644760726932,0.0,18.02783777121745,27.214789028628832,626.1811810077829
2024-04-21 13:00:00,0.0,64.63210122791817,0.0,19.437772502657225,26.47794874105927,532.7947264220621
2024-04-21 14:00:00,0.0,63.75943886456825,0.0,17.801547201578302,25.528002329623337,506.892777585717
2024-04-21 15:00:00,0.0,66.63207977312962,0.0,19.553541778672866,25.948685812202754,520.9252066853642
2024-04-21 16:00:00,0.0,43.11145047977701,0.0,17.710596749703114,26.289645334436347,323.46358767478716
2024-04-21 17:00:00,0.0,20.22951484650982,0.0,17.331438440002785,27.19902918144445,143.6201831090212
2024-04-21 18:00:00,14.776616409858537,2.713024675664646e-15,0.0,14.77661640985854,27.74197610593995,8.019062580449353e-14
2024-04-21 19:00:00,25.939407998691628,0.0,0.0,25.939407998691628,28.115353440396483,0.0
2024-04-21 20:00:00,24.046826792429663,0.0,0.0,24.046826792429663,28.89683498183491,0.0
2024-04-21 21:00:00,11.591618709447939,0.0,0.0,11.591618709447939,30.77434288000395,0.0
2024-04-21 22:00:00,18.573232795068577,0.0,0.0,18.573232795068577,31.48708298722828,0.0
2024-04-21 23:00:00,16.619686713158572,0.0,0.0,16.619686713158572,32.121607067701625,0.0
2024-04-22 00:00:00,35.81643206110393,0.0,0.0,35.81643206110393,33.463261606603595,0.0
2024-04-22 01:00:00,33.76723310421939,0.0,0.0,33.76723310421939,33.36808758212705,0.0
2024-04-22 02:00:00,27.3233550915389,0.0,0.0,27.3233550915389,33.8888029427654,0.0
2024-04-22 03:00:00,33.907057969262496,0.0,0.0,33.907057969262496,34.9467999383817,0.0
2024-04-22 04:00:00,35.84507192004494,0.0,0.0,35.84507192004494,33.915179237496936,0.0
2024-04-22 05:00:00,42.10623706981208,0.0,0.0,42.10623706981208,32.62747627255083,0.0
2024-04-22 06:00:00,208.82666877901096,0.0,58.46701781941519,208.82666877901096,31.785120890327214,0.0
2024-04-22 07:00:00,359.3295611191681,17.111188772759064,134.40447165773404,376.44074989192717,29.77245372299087,158.27390157932854
2024-04-22 08:00:00,369.5644342808765,30.588309736003506,154.3075000967974,400.15274401688004,30.83115384037018,259.5945215043502
2024-04-22 09:00:00,382.6057147023634,44.61646124808306,161.31694551730885,427.22217595044646,29.784242782906414,375.37728961900206
2024-04-22 10:00:00,346.088096159888,55.89468867526967,155.01127131907378,401.98278483515764,28.274892779239586,468.00436023246624
2024-04-22 11:00:00,361.78432534608424,69.49255894807298,164.87122280726177,431.27688429415724,27.106079188286355,589.5945044132791
2024-04-22 12:00:00,326.52878352662844,81.2945832554,162.73687793028725,407.8233667820284,26.68808412903743,684.6450134349893
2024-04-22 13:00:00,216.13656840363367,76.72938574737637,97.14743019540708,292.86595415101004,27.138265303105804,640.3375918895354
2024-04-22 14:00:00,174.35450187899352,65.4746346107455,71.49473722552047,239.829136489739,26.752136397046574,534.8564520796131
2024-04-22 15:00:00,355.29656068021495,42.91746554362252,157.27665985585352,398.2140262238375,27.261862380669736,340.6395740958056
2024-04-22 16:00:00,369.5198629620191,31.073128719133667,156.8136110227371,400.59299168115274,27.308939419816387,241.00961813407505
2024-04-22 17:00:00,419.0131857100449,23.18011803451858,170.14428095912558,442.1933037445635,28.30531244578316,161.36571876827412
2024-04-22 18:00:00,427.79921834469934,4.8789395025617395e-15,166.20439039637665,427.79921834469934,28.731594334073957,5.886709434513317e-14
2024-04-22 19:00:00,375.1533860881483,0.0,143.279982679069,375.1533860881483,29.805337796099348,0.0
2024-04-22 20:00:00,398.37696534271623,0.0,156.04920848340447,398.37696534271623,29.251965058416864,0.0
2024-04-22 21:00:00,289.9543122741543,0.0,98.64126497937154,289.9543122741543,30.585500636487925,0.0
2024-04-22 22:00:00,29.21810617041196,0.0,0.0,29.21810617041196,31.86463092893402,0.0
2024-04-22 23:00:00,41.93817837799912,0.0,0.0,41.93817837799912,33.31146489048087,0.0
2024-04-23 00:00:00,35.98027371170711,0.0,0.0,35.98027371170711,35.468707898577875,0.0
2024-04-23 01:00:00,37.451085666992014,0.0,0.0,37.451085666992014,34.79597662311677,0.0
2024-04-23 02:00:00,27.19337551427065,0.0,0.0,27.19337551427065,34.69156409035438,0.0
2024-04-23 03:00:00,37.7772181480335,0.0,0.0,37.7772181480335,33.90061024218131,0.0
2024-04-23 04:00:00,33.68585889960739,0.0,0.0,33.68585889960739,34.96022491758059,0.0
2024-04-23 05:00:00,35.39124541989289,0.0,0.0,35.39124541989289,33.69713256885415,0.0
2024-04-23 06:00:00,213.07619754901702,0.0,59.30298271651748,213.07619754901702,34.72652145697755,0.0
2024-04-23 07:00:00,362.47916142466966,19.23385653514374,149.00798656808652,381.7130179598134,32.03351882014004,188.3689075606707
2024-04-23 08:00:00,332.8987870538965,39.99801133398128,135.58452864785608,372.8967983878778,32.54999167072881,361.11493398799735
2024-04-23 09:00:00,272.9934698267532,44.74057291755426,112.09622503296491,317.73404274430743,30.965671156233388,379.75446541186756
2024-04-23 10:00:00,346.4233421949165,64.59074629175764,151.60826139298769,411.0140884866741,29.233221922637796,551.6019010591217
2024-04-23 11:00:00,322.94055663813765,87.68912250967976,159.50475131541128,410.6296791478174,29.138552282467355,761.3321499217486
2024-04-23 12:00:00,284.9337553744941,83.09092013797252,140.2472265526264,368.0246755124667,28.851955472328175,702.6668099054314
2024-04-23 13:00:00,245.70403135114628,68.72728489598795,107.52089176978787,314.43131624713425,28.003987634028448,568.8856751666009
2024-04-23 14:00:00,112.79935992640496,91.61442557910347,56.40578890130283,204.41378550550843,28.416345477574627,758.3688124913334
2024-04-23 15:00:00,366.5961434805938,61.492999091873045,171.87235627725593,428.08914257246687,28.524592309961072,491.04810835719246
2024-04-23 16:00:00,366.9794482193052,47.63125774212724,164.0940531045227,414.6107059614324,28.764434459350007,362.9279235900679
2024-04-23 17:00:00,437.14908639393644,27.506716232634336,191.77728242490383,464.6558026265708,29.01424370412181,188.1641239795825
2024-04-23 18:00:00,428.1613572566094,2.5122264197444123e-15,166.00246933342413,428.1613572566094,29.159884077645415,8.189325946206318e-14
2024-04-23 19:00:00,351.86170884103643,0.0,134.72115199019765,351.86170884103643,30.55309477670204,0.0
2024-04-23 20:00:00,432.31892836470126,0.0,174.10627404056174,432.31892836470126,31.5853864541564,0.0
2024-04-23 21:00:00,299.7131794225837,0.0,110.5421483404167,299.7131794225837,31.465195344638385,0.0
2024-04-23 22:00:00,31.02121648712827,0.0,0.0,31.02121648712827,33.33197178029415,0.0
2024-04-23 23:00:00,38.37741157836603,0.0,0.0,38.37741157836603,33.92382722404632,0.0
2024-04-24 00:00:00,35.02026355023057,0.0,0.0,35.02026355023057,33.531332898686735,0.0
2024-04-24 01:00:00,28.22785295478547,0.0,0.0,28.22785295478547,34.36279421749954,0.0
2024-04-24 02:00:00,35.05567140445858,0.0,0.0,35.05567140445858,34.49263384741653,0.0
2024-04-24 03:00:00,36.422113169723865,0.0,0.0,36.422113169723865,35.494344679592125,0.0
2024-04-24 04:00:00,32.77550921929444,0.0,0.0,32.77550921929444,34.2897051071679,0.0
2024-04-24 05:00:00,33.496499007313766,0.0,0.0,33.496499007313766,34.141453380643895,0.0
2024-04-24 06:00:00,219.7821495110682,0.0,51.83506270272474,219.7821495110682,32.839649368588354,0.0
2024-04-24 07:00:00,421.38864846517254,17.652988550387192,167.56628029757283,439.04163701555973,31.11746542027496,166.4223434139169
2024-04-24 08:00:00,412.5146946180004,32.00959889257245,171.0499588572763,444.5242935105729,31.484727945244487,276.66068359421166
2024-04-24 09:00:00,336.2360477695765,60.682524418505636,154.1479561642577,396.9185721880821,29.91359699818108,527.2078027450675
2024-04-24 10:00:00,253.99912644844653,85.13057199585752,119.35421408078872,339.12969844430404,29.23075695583972,749.6525830167832
2024-04-24 11:00:00,325.0898539856251,90.12228222743796,152.83866322480728,415.21213621306305,28.147197662123023,782.5010345917651
2024-04-24 12:00:00,292.90980229383524,80.48123545756599,148.3481598703273,373.39103775140126,28.153852039548816,684.941943326825
2024-04-24 13:00:00,229.16101113194162,81.37304740222993,108.95638190595068,310.53405853417155,28.300405809633162,681.142249053445
2024-04-24 14:00:00,141.125082282454,80.89659465281693,62.441874853985354,222.02167693527093,28.114926075070986,668.54024265558
2024-04-24 15:00:00,318.35944447056,69.58491003588026,151.0060991239501,387.9443545064403,28.56091138271452,558.4586749325142
2024-04-24 16:00:00,343.9020731480954,44.35611312120406,148.26242861380953,388.2581862692994,28.981447836565195,339.19469398813146
2024-04-24 17:00:00,389.75861039650033,26.794234450389542,162.63052496446716,416.55284484688985,27.65074617155165,183.00981031810488
2024-04-24 18:00:00,409.5352035487324,1.9880019151164453e-15,158.39567403184557,409.5352035487324,28.801746740369108,8.90740515389983e-14
2024-04-24 19:00:00,381.77501615165585,0.0,145.0583673923531,381.77501615165585,29.338594573811577,0.0
2024-04-24 20:00:00,413.0242515733359,0.0,161.65832483360106,413.0242515733359,31.46452222602847,0.0
2024-04-24 21:00:00,265.20459801088765,0.0,89.23394087859128,265.20459801088765,31.707882786792926,0.0
2024-04-24 22:00:00,36.366347185673774,0.0,0.0,36.366347185673774,32.653966854911715,0.0
2024-04-24 23:00:00,31.027132944471035,0.0,0.0,31.027132944471035,33.515132039022866,0.0
2024-04-25 00:00:00,28.81800966651627,0.0,0.0,28.81800966651627,33.415910563065786,0.0
2024-04-25 01:00:00,30.493215756143663,0.0,0.0,30.493215756143663,32.83161617378339,0.0
2024-04-25 02:00:00,33.91249075144276,0.0,0.0,33.91249075144276,33.064104574457836,0.0
2024-04-25 03:00:00,39.01256303374732,0.0,0.0,39.01256303374732,33.57492480105217,0.0
2024-04-25 04:00:00,37.25223695912277,0.0,0.0,37.25223695912277,33.823998187097644,0.0
2024-04-25 05:00:00,32.363700324141234,0.0,0.0,32.363700324141234,32.65571133830225,0.0
2024-04-25 06:00:00,205.03902901084535,0.0,46.668763362657415,205.03902901084535,31.54770645258386,0.0
2024-04-25 07:00:00,424.7671366284681,17.33594908919432,168.02136072696376,442.10308571766245,30.02529862346488,161.12117151486072
2024-04-25 08:00:00,391.6903403668114,39.49791692776256,166.52764959472213,431.188257294574,30.669874098305016,353.3716385121888
2024-04-25 09:00:00,343.34409662613643,57.011290738230855,160.64589123729127,400.3553873643673,28.919703823220814,498.5841239737172
2024-04-25 10:00:00,328.4581043048116,82.10198853070834,150.5311333691824,410.56009283552,27.869817847899018,712.8473379199977
2024-04-25 11:00:00,338.0289736882861,70.91827212055118,156.36505240024005,408.9472458088373,26.860999958392572,602.8518553408156
2024-04-25 12:00:00,338.2679623417886,88.16421300565972,170.40370169657703,426.4321753474483,26.44289698695836,743.6884495018713
2024-04-25 13:00:00,190.75295153022503,87.44547063714887,88.52937979788268,278.1984221673739,26.332188803536212,737.2543142397349
2024-04-25 14:00:00,159.201222003,76.82775252471822,68.41576863228853,236.02897452771822,26.574111937677802,630.8716876086243
2024-04-25 15:00:00,290.80296768806835,53.67222220749317,134.27114964617394,344.4751898955615,26.208425061382812,425.59266585233144
2024-04-25 16:00:00,358.64268407979,51.207572007954425,160.14856101216748,409.8502560877444,27.255301411303158,390.95215564022755
2024-04-25 17:00:00,375.8142026049801,29.163663246254515,157.9056798381044,404.9778658512346,27.59543870166291,198.86188875727646
2024-04-25 18:00:00,436.37089295355406,2.0136517246734624e-15,173.29228855738415,436.37089295355406,29.55453245036714,8.823372801087936e-14
2024-04-25 19:00:00,363.8918763409891,0.0,143.0268614869354,363.8918763409891,28.435448089719724,0.0
2024-04-25 20:00:00,370.91519788659673,0.0,144.74549016744854,370.91519788659673,30.27427602093107,0.0
2024-04-25 21:00:00,248.90994371485658,0.0,81.32202864708354,248.90994371485658,31.18640545815418,0.0
2024-04-25 22:00:00,39.82307623869053,0.0,0.0,39.82307623869053,31.428257603813304,0.0
2024-04-25 23:00:00,35.081281408560756,0.0,0.0,35.081281408560756,32.716036238651526,0.0
2024-04-26 00:00:00,43.0540037037791,0.0,0.0,43.0540037037791,34.921085136702466,0.0
2024-04-26 01:00:00,31.157955376316103,0.0,0.0,31.157955376316103,34.93418517354423,0.0
2024-04-26 02:00:00,30.7399974614067,0.0,0.0,30.7399974614067,35.69743048266349,0.0
2024-04-26 03:00:00,34.933658002626025,0.0,0.0,34.933658002626025,33.79709562321764,0.0
2024-04-26 04:00:00,36.749532484213056,0.0,0.0,36.749532484213056,34.11517124709774,0.0
2024-04-26 05:00:00,36.09549152340896,0.0,0.0,36.09549152340896,34.71760079802196,0.0
2024-04-26 06:00:00,225.7516166025526,0.0,59.42957292609126,225.7516166025526,33.7112122068855,0.0
2024-04-26 07:00:00,409.34422374581044,18.493413969094124,161.52283305087752,427.8376377149046,32.68132155374554,178.4897571209523
2024-04-26 08:00:00,306.8938416616115,46.98098734411672,129.1839657684312,353.8748290057282,32.1218067435133,424.34901384434653
2024-04-26 09:00:00,340.9416871500777,57.92738509687003,150.5241279717096,398.8690722469477,29.64105344304386,506.96857328659337
2024-04-26 10:00:00,357.7232001186008,70.4100576153212,167.11994805922825,428.133257733922,30.15300437161498,610.0000655059092
2024-04-26 11:00:00,318.372051189024,86.36009306687927,155.8796495966314,404.7321442559032,29.562510387310365,747.5968476596615
2024-04-26 12:00:00,332.98147778882685,70.73265272414086,158.6844870826237,403.7141305129677,28.144760043920165,597.7330795139412
2024-04-26 13:00:00,190.36381855230667,77.78915184825969,80.26736273804117,268.15297040056635,29.439077207187445,654.1512782098865
2024-04-26 14:00:00,132.72883550422364,84.37494820630096,62.36971278215876,217.1037837105246,28.1033735222846,703.0995142122074
2024-04-26 15:00:00,336.97150430757813,53.77170627776146,157.95179718832853,390.74321058533957,27.028074126987562,427.98612910349595
2024-04-26 16:00:00,355.83558899897605,53.42473893033436,154.92125241735516,409.2603279293104,28.664746125974908,411.1217469306833
2024-04-26 17:00:00,385.18891970300257,31.984888021282774,159.90662825420023,417.1738077242853,28.670395291105955,220.55374510783642
2024-04-26 18:00:00,398.68262950401936,2.079460716966148e-15,152.6312741249634,398.68262950401936,30.33769667721833,8.685553299187597e-14
2024-04-26 19:00:00,384.71280038035775,0.0,150.3174103847003,384.71280038035775,30.873304399090394,0.0
2024-04-26 20:00:00,363.11306229671345,0.0,141.1236089308456,363.11306229671345,31.206238004115473,0.0
2024-04-26 21:00:00,302.79451472600203,0.0,103.70866225181253,302.79451472600203,33.16229165724384,0.0
2024-04-26 22:00:00,34.29656091073424,0.0,0.0,34.29656091073424,33.724924693243224,0.0
2024-04-26 23:00:00,38.57040193537471,0.0,0.0,38.57040193537471,33.56611278056543,0.0
2024-04-27 00:00:00,29.415706192229276,0.0,0.0,29.415706192229276,33.622899069876425,0.0
2024-04-27 01:00:00,33.11039464556731,0.0,0.0,33.11039464556731,34.3070314843051,0.0
2024-04-27 02:00:00,27.538644525077522,0.0,0.0,27.538644525077522,33.98570106552501,0.0
2024-04-27 03:00:00,37.50644093250795,0.0,0.0,37.50644093250795,33.88137338699943,0.0
2024-04-27 04:00:00,39.63484761138928,0.0,0.0,39.63484761138928,33.717284124289094,0.0
2024-04-27 05:00:00,44.55282622555272,0.0,0.0,44.55282622555272,32.609807139045536,0.0
2024-04-27 06:00:00,61.13116789459908,0.0,0.0,61.13116789459908,31.301450027622835,0.0
2024-04-27 07:00:00,46.0999988988935,18.045015761462338,0.0,64.14501466035584,31.693266785936164,171.7875862230761
2024-04-27 08:00:00,18.732830953871016,43.20613459229654,0.0,61.93896554616756,29.673382722263728,386.94977803436035
2024-04-27 09:00:00,9.756171069081766,54.225032310776925,0.0,63.98120337985869,29.26544668748014,469.28542212888385
2024-04-27 10:00:00,0.0,61.52265296895329,0.0,59.28087801971668,28.032041517437037,523.3760189022878
2024-04-27 11:00:00,0.0,78.6379863511541,0.0,64.01948925658684,27.368736738877757,668.3981561879258
2024-04-27 12:00:00,0.0,72.84580454017602,0.0,69.8296028015341,27.849921370725433,615.5448123461637
2024-04-27 13:00:00,0.0,70.78573419032634,0.0,63.162113329693945,27.17593822236955,584.3822581636442
2024-04-27 14:00:00,2.556046597142469,59.894957428677124,0.0,62.45100402581959,27.038632469177262,485.7569542707637
2024-04-27 15:00:00,0.0,65.65919753475268,0.0,61.07512307789844,26.62914141308758,523.8167986243976
2024-04-27 16:00:00,32.21637851478886,28.285231484885472,0.0,60.50160999967433,27.308819239246507,220.3834534605429
2024-04-27 17:00:00,34.27229369757002,26.023803236477804,0.0,60.296096934047824,28.3811865423635,179.7198058518875
2024-04-27 18:00:00,55.91605990129143,3.527927907791128e-15,0.0,55.91605990129143,28.89178906425807,7.329536729385336e-14
2024-04-27 19:00:00,64.54740518136158,0.0,0.0,64.54740518136158,30.173303069573493,0.0
2024-04-27 20:00:00,63.54656092037335,0.0,0.0,63.54656092037335,31.15037870297428,0.0
2024-04-27 21:00:00,69.27644731866714,0.0,0.0,69.27644731866714,31.44758942564104,0.0
2024-04-27 22:00:00,35.90357524318316,0.0,0.0,35.90357524318316,31.491708053951072,0.0
2024-04-27 23:00:00,33.92870208463764,0.0,0.0,33.92870208463764,32.764383981531125,0.0
2024-04-28 00:00:00,22.186285981469574,0.0,0.0,22.186285981469574,32.794678514161944,0.0
2024-04-28 01:00:00,18.898859112902933,0.0,0.0,18.898859112902933,32.804931107362435,0.0
2024-04-28 02:00:00,19.479503035869097,0.0,0.0,19.479503035869097,32.785122135685874,0.0
2024-04-28 03:00:00,10.062809352125003,0.0,0.0,10.062809352125003,33.228050775476234,0.0
2024-04-28 04:00:00,15.712039621979953,0.0,0.0,15.712039621979953,34.058674705964926,0.0
2024-04-28 05:00:00,25.78343788266963,0.0,0.0,25.78343788266963,32.04321394448748,0.0
2024-04-28 06:00:00,21.501929207328214,0.0,0.0,21.501929207328214,31.561031315106863,0.0
2024-04-28 07:00:00,2.506650227008816,18.087698659064202,0.0,20.594348886073018,30.06228296059608,169.56187656120593
2024-04-28 08:00:00,0.0,35.681403992256094,0.0,19.487242903992737,30.43413476887351,312.44148486700686
2024-04-28 09:00:00,0.0,64.14418775768827,0.0,15.000077096337789,29.34393910516964,567.4532434034171
2024-04-28 10:00:00,0.0,66.48749435475055,0.0,15.859595847934482,28.46530131108571,572.184901233932
2024-04-28 11:00:00,0.0,72.4083529323496,0.0,12.3330709430808,28.017458412852207,619.4566203050205
2024-04-28 12:00:00,0.0,89.14079522706245,0.0,11.859606758741737,26.56767465075981,758.311614486188
2024-04-28 13:00:00,0.0,72.61467654577282,0.0,21.611986088335794,26.2804849394182,598.9758279994727
2024-04-28 14:00:00,0.0,66.66893690035533,0.0,21.74687585517384,27.167373507296077,545.4275767467464
2024-04-28 15:00:00,0.0,60.11228553594736,0.0,20.008703619362414,26.748057900813293,477.85112560685707
2024-04-28 16:00:00,0.0,44.42184821363316,0.0,19.573325835161352,25.671734417435133,337.5126612769419
2024-04-28 17:00:00,0.0,26.017051715297086,0.0,21.10646010938216,27.564970995018342,179.81071583749042
2024-04-28 18:00:00,19.884923326427774,2.1950975353158585e-15,0.0,19.884923326427778,27.771585210967952,1.0213207061643664e-13
2024-04-28 19:00:00,12.11868563333322,0.0,0.0,12.11868563333322,29.355653495822256,0.0
2024-04-28 20:00:00,19.498601060905806,0.0,0.0,19.498601060905806,30.01652947606284,0.0
2024-04-28 21:00:00,17.00403935975136,0.0,0.0,17.00403935975136,29.848029517200175,0.0
2024-04-28 22:00:00,16.230680238679035,0.0,0.0,16.230680238679035,31.69684932660049,0.0
2024-04-28 23:00:00,20.235709330327,0.0,0.0,20.235709330327,32.39262183913147,0.0
2024-04-29 00:00:00,32.45941678420893,0.0,0.0,32.45941678420893,32.86317781692773,0.0
2024-04-29 01:00:00,29.332078949281343,0.0,0.0,29.332078949281343,33.3188624784182,0.0
2024-04-29 02:00:00,28.641048080562573,0.0,0.0,28.641048080562573,33.89834064036067,0.0
2024-04-29 03:00:00,29.776815691687492,0.0,0.0,29.776815691687492,33.23804254726869,0.0
2024-04-29 04:00:00,32.986685551289895,0.0,0.0,32.986685551289895,32.69289580393257,0.0
2024-04-29 05:00:00,29.603313318707627,0.0,0.0,29.603313318707627,32.699215171696835,0.0
2024-04-29 06:00:00,100.45995989521286,0.0,0.0,100.45995989521286,32.52172802224469,0.0
2024-04-29 07:00:00,109.18672326690329,16.10831923179816,0.0,125.29504249870145,31.013759695392675,144.32930855048556
2024-04-29 08:00:00,455.6833284620466,35.50140093457174,186.0578539260778,491.1847293966183,29.753460723853852,309.83082677588504
2024-04-29 09:00:00,399.530905184101,42.271922474713925,174.8476017002972,441.8028276588149,28.960756277475443,352.4083111619846
2024-04-29 10:00:00,370.6241715986744,63.43702611365309,165.52249461867692,434.0611977123275,28.028379540148936,537.7172445249025
2024-04-29 11:00:00,345.14569970655685,62.3684793813711,161.43343910766637,407.51417908792797,27.184743133933555,522.687240942866
2024-04-29 12:00:00,340.0902107704069,68.70625287449202,155.4876028399654,408.7964636448989,27.701854162957464,578.4228485482035
2024-04-29 13:00:00,179.1098463346671,79.37488399841497,85.98224702639517,258.4847303330821,25.895090581279852,667.9142434529012
2024-04-29 14:00:00,150.6552542804372,68.24009310970958,61.400862350362296,218.89534739014678,26.727810574571155,561.1182275111515
2024-04-29 15:00:00,374.7423401861073,58.12172197697084,166.5542913982048,432.86406216307813,26.206688797087782,463.33165902677433
2024-04-29 16:00:00,384.0947840224301,30.782947467297813,163.63801042808424,414.87773148972786,25.87905916213491,238.7196122435114
2024-04-29 17:00:00,412.57398785489113,28.265490979748975,169.9223792695309,440.8394788346401,27.081325054503637,194.54258408214093
2024-04-29 18:00:00,447.77475270795594,4.552350771474922e-15,176.70983187445188,447.77475270795594,27.62696974357285,6.38613887526168e-14
2024-04-29 19:00:00,401.3433698950999,0.0,155.0042995271674,401.3433698950999,29.033279661799813,0.0
2024-04-29 20:00:00,417.5301880098943,0.0,160.52166089398162,417.5301880098943,29.69600777177909,0.0
2024-04-29 21:00:00,253.78063769282875,0.0,76.55377561844705,253.78063769282875,30.045210886484647,0.0
2024-04-29 22:00:00,35.16847954373306,0.0,0.0,35.16847954373306,32.135861617194664,0.0
2024-04-29 23:00:00,35.7504648405606,0.0,0.0,35.7504648405606,32.670298396840586,0.0
2024-04-30 00:00:00,29.295850397502264,0.0,0.0,29.295850397502264,34.816398492599674,0.0
2024-04-30 01:00:00,32.25214025523585,0.0,0.0,32.25214025523585,34.49150453735174,0.0
2024-04-30 02:00:00,26.322876499595484,0.0,0.0,26.322876499595484,34.4744152791656,0.0
2024-04-30 03:00:00,36.310314949178625,0.0,0.0,36.310314949178625,34.724802446626995,0.0
2024-04-30 04:00:00,37.32908762888644,0.0,0.0,37.32908762888644,33.73463321609103,0.0
2024-04-30 05:00:00,30.24269387591475,0.0,0.0,30.24269387591475,33.53218532481878,0.0
2024-04-30 06:00:00,270.09533070402824,0.0,77.21404598272346,270.09533070402824,32.65444286364526,0.0
2024-04-30 07:00:00,400.5829157475502,17.872804864734615,150.9818796644173,418.45572061228484,31.167631312569807,167.4541079317386
2024-04-30 08:00:00,394.9066937487461,39.976997704120755,167.76415730044013,434.88369145286686,31.05600956572548,358.41039388839516
2024-04-30 09:00:00,342.91386124418705,50.89494786864869,150.9711959869059,393.8088091128357,29.86593170957547,439.574612210184
2024-04-30 10:00:00,340.3594507693243,53.66539167183811,150.60551051601396,394.02484244116243,29.12100573129679,448.76095602780043
2024-04-30 11:00:00,327.3188097072829,80.63860466530696,153.76721983931367,407.9574143725899,28.699300551978006,695.9686107443717
2024-04-30 12:00:00,287.12679780882644,84.39376275784763,137.88938094596537,371.5205605666741,28.59745946705372,729.0296878176346
2024-04-30 13:00:00,165.76664951967825,77.5076027272468,71.06199048742896,243.27425224692507,27.187156376020216,651.4260195093808
2024-04-30 14:00:00,179.75124571962613,64.12419007534832,70.30604743854101,243.87543579497446,27.324002705741265,521.6393527484812
2024-04-30 15:00:00,359.30999731502817,61.23467374259569,166.09481527275585,420.5446710576239,27.2290000731143,492.3845871708559
2024-04-30 16:00:00,324.07507172589214,37.45954380534062,143.07528598310907,361.53461553123276,27.54610260616091,289.1366999905417
2024-04-30 17:00:00,394.11040080500726,22.28764910723355,164.61758967437095,416.3980499122408,28.22012360732814,158.27000323978584
2024-04-30 18:00:00,435.58762006987973,3.0169186043174937e-15,170.47696045257638,435.58762006987973,29.144056671898348,7.746194922736712e-14
2024-04-30 19:00:00,380.1053299770789,0.0,146.5849305471118,380.1053299770789,30.37935098388587,0.0
2024-04-30 20:00:00,422.2931353741673,0.0,163.98660531675822,422.2931353741673,31.15250469569836,0.0
2024-04-30 21:00:00,300.5972145067196,0.0,104.01429104879762,300.5972145067196,31.36971997162314,0.0
2024-04-30 22:00:00,37.443834022883905,0.0,0.0,37.443834022883905,33.38936197526452,0.0
2024-04-30 23:00:00,39.01643209380204,0.0,0.0,39.01643209380204,33.939361700697376,0.0
2024-05-01 00:00:00,14.460504240378459,0.0,0.0,14.460504240378459,32.981474804961955,0.0
2024-05-01 01:00:00,16.104284256409667,0.0,0.0,16.104284256409667,34.393774554992795,0.0
2024-05-01 02:00:00,17.04272815652707,0.0,0.0,17.04272815652707,34.06444792331941,0.0
2024-05-01 03:00:00,14.88447586337709,0.0,0.0,14.88447586337709,33.70349145757039,0.0
2024-05-01 04:00:00,28.684746149186708,0.0,0.0,28.684746149186708,33.61110765250646,0.0
2024-05-01 05:00:00,16.456998111056038,0.0,0.0,16.456998111056038,32.86296705336143,0.0
2024-05-01 06:00:00,45.938960358470496,0.0,0.0,45.938960358470496,32.423518044261975,0.0
2024-05-01 07:00:00,31.06672944044966,17.153568138443266,0.0,48.220297578892925,31.400503136445685,158.0032971118226
2024-05-01 08:00:00,3.655038307018472,38.196485132326536,0.0,41.85152343934501,30.23226569088518,338.42702727396664
2024-05-01 09:00:00,12.465964551423198,42.73370694229827,0.0,55.19967149372147,28.482198679581764,355.497315566961
2024-05-01 10:00:00,0.0,58.64822121419734,0.0,38.789021502773814,28.91456998733724,498.89654526929525
2024-05-01 11:00:00,0.0,61.19499933511941,0.0,32.18772984190977,27.739277343674996,516.3337891387795
2024-05-01 12:00:00,0.0,87.15661636944611,0.0,57.591974777133814,27.758863108598366,755.5417960850858
2024-05-01 13:00:00,0.0,79.11150594534308,0.0,51.87343435120747,27.2610758561474,664.0323848314906
2024-05-01 14:00:00,0.0,48.98255938360057,0.0,35.680148549774835,26.727146611443274,392.7446422830509
2024-05-01 15:00:00,0.0,45.0519063224973,0.0,35.581044757127636,27.53173242054821,357.6978898028696
2024-05-01 16:00:00,1.6937087822232613,39.805751105440144,0.0,41.499459887663406,27.472310634694026,305.424409720462
2024-05-01 17:00:00,27.193172549509505,21.090128864834988,0.0,48.28330141434449,28.007926406557406,151.40956442433875
2024-05-01 18:00:00,31.574023052439255,4.54712851102091e-15,0.0,31.57402305243926,28.581923373639707,6.37127448261245e-14
2024-05-01 19:00:00,49.581334781938956,0.0,0.0,49.581334781938956,30.336889915282352,0.0
2024-05-01 20:00:00,40.29919218506683,0.0,0.0,40.29919218506683,30.04434535247345,0.0
2024-05-01 21:00:00,53.859076152410815,0.0,0.0,53.859076152410815,31.145508106150572,0.0
2024-05-01 22:00:00,14.899979929605529,0.0,0.0,14.899979929605529,31.532311144481277,0.0
2024-05-01 23:00:00,10.448902641235374,0.0,0.0,10.448902641235374,33.23921798983644,0.0
2024-05-02 00:00:00,34.50317457499225,0.0,0.0,34.50317457499225,31.58940822597033,0.0
2024-05-02 01:00:00,31.955253740422148,0.0,0.0,31.955253740422148,31.995116417052216,0.0
2024-05-02 02:00:00,37.530958603887555,0.0,0.0,37.530958603887555,32.09092549982505,0.0
2024-05-02 03:00:00,38.969921600633114,0.0,0.0,38.969921600633114,32.26149516594657,0.0
2024-05-02 04:00:00,33.50095090285262,0.0,0.0,33.50095090285262,31.255102936819597,0.0
2024-05-02 05:00:00,33.149132819129555,0.0,0.0,33.149132819129555,30.20264491700542,0.0
2024-05-02 06:00:00,206.22607112429824,0.0,53.93838030010451,206.22607112429824,30.828245834600022,0.0
2024-05-02 07:00:00,420.8443913548146,16.62164783213489,165.90122614217898,437.4660391869495,28.698481620660605,148.7379415575802
2024-05-02 08:00:00,384.17393306015407,34.0139887427532,163.23909791513705,418.1879218029073,29.276462707892325,293.1253142375254
2024-05-02 09:00:00,419.5313545541221,47.24093528780621,187.11709804568443,466.77228984192834,28.722791032812385,401.7121431831743
2024-05-02 10:00:00,348.8700690075614,67.62705701784667,166.2733052464521,416.4971260254081,27.01728191393612,584.9428302612264
2024-05-02 11:00:00,330.2294717897337,74.65203462443178,151.02862504642636,404.8815064141655,27.024266555110966,638.8883675320174
2024-05-02 12:00:00,329.316391800018,73.8028663606471,152.85077341770437,403.1192581606651,25.80617669288649,621.1158796396238
2024-05-02 13:00:00,252.1264657696035,68.15745293970328,113.62107029998948,320.28391870930676,26.268274003430832,559.6013220476389
2024-05-02 14:00:00,164.75661220696816,60.08254169368744,60.7644417969668,224.8391539006556,25.12128488984703,485.1040099001609
2024-05-02 15:00:00,374.45587364724724,58.23003812092807,166.7318016239455,432.6859117681753,24.28621251917634,461.547264735694
2024-05-02 16:00:00,363.73934020360775,40.587644791811584,153.74550631968032,404.3269849954193,25.778349030604847,310.51329132622993
2024-05-02 17:00:00,400.3979304655917,22.026772946628686,174.52987665153012,422.42470341222037,27.22850167845609,156.4056550810969
2024-05-02 18:00:00,419.06899166703323,2.040397724449884e-15,175.30805349041583,419.06899166703323,27.366877968873844,9.47864350167346e-14
2024-05-02 19:00:00,402.08097198703854,0.0,157.14298263296953,402.08097198703854,27.68586554377589,0.0
2024-05-02 20:00:00,407.9276659528725,0.0,151.0935113691963,407.9276659528725,29.013844400546002,0.0
2024-05-02 21:00:00,281.07637731642967,0.0,90.43075388100469,281.07637731642967,30.240822892988735,0.0
2024-05-02 22:00:00,33.218278430532436,0.0,0.0,33.218278430532436,30.5565855964464,0.0
2024-05-02 23:00:00,31.69745289018042,0.0,0.0,31.69745289018042,32.63746259272774,0.0
2024-05-03 00:00:00,33.68144671584588,0.0,0.0,33.68144671584588,34.2889737266692,0.0
2024-05-03 01:00:00,27.58834628557324,0.0,0.0,27.58834628557324,35.39858954471752,0.0
2024-05-03 02:00:00,33.717644861105626,0.0,0.0,33.717644861105626,35.397562409924305,0.0
2024-05-03 03:00:00,31.840022326357673,0.0,0.0,31.840022326357673,34.547420471346115,0.0
2024-05-03 04:00:00,35.604358989141964,0.0,0.0,35.604358989141964,34.3354625712551,0.0
2024-05-03 05:00:00,32.12514371301246,0.0,0.0,32.12514371301246,34.500516849576,0.0
2024-05-03 06:00:00,205.33460304501634,0.0,52.11826085818121,205.33460304501634,33.338987735485524,0.0
2024-05-03 07:00:00,397.06701757986457,17.691141794861977,159.08380318622886,414.7581593747266,32.59149631290587,166.4494683245563
2024-05-03 08:00:00,381.05884578421114,33.05402648882821,158.76624102821492,414.11287227303933,30.698610114831226,286.421293311663
2024-05-03 09:00:00,334.1452761908423,47.44805238540554,144.64592184792122,381.59332857624787,30.938726461405633,408.0512021653066
2024-05-03 10:00:00,283.6166118006405,65.03416317003963,128.60172474967487,348.6507749706801,29.91024221372469,564.9927835945798
2024-05-03 11:00:00,345.5792101334301,72.08957906813242,160.74899656168242,417.6687892015625,29.009765046209914,615.350209766302
2024-05-03 12:00:00,343.00514354517713,71.11180926390786,162.73881237149095,414.116952809085,28.665950809967402,607.3415089634324
2024-05-03 13:00:00,225.7712538212837,52.20291616452918,98.2293975181151,277.97416998581286,27.931244546109543,426.0932552968561
2024-05-03 14:00:00,160.38635715883035,52.78593268207117,56.763387700821156,213.17228984090153,27.720642539741668,429.8117534702319
2024-05-03 15:00:00,364.5132640965456,41.70685036432424,163.74917609553785,406.2201144608698,28.01491063385211,334.3766390464425
2024-05-03 16:00:00,366.7243299532121,39.00698104189444,154.68732545580048,405.7313109951065,28.253403289278715,302.23401846631776
2024-05-03 17:00:00,404.20663621365173,19.890428441626966,171.1156844769139,424.0970646552787,30.13198483805209,145.4938382664821
2024-05-03 18:00:00,369.72539107844256,5.0178999595813e-15,142.1465696139718,369.72539107844256,30.2225291561052,5.4312660744192084e-14
2024-05-03 19:00:00,446.2083472437358,0.0,175.61570059043848,446.2083472437358,30.126492671838733,0.0
2024-05-03 20:00:00,447.64140103896193,0.0,181.2822855184402,447.64140103896193,32.534741792813826,0.0
2024-05-03 21:00:00,288.0646192235469,0.0,95.59694371988482,288.0646192235469,32.206032143824075,0.0
2024-05-03 22:00:00,33.9698237018167,0.0,0.0,33.9698237018167,33.281321475415545,0.0
2024-05-03 23:00:00,36.66937232529359,0.0,0.0,36.66937232529359,34.44017612330198,0.0
2024-05-04 00:00:00,20.317854923337585,0.0,0.0,20.317854923337585,31.96976460694742,0.0
2024-05-04 01:00:00,18.147360439907384,0.0,0.0,18.147360439907384,33.18589743419195,0.0
2024-05-04 02:00:00,17.942819870547638,0.0,0.0,17.942819870547638,33.13700304016711,0.0
2024-05-04 03:00:00,18.93284669864108,0.0,0.0,18.93284669864108,33.4069503974345,0.0
2024-05-04 04:00:00,24.94239359897711,0.0,0.0,24.94239359897711,33.13978372052895,0.0
2024-05-04 05:00:00,22.56751020153137,0.0,0.0,22.56751020153137,32.359914017137434,0.0
2024-05-04 06:00:00,15.323765964058863,0.0,0.0,15.323765964058863,31.611846316561202,0.0
2024-05-04 07:00:00,0.0,18.62095537182232,0.0,13.003704110386867,31.36210230982724,177.01137797835227
2024-05-04 08:00:00,0.0,29.39407066608774,0.0,20.72092954893002,30.074412930817715,247.28681966933758
2024-05-04 09:00:00,0.0,53.13780689630203,0.0,22.540461211203873,29.038515812817845,463.7039351766144
2024-05-04 10:00:00,0.0,59.51445558825692,0.0,15.541107703488215,28.247605261380766,503.21324377496165
2024-05-04 11:00:00,0.0,75.10831824368968,0.0,19.96536305168312,28.36674073026289,643.5963296627165
2024-05-04 12:00:00,0.0,68.50474737859071,0.0,18.001999213118644,26.978918040897213,576.6926504959256
2024-05-04 13:00:00,0.0,79.18579985090066,0.0,19.416356706866196,26.285705321156104,667.3035516768696
2024-05-04 14:00:00,0.0,69.63224271578369,0.0,18.607779103945127,25.469170421345165,571.6369534500426
2024-05-04 15:00:00,0.0,66.93346844704418,0.0,17.94790032703937,25.82596088662148,540.9567859798749
2024-05-04 16:00:00,0.0,42.84580466398368,0.0,16.257446223994986,26.659068104865277,329.55621914962046
2024-05-04 17:00:00,2.1906652494140317,21.715265479856463,0.0,23.905930729270494,27.394607809520707,155.33898778653023
2024-05-04 18:00:00,16.80051348166613,2.9243002168947005e-15,0.0,16.800513481666133,27.895859235845577,7.835746875382774e-14
2024-05-04 19:00:00,17.89126073245678,0.0,0.0,17.89126073245678,29.193375296314777,0.0
2024-05-04 20:00:00,25.78668948821422,0.0,0.0,25.78668948821422,29.639415943396543,0.0
2024-05-04 21:00:00,9.025366767300529,0.0,0.0,9.025366767300529,30.372291988441802,0.0
2024-05-04 22:00:00,18.12535979856786,0.0,0.0,18.12535979856786,31.9799918833294,0.0
2024-05-04 23:00:00,18.126985351692667,0.0,0.0,18.126985351692667,33.08324094824262,0.0
2024-05-05 00:00:00,17.02488644221514,0.0,0.0,17.02488644221514,34.88804869195881,0.0
2024-05-05 01:00:00,13.756563295195457,0.0,0.0,13.756563295195457,35.91314190145219,0.0
2024-05-05 02:00:00,14.696873568210034,0.0,0.0,14.696873568210034,34.958041248509645,0.0
2024-05-05 03:00:00,21.125402720943846,0.0,0.0,21.125402720943846,35.05401490423471,0.0
2024-05-05 04:00:00,18.878624883124765,0.0,0.0,18.878624883124765,35.1472495768435,0.0
2024-05-05 05:00:00,18.710012877559933,0.0,0.0,18.710012877559933,35.452872527928065,0.0
2024-05-05 06:00:00,11.194040921265703,0.0,0.0,11.194040921265703,33.771190562733814,0.0
2024-05-05 07:00:00,0.0,20.522261661734696,0.0,15.421957893283208,32.9083599980626,198.54183278724418
2024-05-05 08:00:00,0.0,40.47228212108274,0.0,18.06051284976926,32.42858721853378,366.5416723944439
2024-05-05 09:00:00,0.0,55.24217742428135,0.0,18.997447605997973,31.523218725302655,488.7827782106102
2024-05-05 10:00:00,0.0,65.83446607931239,0.0,20.925404986578865,30.267977841209216,578.697507279719
2024-05-05 11:00:00,0.0,94.73353510107249,0.0,15.02496901620209,30.928780627065255,846.7153733108454
2024-05-05 12:00:00,0.0,73.25111386151774,0.0,12.229589939961851,29.246772977783333,630.0648504557674
2024-05-05 13:00:00,0.0,79.91083852726226,0.0,15.08214656051907,29.086595676783855,690.4441953630437
2024-05-05 14:00:00,0.0,65.97846183137673,0.0,13.353357692382364,28.709653808731332,550.0481185063386
2024-05-05 15:00:00,0.0,71.24594993823612,0.0,17.832712297126484,29.249788966650403,585.3887325321656
2024-05-05 16:00:00,0.0,48.63209923032455,0.0,13.999325959412246,29.996933444193076,379.7781544504524
2024-05-05 17:00:00,0.0,23.069463478626833,0.0,19.164016391933938,30.767501691910923,165.80023529894953
2024-05-05 18:00:00,18.637135395817182,1.962631938788881e-15,0.0,18.637135395817186,30.27941073995461,8.953573107357451e-14
2024-05-05 19:00:00,16.733509930666848,0.0,0.0,16.733509930666848,32.05507450787834,0.0
2024-05-05 20:00:00,17.477464295360654,0.0,0.0,17.477464295360654,32.68538398736206,0.0
2024-05-05 21:00:00,15.974754888028173,0.0,0.0,15.974754888028173,33.80367854017541,0.0
2024-05-05 22:00:00,15.772352999604335,0.0,0.0,15.772352999604335,34.114603941240155,0.0
2024-05-05 23:00:00,20.580749962511568,0.0,0.0,20.580749962511568,34.79189692509838,0.0
2024-05-06 00:00:00,29.616485222453008,0.0,0.0,29.616485222453008,32.31535825391688,0.0
2024-05-06 01:00:00,34.541844346134305,0.0,0.0,34.541844346134305,32.674498662854226,0.0
2024-05-06 02:00:00,37.14983916660044,0.0,0.0,37.14983916660044,33.09927229974529,0.0
2024-05-06 03:00:00,37.559112360123294,0.0,0.0,37.559112360123294,32.296426187551326,0.0
2024-05-06 04:00:00,40.085945773674396,0.0,0.0,40.085945773674396,31.7940436172425,0.0
2024-05-06 05:00:00,34.3552365454465,0.0,0.0,34.3552365454465,30.06135896197016,0.0
2024-05-06 06:00:00,228.42600945664375,0.0,65.54314626313736,228.42600945664375,29.76078174881668,0.0
2024-05-06 07:00:00,428.3597374674884,14.72218272475121,169.84630801764828,443.08192019223964,29.525152873081474,125.84265523342634
2024-05-06 08:00:00,346.68160448631767,26.267236933760422,141.34519267636205,372.9488414200781,28.26588255219124,214.69001695263057
2024-05-06 09:00:00,347.0090076367185,48.68899896005837,149.84133124603937,395.69800659677685,28.317610642672147,415.3855813775166
2024-05-06 10:00:00,368.16276036516774,41.027210667790165,160.40153622391387,409.1899710329579,26.41140153702487,333.46624920745523
2024-05-06 11:00:00,414.0789285961171,47.19094107191807,189.42358863276326,461.2698696680352,26.09088611948629,384.2823103191626
2024-05-06 12:00:00,327.5598516910813,46.884739149598566,138.66132582830974,374.44459084067984,25.554309857999566,380.0121575122714
2024-05-06 13:00:00,255.17825613685173,56.53689350004627,109.97649704467314,311.715149636898,26.03804316750233,462.00393985975467
2024-05-06 14:00:00,180.30847583924765,38.11216482204942,61.78267378962316,218.42064066129706,25.012292643304527,302.56024707785053
2024-05-06 15:00:00,355.80295286730905,37.31102660028864,156.9576175435149,393.1139794675977,25.661877684826603,295.11113160183044
2024-05-06 16:00:00,436.00297729559213,18.57200837617362,176.68419854687292,454.5749856717658,25.88317616833017,145.0692638916222
2024-05-06 17:00:00,442.9045934080638,16.365930251368486,189.33782933742825,459.2705236594323,26.79318252638507,122.16009252160087
2024-05-06 18:00:00,411.0093751912069,5.106057330192611e-15,164.15982121834188,411.0093751912069,27.491519543872588,5.090881249907808e-14
2024-05-06 19:00:00,450.1559376242538,0.0,175.8447650355285,450.1559376242538,27.893825303520753,0.0
2024-05-06 20:00:00,124.10723423205435,0.0,0.0,124.10723423205435,27.968264761510756,0.0
2024-05-06 21:00:00,101.8748001310803,0.0,0.0,101.8748001310803,29.606408232350354,0.0
2024-05-06 22:00:00,37.46520485257359,0.0,0.0,37.46520485257359,30.55643419554827,0.0
2024-05-06 23:00:00,33.49487555564091,0.0,0.0,33.49487555564091,31.43429036854365,0.0
2024-05-07 00:00:00,30.11997335490218,0.0,0.0,30.11997335490218,32.945461024967116,0.0
2024-05-07 01:00:00,40.78975583164731,0.0,0.0,40.78975583164731,34.23434063554803,0.0
2024-05-07 02:00:00,35.388729573944225,0.0,0.0,35.388729573944225,33.78995939348948,0.0
2024-05-07 03:00:00,36.418344645395095,0.0,0.0,36.418344645395095,33.20364140243766,0.0
2024-05-07 04:00:00,30.769545998203064,0.0,0.0,30.769545998203064,33.08512467820668,0.0
2024-05-07 05:00:00,40.032718311401624,0.0,0.0,40.032718311401624,33.72229474546832,0.0
2024-05-07 06:00:00,201.64879474868818,0.0,54.47957981410989,201.64879474868818,32.36533863080524,0.0
2024-05-07 07:00:00,371.8356281808917,16.26839374486153,149.37948766777384,388.1040219257533,31.71324461997301,146.2142689742803
2024-05-07 08:00:00,404.4458013880869,25.0671934333558,166.4024479756069,429.5129948214427,29.762356199475278,205.66902321306947
2024-05-07 09:00:00,375.55271306959344,40.539978598780046,160.84129098790902,416.0926916683735,29.03286818038126,336.00068626850714
2024-05-07 10:00:00,397.444752765326,56.29697991698274,184.7018676230917,453.74173268230874,28.192438531391364,468.3379760772338
2024-05-07 11:00:00,399.680349565423,60.603986092816626,189.86169881040078,460.2843356582396,27.90047281897338,511.6811725637593
2024-05-07 12:00:00,319.9879708386806,55.47286769169391,155.35005545862072,375.46083853037453,27.165059855543667,456.1078380706845
2024-05-07 13:00:00,223.28727731112514,53.04419545809526,88.0769823243563,276.3314727692204,26.657662086691737,431.0748786673302
2024-05-07 14:00:00,196.41052849328258,36.4460122175951,70.30822616619673,232.85654071087768,26.601114888080257,291.06111453139334
2024-05-07 15:00:00,415.43130490256306,34.5133522720391,177.41152232619814,449.9446571746021,26.505391698982713,274.33182065421954
2024-05-07 16:00:00,385.2873692771779,31.604933068973146,164.44965807562815,416.89230234615104,27.162141127635742,246.21685101096764
2024-05-07 17:00:00,409.25875674727416,15.691743100293882,168.6125867288415,424.95049984756804,28.364883742095945,118.476839003592
2024-05-07 18:00:00,431.96746524965073,4.938253367959989e-15,166.14915494422067,431.96746524965073,27.776580008557108,5.804003585074627e-14
2024-05-07 19:00:00,353.88499362467087,0.0,141.92708213781296,353.88499362467087,29.550522743290777,0.0
2024-05-07 20:00:00,371.10907916165536,0.0,138.30749743601575,371.10907916165536,30.973196031771796,0.0
2024-05-07 21:00:00,282.92633755247783,0.0,94.01897705544654,282.92633755247783,31.097422792908024,0.0
2024-05-07 22:00:00,38.729524664179195,0.0,0.0,38.729524664179195,31.76871166975904,0.0
2024-05-07 23:00:00,34.20557154700115,0.0,0.0,34.20557154700115,33.220139161460196,0.0
2024-05-08 00:00:00,30.246795307631523,0.0,0.0,30.246795307631523,32.19900475348404,0.0
2024-05-08 01:00:00,31.115532200900144,0.0,0.0,31.115532200900144,33.029421405715304,0.0
2024-05-08 02:00:00,30.955188102129185,0.0,0.0,30.955188102129185,32.64010472848007,0.0
2024-05-08 03:00:00,36.948625687398454,0.0,0.0,36.948625687398454,32.105716685672526,0.0
2024-05-08 04:00:00,29.16910759612909,0.0,0.0,29.16910759612909,32.61512355952107,0.0
2024-05-08 05:00:00,37.95901618402582,0.0,0.0,37.95901618402582,31.503202981192352,0.0
2024-05-08 06:00:00,227.1797563259303,0.0,61.73423269516032,227.1797563259303,31.40419152200834,0.0
2024-05-08 07:00:00,412.74610396890915,17.20527478571864,161.86186495782067,429.9513787546278,31.1234082487221,158.0660177949263
2024-05-08 08:00:00,374.60721679020213,39.36743596273886,155.43320896929984,413.974652752941,30.587154482012735,351.5403420608162
2024-05-08 09:00:00,320.03828808102776,49.72523396183664,130.67358096112602,369.7635220428644,28.800924762785705,421.52481441012907
2024-05-08 10:00:00,271.02217919241184,71.94256542074078,124.23295630070753,342.9647446131526,28.419634694660726,634.5443781993599
2024-05-08 11:00:00,349.7797291815033,84.1629533149976,169.11452905781215,433.9426824965009,27.384634369573327,734.7042612532555
2024-05-08 12:00:00,314.4852550695526,81.7930481789815,147.06105012343343,396.2783032485341,26.43738105848986,700.9237174292381
2024-05-08 13:00:00,219.45300564198322,63.26437212560558,92.30642436963797,282.7173777675888,25.31689820969574,521.0336673494044
2024-05-08 14:00:00,154.3876070336273,63.88181635172066,59.48475970665188,218.26942338534795,26.973272942213985,525.4609755240148
2024-05-08 15:00:00,328.8968866541458,63.48983475535352,143.11947663932347,392.38672140949933,25.754735292020627,511.34026601627716
2024-05-08 16:00:00,346.7632972615963,43.98285612549213,142.69733338197747,390.7461533870884,27.320323321136275,340.9187379252124
2024-05-08 17:00:00,418.84336649269073,16.465993573689985,173.56242288212954,435.3093600663807,27.453556859151135,123.06384379056892
2024-05-08 18:00:00,394.7729798859273,2.0415304312850096e-15,153.73338248343362,394.7729798859273,27.422020386049248,9.487112047817695e-14
2024-05-08 19:00:00,424.8065045141696,0.0,167.4975376609391,424.8065045141696,28.910159301723578,0.0
2024-05-08 20:00:00,426.89331639678295,0.0,169.61308726400006,426.89331639678295,30.72648230931559,0.0
2024-05-08 21:00:00,292.1877481108928,0.0,97.49153117976866,292.1877481108928,31.333719726963633,0.0
2024-05-08 22:00:00,41.53879614263224,0.0,0.0,41.53879614263224,31.1536702506057,0.0
2024-05-08 23:00:00,35.03031223038805,0.0,0.0,35.03031223038805,31.778910133733504,0.0
2024-05-09 00:00:00,32.42130121937249,0.0,0.0,32.42130121937249,32.41068590745076,0.0
2024-05-09 01:00:00,35.720280331146654,0.0,0.0,35.720280331146654,32.627476503074014,0.0
2024-05-09 02:00:00,38.82849586245856,0.0,0.0,38.82849586245856,33.429361668368564,0.0
2024-05-09 03:00:00,32.94295292983589,0.0,0.0,32.94295292983589,33.080027935769834,0.0
2024-05-09 04:00:00,34.89628165851877,0.0,0.0,34.89628165851877,31.51446108802852,0.0
2024-05-09 05:00:00,28.75764223588144,0.0,0.0,28.75764223588144,32.03370433741206,0.0
2024-05-09 06:00:00,240.1659118213747,0.0,68.05287389928095,240.1659118213747,30.98994749511351,0.0
2024-05-09 07:00:00,412.2157188284919,17.57714551692636,157.72536968925792,429.79286434541825,30.25391370142005,162.65545993313194
2024-05-09 08:00:00,421.0367188891664,30.79179224148335,178.98009236870388,451.82851113064976,29.453964482677524,261.85379047144835
2024-05-09 09:00:00,386.0584686814347,49.64836621876582,170.46880834686942,435.70683490020053,29.022990820326672,426.881422764264
2024-05-09 10:00:00,378.58289829968726,57.16627595232846,172.5639802829106,435.74917425201573,28.068389457320205,486.8878173493969
2024-05-09 11:00:00,308.5951780285822,70.28375017621562,142.7183466694513,378.87892820479783,26.47974787105063,596.5451626037143
2024-05-09 12:00:00,350.49284128143654,69.87728890074206,161.6460896437526,420.37013018217857,26.26909807845682,588.4730278622959
2024-05-09 13:00:00,216.4177879621222,41.54137562498375,77.15903141958613,257.95916358710593,25.72449188710685,334.15901040276344
2024-05-09 14:00:00,171.25381163342212,63.261300923484,71.82644452126388,234.51511255690613,24.988569991093893,513.6335481785343
2024-05-09 15:00:00,340.13256696860145,55.29761946101086,147.68260269467376,395.4301864296123,25.89406732973491,444.2757484536073
2024-05-09 16:00:00,346.8014607618651,39.42808412715764,149.86594354934465,386.22954488902275,27.220781276081205,306.6938594977637
2024-05-09 17:00:00,348.85430413735145,20.490139982648454,135.96403173783463,369.3444441199999,25.998597544519406,147.9670118166152
2024-05-09 18:00:00,402.3842053231019,2.1417469107010744e-15,156.9287214417215,402.3842053231019,27.56746207871716,8.625205201841735e-14
2024-05-09 19:00:00,403.5435219731243,0.0,153.27502765685412,403.5435219731243,28.395557244983532,0.0
2024-05-09 20:00:00,450.8648326925164,0.0,186.2074882448051,450.8648326925164,29.473360711429354,0.0
2024-05-09 21:00:00,296.68821550946996,0.0,102.61977440683157,296.68821550946996,29.75399715470905,0.0
2024-05-09 22:00:00,26.7878413796646,0.0,0.0,26.7878413796646,30.366937680147217,0.0
2024-05-09 23:00:00,38.262875199410914,0.0,0.0,38.262875199410914,31.115067881302796,0.0
2024-05-10 00:00:00,33.04599101784307,0.0,0.0,33.04599101784307,33.61240693230122,0.0
2024-05-10 01:00:00,32.94581760014606,0.0,0.0,32.94581760014606,32.805248544720754,0.0
2024-05-10 02:00:00,30.410136865480457,0.0,0.0,30.410136865480457,33.16607004406336,0.0
2024-05-10 03:00:00,29.828445401096882,0.0,0.0,29.828445401096882,34.34890783120817,0.0
2024-05-10 04:00:00,37.19554773629542,0.0,0.0,37.19554773629542,32.57981222474725,0.0
2024-05-10 05:00:00,37.37221141396192,0.0,0.0,37.37221141396192,32.561924673018325,0.0
2024-05-10 06:00:00,232.01490666243885,0.0,59.75769798779156,232.01490666243885,32.197756978202705,0.0
2024-05-10 07:00:00,355.5131631263463,16.43097549619973,131.25683100422773,371.944138622546,31.329577891238394,147.9783358438527
2024-05-10 08:00:00,306.44955351946857,36.02928223451085,121.53218943215701,342.4788357539794,29.25006296136811,314.8597909258666
2024-05-10 09:00:00,333.59309322295604,51.39497192271101,141.3365108408106,384.98806514566706,28.653308258180378,447.33563357694453
2024-05-10 10:00:00,301.3637259138029,70.6360445864583,136.53333937497422,371.9997705002612,28.31703312801594,613.4080428738172
2024-05-10 11:00:00,359.0845238982222,53.94931312873643,162.9906613479536,413.0338370269586,28.40548613442868,448.6497695399504
2024-05-10 12:00:00,343.3777155053742,66.93602956532595,155.21708434111775,410.3137450707002,26.504006897323816,559.341826166549
2024-05-10 13:00:00,206.09737258143633,76.1670138227529,94.66373330866085,282.2643864041892,26.288304255822673,636.2245084989886
2024-05-10 14:00:00,131.19750878426032,74.1518391102438,57.021791976563826,205.34934789450412,26.62563835059045,616.3234222568836
2024-05-10 15:00:00,359.6458792807306,53.7042005899585,159.89451021716016,413.35007987068906,26.844939861552398,433.0507826312431
2024-05-10 16:00:00,327.17046506529823,36.738821067639655,135.1285979267656,363.9092861329379,27.22488922879578,285.967669268278
2024-05-10 17:00:00,392.0523601381093,23.767909492398854,156.10927643258933,415.82026963050816,27.017799473319634,168.6780271616864
2024-05-10 18:00:00,439.13068860930053,2.636406286164763e-15,170.57639281663398,439.13068860930053,27.899827071422745,8.085145824784226e-14
2024-05-10 19:00:00,405.249845363011,0.0,151.74443368367713,405.249845363011,29.11773508193211,0.0
2024-05-10 20:00:00,410.99379540990145,0.0,164.48739022907554,410.99379540990145,30.54700679620409,0.0
2024-05-10 21:00:00,253.28790608713967,0.0,75.81862784250836,253.28790608713967,30.70247575668956,0.0
2024-05-10 22:00:00,30.61287167432403,0.0,0.0,30.61287167432403,31.65470018984804,0.0
2024-05-10 23:00:00,32.83418562338542,0.0,0.0,32.83418562338542,31.877760655473153,0.0
2024-05-11 00:00:00,32.35718448762625,0.0,0.0,32.35718448762625,36.58738346003604,0.0
2024-05-11 01:00:00,42.19481921570026,0.0,0.0,42.19481921570026,36.08255299642697,0.0
2024-05-11 02:00:00,38.801967201761435,0.0,0.0,38.801967201761435,36.66355852062275,0.0
2024-05-11 03:00:00,43.55092923244408,0.0,0.0,43.55092923244408,36.020370126889915,0.0
2024-05-11 04:00:00,31.425851883748464,0.0,0.0,31.425851883748464,35.69840357671162,0.0
2024-05-11 05:00:00,27.02381449490133,0.0,0.0,27.02381449490133,34.34940041957127,0.0
2024-05-11 06:00:00,59.244337771828505,0.0,0.0,59.244337771828505,33.29930019599809,0.0
2024-05-11 07:00:00,53.99710414962845,12.77437643862816,0.0,66.77148058825661,34.15650039462118,107.98560847042036
2024-05-11 08:00:00,31.460811740051607,27.836073513893577,0.0,59.296885253945185,32.66371023797559,235.51894891267247
2024-05-11 09:00:00,20.26346028995257,42.418936365275435,0.0,62.682396655228004,31.822028534478864,361.5405007052413
2024-05-11 10:00:00,0.0,64.33710242597522,0.0,56.90844640593396,30.250154254744174,567.4141240212342
2024-05-11 11:00:00,2.7492312865024857,54.18719006492756,0.0,56.93642135143005,29.698275307794653,455.6798405079991
2024-05-11 12:00:00,5.343970831108734,54.283642980529514,0.0,59.62761381163825,30.124743218166333,453.2611897587838
2024-05-11 13:00:00,14.584307943664435,53.93513777069119,0.0,68.51944571435563,30.11401262425336,446.2734820378042
2024-05-11 14:00:00,0.0,65.79567099850927,0.0,65.13781357557627,28.814044123958105,545.5566663564945
2024-05-11 15:00:00,30.597636389837916,25.593645669372464,0.0,56.19128205921038,29.57968238301417,205.15997571572734
2024-05-11 16:00:00,36.61646581876377,26.954174721741094,0.0,63.57064054050486,29.68860468393964,213.8351513482407
2024-05-11 17:00:00,29.93274714910516,25.78742884756271,0.0,55.72017599666787,30.0895429266526,184.13844887272592
2024-05-11 18:00:00,56.762846319875806,4.165209600410593e-15,0.0,56.76284631987581,31.80066064093354,6.72068319294779e-14
2024-05-11 19:00:00,62.49683873339832,0.0,0.0,62.49683873339832,31.49221364997418,0.0
2024-05-11 20:00:00,67.41680548847731,0.0,0.0,67.41680548847731,33.24503744935312,0.0
2024-05-11 21:00:00,66.28421155018765,0.0,0.0,66.28421155018765,33.72125944722423,0.0
2024-05-11 22:00:00,34.652764451045584,0.0,0.0,34.652764451045584,34.36623646966197,0.0
2024-05-11 23:00:00,36.578176284976905,0.0,0.0,36.578176284976905,35.78556345151383,0.0
2024-05-12 00:00:00,22.650145285854286,0.0,0.0,22.650145285854286,33.848200366552454,0.0
2024-05-12 01:00:00,13.747940160768993,0.0,0.0,13.747940160768993,34.00457083115101,0.0
2024-05-12 02:00:00,24.46497850971753,0.0,0.0,24.46497850971753,34.861765290586426,0.0
2024-05-12 03:00:00,15.432786683693148,0.0,0.0,15.432786683693148,34.67741572299309,0.0
2024-05-12 04:00:00,16.607026172870114,0.0,0.0,16.607026172870114,34.304114777917874,0.0
2024-05-12 05:00:00,17.10366845535608,0.0,0.0,17.10366845535608,31.20301576743849,0.0
2024-05-12 06:00:00,11.307674900614174,0.0,0.0,11.307674900614174,32.642132516964615,0.0
2024-05-12 07:00:00,3.9613968391376186,15.372590748298348,0.0,19.333987587435967,31.683969458489212,135.3776297488912
2024-05-12 08:00:00,0.0,29.630381585521324,0.0,17.517845434682126,30.65461257705266,250.8384025125958
2024-05-12 09:00:00,0.0,49.773218462789416,0.0,16.22451635761566,30.07106736322292,434.86699591464503
2024-05-12 10:00:00,0.0,51.4089091062671,0.0,17.96301708824313,29.05232264034767,433.04239669766145
2024-05-12 11:00:00,0.0,41.58393050673552,0.0,22.898918466148814,28.53607417860608,340.26687282328817
2024-05-12 12:00:00,0.0,60.903519011226564,0.0,21.40473977085815,27.50697438697237,511.85153250165837
2024-05-12 13:00:00,0.0,63.86334341300956,0.0,21.630006188648217,28.04039412717191,536.4051686417235
2024-05-12 14:00:00,0.0,57.33991276501763,0.0,17.909216441885867,27.561516299981815,472.1351105087391
2024-05-12 15:00:00,0.0,61.55599807847636,0.0,13.841066351598956,27.562567107341085,499.6930603692817
2024-05-12 16:00:00,0.0,34.71825553998732,0.0,17.768034114130565,27.887807907703298,272.2797964322412
2024-05-12 17:00:00,0.0,23.73977774663652,0.0,22.981109534295122,28.77581112368927,170.33891026137633
2024-05-12 18:00:00,21.63704044735592,3.647562187737305e-15,0.0,21.637040447355922,29.432888097563147,7.2223073465557e-14
2024-05-12 19:00:00,13.129381677357609,0.0,0.0,13.129381677357609,29.709791519463437,0.0
2024-05-12 20:00:00,19.87816101845639,0.0,0.0,19.87816101845639,31.16719939450705,0.0
2024-05-12 21:00:00,22.01931308082007,0.0,0.0,22.01931308082007,31.66493698197525,0.0
2024-05-12 22:00:00,14.653232856542887,0.0,0.0,14.653232856542887,33.38050759984557,0.0
2024-05-12 23:00:00,18.718340125784966,0.0,0.0,18.718340125784966,33.695781843771805,0.0
2024-05-13 00:00:00,31.58463791044633,0.0,0.0,31.58463791044633,32.26823460740777,0.0
2024-05-13 01:00:00,32.52608721836742,0.0,0.0,32.52608721836742,34.09604609017996,0.0
2024-05-13 02:00:00,32.43124984394533,0.0,0.0,32.43124984394533,31.998930435448173,0.0
2024-05-13 03:00:00,33.66584721491389,0.0,0.0,33.66584721491389,33.249368115789345,0.0
2024-05-13 04:00:00,32.66417303814012,0.0,0.0,32.66417303814012,32.23291560196598,0.0
2024-05-13 05:00:00,35.675862732521026,0.0,0.0,35.675862732521026,32.96591423443251,0.0
2024-05-13 06:00:00,117.46829974284468,0.0,0.0,117.46829974284468,31.42635338609073,0.0
2024-05-13 07:00:00,427.53469670630454,16.57985949659444,162.65432508564356,444.114556202899,30.05891927875835,149.69619556532788
2024-05-13 08:00:00,419.04350159701687,36.7257516538774,173.99054993137682,455.7692532508943,29.416702997333296,324.83815510634724
2024-05-13 09:00:00,364.7937081190485,49.21749847662663,153.74781491743602,414.01120659567516,28.28711796625147,422.2288056973068
2024-05-13 10:00:00,412.78511734697713,58.38076795155162,191.28703265058817,471.16588529852874,27.647061864158047,495.80268326845163
2024-05-13 11:00:00,298.7203117648684,60.142506733791585,134.766481330759,358.86281849866003,26.91075281134542,503.2360345627402
2024-05-13 12:00:00,313.9610328165929,73.12089107087752,146.7902550170895,387.0819238874704,26.14328350584702,617.0644379381501
2024-05-13 13:00:00,206.51721569993788,78.06156481346665,95.82386654658102,284.5787805134045,26.30424186722266,663.9854948301428
2024-05-13 14:00:00,163.69699416040214,62.55354032330506,65.92556153716242,226.2505344837072,26.245562435146454,512.2752317934849
2024-05-13 15:00:00,322.3096154622589,71.87154357179443,148.30353246673408,394.1811590340533,25.671056765793367,591.0652249780704
2024-05-13 16:00:00,315.3389486800812,45.88034950592807,140.81657625899558,361.21929818600927,25.689727058675548,355.8153532423468
2024-05-13 17:00:00,414.0089802433473,27.160917925356074,167.26914012745746,441.1698981687034,27.230554845364956,192.4184204043621
2024-05-13 18:00:00,413.85315716930774,2.1334728233371256e-15,159.598540331544,413.85315716930774,28.065910629002854,8.630784847162245e-14
2024-05-13 19:00:00,402.07743242241753,0.0,152.07221890022046,402.07743242241753,29.00919207656488,0.0
2024-05-13 20:00:00,441.94114716730735,0.0,165.35632929450537,441.94114716730735,29.825537544240152,0.0
2024-05-13 21:00:00,292.46673856510444,0.0,93.21151281855616,292.46673856510444,31.242175399170407,0.0
2024-05-13 22:00:00,33.342270417723626,0.0,0.0,33.342270417723626,31.79848429690872,0.0
2024-05-13 23:00:00,31.722282126933933,0.0,0.0,31.722282126933933,33.36473818580379,0.0
2024-05-14 00:00:00,30.320424178044558,0.0,0.0,30.320424178044558,32.887058419257116,0.0
2024-05-14 01:00:00,28.51673963621492,0.0,0.0,28.51673963621492,30.807335005784495,0.0
2024-05-14 02:00:00,36.33446598167143,0.0,0.0,36.33446598167143,30.70707659197719,0.0
2024-05-14 03:00:00,35.32892772210834,0.0,0.0,35.32892772210834,31.682690650683494,0.0
2024-05-14 04:00:00,34.26791441968841,0.0,0.0,34.26791441968841,31.58885103578081,0.0
2024-05-14 05:00:00,30.988645639316317,0.0,0.0,30.988645639316317,30.742577137245167,0.0
2024-05-14 06:00:00,240.5613447564326,0.0,62.11962424586188,240.5613447564326,30.407436130623992,0.0
2024-05-14 07:00:00,396.1394189712451,21.823186841275216,154.71891333436085,417.96260581252034,29.076391527754748,208.2644275347182
2024-05-14 08:00:00,351.069946047684,38.79943351644512,144.56834038239523,389.86937956412913,27.958670525888053,344.83390776684297
2024-05-14 09:00:00,331.21533021452217,52.09548399251864,142.96679015881455,383.3108142070408,27.12833381981077,448.753920769694
2024-05-14 10:00:00,340.9838255974587,63.4373571921354,149.22018846577453,404.42118278959407,26.455561723063013,549.7298184721569
2024-05-14 11:00:00,334.0882121628588,71.2608211543999,158.00511782481607,405.34903331725866,26.252528345472275,611.1083724223193
2024-05-14 12:00:00,270.6168807236123,74.0032112061022,128.02744227799505,344.62009192971453,25.03118664601666,628.1184132630249
2024-05-14 13:00:00,225.38957400995224,67.75941511260037,103.42783742949949,293.1489891225526,24.780421164125023,564.5643905697825
2024-05-14 14:00:00,158.37823769191056,60.045233280506466,63.11617992211012,218.42347097241702,25.09075432961729,491.874152142472
2024-05-14 15:00:00,316.79962848122807,58.52145695007782,140.7248392527463,375.3210854313059,24.825507316810782,471.7667712373128
2024-05-14 16:00:00,404.33263016626614,41.09608448685233,182.96137396113198,445.42871465311845,25.83291226967227,318.46846635907923
2024-05-14 17:00:00,368.29043150588694,28.188144317989956,158.15822918115006,396.4785758238769,25.37101905732467,198.29250437882996
2024-05-14 18:00:00,361.6736554850033,2.1554550848144826e-15,136.4714059445014,361.6736554850033,25.98746402936237,8.624858276576498e-14
2024-05-14 19:00:00,438.41677748642434,0.0,182.25460439319204,438.41677748642434,27.55209376674546,0.0
2024-05-14 20:00:00,452.6243763163647,0.0,178.83917356912488,452.6243763163647,28.50779013872751,0.0
2024-05-14 21:00:00,272.4926722507183,0.0,85.91201946582933,272.4926722507183,28.77903281841223,0.0
2024-05-14 22:00:00,41.80638445767693,0.0,0.0,41.80638445767693,30.727443608258827,0.0
2024-05-14 23:00:00,28.937110820722044,0.0,0.0,28.937110820722044,31.74298804663314,0.0
2024-05-15 00:00:00,34.73516286318478,0.0,0.0,34.73516286318478,31.15152675120795,0.0
2024-05-15 01:00:00,35.06156385662888,0.0,0.0,35.06156385662888,32.55875567276011,0.0
2024-05-15 02:00:00,36.01178286423123,0.0,0.0,36.01178286423123,30.743298858382413,0.0
2024-05-15 03:00:00,33.449899990225866,0.0,0.0,33.449899990225866,32.35316146975352,0.0
2024-05-15 04:00:00,32.45180824959398,0.0,0.0,32.45180824959398,31.036572472064098,0.0
2024-05-15 05:00:00,42.89757034318589,0.0,0.0,42.89757034318589,31.39727501952176,0.0
2024-05-15 06:00:00,240.7529632866979,0.0,60.96522525599635,240.7529632866979,29.70372695140444,0.0
2024-05-15 07:00:00,383.7999736077302,20.47828493971551,150.29300606885286,404.2782585474457,29.3059878349282,196.3577261356076
2024-05-15 08:00:00,326.17338896363003,41.6744958260786,127.74086729613305,367.84788478970864,28.029307146111854,373.6348819406746
2024-05-15 09:00:00,367.28327831790375,59.27017658357444,162.6138282178315,426.5534549014782,27.42155793763291,520.1686453203077
2024-05-15 10:00:00,370.61346821459273,67.51197554598906,170.81104013529173,438.1254437605818,27.599326958847996,586.3431554311992
2024-05-15 11:00:00,357.26795363969353,71.82763236957975,167.8459988064018,429.0955860092733,25.905522311933158,620.3471727705694
2024-05-15 12:00:00,312.6720374161133,85.84984101696287,158.01587235337962,398.5218784330762,26.458426843100156,745.4747151113012
2024-05-15 13:00:00,216.59133793954456,84.20573213705129,103.4034031197179,300.79707007659584,24.86071827182462,710.8763673124639
2024-05-15 14:00:00,140.5978941469393,69.28807030757162,55.84732119949519,209.8859644545109,25.680247296286176,572.3692107111249
2024-05-15 15:00:00,389.16467856698983,68.3668813179047,186.13793507263,457.53155988489453,24.240778249114637,557.1008693485566
2024-05-15 16:00:00,349.68130788749363,41.166820967377795,145.339706820551,390.84812885487145,25.260021503448144,318.22279377917806
2024-05-15 17:00:00,359.2495828419088,24.096771085743825,147.08912952551856,383.3463539276526,25.69143621756718,170.61237310746182
2024-05-15 18:00:00,383.45819712215086,2.1812402902781006e-15,148.44035174207377,383.45819712215086,27.453217744781345,1.013899392320095e-13
2024-05-15 19:00:00,384.0776123109249,0.0,147.2916892410112,384.0776123109249,27.62112267954199,0.0
2024-05-15 20:00:00,389.7401207414786,0.0,154.46459611056147,389.7401207414786,27.390323359559027,0.0
2024-05-15 21:00:00,284.78957712465814,0.0,92.31284647882487,284.78957712465814,28.685166774879818,0.0
2024-05-15 22:00:00,33.750080707562,0.0,0.0,33.750080707562,29.678033819693074,0.0
2024-05-15 23:00:00,35.20273537705715,0.0,0.0,35.20273537705715,31.376263825591774,0.0
2024-05-16 00:00:00,33.78086748575139,0.0,0.0,33.78086748575139,33.28983688213118,0.0
2024-05-16 01:00:00,34.53716076134313,0.0,0.0,34.53716076134313,33.0867849025887,0.0
2024-05-16 02:00:00,23.15574423587207,0.0,0.0,23.15574423587207,33.08198933024873,0.0
2024-05-16 03:00:00,38.41863675909203,0.0,0.0,38.41863675909203,33.59517873949428,0.0
2024-05-16 04:00:00,38.66776283721902,0.0,0.0,38.66776283721902,32.322571594087066,0.0
2024-05-16 05:00:00,30.669910613156055,0.0,0.0,30.669910613156055,32.559952450185605,0.0
2024-05-16 06:00:00,235.13333671036523,0.0,63.81673190320627,235.13333671036523,31.792503225492634,0.0
2024-05-16 07:00:00,374.3709162118257,16.06379534896935,144.60552005537548,390.43471156079505,30.624816088382957,143.3004258791928
2024-05-16 08:00:00,386.1409312717295,29.730687528555656,160.12401860731762,415.8716188002852,30.055083209580374,252.07911485087314
2024-05-16 09:00:00,327.44604930419155,43.3497513888352,140.32577012126765,370.79580069302676,29.001424745736035,365.6596081023928
2024-05-16 10:00:00,398.02397502046483,52.454756117829206,169.0364768397773,450.47873113829405,28.354953974435787,438.9075639547412
2024-05-16 11:00:00,352.38407834087593,77.68338968006944,168.84110380258352,430.0674680209454,26.714319338664556,675.5311182535953
2024-05-16 12:00:00,349.1728335314283,44.18702777168105,157.40885616058003,393.35986130310937,27.13240630407633,358.68807921705553
2024-05-16 13:00:00,209.8759851222158,58.7787368091095,88.36036220321687,268.6547219313253,26.988804499796913,482.44925930486886
2024-05-16 14:00:00,171.23860827711306,56.22309359824995,64.96013986970137,227.46170187536302,26.51671993733974,457.8687023439962
2024-05-16 15:00:00,334.9762461226652,41.75824067681821,143.51955718914442,376.7344867994834,26.77611176054153,332.0677909858111
2024-05-16 16:00:00,368.70188594269206,38.261126896975895,158.04400864354932,406.96301283966795,26.7701956551071,298.6841831473244
2024-05-16 17:00:00,380.17181560183656,21.011850120531314,155.1089092997678,401.1836657223679,27.827036776036124,152.90749314191896
2024-05-16 18:00:00,468.45904753080987,4.500451117389058e-15,198.92105783021216,468.45904753080987,28.138867791047442,6.433709538951554e-14
2024-05-16 19:00:00,380.6314362969422,0.0,138.17392287323997,380.6314362969422,28.376406927971388,0.0
2024-05-16 20:00:00,330.7202935897067,0.0,115.48986818153827,330.7202935897067,30.266352304499147,0.0
2024-05-16 21:00:00,277.1814164795798,0.0,88.47486481265074,277.1814164795798,29.945037761162453,0.0
2024-05-16 22:00:00,30.404978461329,0.0,0.0,30.404978461329,31.747634099201708,0.0
2024-05-16 23:00:00,35.00109273401495,0.0,0.0,35.00109273401495,32.13900653618694,0.0
2024-05-17 00:00:00,33.9984177120473,0.0,0.0,33.9984177120473,32.546600457426784,0.0
2024-05-17 01:00:00,37.94261467337498,0.0,0.0,37.94261467337498,33.20630918600845,0.0
2024-05-17 02:00:00,30.038587886568905,0.0,0.0,30.038587886568905,32.88493032362461,0.0
2024-05-17 03:00:00,26.005973569851236,0.0,0.0,26.005973569851236,33.37641781810926,0.0
2024-05-17 04:00:00,35.542282984638334,0.0,0.0,35.542282984638334,32.79906164859014,0.0
2024-05-17 05:00:00,39.99442918518726,0.0,0.0,39.99442918518726,31.905801177480424,0.0
2024-05-17 06:00:00,211.34033133850846,0.0,52.19215079939539,211.34033133850846,32.15866420405677,0.0
2024-05-17 07:00:00,375.5178665541834,17.637807256624132,146.05455594005429,393.1556738108075,30.74783238204218,164.8951917019947
2024-05-17 08:00:00,349.56737765209084,28.98907167071003,137.0627348321831,378.55644932280086,30.05497488574585,245.03194992842992
2024-05-17 09:00:00,312.1095695625215,58.03978923349718,143.25411456508525,370.14935879601865,29.542002125921996,519.2722251079898
2024-05-17 10:00:00,322.6733822279623,56.440135811375036,140.72767287058076,379.11351803933735,28.689663686930796,478.4210958529877
2024-05-17 11:00:00,357.16191446060054,68.58678995860912,172.66648585878232,425.7487044192097,27.55459341180879,590.6534110257633
2024-05-17 12:00:00,321.50769613302543,76.70446222284896,156.73566073181536,398.2121583558744,26.55715640528317,663.6390001840398
2024-05-17 13:00:00,235.28305675860372,61.471158072609896,104.66302898969089,296.75421483121363,25.643982133253264,505.8508197537601
2024-05-17 14:00:00,167.05443586749215,58.98235462411656,63.25503335027351,226.0367904916087,26.342919769273482,482.53646396284813
2024-05-17 15:00:00,388.22811238954756,53.37078409156772,172.12529128668643,441.5988964811153,26.906126184930564,432.9776188927598
2024-05-17 16:00:00,347.94811258029216,51.88254961672628,152.7412146208629,399.83066219701846,26.885642915484716,407.93685985390056
2024-05-17 17:00:00,428.50598024075174,22.422323423961004,182.61419448104164,450.92830366471276,25.542408659996745,160.87965284490105
2024-05-17 18:00:00,414.23895931662133,2.020431412104365e-15,164.91774881582805,414.23895931662133,28.424605496446844,8.827122030752535e-14
2024-05-17 19:00:00,128.30231701539307,0.0,0.0,128.30231701539307,29.299457338562657,0.0
2024-05-17 20:00:00,465.2213684054864,0.0,167.2516062300615,465.2213684054864,29.588963322170454,0.0
2024-05-17 21:00:00,302.36166492829665,0.0,94.75607984133538,302.36166492829665,31.139621914519193,0.0
2024-05-17 22:00:00,31.640702268146438,0.0,0.0,31.640702268146438,31.8035571262303,0.0
2024-05-17 23:00:00,35.883529163328646,0.0,0.0,35.883529163328646,31.87169475704551,0.0
2024-05-18 00:00:00,30.86309055672532,0.0,0.0,30.86309055672532,33.89787862387299,0.0
2024-05-18 01:00:00,38.13638649699978,0.0,0.0,38.13638649699978,32.978141082977295,0.0
2024-05-18 02:00:00,34.56164970144851,0.0,0.0,34.56164970144851,33.70251681699915,0.0
2024-05-18 03:00:00,37.977416678237574,0.0,0.0,37.977416678237574,33.533378388144314,0.0
2024-05-18 04:00:00,31.42738882021019,0.0,0.0,31.42738882021019,32.84950898966976,0.0
2024-05-18 05:00:00,31.0760423032772,0.0,0.0,31.0760423032772,32.85790982049601,0.0
2024-05-18 06:00:00,61.39608829883881,0.0,0.0,61.39608829883881,32.63632360230515,0.0
2024-05-18 07:00:00,43.211852307045746,16.00767558129137,0.0,59.21952788833711,31.760876746308135,143.8900548533992
2024-05-18 08:00:00,22.869597346959104,30.3866941420383,0.0,53.256291488997405,30.592971259889577,260.6478284652361
2024-05-18 09:00:00,7.790273800867148,50.29874316542283,0.0,58.089016966289975,28.47731124121965,434.9558532012101
2024-05-18 10:00:00,0.0,61.86141612958851,0.0,56.83144842893705,27.81316300208006,539.4899259774672
2024-05-18 11:00:00,0.0,67.12918595330834,0.0,59.55489005522401,27.83934997824509,573.8305563509399
2024-05-18 12:00:00,0.0,81.43373364368439,0.0,63.00387313805932,27.182932718731312,713.8244444071371
2024-05-18 13:00:00,0.0,64.71784980218104,0.0,52.28704160991876,26.601358846757723,536.9915460930927
2024-05-18 14:00:00,0.0,66.94356530335821,0.0,61.647797210040665,27.683800751246036,558.0242513128175
2024-05-18 15:00:00,6.597394498007162,54.41384746168036,0.0,61.011241959687524,26.903328837092452,442.4480514956983
2024-05-18 16:00:00,23.15498569188837,32.00114110223117,0.0,55.156126794119544,27.47125660986849,251.11995244999397
2024-05-18 17:00:00,46.71543588524173,18.08200637207226,0.0,64.79744225731399,28.250212358839928,134.6645904744178
2024-05-18 18:00:00,57.314829284416895,3.1886168918438144e-15,0.0,57.314829284416895,28.50861837735485,7.610635556273717e-14
2024-05-18 19:00:00,64.63877716322465,0.0,0.0,64.63877716322465,30.62080357861598,0.0
2024-05-18 20:00:00,57.81868488391833,0.0,0.0,57.81868488391833,29.760953001300766,0.0
2024-05-18 21:00:00,55.399916014648376,0.0,0.0,55.399916014648376,30.83397001543038,0.0
2024-05-18 22:00:00,44.909501406922416,0.0,0.0,44.909501406922416,31.509726293377366,0.0
2024-05-18 23:00:00,30.014488063411125,0.0,0.0,30.014488063411125,33.487342029885184,0.0
2024-05-19 00:00:00,15.169189725353572,0.0,0.0,15.169189725353572,31.205511289831836,0.0
2024-05-19 01:00:00,17.153956966323037,0.0,0.0,17.153956966323037,30.882043875129423,0.0
2024-05-19 02:00:00,16.053936549065003,0.0,0.0,16.053936549065003,30.84144125199959,0.0
2024-05-19 03:00:00,18.656019389630266,0.0,0.0,18.656019389630266,31.84656508179002,0.0
2024-05-19 04:00:00,18.509794247230527,0.0,0.0,18.509794247230527,30.985312210391943,0.0
2024-05-19 05:00:00,21.35993162073901,0.0,0.0,21.35993162073901,30.953462157938063,0.0
2024-05-19 06:00:00,18.518803125218632,0.0,0.0,18.518803125218632,29.4933047640862,0.0
2024-05-19 07:00:00,0.0,17.703131201629525,0.0,12.579232891562793,28.935013758552603,164.08320842076967
2024-05-19 08:00:00,0.0,37.89575829910535,0.0,16.585382412760016,27.92349326709898,336.6461309355403
2024-05-19 09:00:00,0.0,51.43370341517299,0.0,17.5091031298241,26.55545711443112,446.15572356046465
2024-05-19 10:00:00,0.0,70.22698442208304,0.0,13.961465392024209,25.951307360072477,611.4767922367705
2024-05-19 11:00:00,0.0,68.07148138573363,0.0,23.568274468107788,24.706354033174893,576.601487065748
2024-05-19 12:00:00,0.0,63.82612710599346,0.0,19.432849569123423,24.989343938095065,531.0908239172994
2024-05-19 13:00:00,0.0,87.74620233165915,0.0,19.390016622096656,24.77326342063867,755.6427959148265
2024-05-19 14:00:00,0.0,62.22119432053674,0.0,23.651150024153026,24.76846003952964,507.5746274249778
2024-05-19 15:00:00,0.0,51.79635932001983,0.0,16.802479355013695,24.725911494050745,416.3778914563955
2024-05-19 16:00:00,0.0,40.33243158912491,0.0,18.495854455547295,24.678185457979932,313.52390356550484
2024-05-19 17:00:00,0.0,23.01567112772603,0.0,15.875427866420363,26.074491027862557,164.90775133170538
2024-05-19 18:00:00,14.672413115634791,3.4988064139601752e-15,0.0,14.672413115634795,26.46953368334175,7.380467454669564e-14
2024-05-19 19:00:00,12.756531171277024,0.0,0.0,12.756531171277024,27.56178593244671,0.0
2024-05-19 20:00:00,16.63201182420531,0.0,0.0,16.63201182420531,28.499022791712154,0.0
2024-05-19 21:00:00,23.685792258814228,0.0,0.0,23.685792258814228,28.616446269682356,0.0
2024-05-19 22:00:00,14.977822756908363,0.0,0.0,14.977822756908363,29.7173191679236,0.0
2024-05-19 23:00:00,17.014698119873017,0.0,0.0,17.014698119873017,30.635535765378634,0.0
2024-05-20 00:00:00,34.50651788182128,0.0,0.0,34.50651788182128,32.846500105422486,0.0
2024-05-20 01:00:00,33.2187755176745,0.0,0.0,33.2187755176745,33.2072358917665,0.0
2024-05-20 02:00:00,36.94169703021467,0.0,0.0,36.94169703021467,33.240326262946624,0.0
2024-05-20 03:00:00,35.50367587778666,0.0,0.0,35.50367587778666,33.716672433695955,0.0
2024-05-20 04:00:00,33.20825397926567,0.0,0.0,33.20825397926567,33.2544124695839,0.0
2024-05-20 05:00:00,29.41995447303061,0.0,0.0,29.41995447303061,32.147020505949456,0.0
2024-05-20 06:00:00,232.92338299508828,0.0,61.72420160258658,232.92338299508828,32.214661199793504,0.0
2024-05-20 07:00:00,406.3965869457424,19.240197712022216,159.0123352206079,425.6367846577646,31.248039285444687,186.48174942120167
2024-05-20 08:00:00,394.2428528398337,34.629313945397506,169.3321833123164,428.8721667852312,30.981102170982656,306.73205908970556
2024-05-20 09:00:00,302.34735435795034,50.57723546178484,124.1491768072852,352.92458981973516,30.490604967651564,444.4145141093374
2024-05-20 10:00:00,343.58688496691263,64.23710376063552,151.97268794829574,407.82398872754817,28.868207256151276,557.9232351719304
2024-05-20 11:00:00,348.78196330524713,82.77188541183013,168.25206375491163,431.55384871707724,27.566793091108124,734.5559731900446
2024-05-20 12:00:00,349.98227930693935,61.627541023880994,161.40957942411308,411.60982033082036,27.682255361372157,519.2672704962849
2024-05-20 13:00:00,194.9819989299234,64.60063863086224,83.85569965015785,259.58263756078566,27.01389315559266,543.7250977403389
2024-05-20 14:00:00,135.22462672938678,54.214684198587136,48.08309706579405,189.4393109279739,26.76991945905341,445.91724250243067
2024-05-20 15:00:00,396.2411929653155,50.63411917927739,184.2895950020342,446.8753121445929,26.578441133342515,410.29581876377483
2024-05-20 16:00:00,368.9334975935624,38.413271048372714,154.55345772232337,407.3467686419351,27.12678315308762,300.60723434598685
2024-05-20 17:00:00,431.2949524976891,18.908727379653737,181.3462797627974,450.20367987734284,27.82621284615433,139.81288277254404
2024-05-20 18:00:00,421.28869499476474,3.3963578056629467e-15,170.02066330970774,421.28869499476474,29.042030282026882,7.434841051681406e-14
2024-05-20 19:00:00,384.30804614817424,0.0,145.00058648422947,384.30804614817424,29.73962821828927,0.0
2024-05-20 20:00:00,327.7207033465713,0.0,118.10241782193233,327.7207033465713,31.302770157408407,0.0
2024-05-20 21:00:00,276.8344294263051,0.0,90.13268794136246,276.8344294263051,31.633017780726217,0.0
2024-05-20 22:00:00,35.89931633437831,0.0,0.0,35.89931633437831,32.35212954822534,0.0
2024-05-20 23:00:00,34.24364973094175,0.0,0.0,34.24364973094175,32.71174063736079,0.0
2024-05-21 00:00:00,31.561619360858266,0.0,0.0,31.561619360858266,34.245633152498705,0.0
2024-05-21 01:00:00,34.7115338529911,0.0,0.0,34.7115338529911,34.8290694012617,0.0
2024-05-21 02:00:00,30.46571366626187,0.0,0.0,30.46571366626187,34.88335639879556,0.0
2024-05-21 03:00:00,39.77898536472872,0.0,0.0,39.77898536472872,33.83356271322236,0.0
2024-05-21 04:00:00,29.910594244601686,0.0,0.0,29.910594244601686,34.26004875213498,0.0
2024-05-21 05:00:00,30.56269209314342,0.0,0.0,30.56269209314342,35.00925434501243,0.0
2024-05-21 06:00:00,227.63240667618197,0.0,62.765373091036025,227.63240667618197,33.66757583665603,0.0
2024-05-21 07:00:00,428.09355685766207,15.729674975836112,164.59789533984724,443.8232318334982,32.450880460362804,142.04124584373488
2024-05-21 08:00:00,345.18113442531677,34.208936844974666,140.00366194532745,379.39007127029146,31.93251564124654,303.36266998341
2024-05-21 09:00:00,367.2849834284183,47.46410471823001,160.30360368307987,414.7490881466483,29.85070680945302,410.4313067449967
2024-05-21 10:00:00,364.163584411011,58.441210137593615,160.2978600443822,422.6047945486046,30.12432458840774,510.58184445470226
2024-05-21 11:00:00,363.1761300043076,82.07859881654731,173.02876236862068,445.2547288208549,29.897148127597358,733.7957612162443
2024-05-21 12:00:00,333.72432301380286,56.36579992501358,152.66778953583704,390.0901229388164,28.641628843386304,470.94753469184246
2024-05-21 13:00:00,223.85723718478732,67.62090535841581,98.68407629488908,291.47814254320315,27.466540575040508,567.021753037435
2024-05-21 14:00:00,167.0218604537227,71.53606349112124,64.81715277960362,238.55792394484394,28.02630546278818,603.5785439480907
2024-05-21 15:00:00,403.89770690938633,43.1078222138209,171.2904901016024,447.0055291232072,28.99216633565635,348.9231133192786
2024-05-21 16:00:00,343.78698904991313,35.24352721482121,144.58641077446825,379.03051626473433,28.831501645379827,277.96737419194096
2024-05-21 17:00:00,287.2474525657711,19.82929069936149,109.1340181876046,307.07674326513256,28.54924694862683,146.14285370603494
2024-05-21 18:00:00,408.29098130669985,3.64792781404724e-15,153.76940758426363,408.29098130669985,31.167090319768466,7.199570358547071e-14
2024-05-21 19:00:00,403.1060888161587,0.0,153.86228220641095,403.1060888161587,30.200504814195142,0.0
2024-05-21 20:00:00,365.6631821948505,0.0,139.26907789385652,365.6631821948505,31.61181343936992,0.0
2024-05-21 21:00:00,272.6661252554136,0.0,80.24882629392268,272.6661252554136,32.12044938770925,0.0
2024-05-21 22:00:00,31.40731247486334,0.0,0.0,31.40731247486334,32.96527472271973,0.0
2024-05-21 23:00:00,32.38307867151236,0.0,0.0,32.38307867151236,33.98207390646186,0.0
2024-05-22 00:00:00,16.759492537293315,0.0,0.0,16.759492537293315,35.796573490005606,0.0
2024-05-22 01:00:00,17.39088541682397,0.0,0.0,17.39088541682397,36.47341561145857,0.0
2024-05-22 02:00:00,16.795231429757177,0.0,0.0,16.795231429757177,35.754325410820805,0.0
2024-05-22 03:00:00,19.0955506051682,0.0,0.0,19.0955506051682,35.32307811175631,0.0
2024-05-22 04:00:00,23.663167350461734,0.0,0.0,23.663167350461734,35.71781806841247,0.0
2024-05-22 05:00:00,17.830522614406988,0.0,0.0,17.830522614406988,35.176265020454544,0.0
2024-05-22 06:00:00,36.74334723485748,0.0,0.0,36.74334723485748,34.31759766461376,0.0
2024-05-22 07:00:00,20.071753403228122,14.012710133519123,0.0,34.08446353674724,33.49114606114922,121.39557119010477
2024-05-22 08:00:00,18.292707497298082,28.132009775252044,0.0,46.424717272550126,32.39112627366519,240.324085094106
2024-05-22 09:00:00,0.0,40.82757768490732,0.0,35.39819720801819,31.590618266256154,348.3544598883401
2024-05-22 10:00:00,0.0,54.62549858809895,0.0,51.18639558008334,30.60658393252525,465.9263798453152
2024-05-22 11:00:00,0.0,70.41435492927128,0.0,37.32441434004992,30.507657626202683,621.073502753092
2024-05-22 12:00:00,0.0,70.58404479622004,0.0,50.41320135961615,30.530550333944436,615.7312230686327
2024-05-22 13:00:00,0.0,68.49347066615732,0.0,43.71855642852091,29.156495680678894,590.6835456447193
2024-05-22 14:00:00,0.0,51.280840100727175,0.0,45.07152015743557,28.944123372851355,422.84096768482567
2024-05-22 15:00:00,6.20250718141925,45.80428539482914,0.0,52.00679257624839,29.19459978767033,375.2142414161442
2024-05-22 16:00:00,12.038467065443491,37.490688010919065,0.0,49.52915507636256,29.087359683099855,296.2225220712376
2024-05-22 17:00:00,18.040375257807376,18.059373801586744,0.0,36.09974905939412,30.35502494823653,135.62652195123437
2024-05-22 18:00:00,55.49274228604154,4.15666179171773e-15,0.0,55.49274228604155,30.9179977013776,6.743114819987446e-14
2024-05-22 19:00:00,32.517173900308684,0.0,0.0,32.517173900308684,31.331307734956866,0.0
2024-05-22 20:00:00,44.03014612069377,0.0,0.0,44.03014612069377,32.89844290635827,0.0
2024-05-22 21:00:00,50.614245616043846,0.0,0.0,50.614245616043846,33.36277103886855,0.0
2024-05-22 22:00:00,17.43392276075805,0.0,0.0,17.43392276075805,33.712381177599845,0.0
2024-05-22 23:00:00,21.813882384094953,0.0,0.0,21.813882384094953,35.09808545370143,0.0
2024-05-23 00:00:00,34.57803109092909,0.0,0.0,34.57803109092909,31.376249787444632,0.0
2024-05-23 01:00:00,41.10737761410973,0.0,0.0,41.10737761410973,32.087614087566486,0.0
2024-05-23 02:00:00,29.374507007312744,0.0,0.0,29.374507007312744,32.14243809753686,0.0
2024-05-23 03:00:00,37.21400516689121,0.0,0.0,37.21400516689121,31.55279184919679,0.0
2024-05-23 04:00:00,33.0900979238524,0.0,0.0,33.0900979238524,31.0217100675382,0.0
2024-05-23 05:00:00,40.053478062474824,0.0,0.0,40.053478062474824,30.70241023168125,0.0
2024-05-23 06:00:00,205.16297316974618,0.0,59.37938398250193,205.16297316974618,30.158319062333764,0.0
2024-05-23 07:00:00,398.86412281907747,17.425507800454753,155.6906835028926,416.2896306195322,29.374408469240784,162.9245607350686
2024-05-23 08:00:00,389.2906943242605,37.769770353025116,159.0029892252562,427.06046467728567,28.377370726567495,339.0856279092795
2024-05-23 09:00:00,296.07559537365273,49.36110986453564,121.50643780332705,345.4367052381884,27.275416992904727,428.64850049583936
2024-05-23 10:00:00,297.31943435974296,56.1399592692077,129.88174528656808,353.45939362895064,26.975073132511046,475.3678998534183
2024-05-23 11:00:00,60.59396778539183,50.336082618649165,0.0,110.930050404041,25.414639941299882,410.0634107750549
2024-05-23 12:00:00,366.47531468159104,69.61400646394527,154.51367173941512,436.0893211455363,26.435277435331304,588.1440238807178
2024-05-23 13:00:00,223.8497883876107,67.5366373673775,94.47700214855521,291.3864257549882,25.227459420564575,564.8132951713418
2024-05-23 14:00:00,147.71395661178408,62.98628023235279,54.60048323310797,210.70023684413687,24.162921920914428,516.741598003816
2024-05-23 15:00:00,348.2485207175778,64.55491379357824,157.43064223426018,412.803434511156,24.938538895955904,525.2767322694332
2024-05-23 16:00:00,78.44125051680611,43.509258921524946,0.0,121.95050943833105,25.58191746826996,338.5322768298368
2024-05-23 17:00:00,99.20565975389556,23.263828591400138,0.0,122.4694883452957,25.577106335586663,166.2767027371464
2024-05-23 18:00:00,389.57599486462993,4.7027882478527675e-15,134.47611181721646,389.57599486462993,25.72909259871108,6.241551461479722e-14
2024-05-23 19:00:00,390.99668907112283,0.0,143.821327681525,390.99668907112283,26.801265993841163,0.0
2024-05-23 20:00:00,470.50570711942254,0.0,188.55927512135082,470.50570711942254,28.497711094672212,0.0
2024-05-23 21:00:00,276.3067212595222,0.0,91.19750299030645,276.3067212595222,28.25522304407407,0.0
2024-05-23 22:00:00,32.1921926842372,0.0,0.0,32.1921926842372,29.251992336576425,0.0
2024-05-23 23:00:00,31.067163305777534,0.0,0.0,31.067163305777534,30.969955730119313,0.0
2024-05-24 00:00:00,35.57550485994175,0.0,0.0,35.57550485994175,32.45814299373513,0.0
2024-05-24 01:00:00,31.440430027192367,0.0,0.0,31.440430027192367,32.571178886122354,0.0
2024-05-24 02:00:00,35.59836047396814,0.0,0.0,35.59836047396814,32.79096261525174,0.0
2024-05-24 03:00:00,35.465094944523706,0.0,0.0,35.465094944523706,32.18366217450259,0.0
2024-05-24 04:00:00,35.40120314782516,0.0,0.0,35.40120314782516,32.81164431738602,0.0
2024-05-24 05:00:00,29.065186431518182,0.0,0.0,29.065186431518182,31.609930645557203,0.0
2024-05-24 06:00:00,247.6591669104195,0.0,67.97460360010305,247.6591669104195,31.020452596621077,0.0
2024-05-24 07:00:00,403.66181226023537,15.159649263819707,154.40673466909954,418.82146152405505,30.617587915065425,133.3854457532123
2024-05-24 08:00:00,372.9556086026175,34.25770280343621,152.5841725724127,407.21331140605366,29.410014921185905,301.9666512900199
2024-05-24 09:00:00,346.07630781141756,45.75277649286788,147.48295850823536,391.82908430428546,28.28013537623702,392.608867586371
2024-05-24 10:00:00,402.87615539773174,46.185126068541855,178.69370390975212,449.0612814662736,26.793609476551048,381.97422561721515
2024-05-24 11:00:00,363.1153547725436,50.64888604270025,163.37588236563994,413.76424081524385,27.247167877694004,418.68761946950656
2024-05-24 12:00:00,310.09656987712685,72.63687104041196,145.06365659279066,382.7334409175388,26.546736259471675,626.3245443854026
2024-05-24 13:00:00,213.77284921603055,72.72310731633596,90.77566034475811,286.4959565323665,25.89889456805959,610.3731581661261
2024-05-24 14:00:00,170.6612013171088,59.04048623311793,69.77821417105794,229.70168755022672,25.51962913617959,489.7816160704523
2024-05-24 15:00:00,279.36571723853433,56.63297592774057,112.79302000380842,335.9986931662749,26.163969536228038,462.9312873829002
2024-05-24 16:00:00,373.83001554526265,39.676293299054635,162.39040996839356,413.5063088443173,26.74747565593036,310.656171390607
2024-05-24 17:00:00,409.6363330326541,21.121474026682133,165.9672232389584,430.7578070593362,27.11233439542225,153.47083636136705
2024-05-24 18:00:00,383.9214260411872,4.9325122269483915e-15,145.6914937972049,383.9214260411872,28.60736144915909,5.777275207444564e-14
2024-05-24 19:00:00,414.7428822801802,0.0,159.9348603363125,414.7428822801802,28.984849282356702,0.0
2024-05-24 20:00:00,426.40313356996813,0.0,165.41138037319126,426.40313356996813,29.48468714407599,0.0
2024-05-24 21:00:00,239.27792707963832,0.0,82.86566562641589,239.27792707963832,30.813334724820116,0.0
2024-05-24 22:00:00,38.1508177019061,0.0,0.0,38.1508177019061,31.31265982810855,0.0
2024-05-24 23:00:00,31.668529189473375,0.0,0.0,31.668529189473375,32.03579880032726,0.0
2024-05-25 00:00:00,35.24915901073979,0.0,0.0,35.24915901073979,33.1541901787316,0.0
2024-05-25 01:00:00,36.17662616910785,0.0,0.0,36.17662616910785,32.40663081977203,0.0
2024-05-25 02:00:00,37.15562246447658,0.0,0.0,37.15562246447658,32.986574190858036,0.0
2024-05-25 03:00:00,30.461786814386286,0.0,0.0,30.461786814386286,33.450514760167096,0.0
2024-05-25 04:00:00,39.722480757895305,0.0,0.0,39.722480757895305,32.66050355916353,0.0
2024-05-25 05:00:00,26.145156154783294,0.0,0.0,26.145156154783294,31.765266608299086,0.0
2024-05-25 06:00:00,188.90337682024594,0.0,58.0585630125538,188.90337682024594,30.371839484143475,0.0
2024-05-25 07:00:00,341.2121564636366,15.746107319738956,137.85564085705522,356.9582637833755,29.245612553592526,140.3464106739579
2024-05-25 08:00:00,285.05393076980897,38.13860721178247,131.8270649404481,323.19253798159144,30.51300996171093,349.0515865274253
2024-05-25 09:00:00,297.66091950376426,52.510911220871705,135.27972880134104,350.171830724636,28.72330861959714,466.5312770060735
2024-05-25 10:00:00,291.70349684031817,58.46286159437662,143.34253829357385,350.16635843469476,27.432882797287427,503.5511016157627
2024-05-25 11:00:00,327.71425368891363,62.95198432822683,164.88200913141702,390.6662380171405,27.174774077242564,533.7589851199995
2024-05-25 12:00:00,270.15571151848184,72.11500200746923,142.04065746577075,342.27071352595107,25.969993384433348,618.669618050191
2024-05-25 13:00:00,148.40659558693497,72.60637096515569,86.83600384137945,221.01296655209066,25.928578336120687,618.5673829142307
2024-05-25 14:00:00,0.0,51.953307163899616,0.0,51.37476940173216,25.504449170334077,425.6031015622069
2024-05-25 15:00:00,11.694720827109599,48.17213942400798,0.0,59.86686025111758,25.387542182536567,387.93643917321396
2024-05-25 16:00:00,29.862081889755366,26.58182264044209,0.0,56.44390453019746,25.391337980666062,208.0207510551788
2024-05-25 17:00:00,38.26174464804089,23.116325142244047,0.0,61.37806979028494,26.201216936563227,165.6095298734332
2024-05-25 18:00:00,59.00813234957245,2.079884208451336e-15,0.0,59.00813234957245,28.235563248799288,8.712776241364608e-14
2024-05-25 19:00:00,63.337436529509716,0.0,0.0,63.337436529509716,28.07561172836672,0.0
2024-05-25 20:00:00,60.08002202941745,0.0,0.0,60.08002202941745,29.742365422732,0.0
2024-05-25 21:00:00,59.67704221961663,0.0,0.0,59.67704221961663,30.85910971961199,0.0
2024-05-25 22:00:00,37.850888524815616,0.0,0.0,37.850888524815616,31.23320920943429,0.0
2024-05-25 23:00:00,34.6451100216001,0.0,0.0,34.6451100216001,31.80050949482294,0.0
2024-05-26 00:00:00,21.610364159748606,0.0,0.0,21.610364159748606,33.77246608654015,0.0
2024-05-26 01:00:00,22.04072965903915,0.0,0.0,22.04072965903915,33.847295921780464,0.0
2024-05-26 02:00:00,17.280082792199845,0.0,0.0,17.280082792199845,34.7768203440591,0.0
2024-05-26 03:00:00,18.65347085572057,0.0,0.0,18.65347085572057,34.99387304211477,0.0
2024-05-26 04:00:00,20.776358908582026,0.0,0.0,20.776358908582026,34.4308605414618,0.0
2024-05-26 05:00:00,8.448515127542414,0.0,0.0,8.448515127542414,32.07395782979692,0.0
2024-05-26 06:00:00,16.233895697126787,0.0,0.0,16.233895697126787,32.20635233360073,0.0
2024-05-26 07:00:00,0.0,16.696385307883165,0.0,16.646130705231066,31.58281194028018,155.64299029901738
2024-05-26 08:00:00,0.0,36.05207494409474,0.0,19.652135611784576,30.906394693242053,326.2210886012343
2024-05-26 09:00:00,0.0,49.60626544206157,0.0,15.60621812341828,28.905341786320932,433.52524022467014
2024-05-26 10:00:00,0.0,53.15276390308331,0.0,21.625759663270042,28.053143882846296,449.6460052724801
2024-05-26 11:00:00,0.0,76.56568398764031,0.0,15.545786177246548,28.853386853690562,677.8887241292705
2024-05-26 12:00:00,0.0,51.30253159741132,0.0,14.184883316497888,27.364217140480353,418.48346862738134
2024-05-26 13:00:00,0.0,67.6120742294874,0.0,14.487317131919301,26.550422151792425,572.5133034724469
2024-05-26 14:00:00,0.0,60.065409293152506,0.0,22.934120427349292,26.6230453091693,501.86003732393334
2024-05-26 15:00:00,0.0,54.97930988723701,0.0,8.926297529080014,27.48936264267515,451.05969107161917
2024-05-26 16:00:00,0.0,42.594069842707405,0.0,24.03849600208683,27.232502956553496,334.65971761404126
2024-05-26 17:00:00,0.0,25.803584608959877,0.0,22.801755374557235,28.32080479996989,184.34833293549318
2024-05-26 18:00:00,15.403666944360939,3.907742628657909e-15,0.0,15.403666944360943,28.435502031657528,7.010984960529613e-14
2024-05-26 19:00:00,22.244915597602866,0.0,0.0,22.244915597602866,28.896898991479947,0.0
2024-05-26 20:00:00,18.39276787486836,0.0,0.0,18.39276787486836,31.38705579464144,0.0
2024-05-26 21:00:00,21.444665961316275,0.0,0.0,21.444665961316275,31.77982732653409,0.0
2024-05-26 22:00:00,21.730356741346377,0.0,0.0,21.730356741346377,32.257990282411726,0.0
2024-05-26 23:00:00,24.444215134792607,0.0,0.0,24.444215134792607,32.88905858634289,0.0
2024-05-27 00:00:00,26.96852599700095,0.0,0.0,26.96852599700095,32.79981213633141,0.0
2024-05-27 01:00:00,36.474804140946745,0.0,0.0,36.474804140946745,32.71277845332436,0.0
2024-05-27 02:00:00,26.68925273405652,0.0,0.0,26.68925273405652,33.10967955436614,0.0
2024-05-27 03:00:00,32.22935913818252,0.0,0.0,32.22935913818252,32.1251670918154,0.0
2024-05-27 04:00:00,42.95544864075477,0.0,0.0,42.95544864075477,32.09269522188358,0.0
2024-05-27 05:00:00,36.13014826073862,0.0,0.0,36.13014826073862,31.712246230699435,0.0
2024-05-27 06:00:00,236.8118954192461,0.0,61.862914520578684,236.8118954192461,30.511238483891336,0.0
2024-05-27 07:00:00,414.8998727395832,17.484400274799583,169.22049146903234,432.3842730143828,29.894373641905258,165.85431247327102
2024-05-27 08:00:00,391.80851925024024,35.431334331323555,164.2525847757983,427.2398535815638,28.74446786860663,316.0958435491455
2024-05-27 09:00:00,294.40389280740516,56.681147993478284,129.02050578584468,351.08504080088346,28.329935979440542,506.46605406609365
2024-05-27 10:00:00,298.5074312294029,74.04856750067397,140.4890984454971,372.5559987300769,26.625575956622967,662.9898181364158
2024-05-27 11:00:00,310.76211682938424,72.30696092030038,144.79306266541738,383.0690777496846,26.84738431401887,635.1724353740179
2024-05-27 12:00:00,330.6677947253406,84.42317379118941,169.13838589098236,415.09096851653004,26.160540726174176,742.9980935297446
2024-05-27 13:00:00,214.47074578199252,77.22064318754647,98.04040689254373,291.691388969539,25.553878382282857,664.0224456790561
2024-05-27 14:00:00,136.11333522113725,63.90561614393672,59.089434503263966,200.01895136507397,25.761031611374296,533.314623424066
2024-05-27 15:00:00,338.5371754104338,57.828989649127244,159.77661896650065,396.36616505956107,25.47306241467003,469.56272325287824
2024-05-27 16:00:00,332.1183587904993,42.25808405120196,140.83639647892602,374.37644284170125,25.670118754639077,330.4527014976113
2024-05-27 17:00:00,445.1293464241793,22.76392679211971,189.78180953467083,467.893273216299,26.83326238178968,163.24239402731823
2024-05-27 18:00:00,437.3291364727534,2.05334183912704e-15,166.5461290603484,437.3291364727534,27.579780041125442,8.77130042348061e-14
2024-05-27 19:00:00,421.7736588449539,0.0,169.88228737897344,421.7736588449539,27.876771261284915,0.0
2024-05-27 20:00:00,433.7671410214055,0.0,179.18477379157005,433.7671410214055,28.739746892426727,0.0
2024-05-27 21:00:00,299.5273858609521,0.0,104.10349817591074,299.5273858609521,29.85065295452685,0.0
2024-05-27 22:00:00,35.85568822897763,0.0,0.0,35.85568822897763,30.510270212141247,0.0
2024-05-27 23:00:00,36.74629319351236,0.0,0.0,36.74629319351236,32.2737063276423,0.0
2024-05-28 00:00:00,38.218142887186275,0.0,0.0,38.218142887186275,35.708042668814656,0.0
2024-05-28 01:00:00,43.149103534744306,0.0,0.0,43.149103534744306,35.90675640725736,0.0
2024-05-28 02:00:00,32.71656844386077,0.0,0.0,32.71656844386077,35.5523534116275,0.0
2024-05-28 03:00:00,40.61957295238304,0.0,0.0,40.61957295238304,36.26895101400208,0.0
2024-05-28 04:00:00,30.445978309422053,0.0,0.0,30.445978309422053,35.244002361745345,0.0
2024-05-28 05:00:00,41.794642072711916,0.0,0.0,41.794642072711916,34.66721597708441,0.0
2024-05-28 06:00:00,128.36562703449727,0.0,0.0,128.36562703449727,34.65502323001031,0.0
2024-05-28 07:00:00,415.5337465289051,16.58448043399331,154.58680179755078,432.1182269628984,33.61824391682679,157.43813595937743
2024-05-28 08:00:00,422.4651017905427,35.36026493635914,177.79047953906394,457.82536672690185,31.26699209390424,320.240108074026
2024-05-28 09:00:00,358.7808468905234,47.217477941626996,157.91793069602008,405.9983248321504,31.53396385873104,416.3375594647708
2024-05-28 10:00:00,312.7534721229727,70.79223312703147,145.70296989396206,383.5457052500042,30.831475708745828,646.4126594619611
2024-05-28 11:00:00,395.5792425072243,68.23968722726536,188.4744614954585,463.8189297344897,29.874044086428523,599.106445919814
2024-05-28 12:00:00,295.1986492042588,85.6106525977724,142.75913581934054,380.8093018020312,29.567808818071384,762.3823493694417
2024-05-28 13:00:00,57.78689226660157,72.66468102815563,0.0,130.4515732947572,28.233131505005773,626.71771556212
2024-05-28 14:00:00,60.58640575458302,61.582466689835336,0.0,122.16887244441835,27.603205598801654,519.5971481508321
2024-05-28 15:00:00,344.9429480459629,55.68589537836249,145.98286934737783,400.6288434243254,28.650241387275145,457.4095576416904
2024-05-28 16:00:00,92.36720228396823,30.128170399982874,0.0,122.4953726839511,29.628750546110055,239.9185227874488
2024-05-28 17:00:00,456.5974018451352,24.226054619958404,186.1210706699742,480.8234564650936,28.431364050058658,173.43342796107333
2024-05-28 18:00:00,383.4076527403765,2.528678637999241e-15,135.84616833052326,383.4076527403765,30.346942864852263,8.160368576175896e-14
2024-05-28 19:00:00,406.53485484288194,0.0,156.85558286436265,406.53485484288194,30.6514687560135,0.0
2024-05-28 20:00:00,445.47391392941074,0.0,180.8636952627518,445.47391392941074,32.39740381220634,0.0
2024-05-28 21:00:00,283.81213237661666,0.0,100.94382670111187,283.81213237661666,34.40353218530876,0.0
2024-05-28 22:00:00,29.362832722173778,0.0,0.0,29.362832722173778,34.160127901139965,0.0
2024-05-28 23:00:00,33.07444071974315,0.0,0.0,33.07444071974315,34.9398382099595,0.0
2024-05-29 00:00:00,38.874055886548945,0.0,0.0,38.874055886548945,34.00293134966253,0.0
2024-05-29 01:00:00,29.25129074464537,0.0,0.0,29.25129074464537,33.94362063693991,0.0
2024-05-29 02:00:00,35.83758506896883,0.0,0.0,35.83758506896883,33.944731080928214,0.0
2024-05-29 03:00:00,35.88382641593231,0.0,0.0,35.88382641593231,34.39629032010713,0.0
2024-05-29 04:00:00,38.07444474198249,0.0,0.0,38.07444474198249,33.81925945452432,0.0
2024-05-29 05:00:00,37.20463420653055,0.0,0.0,37.20463420653055,33.171413580959026,0.0
2024-05-29 06:00:00,229.51752735402937,0.0,61.86712849729033,229.51752735402937,32.232836889739154,0.0
2024-05-29 07:00:00,471.469600894476,17.921733359515596,195.13272781260727,489.3913342539916,31.28506127151818,174.63936871182918
2024-05-29 08:00:00,372.42044436205805,34.123490301843844,155.9987502832181,406.5439346639019,31.01081240863872,305.8437998709685
2024-05-29 09:00:00,368.6451052715558,55.35115183251236,163.75077382432437,423.99625710406815,29.47812899822448,497.03661927540884
2024-05-29 10:00:00,392.0916410173844,53.89037974117649,183.4773333105848,445.9820207585609,29.417853405700896,464.97621464676814
2024-05-29 11:00:00,379.9325215130075,58.727001912491346,172.94860124933902,438.65952342549883,27.553780048725333,495.2059517573309
2024-05-29 12:00:00,356.7638040234332,87.86557777678736,178.317083703504,444.62938180022053,28.23803003003024,778.6357845613868
2024-05-29 13:00:00,184.09976376426496,82.31400666521952,85.99935175508631,266.4137704294845,27.40750661555536,717.7052495370513
2024-05-29 14:00:00,187.68538150833507,62.16902501631337,70.73750112778195,249.85440652464845,26.567959504496887,514.9281222918581
2024-05-29 15:00:00,361.6569587511301,58.10611765399475,160.17107543284004,419.7630764051249,27.425975891287305,476.6651831082303
2024-05-29 16:00:00,342.5010789667515,47.8496633396322,145.75398209751577,390.3507423063837,27.195986603618714,375.90843807088777
2024-05-29 17:00:00,387.69871734378364,25.736602502365283,160.9956218341742,413.4353198461489,28.09406725904371,182.77634953339114
2024-05-29 18:00:00,412.36193952958314,2.314707734005814e-15,160.49637903847116,412.36193952958314,28.558913397450265,8.39616981968089e-14
2024-05-29 19:00:00,459.43619566805035,0.0,186.9223939147405,459.43619566805035,29.579904226097526,0.0
2024-05-29 20:00:00,405.7949399961926,0.0,163.5054073636442,405.7949399961926,31.02294236292782,0.0
2024-05-29 21:00:00,260.81864356504644,0.0,87.12139469307013,260.81864356504644,31.717349449955055,0.0
2024-05-29 22:00:00,39.535682625006665,0.0,0.0,39.535682625006665,31.739544270138346,0.0
2024-05-29 23:00:00,36.0052839442471,0.0,0.0,36.0052839442471,32.49305247934658,0.0
2024-05-30 00:00:00,37.777342747393924,0.0,0.0,37.777342747393924,33.51870117121914,0.0
2024-05-30 01:00:00,33.66978312329609,0.0,0.0,33.66978312329609,33.904558408300566,0.0
2024-05-30 02:00:00,34.67871731149947,0.0,0.0,34.67871731149947,33.51500196314739,0.0
2024-05-30 03:00:00,36.44914704586883,0.0,0.0,36.44914704586883,34.5286225863437,0.0
2024-05-30 04:00:00,36.652002160715995,0.0,0.0,36.652002160715995,33.790060834721274,0.0
2024-05-30 05:00:00,34.18697257544692,0.0,0.0,34.18697257544692,32.514310004301464,0.0
2024-05-30 06:00:00,218.36579021035516,0.0,56.62800604523667,218.36579021035516,31.741096794932947,0.0
2024-05-30 07:00:00,394.9905841046982,16.22799264100869,156.7534901500373,411.2185767457069,31.144184503843146,150.053127318187
2024-05-30 08:00:00,338.4796301850855,34.986424369977875,136.29473974053678,373.4660545550634,30.186297247303866,314.7089772285692
2024-05-30 09:00:00,353.6991562100607,37.33058712369668,146.23314423660176,391.0297433337574,30.074436541848012,311.94028410974704
2024-05-30 10:00:00,336.4175206271927,65.14567638512715,153.65398621653543,401.56319701231985,29.09448593933839,580.1601398488742
2024-05-30 11:00:00,332.1906219346623,62.71892806847269,150.8553056758486,394.909550003135,27.894885475438727,531.9844345866779
2024-05-30 12:00:00,356.36706885378425,79.00390550469378,168.9487947373263,435.370974358478,27.660088320040018,694.9192902980942
2024-05-30 13:00:00,212.10378780804666,64.90566407993515,87.52752901551752,277.0094518879818,27.38297167400148,546.5802810296158
2024-05-30 14:00:00,129.34435642056454,62.50592808697861,47.43911815878722,191.85028450754314,26.881354816974213,518.3075156605533
2024-05-30 15:00:00,291.3002988869437,64.12116996115476,130.9490766780284,355.42146884809847,27.172793400513754,528.6682569255371
2024-05-30 16:00:00,366.97401587398537,36.820310908433335,157.21936436585625,403.7943267824187,27.61822931664155,290.56218801335956
2024-05-30 17:00:00,360.1160155517131,25.24932516210498,148.25784849739358,385.36534071381806,28.121153580512473,180.22985103460383
2024-05-30 18:00:00,361.81451199228803,3.4360582757827638e-15,138.02242022165998,361.81451199228803,28.21282253860305,7.411188989518265e-14
2024-05-30 19:00:00,446.1489751994008,0.0,188.34560843315742,446.1489751994008,29.10750291630909,0.0
2024-05-30 20:00:00,440.86192034481235,0.0,170.5528144118351,440.86192034481235,30.207927121997923,0.0
2024-05-30 21:00:00,283.0465816720976,0.0,93.94786333664625,283.0465816720976,30.904758971176324,0.0
2024-05-30 22:00:00,41.17218570869308,0.0,0.0,41.17218570869308,31.365674166523117,0.0
2024-05-30 23:00:00,34.131421178766345,0.0,0.0,34.131421178766345,33.165074167468376,0.0
2024-05-31 00:00:00,42.92021768164711,0.0,0.0,42.92021768164711,35.61554945721937,0.0
2024-05-31 01:00:00,36.25545291573466,0.0,0.0,36.25545291573466,35.1223135844048,0.0
2024-05-31 02:00:00,42.28286583181613,0.0,0.0,42.28286583181613,35.79079812467557,0.0
2024-05-31 03:00:00,36.55521043900554,0.0,0.0,36.55521043900554,35.69985396392476,0.0
2024-05-31 04:00:00,29.812495157220194,0.0,0.0,29.812495157220194,35.53331760803984,0.0
2024-05-31 05:00:00,38.98074248757679,0.0,0.0,38.98074248757679,34.34516899036842,0.0
2024-05-31 06:00:00,236.32976299901168,0.0,64.46977262774497,236.32976299901168,33.48425936254213,0.0
2024-05-31 07:00:00,395.99448278181126,14.353479097558903,153.32402907664002,410.3479618793702,33.57698538641512,126.86956896830849
2024-05-31 08:00:00,334.74404264042664,40.33471492685583,137.7524098960499,375.0787575672825,31.644275474405024,376.824458018037
2024-05-31 09:00:00,394.4375938830983,49.35193549791384,173.7338445106554,443.7895293810122,31.389058076153177,440.1707544276933
2024-05-31 10:00:00,372.46151214864534,62.134519323051855,170.90844877746568,434.5960314716972,30.498217887660218,550.6237538909653
2024-05-31 11:00:00,296.29706188758604,56.2273887568113,126.35699291661582,352.52445064439735,29.874740587273024,480.53335031717234
2024-05-31 12:00:00,344.6275671437634,68.85161534427793,161.06631190832314,413.4791824880413,29.50652637788272,599.2516495738597
2024-05-31 13:00:00,204.73875000428995,71.16491908084349,97.68306453170797,275.90366908513346,29.829801397433297,616.3026133770811
2024-05-31 14:00:00,174.96733157606826,59.6103005939031,60.97309325820756,234.57763216997137,28.11151038024388,502.4081698896956
2024-05-31 15:00:00,397.44681404297114,57.98894862388822,190.53192908344508,455.4357626668594,29.468806879893968,481.6063247776317
2024-05-31 16:00:00,410.1060514035031,48.81064520366086,188.82272849358623,458.91669660716394,28.124088614228107,387.51986714361857
2024-05-31 17:00:00,366.52489952364954,18.212443166630482,151.5542495473513,384.73734269028,30.633238320795076,136.49179355346809
2024-05-31 18:00:00,409.2540794067313,4.510525987077731e-15,153.990597434718,409.2540794067313,29.639821810270753,6.388516226627771e-14
2024-05-31 19:00:00,386.0878492493732,0.0,152.14074070530518,386.0878492493732,32.723587141697905,0.0
2024-05-31 20:00:00,392.2262291985902,0.0,147.8715151245051,392.2262291985902,32.21637256580076,0.0
2024-05-31 21:00:00,263.92311817178677,0.0,85.7988131563038,263.92311817178677,33.96231466878468,0.0
2024-05-31 22:00:00,34.51344329503267,0.0,0.0,34.51344329503267,34.70333449224477,0.0
2024-05-31 23:00:00,35.665344538373205,0.0,0.0,35.665344538373205,34.66788566904005,0.0
2024-06-01 00:00:00,34.05285859105302,0.0,0.0,34.05285859105302,31.331957155251718,0.0
2024-06-01 01:00:00,30.00711151812509,0.0,0.0,30.00711151812509,31.442903761545583,0.0
2024-06-01 02:00:00,30.38710813201544,0.0,0.0,30.38710813201544,32.37442793432213,0.0
2024-06-01 03:00:00,34.25238228546399,0.0,0.0,34.25238228546399,31.64974919100249,0.0
2024-06-01 04:00:00,33.951824774912374,0.0,0.0,33.951824774912374,31.10234000032015,0.0
2024-06-01 05:00:00,40.39659429559432,0.0,0.0,40.39659429559432,31.224254591230974,0.0
2024-06-01 06:00:00,63.39499088229125,0.0,0.0,63.39499088229125,29.78215463039711,0.0
2024-06-01 07:00:00,44.137616663863035,14.67615079004152,0.0,58.81376745390455,29.222118363082803,128.10958824105606
2024-06-01 08:00:00,35.03565157274661,32.0645186995195,0.0,67.10017027226611,28.53429578353608,277.3103676686208
2024-06-01 09:00:00,8.52737833653827,49.90318365840834,0.0,58.43056199494661,27.253661448610526,437.9163190787975
2024-06-01 10:00:00,9.114227931101468,55.17243228728225,0.0,64.28666021838372,26.484968510640016,466.50249102313
2024-06-01 11:00:00,0.0,62.63326774897006,0.0,56.03511446870823,26.7733607175168,536.3067511748236
2024-06-01 12:00:00,0.0,58.02661085995613,0.0,57.17064662256942,25.347536337711873,478.9848151692824
2024-06-01 13:00:00,10.13583591952824,52.00771036470722,0.0,62.14354628423546,24.92018897919644,425.3754646549543
2024-06-01 14:00:00,0.0,57.63636566666147,0.0,53.2243386757886,24.89318028206562,471.01101927451003
2024-06-01 15:00:00,14.65747898792911,44.617374931279365,0.0,59.274853919208475,25.327229953337778,358.6360929162169
2024-06-01 16:00:00,37.638881779035486,24.693959126691304,0.0,62.33284090572679,24.932722096517516,193.02697329199347
2024-06-01 17:00:00,38.074380542698734,16.236168829632007,0.0,54.31054937233074,26.21947681717626,121.44836066537562
2024-06-01 18:00:00,56.592604649787425,4.862526580999042e-15,0.0,56.59260464978743,26.858652946129602,5.974727815239723e-14
2024-06-01 19:00:00,59.66807365696657,0.0,0.0,59.66807365696657,26.6805485012041,0.0
2024-06-01 20:00:00,68.8898685455207,0.0,0.0,68.8898685455207,29.377870652804365,0.0
2024-06-01 21:00:00,59.35911790277547,0.0,0.0,59.35911790277547,30.11701628934041,0.0
2024-06-01 22:00:00,38.3387982165642,0.0,0.0,38.3387982165642,29.830461384727563,0.0
2024-06-01 23:00:00,32.54694155976205,0.0,0.0,32.54694155976205,30.394403316404254,0.0
2024-06-02 00:00:00,22.294919719183753,0.0,0.0,22.294919719183753,32.125478749556585,0.0
2024-06-02 01:00:00,13.981408079546775,0.0,0.0,13.981408079546775,31.64817283589452,0.0
2024-06-02 02:00:00,19.736078662713204,0.0,0.0,19.736078662713204,33.16250556464956,0.0
2024-06-02 03:00:00,20.102247835464166,0.0,0.0,20.102247835464166,32.12687761193397,0.0
2024-06-02 04:00:00,18.7084501001344,0.0,0.0,18.7084501001344,32.82235646519837,0.0
2024-06-02 05:00:00,18.749965960123312,0.0,0.0,18.749965960123312,31.04303613675821,0.0
2024-06-02 06:00:00,19.41829290322973,0.0,0.0,19.41829290322973,30.674263045015067,0.0
2024-06-02 07:00:00,2.4242816727085366,15.478161345138693,0.0,17.90244301784723,30.519837048945934,140.38789271483694
2024-06-02 08:00:00,0.0,31.453794510590708,0.0,18.157288504921095,28.818744347979013,273.0276641244593
2024-06-02 09:00:00,0.0,39.42098084943681,0.0,12.891437979986284,28.210543301527476,330.0862949760737
2024-06-02 10:00:00,0.0,55.243221168134255,0.0,14.633859211378764,27.776693465617434,473.3927034436468
2024-06-02 11:00:00,0.0,57.44290019954711,0.0,21.52884780364444,26.22746662822843,480.21458477929036
2024-06-02 12:00:00,0.0,36.53758076807665,0.0,18.300517164390776,25.318405629279045,292.9015978490283
2024-06-02 13:00:00,0.0,55.456547097103254,0.0,16.487462290874955,24.870268397632902,457.99891302615526
2024-06-02 14:00:00,0.0,61.91384182671207,0.0,23.073491548498694,25.772080462517366,513.5494759716319
2024-06-02 15:00:00,0.0,33.91156118832253,0.0,18.23274495042602,25.7940128892855,270.94598187229997
2024-06-02 16:00:00,0.0,33.252709522730925,0.0,13.496447551252972,26.480106761093438,259.778625484793
2024-06-02 17:00:00,0.0,22.911958743360294,0.0,18.851321192504386,26.36846799415422,163.4371280976365
2024-06-02 18:00:00,21.197193970427065,5.060230877987044e-15,0.0,21.19719397042707,26.514995458998158,5.549929500243814e-14
2024-06-02 19:00:00,19.87932688624654,0.0,0.0,19.87932688624654,26.89812127679882,0.0
2024-06-02 20:00:00,16.709208732529,0.0,0.0,16.709208732529,30.41434535497428,0.0
2024-06-02 21:00:00,19.633246814586702,0.0,0.0,19.633246814586702,30.149692254926002,0.0
2024-06-02 22:00:00,11.478550349913622,0.0,0.0,11.478550349913622,30.798759965839576,0.0
2024-06-02 23:00:00,13.834544643371803,0.0,0.0,13.834544643371803,31.59455770210825,0.0
2024-06-03 00:00:00,21.10907808689973,0.0,0.0,21.10907808689973,29.91446151117886,0.0
2024-06-03 01:00:00,29.162570543325053,0.0,0.0,29.162570543325053,30.582346468579757,0.0
2024-06-03 02:00:00,20.330678401623178,0.0,0.0,20.330678401623178,31.970707136045164,0.0
2024-06-03 03:00:00,14.910608328754565,0.0,0.0,14.910608328754565,31.308956106987388,0.0
2024-06-03 04:00:00,20.88627862784361,0.0,0.0,20.88627862784361,30.248332156481112,0.0
2024-06-03 05:00:00,15.21111331715765,0.0,0.0,15.21111331715765,29.460508142160837,0.0
2024-06-03 06:00:00,37.183370765071686,0.0,0.0,37.183370765071686,29.09119501757726,0.0
2024-06-03 07:00:00,28.87690067880405,14.441788083917222,0.0,43.31868876272127,28.347193406296928,125.25519266953269
2024-06-03 08:00:00,14.869139582353224,23.03387090713665,0.0,37.90301048948987,28.623615089972894,187.74952017817182
2024-06-03 09:00:00,0.0,49.31609978068389,0.0,41.65267340919778,26.59904172620774,431.9238848534842
2024-06-03 10:00:00,0.0,51.87388527350323,0.0,39.05080893042154,25.254266179983034,434.2520388668408
2024-06-03 11:00:00,0.0,49.21489988695748,0.0,25.861354354963623,25.094867156091585,404.9179399870549
2024-06-03 12:00:00,0.0,53.21578819527516,0.0,45.70066718369147,24.700122392993006,434.8991390874827
2024-06-03 13:00:00,0.0,41.8362795872628,0.0,37.41766035403025,23.578028391244118,332.6658069028408
2024-06-03 14:00:00,4.012807589352377,43.65173455819555,0.0,47.66454214754793,24.30012483927585,350.25193612032194
2024-06-03 15:00:00,0.0,49.44048488577847,0.0,36.76841969045588,24.822759656173588,399.6820431041821
2024-06-03 16:00:00,11.266679481688818,42.19145264800628,0.0,53.4581321296951,24.63728880042939,328.8054748296254
2024-06-03 17:00:00,38.24167434476769,19.32372055987737,0.0,57.56539490464505,24.725635761971787,140.5908514973253
2024-06-03 18:00:00,56.486001022827,4.935225227028439e-15,0.0,56.486001022827004,25.584606853264468,5.890550732422136e-14
2024-06-03 19:00:00,47.456541602013935,0.0,0.0,47.456541602013935,25.863757425859788,0.0
2024-06-03 20:00:00,45.6931551401211,0.0,0.0,45.6931551401211,27.532124454998275,0.0
2024-06-03 21:00:00,30.693349993884617,0.0,0.0,30.693349993884617,28.66029870832332,0.0
2024-06-03 22:00:00,14.162582716194816,0.0,0.0,14.162582716194816,28.900725779616803,0.0
2024-06-03 23:00:00,14.289743921326709,0.0,0.0,14.289743921326709,31.043765881716272,0.0
2024-06-04 00:00:00,33.05801320557144,0.0,0.0,33.05801320557144,30.28262618290585,0.0
2024-06-04 01:00:00,33.9956778370195,0.0,0.0,33.9956778370195,29.33974924447226,0.0
2024-06-04 02:00:00,38.743442964771525,0.0,0.0,38.743442964771525,29.469266242680963,0.0
2024-06-04 03:00:00,35.7260021936501,0.0,0.0,35.7260021936501,29.74412601259457,0.0
2024-06-04 04:00:00,32.6502441486176,0.0,0.0,32.6502441486176,30.673079138559913,0.0
2024-06-04 05:00:00,37.09975619893511,0.0,0.0,37.09975619893511,29.775732111363837,0.0
2024-06-04 06:00:00,228.8209440167205,0.0,66.19319980365913,228.8209440167205,29.417253619713883,0.0
2024-06-04 07:00:00,101.60239366188267,10.270532756062964,0.0,111.87292641794564,27.76636882307494,82.31866864121392
2024-06-04 08:00:00,445.89563075466157,25.395111821707427,181.9137897658512,471.290742576369,26.7506528579536,208.6629728378488
2024-06-04 09:00:00,408.33236366996437,38.46974950827064,169.9295376697848,446.802113178235,25.325776121045607,315.9203326002956
2024-06-04 10:00:00,291.5117364136138,42.634502232802625,119.5879872919939,334.1462386464164,25.28023948439314,346.2410771772175
2024-06-04 11:00:00,308.59429844733256,48.740354615864995,128.13334563657136,357.33465306319755,24.282439704323316,394.38553904993387
2024-06-04 12:00:00,409.59954982033804,40.34740294485481,174.26057207730003,449.94695276519286,23.706972513448274,320.51875459790335
2024-06-04 13:00:00,275.27616100830414,48.83656540087546,109.80307908292734,324.1127264091796,24.28368255044942,394.11433304047256
2024-06-04 14:00:00,185.76273294936334,47.236027444772404,66.4885281313435,232.99876039413576,23.29222472050246,380.00376694233364
2024-06-04 15:00:00,357.34200007302144,37.77824824647488,152.68711003795843,395.12024831949634,24.140147851946846,300.39442858753614
2024-06-04 16:00:00,430.90152429352787,28.601508827860634,178.79874089798687,459.5030331213885,23.030271278117898,221.62974963126143
2024-06-04 17:00:00,409.5368579170454,17.852980328537285,169.36910190709287,427.38983824558267,25.724579904213286,131.29435439221444
2024-06-04 18:00:00,431.3811438149144,5.008777543621925e-15,175.41476317155045,431.3811438149144,24.918762291057057,5.769723626743758e-14
2024-06-04 19:00:00,353.72468598705245,0.0,128.25903656063042,353.72468598705245,26.30312287571293,0.0
2024-06-04 20:00:00,414.41538648790015,0.0,162.90760361449955,414.41538648790015,27.288533977907996,0.0
2024-06-04 21:00:00,303.87580706645275,0.0,111.26969734041023,303.87580706645275,27.512585814605846,0.0
2024-06-04 22:00:00,32.02023080486509,0.0,0.0,32.02023080486509,29.014912566964266,0.0
2024-06-04 23:00:00,34.57852517883588,0.0,0.0,34.57852517883588,29.765772844378276,0.0
2024-06-05 00:00:00,32.093292957161395,0.0,0.0,32.093292957161395,30.442082704917574,0.0
2024-06-05 01:00:00,34.388967362027834,0.0,0.0,34.388967362027834,30.797656322115714,0.0
2024-06-05 02:00:00,32.7751618501986,0.0,0.0,32.7751618501986,31.290219453937294,0.0
2024-06-05 03:00:00,43.87862682164662,0.0,0.0,43.87862682164662,31.09055946036399,0.0
2024-06-05 04:00:00,35.34632221280019,0.0,0.0,35.34632221280019,31.495220003365226,0.0
2024-06-05 05:00:00,38.62977371611986,0.0,0.0,38.62977371611986,30.593773868820378,0.0
2024-06-05 06:00:00,249.84464347515618,0.0,66.3229251119381,249.84464347515618,29.482354257463378,0.0
2024-06-05 07:00:00,428.84362260572146,13.113431728191218,172.43485452305688,441.9570543339127,28.97647167940758,110.5142760787606
2024-06-05 08:00:00,386.7606933909855,22.041046119177295,158.07287334045895,408.8017395101628,26.744239503296576,177.7006002874391
2024-06-05 09:00:00,365.52322868847136,40.895782624265614,159.17068317611722,406.419011312737,26.554043897520227,343.506875722047
2024-06-05 10:00:00,400.471132806515,52.96567238297936,179.5898087923877,453.43680518949435,26.161476546354365,444.4337314010217
2024-06-05 11:00:00,332.5269907852954,48.75614353202976,146.95083351101619,381.28313431732516,25.85037505898823,401.02773582720914
2024-06-05 12:00:00,338.0595576685989,51.784001474204366,145.4096838874084,389.8435591428033,24.83636179627728,423.7168407102671
2024-06-05 13:00:00,224.80712481661624,57.980049521103254,89.98087746591035,282.7871743377195,25.115945150172013,480.8142870842671
2024-06-05 14:00:00,194.6497861618882,43.477436064949714,63.14771233555856,238.1272222268379,24.701535971207555,348.7201012861562
2024-06-05 15:00:00,318.22676944034583,35.56277354176722,132.1410996464778,353.78954298211306,24.14266093814751,281.03473858666064
2024-06-05 16:00:00,70.69727210021412,35.264059632913714,0.0,105.96133173312784,24.6664618059725,273.93240021539265
2024-06-05 17:00:00,89.9160920600113,18.50437184543003,0.0,108.42046390544132,25.49690315116129,135.65461497297872
2024-06-05 18:00:00,463.44375011401223,4.76417622389794e-15,170.94560584674684,463.44375011401223,25.79324826576674,6.155671414716199e-14
2024-06-05 19:00:00,357.0364694581972,0.0,124.12464865719515,357.0364694581972,27.627344473294396,0.0
2024-06-05 20:00:00,433.2384860807506,0.0,171.00598766713796,433.2384860807506,27.213202975048777,0.0
2024-06-05 21:00:00,309.48266827521365,0.0,107.13365722035707,309.48266827521365,28.831485925265937,0.0
2024-06-05 22:00:00,38.970629373489544,0.0,0.0,38.970629373489544,29.88528944899745,0.0
2024-06-05 23:00:00,37.17203109206056,0.0,0.0,37.17203109206056,30.085716281617284,0.0
2024-06-06 00:00:00,36.724079713241125,0.0,0.0,36.724079713241125,33.886060253654705,0.0
2024-06-06 01:00:00,31.86080932878771,0.0,0.0,31.86080932878771,34.46707075052053,0.0
2024-06-06 02:00:00,34.75360412628812,0.0,0.0,34.75360412628812,35.03037026312638,0.0
2024-06-06 03:00:00,32.20723977367173,0.0,0.0,32.20723977367173,34.2551873999816,0.0
2024-06-06 04:00:00,34.54687093363572,0.0,0.0,34.54687093363572,33.62099932652468,0.0
2024-06-06 05:00:00,41.15932528146229,0.0,0.0,41.15932528146229,34.17453712938322,0.0
2024-06-06 06:00:00,241.50473545703093,0.0,65.7628513542109,241.50473545703093,33.07401924320158,0.0
2024-06-06 07:00:00,401.7889222474558,12.283591348493005,157.97279906364457,414.0725135959488,32.53416637983737,103.72110757518539
2024-06-06 08:00:00,408.6843368442225,33.11704874520929,171.12695196455542,441.8013855894318,31.504036872367507,298.65695926665165
2024-06-06 09:00:00,410.86283480870304,33.45278380559618,177.52499507516941,444.31561861429924,31.308449003015948,278.8300486638568
2024-06-06 10:00:00,379.056399892641,43.98151597720023,165.7360934435338,423.03791586984124,29.931857024537063,366.9933239063505
2024-06-06 11:00:00,378.4015452229765,44.11305894837664,166.91284860042433,422.51460417135314,28.287457491643462,362.05913726905044
2024-06-06 12:00:00,387.6502466699224,55.925145468047184,183.5968345181191,443.5753921379696,28.328416077104045,467.4316227884009
2024-06-06 13:00:00,255.66056551296,45.7881096069107,101.69293351436205,301.4486751198707,27.464886254200277,372.80025108410433
2024-06-06 14:00:00,162.27934947747,45.40064678615692,57.95836746386085,207.67999626362692,27.39730792481487,370.4864650052107
2024-06-06 15:00:00,389.52509253918265,44.25576585931491,177.44960995504456,433.78085839849757,27.0373804144144,358.0938705876593
2024-06-06 16:00:00,388.5668331722688,24.53548798226199,155.55138968502771,413.1023211545308,27.950225502554982,194.40066590957613
2024-06-06 17:00:00,391.04970898375734,17.401894697195665,158.0242073854938,408.451603680953,28.922014416848224,129.88621461785297
2024-06-06 18:00:00,406.0504915579795,4.681012614816847e-15,159.1833667319221,406.0504915579795,29.341360154166917,6.177079016761519e-14
2024-06-06 19:00:00,445.1236518131098,0.0,172.75966891558,445.1236518131098,29.66882014725062,0.0
2024-06-06 20:00:00,443.4387849637087,0.0,185.04443329558575,443.4387849637087,30.36286134049963,0.0
2024-06-06 21:00:00,285.1959018607006,0.0,94.73078262796486,285.1959018607006,33.0861606323329,0.0
2024-06-06 22:00:00,31.430558549948024,0.0,0.0,31.430558549948024,33.03695138325454,0.0
2024-06-06 23:00:00,34.528344509547594,0.0,0.0,34.528344509547594,33.18721015608676,0.0
2024-06-07 00:00:00,27.003257003846947,0.0,0.0,27.003257003846947,32.521605781041316,0.0
2024-06-07 01:00:00,38.26487086574526,0.0,0.0,38.26487086574526,33.73495856885913,0.0
2024-06-07 02:00:00,33.03974360491093,0.0,0.0,33.03974360491093,33.0698563177673,0.0
2024-06-07 03:00:00,35.085723949433394,0.0,0.0,35.085723949433394,31.24683159544182,0.0
2024-06-07 04:00:00,34.808641376408836,0.0,0.0,34.808641376408836,33.61685989518335,0.0
2024-06-07 05:00:00,29.04358348851701,0.0,0.0,29.04358348851701,30.809875631952075,0.0
2024-06-07 06:00:00,237.8285442217672,0.0,73.90695129370867,237.8285442217672,30.906619165255933,0.0
2024-06-07 07:00:00,421.26357444863817,15.035471299853722,160.0922659261366,436.2990457484919,29.598789645786745,134.98668913863568
2024-06-07 08:00:00,442.96755376921084,23.72847058878115,179.58414511363685,466.696024357992,28.88962408295774,195.0888190451352
2024-06-07 09:00:00,378.2601557255573,32.187607614147126,160.62532087666239,410.4477633397044,28.49596332257684,262.673487236264
2024-06-07 10:00:00,344.68808580030236,51.702538103466665,149.7443274107964,396.39062390376904,26.474113383545042,435.35121197376697
2024-06-07 11:00:00,396.9686805157113,59.83476483815703,187.77306031732635,456.8034453538683,26.739628611046637,506.4227176627632
2024-06-07 12:00:00,310.0979086443015,64.69613850470245,148.2408144192088,374.794047149004,26.80220743606949,553.1808783068394
2024-06-07 13:00:00,205.60165705434872,60.65882425711049,88.31205421130471,266.2604813114592,25.457264583638835,504.5094081897554
2024-06-07 14:00:00,148.9553652489011,55.700091686819064,55.08694613807078,204.65545693572017,25.064482607973268,454.59817181304555
2024-06-07 15:00:00,395.3891080497243,36.28445884515711,177.45946342743719,431.67356689488145,25.809232194854737,289.69501726132785
2024-06-07 16:00:00,425.2284019763054,30.368075660811826,181.17929496607488,455.59647763711723,26.059365479673122,238.27299539313177
2024-06-07 17:00:00,393.6167350901162,12.523030848916138,163.37679500131648,406.1397659390324,26.4871375686242,95.75873556862385
2024-06-07 18:00:00,375.4067294889379,4.742495132224236e-15,142.00399810740095,375.4067294889379,26.91545209988554,4.0691114471097606e-14
2024-06-07 19:00:00,415.34271220509936,0.0,157.39323412467493,415.34271220509936,28.613350770678586,0.0
2024-06-07 20:00:00,407.1874561407972,0.0,152.73374522162237,407.1874561407972,29.557256893665212,0.0
2024-06-07 21:00:00,261.6511743060046,0.0,84.76207175755619,261.6511743060046,29.632668428574927,0.0
2024-06-07 22:00:00,43.367546135253605,0.0,0.0,43.367546135253605,30.545998315642468,0.0
2024-06-07 23:00:00,35.82011483141566,0.0,0.0,35.82011483141566,31.802744869100124,0.0
2024-06-08 00:00:00,31.067693385979766,0.0,0.0,31.067693385979766,31.378044888734962,0.0
2024-06-08 01:00:00,32.7979629080529,0.0,0.0,32.7979629080529,32.299513187893396,0.0
2024-06-08 02:00:00,30.07845258081784,0.0,0.0,30.07845258081784,33.06346506884129,0.0
2024-06-08 03:00:00,36.837855099906555,0.0,0.0,36.837855099906555,32.18027085593084,0.0
2024-06-08 04:00:00,35.68071362438552,0.0,0.0,35.68071362438552,31.253722534059175,0.0
2024-06-08 05:00:00,30.766077880062547,0.0,0.0,30.766077880062547,31.50036728734705,0.0
2024-06-08 06:00:00,176.67267938443368,0.0,50.9319856791385,176.67267938443368,30.490614439773452,0.0
2024-06-08 07:00:00,356.29683555160494,11.788565289555283,140.64553603173908,368.0854008411602,29.660229943646428,97.35007636057233
2024-06-08 08:00:00,299.91834169351347,30.122453107713774,125.77330232608057,330.04079480122726,29.067103240972656,260.59757438373686
2024-06-08 09:00:00,310.331243959805,35.5489927054701,137.78058736068522,345.8802366652751,28.2690938480636,294.5040293329918
2024-06-08 10:00:00,217.96435028871963,56.72359008440462,110.09448655096287,274.68794037312426,27.097192887269912,485.94833979306765
2024-06-08 11:00:00,305.297223572794,58.67933304777835,156.35503641125507,363.97655662057235,26.324227912025705,497.237091096444
2024-06-08 12:00:00,0.0,61.58709074533848,0.0,57.72909569955401,26.83012363652442,520.9271130169686
2024-06-08 13:00:00,7.70577183901851,49.58293775177303,0.0,57.28870959079154,26.04897841197517,405.9644561463697
2024-06-08 14:00:00,16.964233083310866,46.2306295229877,0.0,63.194862606298564,25.746214863565843,375.7790410995848
2024-06-08 15:00:00,7.285545618273929,49.08324003394833,0.0,56.36878565222226,25.51430438546162,397.7956342700621
2024-06-08 16:00:00,22.709867352787505,40.118525407460126,0.0,62.82839276024763,25.295481273340236,313.33878466526835
2024-06-08 17:00:00,42.50982265457861,18.63106299630596,0.0,61.14088565088457,26.918261263347343,136.81183435664988
2024-06-08 18:00:00,61.12191702871672,5.1087749060948185e-15,0.0,61.12191702871673,27.151588877892273,5.1911916607562815e-14
2024-06-08 19:00:00,62.36927871974415,0.0,0.0,62.36927871974415,27.634990639762872,0.0
2024-06-08 20:00:00,64.35591915008604,0.0,0.0,64.35591915008604,28.707871577739414,0.0
2024-06-08 21:00:00,58.84809738862392,0.0,0.0,58.84809738862392,29.25221717927301,0.0
2024-06-08 22:00:00,40.06415909617796,0.0,0.0,40.06415909617796,31.108106326026192,0.0
2024-06-08 23:00:00,34.5194448807128,0.0,0.0,34.5194448807128,31.64583408024707,0.0
2024-06-09 00:00:00,23.067907350630946,0.0,0.0,23.067907350630946,30.450257075787473,0.0
2024-06-09 01:00:00,17.90790117611805,0.0,0.0,17.90790117611805,30.687699536976865,0.0
2024-06-09 02:00:00,21.670300032856794,0.0,0.0,21.670300032856794,30.48801749315284,0.0
2024-06-09 03:00:00,10.974333635788147,0.0,0.0,10.974333635788147,29.644056001910236,0.0
2024-06-09 04:00:00,13.159992997525675,0.0,0.0,13.159992997525675,29.652977396693263,0.0
2024-06-09 05:00:00,16.426880770795115,0.0,0.0,16.426880770795115,29.43190299617103,0.0
2024-06-09 06:00:00,15.741451427188217,0.0,0.0,15.741451427188217,28.631868740770834,0.0
2024-06-09 07:00:00,0.653104512639116,15.885108251828074,0.0,16.53821276446719,28.378898901944616,147.2300270832969
2024-06-09 08:00:00,0.0,33.137550472976336,0.0,14.157177818268446,27.73409880276442,295.51447428496687
2024-06-09 09:00:00,0.0,39.45087152847384,0.0,9.287039790751619,26.35826566446842,328.21160916061075
2024-06-09 10:00:00,0.0,45.186907102382456,0.0,15.786535936662778,26.282810399338477,372.632622034678
2024-06-09 11:00:00,0.0,63.64606480219838,0.0,12.58657508082203,24.46202933783153,537.6396692227602
2024-06-09 12:00:00,0.0,60.7911389291244,0.0,17.124871546438484,24.229494455158086,508.12349726343655
2024-06-09 13:00:00,0.0,45.40263310467584,0.0,18.854112799730636,23.922117950127223,366.34053729870317
2024-06-09 14:00:00,0.0,40.60421474744681,0.0,18.383180105278168,24.374445096194968,325.08335173217904
2024-06-09 15:00:00,0.0,43.512453974779184,0.0,21.031951054433037,24.00055508080711,347.4135308965289
2024-06-09 16:00:00,0.0,28.196527650500787,0.0,22.475231277494213,24.364047475811287,220.22867878496595
2024-06-09 17:00:00,4.255491172506103,15.778656305126882,0.0,20.034147477632985,24.026056640120885,116.96590539944286
2024-06-09 18:00:00,19.613919209421404,4.439586025678564e-15,0.0,19.613919209421407,25.128398577172383,6.557282714198001e-14
2024-06-09 19:00:00,19.13191600665479,0.0,0.0,19.13191600665479,26.97046141076773,0.0
2024-06-09 20:00:00,19.04656238802999,0.0,0.0,19.04656238802999,26.290680799979167,0.0
2024-06-09 21:00:00,16.627362392871433,0.0,0.0,16.627362392871433,28.9057149158519,0.0
2024-06-09 22:00:00,16.829350163271506,0.0,0.0,16.829350163271506,29.328184176254876,0.0
2024-06-09 23:00:00,23.590472233996707,0.0,0.0,23.590472233996707,29.4294650017488,0.0
2024-06-10 00:00:00,30.793043220530297,0.0,0.0,30.793043220530297,32.2085653862225,0.0
2024-06-10 01:00:00,31.250436031886032,0.0,0.0,31.250436031886032,33.92221900311651,0.0
2024-06-10 02:00:00,35.43064845849031,0.0,0.0,35.43064845849031,33.79920386442033,0.0
2024-06-10 03:00:00,36.897430575962545,0.0,0.0,36.897430575962545,32.91452096742061,0.0
2024-06-10 04:00:00,33.46252396267448,0.0,0.0,33.46252396267448,32.69188573915234,0.0
2024-06-10 05:00:00,28.94630295990944,0.0,0.0,28.94630295990944,31.745284014878397,0.0
2024-06-10 06:00:00,211.6614484810193,0.0,57.32785565567105,211.6614484810193,31.410892950093668,0.0
2024-06-10 07:00:00,392.3503018017839,15.390843522001664,158.87551011036712,407.7411453237856,30.16241577475479,141.52435085479883
2024-06-10 08:00:00,378.55332826431726,31.312218436994048,156.23001710095252,409.8655467013113,29.554229449093526,274.6291939415433
2024-06-10 09:00:00,359.10298300260524,43.779277901145015,151.97387466084473,402.88226090375025,29.592798993204163,379.18552333464277
2024-06-10 10:00:00,347.1616976232127,54.494846977621265,157.25718971833962,401.65654460083397,27.795693937905405,465.15281279278537
2024-06-10 11:00:00,376.5155125569843,60.25348264024015,169.52846276109838,436.76899519722446,26.594616286390888,511.8191564077938
2024-06-10 12:00:00,303.4455460619479,73.6119564290099,146.16115890890163,377.0575024909578,25.879226023942593,635.0450803015586
2024-06-10 13:00:00,225.75356478260466,66.99401268588731,91.23133001535622,292.74757746849195,26.27631944785112,570.4537758980504
2024-06-10 14:00:00,178.00119963320984,45.412667969244666,69.18736105822474,223.4138676024545,25.71305338393422,369.11566309741755
2024-06-10 15:00:00,369.3802584952777,49.664144018803874,164.886163680357,419.0444025140816,26.33606214016015,401.1166123419893
2024-06-10 16:00:00,411.41169509283714,36.82336601645533,177.6460110644444,448.2350611092925,25.75266050137081,287.30506379157055
2024-06-10 17:00:00,411.5497338368694,18.754311733990484,180.1146330521471,430.3040455708599,27.463752294315643,137.36232392262872
2024-06-10 18:00:00,367.8415576691244,3.632405079220294e-15,136.07147735702773,367.8415576691244,27.313418525284114,7.259436843199474e-14
2024-06-10 19:00:00,412.8133182957495,0.0,162.04069015486382,412.8133182957495,28.710782932960463,0.0
2024-06-10 20:00:00,388.3070142460153,0.0,149.49968311605832,388.3070142460153,29.42434935246063,0.0
2024-06-10 21:00:00,245.4637916326003,0.0,83.1721048072235,245.4637916326003,31.358562100178876,0.0
2024-06-10 22:00:00,38.03786217919896,0.0,0.0,38.03786217919896,31.42924554789538,0.0
2024-06-10 23:00:00,43.27309917865058,0.0,0.0,43.27309917865058,33.041110669390825,0.0
2024-06-11 00:00:00,31.915665394791105,0.0,0.0,31.915665394791105,30.182228184100193,0.0
2024-06-11 01:00:00,36.790058298576376,0.0,0.0,36.790058298576376,30.96421142399143,0.0
2024-06-11 02:00:00,42.30402143280867,0.0,0.0,42.30402143280867,30.266368967611992,0.0
2024-06-11 03:00:00,32.343160619392435,0.0,0.0,32.343160619392435,30.424259987580353,0.0
2024-06-11 04:00:00,32.221816843484085,0.0,0.0,32.221816843484085,30.51117877857846,0.0
2024-06-11 05:00:00,36.6454726625544,0.0,0.0,36.6454726625544,29.798121779268392,0.0
2024-06-11 06:00:00,224.39012493111954,0.0,58.0280816801774,224.39012493111954,28.886264709915736,0.0
2024-06-11 07:00:00,406.1032413834385,15.864393316219589,152.7628984997404,421.9676346996581,27.612667312288412,147.54299869226995
2024-06-11 08:00:00,377.372245481517,26.19838042654054,152.86129920856916,403.57062590805754,26.791379823920092,215.93191224914628
2024-06-11 09:00:00,330.7630785436623,41.305481213657416,147.9415031603613,372.0685597573197,26.533732388766307,349.5556014081135
2024-06-11 10:00:00,357.6443907157354,57.16111992727014,157.2851480268841,414.80551064300556,25.793723695189524,485.56856421625446
2024-06-11 11:00:00,421.1037765036825,41.77695002326896,196.03467761675665,462.8807265269515,24.0994629720307,335.7337388558361
2024-06-11 12:00:00,294.9188675219526,59.03948332925937,130.32780712854122,353.958350851212,23.467799670400428,490.3379266650494
2024-06-11 13:00:00,245.58840387588901,54.66061040416587,105.246321868684,300.2490142800549,23.037960784676606,446.3418488612478
2024-06-11 14:00:00,178.07185292821492,51.72027721335233,62.884241825929095,229.79213014156727,23.78561837868853,419.6258192609709
2024-06-11 15:00:00,361.92745232394844,40.558169794785435,150.6034081572734,402.4856221187339,23.025290167780454,322.85750219890696
2024-06-11 16:00:00,311.03444809733054,32.57707215575874,125.7131913015896,343.6115202530893,24.248480860588785,252.58634930180727
2024-06-11 17:00:00,418.8105382764801,23.713499926426913,169.5135221730434,442.524038202907,24.66873950823104,165.8794288124214
2024-06-11 18:00:00,361.3333012338508,5.0152922041995956e-15,134.8047619171158,361.3333012338508,24.848222148640563,5.757004847244633e-14
2024-06-11 19:00:00,428.6381518131464,0.0,170.539328994635,428.6381518131464,26.746831069890263,0.0
2024-06-11 20:00:00,448.5576814966639,0.0,184.92596118665165,448.5576814966639,26.13963861677284,0.0
2024-06-11 21:00:00,252.91448669459947,0.0,82.37750443404435,252.91448669459947,28.606401028561557,0.0
2024-06-11 22:00:00,33.281528921235356,0.0,0.0,33.281528921235356,28.7802110029462,0.0
2024-06-11 23:00:00,42.15416313564166,0.0,0.0,42.15416313564166,28.30890862664702,0.0
2024-06-12 00:00:00,31.079593868578307,0.0,0.0,31.079593868578307,30.446560991537485,0.0
2024-06-12 01:00:00,33.01546933533031,0.0,0.0,33.01546933533031,30.486378904502875,0.0
2024-06-12 02:00:00,34.96306885293993,0.0,0.0,34.96306885293993,29.905426418674622,0.0
2024-06-12 03:00:00,30.684375048692118,0.0,0.0,30.684375048692118,29.517912369772183,0.0
2024-06-12 04:00:00,36.863208981054534,0.0,0.0,36.863208981054534,28.866087801707486,0.0
2024-06-12 05:00:00,28.42803781156923,0.0,0.0,28.42803781156923,30.302129075439254,0.0
2024-06-12 06:00:00,254.7561722311542,0.0,70.36067168523162,254.7561722311542,27.90784132330022,0.0
2024-06-12 07:00:00,88.74474211404161,14.701502876259186,0.0,103.4462449903008,26.893604637239502,129.8206503480195
2024-06-12 08:00:00,92.34478313559748,28.385091201005967,0.0,120.72987433660344,26.753491822556217,239.26080569911284
2024-06-12 09:00:00,342.9165074589757,41.01668880600763,138.5241345345762,383.9331962649833,24.894718869141762,341.9041401173138
2024-06-12 10:00:00,374.0593096471395,58.21904242909771,160.30706962155705,432.27835207623724,24.378758061158862,500.5740865302995
2024-06-12 11:00:00,365.3468087609992,66.9866848030942,163.81863611871916,432.3334935640934,24.64214312330846,575.3993247816775
2024-06-12 12:00:00,297.75049624628537,55.390210739976006,132.6041127243157,353.14070698626136,23.820548644545294,451.8815055365307
2024-06-12 13:00:00,234.612402545302,53.585299371815346,94.79961313502687,288.19770191711734,23.045606888499712,436.37850069917215
2024-06-12 14:00:00,185.02293462948077,56.23186291449904,68.18840255019317,241.2547975439798,23.128685596846832,460.21994864878843
2024-06-12 15:00:00,391.4667446267422,54.49612468054099,173.22756443085407,445.96286930728314,23.0175566032694,437.47097182855333
2024-06-12 16:00:00,352.46843997016947,38.13239558073446,150.99783351556405,390.6008355509039,23.557444442451086,294.8401040073407
2024-06-12 17:00:00,389.2600916205862,14.072565425554851,164.40588326226606,403.33265704614104,23.763752834948402,105.45431268324944
2024-06-12 18:00:00,429.5427625701705,4.944067435338209e-15,174.39085733681264,429.5427625701705,24.579412600617427,5.90910659538079e-14
2024-06-12 19:00:00,430.36399748495955,0.0,170.92618167269407,430.36399748495955,25.4083265337496,0.0
2024-06-12 20:00:00,107.64293157830951,0.0,0.0,107.64293157830951,26.256601834453264,0.0
2024-06-12 21:00:00,293.2873561949365,0.0,95.57263751773897,293.2873561949365,28.047354416448204,0.0
2024-06-12 22:00:00,28.435551937723694,0.0,0.0,28.435551937723694,28.75459095638767,0.0
2024-06-12 23:00:00,32.32455550960411,0.0,0.0,32.32455550960411,28.62822436033858,0.0
2024-06-13 00:00:00,36.96770605984244,0.0,0.0,36.96770605984244,30.263227469516277,0.0
2024-06-13 01:00:00,25.97947863913065,0.0,0.0,25.97947863913065,31.131437522988456,0.0
2024-06-13 02:00:00,36.224845171696806,0.0,0.0,36.224845171696806,32.4069792516868,0.0
2024-06-13 03:00:00,34.337257692711596,0.0,0.0,34.337257692711596,30.69622324270549,0.0
2024-06-13 04:00:00,39.66777576869236,0.0,0.0,39.66777576869236,30.779812170935543,0.0
2024-06-13 05:00:00,40.63846878706795,0.0,0.0,40.63846878706795,30.34856939355377,0.0
2024-06-13 06:00:00,237.5131925055649,0.0,62.404538256631724,237.5131925055649,29.52501436551945,0.0
2024-06-13 07:00:00,426.30098248326215,11.483808221002153,161.78578878663993,437.7847907042643,28.506097173291103,94.1791222887761
2024-06-13 08:00:00,371.6530795460324,26.444684570011937,145.4706426757206,398.09776411604435,28.406875438641304,221.59649896627457
2024-06-13 09:00:00,423.3415457401523,25.34082636044054,175.01549614095288,448.68237210059283,27.15069810615493,202.95315049287788
2024-06-13 10:00:00,321.74223167343496,41.111997300959004,133.39612823090258,362.85422897439395,26.502238114414563,335.997192748031
2024-06-13 11:00:00,345.6247830904034,47.69280773719058,149.55711258727464,393.317590827594,25.649151693222276,391.7370230535967
2024-06-13 12:00:00,341.9234051444335,57.33960493088451,156.92917563709554,399.263010075318,25.245220700199482,475.436509237259
2024-06-13 13:00:00,259.4082813256867,32.48348342299095,98.93847126495012,291.89176474867764,25.24079797701732,258.0181830933077
2024-06-13 14:00:00,190.86448228081503,41.93796359088784,67.14242964451385,232.80244587170287,24.994857435936193,337.69502231578645
2024-06-13 15:00:00,408.7378876806719,27.324904815370925,180.95153197741007,436.06279249604285,25.610997040328243,215.75351586119197
2024-06-13 16:00:00,380.6369379243801,27.214642181744647,158.7245957924268,407.85158010612474,25.406917180000086,213.00856487360403
2024-06-13 17:00:00,91.71033811360583,15.535144044384483,0.0,107.24548215799031,25.019738330125357,115.60615603220576
2024-06-13 18:00:00,431.0647151167194,4.885928388120549e-15,155.21567147862564,431.0647151167194,26.50299147344494,5.944733995010803e-14
2024-06-13 19:00:00,404.5748859138753,0.0,152.46948848969208,404.5748859138753,27.2786863841755,0.0
2024-06-13 20:00:00,430.54448277747304,0.0,165.6889520480687,430.54448277747304,28.78948290515812,0.0
2024-06-13 21:00:00,268.33894403435903,0.0,84.41685947260784,268.33894403435903,28.251622852062702,0.0
2024-06-13 22:00:00,34.31156469931404,0.0,0.0,34.31156469931404,29.858310993238494,0.0
2024-06-13 23:00:00,30.495975475075767,0.0,0.0,30.495975475075767,29.96367401431146,0.0
2024-06-14 00:00:00,39.33744962036356,0.0,0.0,39.33744962036356,34.132750559649345,0.0
2024-06-14 01:00:00,40.78360356980764,0.0,0.0,40.78360356980764,34.118756154065615,0.0
2024-06-14 02:00:00,40.875982478120946,0.0,0.0,40.875982478120946,34.58512349644918,0.0
2024-06-14 03:00:00,31.66530097075222,0.0,0.0,31.66530097075222,33.52096039332476,0.0
2024-06-14 04:00:00,33.99402881951945,0.0,0.0,33.99402881951945,34.27309124837722,0.0
2024-06-14 05:00:00,33.28295435148188,0.0,0.0,33.28295435148188,33.4232925860997,0.0
2024-06-14 06:00:00,232.45474301476196,0.0,61.8947927569169,232.45474301476196,32.67148553523969,0.0
2024-06-14 07:00:00,455.32890399581225,14.642134268960252,183.05692679176906,469.9710382647725,32.72636990213623,134.74834213235766
2024-06-14 08:00:00,395.8142724013127,25.040525836850904,160.33267106222107,420.8547982381636,30.654147395219827,209.3113622043311
2024-06-14 09:00:00,342.6770430569593,35.06588978378881,140.91630846682082,377.7429328407481,30.110655148880905,292.8966130727994
2024-06-14 10:00:00,341.6094659968487,48.45721575123602,152.14839228157723,390.06668174808476,29.145524443873366,410.2919186151858
2024-06-14 11:00:00,281.71552205329743,60.97620693503969,122.33051337881172,342.6917289883371,28.46953494032119,524.2392411807775
2024-06-14 12:00:00,327.946748821854,73.12942957866322,156.57295368750928,401.0761784005172,28.92520213342959,640.0929229812539
2024-06-14 13:00:00,294.6640064145361,41.97366068406112,110.0705888608855,336.63766709859726,27.496552248548873,339.69500931541245
2024-06-14 14:00:00,168.37451635792672,51.44046009453332,55.52440130545301,219.81497645246003,27.061749194609607,424.53666555959336
2024-06-14 15:00:00,324.1457217693594,33.81771170485154,134.5672617799537,357.96343347421094,28.40010010006561,271.29570182738036
2024-06-14 16:00:00,87.10053705461456,34.651542997617995,0.0,121.75208005223256,27.66045579838872,271.8381887076635
2024-06-14 17:00:00,452.16977379212886,13.408649519289009,172.01073236018982,465.57842331141785,27.567926286596297,102.21212814376292
2024-06-14 18:00:00,470.86896833765144,5.076554742909733e-15,184.3480419511006,470.86896833765144,28.724967241139314,5.0819591749913867e-14
2024-06-14 19:00:00,422.9316312576516,0.0,164.55934137215303,422.9316312576516,29.316228689473487,0.0
2024-06-14 20:00:00,366.51928190388054,0.0,137.24692189250777,366.51928190388054,29.94540636119651,0.0
2024-06-14 21:00:00,289.1091167281722,0.0,94.2899749536776,289.1091167281722,31.569748250028493,0.0
2024-06-14 22:00:00,29.479826428171062,0.0,0.0,29.479826428171062,32.56028111171702,0.0
2024-06-14 23:00:00,34.6436869826843,0.0,0.0,34.6436869826843,33.9105267860711,0.0
2024-06-15 00:00:00,32.139317799114764,0.0,0.0,32.139317799114764,34.12326279814771,0.0
2024-06-15 01:00:00,34.227980626539704,0.0,0.0,34.227980626539704,34.45013062494721,0.0
2024-06-15 02:00:00,36.3488614949061,0.0,0.0,36.3488614949061,33.830868076272274,0.0
2024-06-15 03:00:00,38.39395467431272,0.0,0.0,38.39395467431272,34.60068010186493,0.0
2024-06-15 04:00:00,41.27679708904711,0.0,0.0,41.27679708904711,34.50417841031604,0.0
2024-06-15 05:00:00,35.29407816790258,0.0,0.0,35.29407816790258,33.44963225879713,0.0
2024-06-15 06:00:00,205.64363472997658,0.0,63.132373456594074,205.64363472997658,32.7387318470201,0.0
2024-06-15 07:00:00,321.2227780150252,13.903425052529462,129.71281685351263,335.1262030675547,31.050993586879965,123.22190697151399
2024-06-15 08:00:00,333.9159485866253,23.398649698762338,135.75557566303615,357.3145982853876,31.304690982673797,194.91604365335658
2024-06-15 09:00:00,312.8722638588216,31.14160841864733,137.09549169853744,344.0138722774689,30.76202169539302,256.2735854255242
2024-06-15 10:00:00,269.0338747107792,33.277637413431094,113.17975963415192,302.31151212421025,29.188949278394553,269.7271727430632
2024-06-15 11:00:00,292.4387012012377,57.899667303763046,147.2350116152033,350.33836850500074,28.005420705534476,493.7723344404082
2024-06-15 12:00:00,302.6658779975518,37.07589770806737,145.30473542138384,339.74177570561915,27.665386737631675,299.35068771265014
2024-06-15 13:00:00,159.98360685431376,38.659822312676226,64.31188675424634,198.64342916699,27.1865223293531,311.48260478321197
2024-06-15 14:00:00,14.856365838379205,44.98652918341394,0.0,59.84289502179315,27.097248252290985,364.53008363284454
2024-06-15 15:00:00,42.414243088315885,21.086838423800188,0.0,63.50108151211607,27.720724218706422,167.261097465061
2024-06-15 16:00:00,25.711409976305365,30.081911750325116,0.0,55.79332172663048,27.886116221460767,237.23468774643754
2024-06-15 17:00:00,49.26897966776336,14.481559478478484,0.0,63.75053914624185,28.8045676477039,110.00822993763012
2024-06-15 18:00:00,65.61553420011153,5.02769532329765e-15,0.0,65.61553420011153,29.21292435126024,5.461214997063706e-14
2024-06-15 19:00:00,60.98918342518711,0.0,0.0,60.98918342518711,29.43956243402322,0.0
2024-06-15 20:00:00,60.38250638793076,0.0,0.0,60.38250638793076,30.527127066946438,0.0
2024-06-15 21:00:00,59.60847634631024,0.0,0.0,59.60847634631024,31.401919200336028,0.0
2024-06-15 22:00:00,37.462515926461,0.0,0.0,37.462515926461,32.43423804056191,0.0
2024-06-15 23:00:00,35.20397634546768,0.0,0.0,35.20397634546768,34.14970365873134,0.0
2024-06-16 00:00:00,13.214236787230572,0.0,0.0,13.214236787230572,31.9670543951687,0.0
2024-06-16 01:00:00,18.742469277220124,0.0,0.0,18.742469277220124,31.757556678334378,0.0
2024-06-16 02:00:00,13.477746103704192,0.0,0.0,13.477746103704192,31.517897584516156,0.0
2024-06-16 03:00:00,18.642614380199994,0.0,0.0,18.642614380199994,30.658429968358888,0.0
2024-06-16 04:00:00,10.140759593699219,0.0,0.0,10.140759593699219,31.099608752209924,0.0
2024-06-16 05:00:00,17.441028176833175,0.0,0.0,17.441028176833175,30.038385772033735,0.0
2024-06-16 06:00:00,17.619044125432634,0.0,0.0,17.619044125432634,30.52377663438231,0.0
2024-06-16 07:00:00,0.0,14.210227939470618,0.0,10.238442720838723,28.061329499062925,125.25153046912531
2024-06-16 08:00:00,0.0,25.181323498023318,0.0,20.09302640346356,28.150757852764404,209.28187511043956
2024-06-16 09:00:00,0.0,39.49221500688574,0.0,15.092617111309547,26.61552933941534,331.20443825491714
2024-06-16 10:00:00,0.0,39.253891892764095,0.0,14.045096419311541,26.20375809335761,318.07821157977196
2024-06-16 11:00:00,0.0,45.00512012526585,0.0,13.81895219995112,25.81667604710196,367.9520420611575
2024-06-16 12:00:00,0.0,59.30388986501627,0.0,8.522096902066371,25.438411117244858,496.2267954247543
2024-06-16 13:00:00,0.0,59.84081901729183,0.0,13.45185628729723,24.547430193621818,497.7648902093957
2024-06-16 14:00:00,0.0,40.36531773537425,0.0,13.632466594687974,24.83912396119011,323.0498361328203
2024-06-16 15:00:00,0.0,44.364498985027055,0.0,21.23000648798532,24.246540244781556,352.7772533228138
2024-06-16 16:00:00,0.0,26.097783844106235,0.0,21.823574178157404,25.05019596524042,203.72388869834163
2024-06-16 17:00:00,9.553369859155717,15.612689494346744,0.0,25.16605935350246,25.984745659165362,116.25894807686845
2024-06-16 18:00:00,14.798967305155134,4.1674578476557465e-15,0.0,14.798967305155138,26.37456542516934,6.80442496899343e-14
2024-06-16 19:00:00,15.645569642603697,0.0,0.0,15.645569642603697,26.787977180053872,0.0
2024-06-16 20:00:00,17.242397129018446,0.0,0.0,17.242397129018446,27.81899450231763,0.0
2024-06-16 21:00:00,13.95920970668137,0.0,0.0,13.95920970668137,29.37221037523214,0.0
2024-06-16 22:00:00,17.05912923300877,0.0,0.0,17.05912923300877,29.162593377635268,0.0
2024-06-16 23:00:00,18.438399726123784,0.0,0.0,18.438399726123784,29.961231853248535,0.0
2024-06-17 00:00:00,39.38361099385881,0.0,0.0,39.38361099385881,31.02284447131382,0.0
2024-06-17 01:00:00,25.229458358350247,0.0,0.0,25.229458358350247,30.852129772903258,0.0
2024-06-17 02:00:00,30.01148364135569,0.0,0.0,30.01148364135569,30.464432079987574,0.0
2024-06-17 03:00:00,28.20172651260487,0.0,0.0,28.20172651260487,31.747110903695113,0.0
2024-06-17 04:00:00,34.695022175727104,0.0,0.0,34.695022175727104,30.172249947468,0.0
2024-06-17 05:00:00,37.48285730674016,0.0,0.0,37.48285730674016,30.066119905655512,0.0
2024-06-17 06:00:00,240.38440811241514,0.0,64.7157049648266,240.38440811241514,29.13120085631887,0.0
2024-06-17 07:00:00,402.7056924583615,13.702996624762706,157.20119295981718,416.4086890831242,28.44798609325113,118.79047373647742
2024-06-17 08:00:00,394.2414252316895,31.305312086202047,162.65151676148898,425.54673731789154,27.248651449336748,274.7305569773788
2024-06-17 09:00:00,366.02351395378344,45.43883936758516,160.91731021571707,411.4623533213686,27.142234139150325,395.6913560599506
2024-06-17 10:00:00,356.454536019378,46.52189404456357,154.197745202107,402.97643006394156,25.996372940315872,386.4331875252615
2024-06-17 11:00:00,346.1379619314069,54.20048812693893,150.70804236957613,400.3384500583458,25.707914241614947,451.2363513599519
2024-06-17 12:00:00,400.8234839602557,41.81993719317493,187.11697438395095,442.64342115343067,24.35528815914602,335.4964874877303
2024-06-17 13:00:00,242.92158855234055,49.75510051142153,90.31643877189832,292.67668906376207,25.376731671125285,407.3636964081009
2024-06-17 14:00:00,188.54865175708449,48.30904314741955,71.61206846447035,236.85769490450403,23.238636785410446,388.149470982388
2024-06-17 15:00:00,325.90556117356857,45.15758261696276,146.70921593997483,371.06314379053134,23.517653332189532,360.80881466940616
2024-06-17 16:00:00,407.5966686428285,27.72835417051927,170.2602486108505,435.32502281334774,25.536414688775096,216.38750303791548
2024-06-17 17:00:00,426.33658111764237,16.317949766369427,185.59419212216363,442.6545308840118,25.453108277732696,120.50659740619321
2024-06-17 18:00:00,404.4678344086037,5.128165348292203e-15,152.1842728316792,404.4678344086037,26.111654219690454,5.039408816531558e-14
2024-06-17 19:00:00,384.59152531964503,0.0,146.98857354703955,384.59152531964503,27.0007321739626,0.0
2024-06-17 20:00:00,395.8300416409052,0.0,150.73963347430976,395.8300416409052,27.976564813237644,0.0
2024-06-17 21:00:00,292.3169797442782,0.0,94.31697585253052,292.3169797442782,28.746711696238215,0.0
2024-06-17 22:00:00,35.077864187366146,0.0,0.0,35.077864187366146,28.958008932349866,0.0
2024-06-17 23:00:00,32.21834795609005,0.0,0.0,32.21834795609005,30.574930364851728,0.0
2024-06-18 00:00:00,39.16865894550694,0.0,0.0,39.16865894550694,29.892993570342917,0.0
2024-06-18 01:00:00,32.393095613973365,0.0,0.0,32.393095613973365,30.626521516709918,0.0
2024-06-18 02:00:00,35.96402357865501,0.0,0.0,35.96402357865501,30.913686089778846,0.0
2024-06-18 03:00:00,32.77247621128478,0.0,0.0,32.77247621128478,30.077543983161632,0.0
2024-06-18 04:00:00,34.12829227339733,0.0,0.0,34.12829227339733,28.948879955757707,0.0
2024-06-18 05:00:00,36.16088075460671,0.0,0.0,36.16088075460671,29.89270075108225,0.0
2024-06-18 06:00:00,244.56768447637637,0.0,65.02778943207936,244.56768447637637,27.772490583826794,0.0
2024-06-18 07:00:00,397.17578220862026,13.70904102738192,156.8700442633215,410.8848232360022,27.60641430602328,118.53580464489814
2024-06-18 08:00:00,388.47265620793013,27.141319754797184,150.88524318627793,415.6139759627273,26.403198588117835,227.54577080295152
2024-06-18 09:00:00,421.0045084421031,30.320779977323873,188.28403426050707,451.32528841942695,25.410386218377045,244.07023302745472
2024-06-18 10:00:00,350.16872052590514,49.050031960223244,154.3430884991232,399.2187524861284,25.163715612094023,407.8480576830939
2024-06-18 11:00:00,340.09202659403417,46.869282743724455,147.73340331005255,386.9613093377586,24.17892161680933,380.8065372230479
2024-06-18 12:00:00,400.55032302998757,37.74201511772603,170.58055088939375,438.2923381477136,23.757097383716793,299.27209642220936
2024-06-18 13:00:00,238.1415393268988,52.59642469687196,102.4988183052147,290.73796402377076,22.74298201423484,425.99644141434413
2024-06-18 14:00:00,203.8848665647375,45.753097911992946,71.89868307451945,249.63796447673045,22.944528068640935,366.25743749251404
2024-06-18 15:00:00,428.271476749189,34.899876538812556,187.863854205027,463.17135328800157,22.766057669396176,275.15296996036454
2024-06-18 16:00:00,394.0291021060273,25.995953677652327,162.9537843187574,420.02505578367965,23.400940844093995,201.79106360228818
2024-06-18 17:00:00,384.545794824515,12.021519343338015,152.9599956326939,396.567314167853,23.997310704741643,91.04686294062017
2024-06-18 18:00:00,343.0449376311399,5.076615606439957e-15,127.53976619413294,343.0449376311399,25.703717637930662,5.545182091318659e-14
2024-06-18 19:00:00,364.3796836388851,0.0,142.72884016101816,364.3796836388851,25.49600463623507,0.0
2024-06-18 20:00:00,406.8768825859531,0.0,160.78484785124311,406.8768825859531,25.468766389062942,0.0
2024-06-18 21:00:00,263.0404641626148,0.0,83.34009954992148,263.0404641626148,28.13497797784748,0.0
2024-06-18 22:00:00,34.67604550984977,0.0,0.0,34.67604550984977,28.506195238341274,0.0
2024-06-18 23:00:00,32.95176737129595,0.0,0.0,32.95176737129595,28.940934068204484,0.0
2024-06-19 00:00:00,38.19705660079405,0.0,0.0,38.19705660079405,31.40611810043909,0.0
2024-06-19 01:00:00,33.6734198429978,0.0,0.0,33.6734198429978,31.5009144346074,0.0
2024-06-19 02:00:00,31.036358320058447,0.0,0.0,31.036358320058447,33.06266091916735,0.0
2024-06-19 03:00:00,26.208674160914633,0.0,0.0,26.208674160914633,32.00029970696586,0.0
2024-06-19 04:00:00,40.54543019998073,0.0,0.0,40.54543019998073,30.7558502121289,0.0
2024-06-19 05:00:00,26.5292496043336,0.0,0.0,26.5292496043336,31.23238062141964,0.0
2024-06-19 06:00:00,219.31370310673685,0.0,53.01373294544385,219.31370310673685,30.946722721641525,0.0
2024-06-19 07:00:00,411.3441231388631,12.123611970180354,158.53678934548674,423.4677351090435,29.577720862659675,101.71869001432935
2024-06-19 08:00:00,393.49033960194396,30.27073721302485,169.7339577004409,423.7610768149688,28.142840134526445,262.45221688154606
2024-06-19 09:00:00,364.25810410730634,43.32461399816825,153.61797077724532,407.5827181054746,27.19223306975295,373.5298907582313
2024-06-19 10:00:00,394.45188577624333,48.62741385078063,171.62440474294948,443.07929962702394,26.384977406764484,409.6297362025814
2024-06-19 11:00:00,384.492362916078,49.27110565500753,167.21118168180413,433.7634685710855,26.879592134994663,409.1783510035535
2024-06-19 12:00:00,403.34017976567793,40.12928756937897,175.6004246813039,443.4694673350569,25.526715929760154,321.5750362309746
2024-06-19 13:00:00,272.09857161063195,53.18342603640404,115.03899343183832,325.281997647036,24.373534271273048,437.15713147546063
2024-06-19 14:00:00,220.35777922570156,41.75602520086726,79.46836783621531,262.11380442656883,25.285703833546336,334.2455429528
2024-06-19 15:00:00,398.83894402323654,38.96502641368523,169.02382008494394,437.80397043692176,25.283414871399142,311.5252762564944
2024-06-19 16:00:00,373.20044157514184,22.367309064106987,150.2573595089369,395.5677506392488,25.3381002239369,174.9335096072312
2024-06-19 17:00:00,385.1615709620563,13.190795262410958,158.47391521271467,398.3523662244673,25.608559758426782,99.59879804793252
2024-06-19 18:00:00,466.6520339130204,5.1229952858206456e-15,182.27875971575446,466.6520339130204,26.311689420737665,5.0264197624257486e-14
2024-06-19 19:00:00,381.7149572257314,0.0,143.43170695414204,381.7149572257314,28.231087120498447,0.0
2024-06-19 20:00:00,446.9873758943855,0.0,180.30066227212143,446.9873758943855,28.717393298526652,0.0
2024-06-19 21:00:00,276.82025194554126,0.0,92.89421763377631,276.82025194554126,29.738825360813816,0.0
2024-06-19 22:00:00,41.90169418649651,0.0,0.0,41.90169418649651,30.466016275414162,0.0
2024-06-19 23:00:00,36.38248582630769,0.0,0.0,36.38248582630769,31.23235495723293,0.0
2024-06-20 00:00:00,30.906352059282018,0.0,0.0,30.906352059282018,31.491306883917158,0.0
2024-06-20 01:00:00,30.224909633198582,0.0,0.0,30.224909633198582,31.972241017157092,0.0
2024-06-20 02:00:00,26.283313616824632,0.0,0.0,26.283313616824632,32.77687120509827,0.0
2024-06-20 03:00:00,33.892290867359925,0.0,0.0,33.892290867359925,32.78245077830704,0.0
2024-06-20 04:00:00,35.715360769130626,0.0,0.0,35.715360769130626,31.114458221751402,0.0
2024-06-20 05:00:00,32.05708179542803,0.0,0.0,32.05708179542803,31.065159619984765,0.0
2024-06-20 06:00:00,249.31947943472153,0.0,64.43089349431877,249.31947943472153,30.864057981882574,0.0
2024-06-20 07:00:00,376.6839494087693,13.775994817076237,144.77892090227576,390.45994422584556,30.54132182635243,122.18894856435223
2024-06-20 08:00:00,360.60496358275674,28.733083959605043,136.65132805918438,389.3380475423618,29.58539509305112,248.2209878519579
2024-06-20 09:00:00,367.59985932313646,44.62791774804138,153.10833288090984,412.22777707117785,27.39066973705367,386.9706214566225
2024-06-20 10:00:00,394.8971056409656,47.14796552171993,178.02243418578487,442.04507116268553,27.581938361488657,394.42040641203954
2024-06-20 11:00:00,338.02100057794615,43.12893253546474,146.4441211755103,381.1499331134109,26.248859719286337,350.3424778130589
2024-06-20 12:00:00,396.5967149676504,62.19563541214879,182.89720827032372,458.7923503797992,26.185534708578075,528.7621533245947
2024-06-20 13:00:00,200.9570402401095,64.91478629723683,89.0863465470441,265.87182653734635,25.707814250784647,547.7143615287081
2024-06-20 14:00:00,157.10495405696486,50.66723461790302,56.27016891479891,207.77218867486786,24.56243328110336,411.5995203229413
2024-06-20 15:00:00,351.96643445671657,45.11546130295759,161.49478351515188,397.0818957596742,25.588661888687593,362.28572499737913
2024-06-20 16:00:00,404.15493528058505,28.562134010408062,168.19538380775688,432.7170692909931,26.16617468472485,222.74490268485835
2024-06-20 17:00:00,404.5532290564066,14.382037518731554,160.462384685198,418.9352665751382,26.209463940718912,107.9980457738924
2024-06-20 18:00:00,410.7965693757478,4.107872585514798e-15,159.8775159805737,410.7965693757478,26.82125708873243,6.852627390073483e-14
2024-06-20 19:00:00,446.21034051564027,0.0,182.74662332232612,446.21034051564027,27.002716688640376,0.0
2024-06-20 20:00:00,410.453494047903,0.0,158.99490412300102,410.453494047903,29.03622406066121,0.0
2024-06-20 21:00:00,280.89804186923726,0.0,90.05465587788584,280.89804186923726,29.70465614415152,0.0
2024-06-20 22:00:00,38.32013701069832,0.0,0.0,38.32013701069832,29.9833233450307,0.0
2024-06-20 23:00:00,27.98726130366548,0.0,0.0,27.98726130366548,31.00636903810046,0.0
2024-06-21 00:00:00,34.16516703482587,0.0,0.0,34.16516703482587,32.55580804284572,0.0
2024-06-21 01:00:00,35.47111971305568,0.0,0.0,35.47111971305568,32.548890002521695,0.0
2024-06-21 02:00:00,38.340673505653434,0.0,0.0,38.340673505653434,32.94880606879124,0.0
2024-06-21 03:00:00,31.736062850167794,0.0,0.0,31.736062850167794,31.953241573446306,0.0
2024-06-21 04:00:00,29.931114934696257,0.0,0.0,29.931114934696257,33.153267266707815,0.0
2024-06-21 05:00:00,40.8881960047723,0.0,0.0,40.8881960047723,31.93029588167235,0.0
2024-06-21 06:00:00,204.60943680178596,0.0,55.86229187752725,204.60943680178596,30.64779075179114,0.0
2024-06-21 07:00:00,442.35326331287143,14.31460081232136,177.55976210852782,456.6678641251928,29.123479738701274,128.8104066869743
2024-06-21 08:00:00,80.12829740046836,26.876527548393117,0.0,107.00482494886147,29.96203497555299,228.26403295703474
2024-06-21 09:00:00,377.6905355315263,38.781886204718255,152.3323779344844,416.47242173624454,28.82064662353929,326.4687139921579
2024-06-21 10:00:00,414.22633993339633,46.61233001986356,174.06710062984476,460.8386699532599,27.80281036177082,390.5701177661442
2024-06-21 11:00:00,424.8829845571903,48.08474822344911,189.85282776774267,472.96773278063944,27.404417771515682,398.2941493866351
2024-06-21 12:00:00,372.3066000865035,45.55542553939958,161.45847764283528,417.8620256259031,26.846827789939113,372.21670452640916
2024-06-21 13:00:00,229.60101337875716,52.838536311513515,93.20536631953904,282.43954969027067,26.16394614805132,433.3153611467064
2024-06-21 14:00:00,187.2165157546595,42.89569312198133,62.964389406409445,230.11220887664084,25.820360396407384,347.5635991570783
2024-06-21 15:00:00,350.24721636334425,48.48531146019576,150.32527201539807,398.73252782354,25.858156313716925,392.49791629557535
2024-06-21 16:00:00,368.4105423133886,33.79740963161495,151.8954039907238,402.2079519450035,26.626849603743356,264.3276058388149
2024-06-21 17:00:00,392.94233360835364,16.621432727853897,151.97979461653225,409.56376633620755,27.671109458323052,122.87308155883005
2024-06-21 18:00:00,441.0005987056426,5.026922791479575e-15,171.8439672285682,441.0005987056426,27.646015919378307,5.5771988250484624e-14
2024-06-21 19:00:00,403.2948601667563,0.0,156.11131316706357,403.2948601667563,29.279839550135833,0.0
2024-06-21 20:00:00,445.94443839325305,0.0,178.90917049859715,445.94443839325305,29.6340437417625,0.0
2024-06-21 21:00:00,277.06926126328926,0.0,93.4011808380525,277.06926126328926,30.543679647153446,0.0
2024-06-21 22:00:00,37.57740407210183,0.0,0.0,37.57740407210183,32.40002223869828,0.0
2024-06-21 23:00:00,31.331194509694154,0.0,0.0,31.331194509694154,32.748680347298425,0.0
2024-06-22 00:00:00,33.72473231156737,0.0,0.0,33.72473231156737,33.463242551429836,0.0
2024-06-22 01:00:00,36.928294765801844,0.0,0.0,36.928294765801844,32.57478257881851,0.0
2024-06-22 02:00:00,32.69974670601304,0.0,0.0,32.69974670601304,34.18894026706834,0.0
2024-06-22 03:00:00,36.27600794311845,0.0,0.0,36.27600794311845,32.932481010941956,0.0
2024-06-22 04:00:00,34.31676388671154,0.0,0.0,34.31676388671154,32.51019233935898,0.0
2024-06-22 05:00:00,36.87914031987719,0.0,0.0,36.87914031987719,30.988098543436493,0.0
2024-06-22 06:00:00,176.43515453729353,0.0,51.584558896702376,176.43515453729353,31.50599442826711,0.0
2024-06-22 07:00:00,384.9855246215083,12.274098036759698,150.98255161747628,397.25962265826803,29.9570386947977,103.74561384264926
2024-06-22 08:00:00,311.90075905048656,24.074920767271717,134.16350088774755,335.97567981775825,29.79697593026369,200.59202999619404
2024-06-22 09:00:00,292.09854454223967,35.023996836053996,132.18236124924914,327.12254137829365,28.106199791512527,290.89662564311726
2024-06-22 10:00:00,295.3707286569493,45.79652099097399,134.32429310569847,341.1672496479233,28.741698934887598,385.3070299718582
2024-06-22 11:00:00,312.2014171855799,66.8892844583574,153.509770357675,379.0907016439373,27.393762263275647,581.149049913375
2024-06-22 12:00:00,292.0286331962476,50.840989242235715,137.97261563430365,342.8696224384833,27.701695890619447,423.411818588042
2024-06-22 13:00:00,208.72210774141274,54.291293864775646,90.36148014102815,263.0134016061884,25.700596608232203,443.69588334394723
2024-06-22 14:00:00,25.820026899401533,30.395691023930134,0.0,56.21571792333167,26.867438638344186,243.19560001538449
2024-06-22 15:00:00,32.37088419412006,33.35221347783153,0.0,65.72309767195159,25.310752415462044,263.1412471140708
2024-06-22 16:00:00,27.369114841750637,32.098437143691136,0.0,59.46755198544177,26.665797840981806,251.19013007307115
2024-06-22 17:00:00,40.84237541636802,15.24272214971147,0.0,56.08509756607949,26.802163721866307,113.76812735495609
2024-06-22 18:00:00,58.50861685786091,1.4805542603478393e-15,0.0,58.50861685786091,27.61887074836502,1.1634144591899855e-14
2024-06-22 19:00:00,62.92898027057691,0.0,0.0,62.92898027057691,28.42873414917696,0.0
2024-06-22 20:00:00,60.88157370663783,0.0,0.0,60.88157370663783,29.13549092331453,0.0
2024-06-22 21:00:00,56.578008744891115,0.0,0.0,56.578008744891115,29.868871520523673,0.0
2024-06-22 22:00:00,29.188165500746646,0.0,0.0,29.188165500746646,31.12163561252446,0.0
2024-06-22 23:00:00,28.41863531436957,0.0,0.0,28.41863531436957,32.125736948786546,0.0
2024-06-23 00:00:00,16.27843432929773,0.0,0.0,16.27843432929773,31.876029790360985,0.0
2024-06-23 01:00:00,17.625482590378162,0.0,0.0,17.625482590378162,31.791509289124704,0.0
2024-06-23 02:00:00,14.864732356391642,0.0,0.0,14.864732356391642,32.346363799449634,0.0
2024-06-23 03:00:00,15.720542500352183,0.0,0.0,15.720542500352183,30.904745654835626,0.0
2024-06-23 04:00:00,21.56510732218394,0.0,0.0,21.56510732218394,31.077697909193606,0.0
2024-06-23 05:00:00,20.446016950776862,0.0,0.0,20.446016950776862,31.093469892523565,0.0
2024-06-23 06:00:00,21.188210590746408,0.0,0.0,21.188210590746408,30.18468907669812,0.0
2024-06-23 07:00:00,0.0,12.260827871940158,0.0,9.885636985730924,28.738372799331675,102.79383872280377
2024-06-23 08:00:00,5.997278826098007,17.874248449067938,0.0,23.871527275165946,28.73012814488539,143.49332878198442
2024-06-23 09:00:00,0.0,40.249311629413796,0.0,17.704402110251515,27.091590449967377,340.1423642488573
2024-06-23 10:00:00,0.0,56.23344457399104,0.0,16.18630346143697,26.12441191810558,486.21574007986385
2024-06-23 11:00:00,0.0,58.578498899604114,0.0,16.705836013300814,26.03169384489793,496.77606189909045
2024-06-23 12:00:00,0.0,34.679974456247265,0.0,20.753162294870634,25.23508946822402,277.3737159110642
2024-06-23 13:00:00,0.0,37.940608240804195,0.0,12.413443544864073,24.620897139276398,302.6441735466437
2024-06-23 14:00:00,0.0,39.50273782353206,0.0,16.949862889666875,24.484659436178887,315.3707116957833
2024-06-23 15:00:00,0.0,27.739159166357243,0.0,14.725080931255984,24.347454906887354,217.3548273343327
2024-06-23 16:00:00,0.0,27.773602624473735,0.0,14.537109013297602,25.03413066252747,215.90535642351273
2024-06-23 17:00:00,5.900809417105208,16.04987993811958,0.0,21.95068935522479,26.338224682393243,118.63019594252928
2024-06-23 18:00:00,23.490335729528304,4.636102989528382e-15,0.0,23.490335729528308,26.635368930296522,3.915845240144419e-14
2024-06-23 19:00:00,16.54865173581174,0.0,0.0,16.54865173581174,27.83652408133229,0.0
2024-06-23 20:00:00,18.395896468311758,0.0,0.0,18.395896468311758,28.52112796763979,0.0
2024-06-23 21:00:00,20.455425007169246,0.0,0.0,20.455425007169246,28.862837253175353,0.0
2024-06-23 22:00:00,20.59650292543673,0.0,0.0,20.59650292543673,29.18852306141032,0.0
2024-06-23 23:00:00,21.404415658523927,0.0,0.0,21.404415658523927,30.274540250603458,0.0
2024-06-24 00:00:00,28.73751569724106,0.0,0.0,28.73751569724106,31.862704457408277,0.0
2024-06-24 01:00:00,32.8021438984671,0.0,0.0,32.8021438984671,32.17368240657741,0.0
2024-06-24 02:00:00,36.589202728927205,0.0,0.0,36.589202728927205,33.15774341314136,0.0
2024-06-24 03:00:00,33.3161480215367,0.0,0.0,33.3161480215367,33.033268075148094,0.0
2024-06-24 04:00:00,33.41304245925134,0.0,0.0,33.41304245925134,33.30426218309536,0.0
2024-06-24 05:00:00,40.05424885787947,0.0,0.0,40.05424885787947,31.26024659826822,0.0
2024-06-24 06:00:00,239.87970416118944,0.0,70.03385782934429,239.87970416118944,31.715957602743707,0.0
2024-06-24 07:00:00,451.30466877284067,15.215264934144088,177.24159300948335,466.5199337069848,30.86873371040239,147.95870014915235
2024-06-24 08:00:00,406.7517860768865,28.323161070166602,159.14946167036425,435.0749471470531,29.05110157069207,244.12811686489707
2024-06-24 09:00:00,64.1802071192424,42.47246068524064,0.0,106.65266780448303,28.498144490322794,367.4489573785046
2024-06-24 10:00:00,66.02061755902633,49.05710636953206,0.0,115.0777239285584,28.037600074282103,416.8743934375424
2024-06-24 11:00:00,332.17069835960626,51.73687465371153,133.9574485773664,383.9075730133178,26.662897404227454,431.15104751282115
2024-06-24 12:00:00,351.75708067840065,63.102412431127235,153.12762842182664,414.8594931095279,26.067948647858643,535.252941987065
2024-06-24 13:00:00,257.54795289758306,53.15534078469886,105.800709587074,310.7032936822819,25.472824347141035,437.8705162180282
2024-06-24 14:00:00,160.94446542700013,55.35080203404287,56.15689482191197,216.29526746104298,24.487214190379984,454.54317750075165
2024-06-24 15:00:00,313.187917465404,43.98377497805694,134.34973629717538,357.1716924434609,25.821728865944,351.8998182290085
2024-06-24 16:00:00,330.86038300188113,30.452713294613137,130.40198344092332,361.3130962964943,25.78120987273925,236.2075259428981
2024-06-24 17:00:00,421.59556879547824,16.61470506555222,169.09112247601843,438.2102738610305,26.15468540375017,121.79383221019562
2024-06-24 18:00:00,366.7363002707752,5.021079395392563e-15,134.70022557682526,366.7363002707752,27.628329274783656,5.5953731617844237e-14
2024-06-24 19:00:00,416.0898970056894,0.0,166.14722763476752,416.0898970056894,27.53571067144213,0.0
2024-06-24 20:00:00,402.32959023735424,0.0,152.3326363076672,402.32959023735424,29.57027339535181,0.0
2024-06-24 21:00:00,261.26748211426934,0.0,87.21784716452758,261.26748211426934,30.314899765200582,0.0
2024-06-24 22:00:00,38.48045337388284,0.0,0.0,38.48045337388284,30.717136843862875,0.0
2024-06-24 23:00:00,34.42753801843224,0.0,0.0,34.42753801843224,31.610452057442185,0.0
2024-06-25 00:00:00,40.12104405616977,0.0,0.0,40.12104405616977,30.095211724752573,0.0
2024-06-25 01:00:00,32.53715709759901,0.0,0.0,32.53715709759901,31.415143052278584,0.0
2024-06-25 02:00:00,32.19959913034249,0.0,0.0,32.19959913034249,31.252915479109788,0.0
2024-06-25 03:00:00,30.48909034800142,0.0,0.0,30.48909034800142,31.170898727890666,0.0
2024-06-25 04:00:00,29.081036308310345,0.0,0.0,29.081036308310345,30.941267461666257,0.0
2024-06-25 05:00:00,35.97315294385377,0.0,0.0,35.97315294385377,29.81289938579121,0.0
2024-06-25 06:00:00,217.90262964799544,0.0,56.708049349829025,217.90262964799544,28.649704221123688,0.0
2024-06-25 07:00:00,418.61327005195454,13.773954200614407,160.7490807406619,432.38722425256896,29.043759203899295,121.65906007781976
2024-06-25 08:00:00,361.07299108411416,21.855015664370757,145.62201442560146,382.9280067484849,28.00359256539036,178.14756537733848
2024-06-25 09:00:00,375.1228603982289,45.37870647438797,157.42167824731953,420.5015668726169,26.485687299089868,397.4323531454362
2024-06-25 10:00:00,381.8206546789561,42.24438569449114,163.82215059167814,424.06504037344723,26.113788458149177,344.3899181238452
2024-06-25 11:00:00,364.96832330559766,47.43019752699465,167.14941443808684,412.39852083259234,25.813346343790215,390.18758918262887
2024-06-25 12:00:00,377.47267300785666,63.64470076389128,172.2155464859499,441.11737377174796,25.19749484688059,533.629570258778
2024-06-25 13:00:00,230.0210853136459,55.94752794798794,96.05668286296331,285.96861326163383,23.99621354835642,458.30773811316544
2024-06-25 14:00:00,138.12784214006354,62.25537776682427,56.38443267044953,200.3832199068878,23.41485283586703,512.4113993412313
2024-06-25 15:00:00,375.45282586502634,39.80906860275856,164.8352055249943,415.2618944677849,23.61988539677404,313.46098193685054
2024-06-25 16:00:00,401.1353732690708,25.41885423781623,167.8352073657305,426.554227506887,24.472281438861064,197.11176968882654
2024-06-25 17:00:00,389.8445324011746,12.933176998362718,154.6404421186473,402.77770939953734,25.91551819107482,97.80790064764236
2024-06-25 18:00:00,409.08824956136544,4.276030441435638e-15,152.96552572747106,409.08824956136544,25.545010652513472,3.478317407962992e-14
2024-06-25 19:00:00,472.4881822893369,0.0,196.4840438194834,472.4881822893369,26.455202774220655,0.0
2024-06-25 20:00:00,379.15310810260553,0.0,137.13444409922022,379.15310810260553,27.350777809525,0.0
2024-06-25 21:00:00,284.4215549968405,0.0,99.16522281486029,284.4215549968405,28.299234618298645,0.0
2024-06-25 22:00:00,41.05001632498343,0.0,0.0,41.05001632498343,29.403619936540842,0.0
2024-06-25 23:00:00,34.772167260894285,0.0,0.0,34.772167260894285,29.494082005461195,0.0
2024-06-26 00:00:00,30.220228087612316,0.0,0.0,30.220228087612316,32.717719931441835,0.0
2024-06-26 01:00:00,32.2463016434459,0.0,0.0,32.2463016434459,32.45278089303974,0.0
2024-06-26 02:00:00,29.35127227606149,0.0,0.0,29.35127227606149,33.88401832739549,0.0
2024-06-26 03:00:00,34.690586805710545,0.0,0.0,34.690586805710545,31.93840593276955,0.0
2024-06-26 04:00:00,41.173988506427364,0.0,0.0,41.173988506427364,32.970473039190814,0.0
2024-06-26 05:00:00,30.3641572009439,0.0,0.0,30.3641572009439,32.314997473178984,0.0
2024-06-26 06:00:00,253.57420551431505,0.0,69.58999811221386,253.57420551431505,30.68860903561,0.0
2024-06-26 07:00:00,409.211206199693,14.659435738454325,152.12507245073976,423.8706419381473,29.852787391135713,137.309843393861
2024-06-26 08:00:00,377.50638944042834,36.66389178064612,154.84586115756198,414.17028122107445,28.683802131967877,348.3863462146947
2024-06-26 09:00:00,375.39516545556296,33.22871956340696,151.1769005660155,408.62388501896993,27.783673669554222,273.50313611144463
2024-06-26 10:00:00,352.0493196006841,49.59600534337865,157.50350142760928,401.64532494406274,27.394148065145394,418.36314028081904
2024-06-26 11:00:00,385.92831111069285,56.85495775344024,171.6670078623236,442.7832688641331,26.679925298003088,483.7617208866317
2024-06-26 12:00:00,336.42910925003804,56.19229855656937,154.3782247260472,392.6214078066074,25.312184493316703,466.2719280093001
2024-06-26 13:00:00,51.00753669565522,66.15850919755269,0.0,117.16604589320791,26.91046330968402,560.4230786825042
2024-06-26 14:00:00,51.11300326238419,56.66846614532569,0.0,107.78146940770988,25.51469261145129,465.3453264365933
2024-06-26 15:00:00,414.15222032760033,45.23982874054055,179.19586385923412,459.39204906814086,25.79651678662968,362.7479355595777
2024-06-26 16:00:00,401.02098687940753,36.34566064104949,166.06681658237036,437.36664752045704,25.800243410080565,281.0104682632326
2024-06-26 17:00:00,400.96563626147235,17.972515770884097,159.20845165800816,418.93815203235647,26.53607253633399,130.10866416584756
2024-06-26 18:00:00,455.68623603334623,1.966152139170966e-15,180.66448723613217,455.68623603334623,27.215511984410718,9.100324928895154e-14
2024-06-26 19:00:00,358.4270864092036,0.0,132.29879913090542,358.4270864092036,28.23711916926137,0.0
2024-06-26 20:00:00,407.21272462016174,0.0,164.1965607208487,407.21272462016174,29.137156084818766,0.0
2024-06-26 21:00:00,269.54456640331586,0.0,87.73020958279893,269.54456640331586,30.45275087216218,0.0
2024-06-26 22:00:00,33.72549214384305,0.0,0.0,33.72549214384305,31.00806100858221,0.0
2024-06-26 23:00:00,31.674737726582602,0.0,0.0,31.674737726582602,31.97146628438549,0.0
2024-06-27 00:00:00,33.91791160135935,0.0,0.0,33.91791160135935,30.917505008521346,0.0
2024-06-27 01:00:00,39.77340420019726,0.0,0.0,39.77340420019726,31.38768817574321,0.0
2024-06-27 02:00:00,34.72479826726728,0.0,0.0,34.72479826726728,31.270668664836894,0.0
2024-06-27 03:00:00,33.164115309618815,0.0,0.0,33.164115309618815,31.77361776535909,0.0
2024-06-27 04:00:00,30.58932357620406,0.0,0.0,30.58932357620406,31.083721634182027,0.0
2024-06-27 05:00:00,33.81820027268604,0.0,0.0,33.81820027268604,30.28715781307499,0.0
2024-06-27 06:00:00,236.53546908459828,0.0,60.2532760088374,236.53546908459828,29.547366438902866,0.0
2024-06-27 07:00:00,387.03105308653585,14.757962158724315,149.89271390043288,401.78901524526015,28.742568493413852,137.87635558687757
2024-06-27 08:00:00,342.4125629108937,31.030782022668976,142.3197673833221,373.4433449335627,27.906543468017045,274.2994628668325
2024-06-27 09:00:00,78.36138218496068,31.526010320397845,0.0,109.88739250535852,26.957274297710246,256.63050983464024
2024-06-27 10:00:00,52.17301764769856,57.96824181809106,0.0,110.14125946578962,25.861900678572848,506.2494249635021
2024-06-27 11:00:00,379.0501536244493,62.52402860027807,156.4625493362493,441.5741822247274,25.798898049659744,537.5714113367363
2024-06-27 12:00:00,36.09127191545642,68.35466648347608,0.0,104.4459383989325,25.274270589207077,584.3980290921521
2024-06-27 13:00:00,246.81735607090957,62.86592065609021,101.67420080235378,309.6832767269998,25.402509533117165,524.1982136814188
2024-06-27 14:00:00,179.51563753719662,58.15713060976387,65.84718937828833,237.6727681469605,24.089506650856148,474.60089011253314
2024-06-27 15:00:00,362.51288755154616,47.461133990261104,153.29732584038692,409.97402154180725,24.843800476742842,380.3646210670223
2024-06-27 16:00:00,441.6132677680883,36.7387751812495,205.55204799508152,478.3520429493378,23.90566393479165,282.1729569463223
2024-06-27 17:00:00,428.360325072603,12.268260205552274,173.53332227501414,440.6285852781553,25.830969304536556,93.204989763201
2024-06-27 18:00:00,473.3418596065071,5.082633252359347e-15,196.00561115272055,473.3418596065071,25.413030448674935,4.705846166269482e-14
2024-06-27 19:00:00,401.26728566959594,0.0,150.96445994374483,401.26728566959594,26.49328929653356,0.0
2024-06-27 20:00:00,398.55528742561177,0.0,161.43276115622547,398.55528742561177,28.057434170686438,0.0
2024-06-27 21:00:00,275.80544923220634,0.0,82.79835547248722,275.80544923220634,28.486438646326196,0.0
2024-06-27 22:00:00,36.68987611735525,0.0,0.0,36.68987611735525,29.262144751177072,0.0
2024-06-27 23:00:00,35.03423178537953,0.0,0.0,35.03423178537953,30.12378722908227,0.0
2024-06-28 00:00:00,33.844914441253195,0.0,0.0,33.844914441253195,32.44725212836512,0.0
2024-06-28 01:00:00,28.380937520046892,0.0,0.0,28.380937520046892,31.96564541296319,0.0
2024-06-28 02:00:00,32.53882684209793,0.0,0.0,32.53882684209793,32.52427278704906,0.0
2024-06-28 03:00:00,26.381152748749862,0.0,0.0,26.381152748749862,32.2427624689024,0.0
2024-06-28 04:00:00,33.12160386346715,0.0,0.0,33.12160386346715,32.49238451807037,0.0
2024-06-28 05:00:00,37.01292793875485,0.0,0.0,37.01292793875485,31.95018483035466,0.0
2024-06-28 06:00:00,240.12709938304857,0.0,60.917986616977615,240.12709938304857,29.88370932044227,0.0
2024-06-28 07:00:00,380.2283720276305,15.849356607034961,148.30264142452947,396.07772863466545,30.479771586401306,163.61268194606794
2024-06-28 08:00:00,466.1490942363093,28.41942831213037,204.67920763484517,494.56852254843966,28.74597226593092,245.97168623504845
2024-06-28 09:00:00,348.70157315927895,34.455068760915466,146.59348256113412,383.15664192019443,28.26362966059984,285.4044642162659
2024-06-28 10:00:00,48.72630960174021,59.39329007233165,0.0,108.11959967407186,26.831895848968678,515.6110996718353
2024-06-28 11:00:00,68.62615908222324,49.46877085161627,0.0,118.09492993383951,26.7620437863623,408.09549376822815
2024-06-28 12:00:00,389.9769199250013,54.85836219762583,165.90614304220216,444.8352821226271,27.29593578272534,458.9677863108212
2024-06-28 13:00:00,222.84340642256726,48.62660386364947,85.9928698746479,271.47001028621673,25.734192607791105,397.84119367502615
2024-06-28 14:00:00,181.4833679551183,60.18969850990442,68.78683809286592,241.6730664650227,25.32142636033715,497.4862949660376
2024-06-28 15:00:00,324.46680807844166,39.256201446548296,129.33388743112178,363.72300952498995,25.554529209810816,311.77573673439286
2024-06-28 16:00:00,385.37979885957793,29.62077089035153,155.58443318094558,415.00056974992947,25.28574632729578,230.12855232204575
2024-06-28 17:00:00,322.6285908450685,19.60557771396654,128.42865156837686,342.2341685590351,27.30095812808964,139.861607876738
2024-06-28 18:00:00,393.4511734443612,4.806881973161463e-15,149.77442093116022,393.4511734443612,27.457791772958632,6.042002092858904e-14
2024-06-28 19:00:00,405.8705030968419,0.0,152.97639760173033,405.8705030968419,27.62103460815258,0.0
2024-06-28 20:00:00,383.0527569288994,0.0,148.06525443690452,383.0527569288994,28.54319107409595,0.0
2024-06-28 21:00:00,270.3191166664066,0.0,89.77295628827854,270.3191166664066,29.964858066593564,0.0
2024-06-28 22:00:00,26.556805207477232,0.0,0.0,26.556805207477232,31.26734791582957,0.0
2024-06-28 23:00:00,35.214569485437636,0.0,0.0,35.214569485437636,30.950728998944754,0.0
2024-06-29 00:00:00,29.478850090664075,0.0,0.0,29.478850090664075,32.54199517452156,0.0
2024-06-29 01:00:00,37.875479193677684,0.0,0.0,37.875479193677684,32.28912520637572,0.0
2024-06-29 02:00:00,32.11308981119109,0.0,0.0,32.11308981119109,31.989079897838888,0.0
2024-06-29 03:00:00,40.35546461220403,0.0,0.0,40.35546461220403,32.10109676906769,0.0
2024-06-29 04:00:00,33.196091656128075,0.0,0.0,33.196091656128075,32.85956744215283,0.0
2024-06-29 05:00:00,31.552017891779997,0.0,0.0,31.552017891779997,30.734968656222687,0.0
2024-06-29 06:00:00,193.45784739009468,0.0,58.75060608240863,193.45784739009468,30.338255112369367,0.0
2024-06-29 07:00:00,381.3724731613234,12.835319034869558,162.98550718949096,394.20779219619294,30.336360040518723,111.32607743227345
2024-06-29 08:00:00,327.45069821890854,31.560258609882474,138.41747516087852,359.010956828791,29.062430112069258,284.4162388161397
2024-06-29 09:00:00,284.6295364473405,39.58769395453917,122.36116642525978,324.2172304018797,27.65271452335459,335.9588754408528
2024-06-29 10:00:00,285.35190276416284,38.578573729675945,134.732836718799,323.9304764938388,27.68659820852485,316.15485224570295
2024-06-29 11:00:00,273.37618678245803,44.76840359123401,129.13222153916786,318.14459037369204,26.985475722774115,366.13962067197366
2024-06-29 12:00:00,297.18865100493684,63.24510827192563,145.78174697480426,360.4337592768625,26.088808011355944,538.86304479928
2024-06-29 13:00:00,171.03322789869867,60.19408603618818,82.63724530459035,231.22731393488687,25.267262904538946,502.28580663721056
2024-06-29 14:00:00,18.544873656505466,46.79598133045534,0.0,65.3408549869608,25.22504928042526,378.0387412510394
2024-06-29 15:00:00,18.310423321804258,35.54268315689938,0.0,53.85310647870364,25.7157992309799,283.37313695417237
2024-06-29 16:00:00,22.309324062861307,33.724592076113,0.0,56.033916138974305,25.267148146490214,259.9385201936516
2024-06-29 17:00:00,41.81723963564675,12.173045041786635,0.0,53.99028467743339,27.14322029675608,92.88738158639711
2024-06-29 18:00:00,62.46616730882708,4.9796469347425065e-15,0.0,62.46616730882709,28.05430613468036,5.684522100097704e-14
2024-06-29 19:00:00,67.42595057005644,0.0,0.0,67.42595057005644,27.930357507563482,0.0
2024-06-29 20:00:00,63.43644309441673,0.0,0.0,63.43644309441673,29.132253836557844,0.0
2024-06-29 21:00:00,56.99977741725035,0.0,0.0,56.99977741725035,30.452969269625925,0.0
2024-06-29 22:00:00,36.306877276074935,0.0,0.0,36.306877276074935,31.681982009626285,0.0
2024-06-29 23:00:00,34.78610081150273,0.0,0.0,34.78610081150273,32.2075659922407,0.0
2024-06-30 00:00:00,14.699063677713868,0.0,0.0,14.699063677713868,30.745884507400216,0.0
2024-06-30 01:00:00,11.650531297705458,0.0,0.0,11.650531297705458,31.805527898682055,0.0
2024-06-30 02:00:00,22.99710194058193,0.0,0.0,22.99710194058193,32.33290847657569,0.0
2024-06-30 03:00:00,13.018810788931818,0.0,0.0,13.018810788931818,31.71619609439485,0.0
2024-06-30 04:00:00,15.800862191151676,0.0,0.0,15.800862191151676,32.5050366365998,0.0
2024-06-30 05:00:00,22.70369998780669,0.0,0.0,22.70369998780669,31.872125671388307,0.0
2024-06-30 06:00:00,14.719146025919049,0.0,0.0,14.719146025919049,29.92459928020471,0.0
2024-06-30 07:00:00,4.698378247604037,11.7597634833058,0.0,16.458141730909837,29.407230998740037,98.42552478781012
2024-06-30 08:00:00,0.0,21.325932846322008,0.0,18.510153987633608,28.207787282739258,173.09426917355884
2024-06-30 09:00:00,0.0,45.53080741697016,0.0,16.65141858453673,27.57913347092217,400.81064750628855
2024-06-30 10:00:00,0.0,47.37999220632894,0.0,16.812215034664572,26.719848176167385,397.05573988304815
2024-06-30 11:00:00,0.0,53.79440460078622,0.0,20.783435873507727,26.584819574054592,450.63245883045363
2024-06-30 12:00:00,0.0,59.133071149186385,0.0,16.09659388238437,25.107243105721622,490.1653897754297
2024-06-30 13:00:00,0.0,56.61115009929248,0.0,13.24379347908155,23.893449156344456,465.21477468894705
2024-06-30 14:00:00,0.0,42.53140038294586,0.0,12.827079061898498,24.280292809716666,339.1621057644187
2024-06-30 15:00:00,0.0,39.60933999654031,0.0,20.965205105289485,24.687673152468975,313.7722856636909
2024-06-30 16:00:00,0.0,25.87193854806709,0.0,19.006520102313516,25.223629643090003,201.2903528663775
2024-06-30 17:00:00,5.502448071028635,16.087641347547795,0.0,21.59008941857643,26.201277816988767,118.11213801291971
2024-06-30 18:00:00,17.43594977595701,5.0765572208573225e-15,0.0,17.435949775957013,26.292667398069646,5.4986093848601295e-14
2024-06-30 19:00:00,13.96176170732127,0.0,0.0,13.96176170732127,27.071147397845287,0.0
2024-06-30 20:00:00,9.725560147525414,0.0,0.0,9.725560147525414,28.11784064200802,0.0
2024-06-30 21:00:00,20.154111655137566,0.0,0.0,20.154111655137566,28.930604008113008,0.0
2024-06-30 22:00:00,10.272639685241439,0.0,0.0,10.272639685241439,30.055317478686252,0.0
2024-06-30 23:00:00,16.745936340383565,0.0,0.0,16.745936340383565,30.75879438703946,0.0
2024-07-01 00:00:00,39.97969490471552,0.0,0.0,39.97969490471552,32.82906498352367,0.0
2024-07-01 01:00:00,35.79875976194347,0.0,0.0,35.79875976194347,32.33942336126815,0.0
2024-07-01 02:00:00,32.880125344537504,0.0,0.0,32.880125344537504,32.77464934762634,0.0
2024-07-01 03:00:00,30.639016442356887,0.0,0.0,30.639016442356887,32.56167671384458,0.0
2024-07-01 04:00:00,35.399988775831865,0.0,0.0,35.399988775831865,32.888979063055544,0.0
2024-07-01 05:00:00,31.173046528154735,0.0,0.0,31.173046528154735,31.85118175793529,0.0
2024-07-01 06:00:00,252.53136546341528,0.0,68.62010322815371,252.53136546341528,31.728796023490823,0.0
2024-07-01 07:00:00,404.078425929829,14.557717179009298,154.5050797725293,418.63614310883827,29.783129231647646,137.5020323867146
2024-07-01 08:00:00,426.9788656258196,26.650297724080524,170.6486096936313,453.6291633499001,29.428764357573815,227.1161769160131
2024-07-01 09:00:00,403.8291416129047,41.261609449613616,167.77200155317524,445.09075106251834,28.259635495417438,355.38918421921727
2024-07-01 10:00:00,364.41264982700545,38.646498254250844,157.57769846444566,403.0591480812563,27.090424612848423,316.542923852157
2024-07-01 11:00:00,395.54947469805023,64.96947981012357,188.05827820017535,460.5189545081738,26.94481840714578,566.3179731218278
2024-07-01 12:00:00,351.3686320091759,54.619701410495956,161.13169430983436,405.98833341967185,27.2888226276633,457.3192515407345
2024-07-01 13:00:00,235.7677254036776,59.520417669512,100.31520237431243,295.2881430731896,25.646252868316424,495.76818464530567
2024-07-01 14:00:00,168.98485714011503,43.880711027149985,56.31843855506795,212.86556816726502,25.889720170872344,352.872594853992
2024-07-01 15:00:00,400.85401902867136,41.789528382918526,173.5666526886238,442.6435474115899,25.416591459983213,333.49418663849207
2024-07-01 16:00:00,367.96512133424176,32.03823842415611,157.13125381124283,400.0033597583979,25.692744862593685,247.32097380424352
2024-07-01 17:00:00,425.621099485949,18.599719627990858,180.79398099634096,444.22081911393985,26.584947762966863,133.30028996260242
2024-07-01 18:00:00,390.1910772572303,4.18993900394864e-15,143.36608711370778,390.1910772572303,27.478456155976637,6.764343287240562e-14
2024-07-01 19:00:00,432.78769909331464,0.0,172.1064996913799,432.78769909331464,28.34478948346683,0.0
2024-07-01 20:00:00,358.9732727190233,0.0,128.99607283510144,358.9732727190233,29.340435154251615,0.0
2024-07-01 21:00:00,312.03157568492816,0.0,105.0970941739686,312.03157568492816,29.535147999298363,0.0
2024-07-01 22:00:00,37.833851051212136,0.0,0.0,37.833851051212136,30.89047455603774,0.0
2024-07-01 23:00:00,36.834433684689635,0.0,0.0,36.834433684689635,32.17920063264598,0.0
2024-07-02 00:00:00,34.29342381524617,0.0,0.0,34.29342381524617,28.967487491165443,0.0
2024-07-02 01:00:00,34.63563691800224,0.0,0.0,34.63563691800224,29.81868865895638,0.0
2024-07-02 02:00:00,33.17541159100838,0.0,0.0,33.17541159100838,30.26194299433621,0.0
2024-07-02 03:00:00,31.426329195640083,0.0,0.0,31.426329195640083,29.60512804536708,0.0
2024-07-02 04:00:00,26.648950325504735,0.0,0.0,26.648950325504735,29.817372225693138,0.0
2024-07-02 05:00:00,36.297743489635444,0.0,0.0,36.297743489635444,28.329831708827577,0.0
2024-07-02 06:00:00,236.77242292659767,0.0,64.84630257090672,236.77242292659767,28.809745900833278,0.0
2024-07-02 07:00:00,448.29171202077976,13.772402786519788,171.58933290093356,462.0641148072995,27.704288138772846,122.73935552833974
2024-07-02 08:00:00,388.2841571688325,24.953287790587314,155.09731842609037,413.2374449594198,26.64335381612191,206.6774641011531
2024-07-02 09:00:00,76.13611694783535,41.52598645592419,0.0,117.66210340375955,26.272063469661273,354.5286833146907
2024-07-02 10:00:00,55.23465590902195,52.50547947389093,0.0,107.74013538291288,24.70084658474887,445.94699900201147
2024-07-02 11:00:00,412.901398831199,58.15628225517405,168.168197871881,471.05768108637307,23.831719323983304,488.86878810508296
2024-07-02 12:00:00,400.0106577899212,60.52768747681897,174.51341598340375,460.5383452667402,24.270704343170262,506.5983389521706
2024-07-02 13:00:00,263.88668023649245,40.56575150968074,102.00805190512051,304.4524317461732,24.155163623472834,324.71115018259934
2024-07-02 14:00:00,168.60730889398872,48.73656665970024,59.81737872988226,217.34387555368895,22.768802261308295,391.1469155840688
2024-07-02 15:00:00,436.1675720781467,33.1729275442097,195.32171039583446,469.3404996223564,23.177909103801532,260.78455104064386
2024-07-02 16:00:00,405.44989324927985,18.659520106576995,170.4914322031718,424.1094133558569,24.106953472752366,144.82410743418487
2024-07-02 17:00:00,386.0588065517717,13.658079894818835,154.7309856085191,399.71688644659054,24.101574879308874,101.74938885467164
2024-07-02 18:00:00,423.8571295475358,4.651586673102089e-15,171.999633385247,423.8571295475358,25.16281536873617,6.314980195773647e-14
2024-07-02 19:00:00,126.85651849783707,0.0,0.0,126.85651849783707,26.099856255252543,0.0
2024-07-02 20:00:00,114.66282431329186,0.0,0.0,114.66282431329186,26.334368826588904,0.0
2024-07-02 21:00:00,292.46926573542595,0.0,96.10139236963863,292.46926573542595,27.73102510392613,0.0
2024-07-02 22:00:00,34.911228845162675,0.0,0.0,34.911228845162675,28.36242476711221,0.0
2024-07-02 23:00:00,36.38323082685001,0.0,0.0,36.38323082685001,28.48196055182321,0.0
2024-07-03 00:00:00,34.833080032605075,0.0,0.0,34.833080032605075,29.758363128166206,0.0
2024-07-03 01:00:00,36.798356175393195,0.0,0.0,36.798356175393195,30.276632467948424,0.0
2024-07-03 02:00:00,34.40460750704039,0.0,0.0,34.40460750704039,31.18636046353617,0.0
2024-07-03 03:00:00,34.79816377508223,0.0,0.0,34.79816377508223,31.08352001130327,0.0
2024-07-03 04:00:00,33.16598356089866,0.0,0.0,33.16598356089866,30.628145910541217,0.0
2024-07-03 05:00:00,41.09688447666988,0.0,0.0,41.09688447666988,29.917029623920595,0.0
2024-07-03 06:00:00,242.74796809325946,0.0,72.50015010968295,242.74796809325946,29.17851369171309,0.0
2024-07-03 07:00:00,454.6821178834326,13.95694774612205,193.50948591913595,468.6390656295547,28.26674742077111,125.733215988744
2024-07-03 08:00:00,330.9638872045904,22.797154697772285,131.4059378419238,353.76104190236265,27.425899065845687,186.11670604372384
2024-07-03 09:00:00,428.0030778605545,33.99816705859425,185.30383700372036,462.00124491914875,26.553915172108148,279.9335143188122
2024-07-03 10:00:00,395.3525848355171,41.94538051442486,165.3288371362092,437.297965349942,24.76988945527118,342.2627693630969
2024-07-03 11:00:00,371.74825843694947,53.71033076445531,168.9053939731558,425.4585892014048,24.35210323100984,443.5833922353188
2024-07-03 12:00:00,393.3578573106243,62.20418270501203,187.30209844637773,455.56204001563634,23.676550812648312,517.8308530811878
2024-07-03 13:00:00,196.4982532748357,50.64046494754003,72.7173919669717,247.13871822237573,24.39493264995014,413.16422087608896
2024-07-03 14:00:00,176.25975932158127,58.013871193655106,71.37761010107889,234.27363051523636,24.54915058992668,476.1855065336356
2024-07-03 15:00:00,421.7017812576994,41.82099137352492,186.16120151861796,463.5227726312243,22.756836185917045,330.88829473598713
2024-07-03 16:00:00,374.58775529672664,24.665859377685674,153.63782377927254,399.2536146744123,24.973418930825165,190.95759216146524
2024-07-03 17:00:00,355.74466262595644,16.513423945427522,141.99977495461587,372.25808657138396,24.790587490747722,119.76644389953036
2024-07-03 18:00:00,463.6705462449416,4.491109241028186e-15,192.05882546697543,463.6705462449416,25.978460447714223,6.483419757777397e-14
2024-07-03 19:00:00,379.2140852574098,0.0,136.01953635927234,379.2140852574098,26.569467457568496,0.0
2024-07-03 20:00:00,430.62659344680685,0.0,171.9077216237671,430.62659344680685,27.942298064934832,0.0
2024-07-03 21:00:00,320.39864115230495,0.0,109.12877262927482,320.39864115230495,28.232838412672443,0.0
2024-07-03 22:00:00,35.04641961780732,0.0,0.0,35.04641961780732,28.290373308728412,0.0
2024-07-03 23:00:00,34.19793401942947,0.0,0.0,34.19793401942947,29.64413683040118,0.0
2024-07-04 00:00:00,28.851994994506946,0.0,0.0,28.851994994506946,31.4648453280353,0.0
2024-07-04 01:00:00,36.94474838921154,0.0,0.0,36.94474838921154,31.448688232980917,0.0
2024-07-04 02:00:00,36.27595005191272,0.0,0.0,36.27595005191272,32.004794252812694,0.0
2024-07-04 03:00:00,32.33173024268576,0.0,0.0,32.33173024268576,31.523820089427876,0.0
2024-07-04 04:00:00,31.193943158513555,0.0,0.0,31.193943158513555,30.909262645424462,0.0
2024-07-04 05:00:00,30.648236506303643,0.0,0.0,30.648236506303643,30.107812934233504,0.0
2024-07-04 06:00:00,240.79978065108952,0.0,68.61755343464739,240.79978065108952,29.730020700469687,0.0
2024-07-04 07:00:00,442.9749179163359,15.209538987326459,174.316437734892,458.1844569036624,29.184080874445346,151.69958343736243
2024-07-04 08:00:00,386.78706437756813,26.057948357572077,160.62717652451795,412.8450127351402,27.196232489608384,218.6641675175998
2024-07-04 09:00:00,421.02198431189356,38.766678672023936,172.63489141605996,459.7886629839175,26.880023528520024,324.9474564518207
2024-07-04 10:00:00,359.89054603864554,41.322124164343144,153.31026816841484,401.2126702029887,25.42758236934916,337.5575459241942
2024-07-04 11:00:00,358.17470158216315,58.8161556493404,155.4474165156892,416.9908572315035,25.392517230594425,492.63235541020583
2024-07-04 12:00:00,357.66187835614727,66.21887060297394,165.5865051088375,423.8807489591212,25.743496845634436,559.4141997861301
2024-07-04 13:00:00,199.0603903509661,66.58504646980374,83.7555457350046,265.6454368207698,24.202129808860203,559.2791850643209
2024-07-04 14:00:00,179.88131938668135,50.35669280549,69.80846474752825,230.23801219217137,25.027508264667023,407.8999449861848
2024-07-04 15:00:00,303.7473683294587,43.99053698817252,124.06781682686008,347.7379053176312,26.21960056338078,352.98594286926044
2024-07-04 16:00:00,415.57731784732687,28.598207756656,170.98645517865916,444.17552560398286,25.871608544119496,221.93837885930884
2024-07-04 17:00:00,409.56896732511143,17.863083787328442,172.53838718941492,427.43205111243986,25.767811347779052,128.2903894817246
2024-07-04 18:00:00,407.706275130639,4.917510048388328e-15,151.89041378861137,407.706275130639,26.8551456196346,5.871053916060325e-14
2024-07-04 19:00:00,386.04198362898074,0.0,144.63955870664958,386.04198362898074,26.58522033265914,0.0
2024-07-04 20:00:00,409.0150496306251,0.0,158.2651995863978,409.0150496306251,27.389221065031084,0.0
2024-07-04 21:00:00,306.7900742681371,0.0,105.33280496061082,306.7900742681371,29.09614410413488,0.0
2024-07-04 22:00:00,36.08164252323519,0.0,0.0,36.08164252323519,30.125233673470564,0.0
2024-07-04 23:00:00,36.64086674261648,0.0,0.0,36.64086674261648,31.198004268013896,0.0
2024-07-05 00:00:00,38.26900516368388,0.0,0.0,38.26900516368388,29.514791777336892,0.0
2024-07-05 01:00:00,25.140147487662936,0.0,0.0,25.140147487662936,30.245522068984574,0.0
2024-07-05 02:00:00,34.697136650104845,0.0,0.0,34.697136650104845,30.3476397130685,0.0
2024-07-05 03:00:00,35.57009028283265,0.0,0.0,35.57009028283265,30.083127274015517,0.0
2024-07-05 04:00:00,31.4407489722753,0.0,0.0,31.4407489722753,29.76293540997055,0.0
2024-07-05 05:00:00,37.091445517336695,0.0,0.0,37.091445517336695,28.815605417625147,0.0
2024-07-05 06:00:00,239.6025765772299,0.0,68.28161416157522,239.6025765772299,28.657937638984496,0.0
2024-07-05 07:00:00,392.97798400683575,14.924693539021598,146.6597037033149,407.90267754585733,27.771475582748376,143.64027984827038
2024-07-05 08:00:00,415.82470269543677,29.98795053568219,166.74373805063627,445.812653231119,26.548078051813995,261.5612834014906
2024-07-05 09:00:00,375.5032236574167,44.85020293016198,169.32228700547995,420.35342658757867,26.195104409944975,389.0835985571611
2024-07-05 10:00:00,388.54088635247564,47.47047689186336,168.62290632269838,436.011363244339,25.531999729008163,396.16302002074946
2024-07-05 11:00:00,323.83904763810835,56.79718901490206,148.7212432708277,380.6362366530104,24.63189834862683,474.7475881844212
2024-07-05 12:00:00,359.7487191390704,61.264139544878,167.56909504894563,421.01285868394837,23.215773361516113,508.52101473110514
2024-07-05 13:00:00,266.5387751522976,46.727513024333746,108.08567561773023,313.26628817663135,23.43716642621127,376.37083323897366
2024-07-05 14:00:00,196.74936615083323,45.79590607524885,69.54394734655543,242.5452722260821,22.812368153360286,365.2796641463205
2024-07-05 15:00:00,397.84717643406447,38.10190624347479,171.78941859597276,435.94908267753925,23.43562091593019,300.38545171191856
2024-07-05 16:00:00,434.9118240475058,37.49485271270008,192.10426236711444,472.40667676020587,23.28322667303652,284.0602127038162
2024-07-05 17:00:00,412.24908331380834,19.449453994000685,167.76855362913992,431.69853730780903,24.93179186931649,136.83638073182382
2024-07-05 18:00:00,399.49393414434707,4.170738903150674e-15,151.10850032939717,399.49393414434707,25.409749669301934,6.815022908893963e-14
2024-07-05 19:00:00,386.31996421252086,0.0,151.1607595498622,386.31996421252086,26.438711929604384,0.0
2024-07-05 20:00:00,422.87045189372515,0.0,167.90444841954954,422.87045189372515,27.293944979889762,0.0
2024-07-05 21:00:00,283.0903077139989,0.0,84.76832063161092,283.0903077139989,27.538650736864003,0.0
2024-07-05 22:00:00,27.74110633254649,0.0,0.0,27.74110633254649,28.3052790630283,0.0
2024-07-05 23:00:00,39.30134792835579,0.0,0.0,39.30134792835579,30.113819583295005,0.0
2024-07-06 00:00:00,36.7366208917762,0.0,0.0,36.7366208917762,30.96029167069368,0.0
2024-07-06 01:00:00,26.049729638524287,0.0,0.0,26.049729638524287,30.71521265331009,0.0
2024-07-06 02:00:00,33.79838001836832,0.0,0.0,33.79838001836832,32.01549594936726,0.0
2024-07-06 03:00:00,26.90551583615797,0.0,0.0,26.90551583615797,31.46439080867795,0.0
2024-07-06 04:00:00,33.45072685075601,0.0,0.0,33.45072685075601,31.79582355776938,0.0
2024-07-06 05:00:00,38.16919946908273,0.0,0.0,38.16919946908273,30.60812115567769,0.0
2024-07-06 06:00:00,185.20913306288583,0.0,54.35538608398629,185.20913306288583,29.751761838860997,0.0
2024-07-06 07:00:00,367.7210029867465,11.303734050389856,146.76003546410914,379.02473703713633,29.68068964478052,93.92995613384878
2024-07-06 08:00:00,357.2475569659969,30.254588856220895,156.67530866382214,387.5021458222178,27.24252941001586,266.3861431445949
2024-07-06 09:00:00,261.55625696970276,40.44021406916391,118.59520719457672,301.9964710388667,26.813214772374025,342.68032542235176
2024-07-06 10:00:00,297.23490804643427,52.165831832177645,141.6395636060371,349.40073987861194,25.818081096606747,441.847290920885
2024-07-06 11:00:00,299.305894226117,50.642489919155366,139.29298850930306,349.94838414527237,24.439348959094794,416.362029143731
2024-07-06 12:00:00,272.29251325463514,66.50432688079938,140.77601745768246,338.79684013543454,25.41726188329712,559.6589725223936
2024-07-06 13:00:00,187.33484893502114,46.7698244085889,85.34127372950762,234.10467334361005,24.352312983531146,376.9647751002285
2024-07-06 14:00:00,0.0,62.597812113589825,0.0,60.17037045927668,24.96444660335764,515.0272823252456
2024-07-06 15:00:00,23.59249397846559,41.669279596057656,0.0,65.26177357452325,24.825565436139918,331.79912665446
2024-07-06 16:00:00,33.55617003211766,25.431723093399324,0.0,58.98789312551699,25.28424490260266,196.8666783590123
2024-07-06 17:00:00,33.377657557357175,23.85958864654784,0.0,57.237246203905016,25.309189107961114,160.86976604675226
2024-07-06 18:00:00,52.6781573485122,4.822062304626843e-15,0.0,52.67815734851221,25.879638510541827,6.064693510113415e-14
2024-07-06 19:00:00,54.11561064179567,0.0,0.0,54.11561064179567,27.150776362285388,0.0
2024-07-06 20:00:00,64.00978290119822,0.0,0.0,64.00978290119822,28.471346674188435,0.0
2024-07-06 21:00:00,57.453904513371896,0.0,0.0,57.453904513371896,28.892438237651305,0.0
2024-07-06 22:00:00,33.55805685030121,0.0,0.0,33.55805685030121,29.410794421218206,0.0
2024-07-06 23:00:00,43.63620314097353,0.0,0.0,43.63620314097353,29.88712727098809,0.0
2024-07-07 00:00:00,20.369216979924843,0.0,0.0,20.369216979924843,31.18361406681439,0.0
2024-07-07 01:00:00,18.63833690840373,0.0,0.0,18.63833690840373,31.15415027045441,0.0
2024-07-07 02:00:00,10.450935172704243,0.0,0.0,10.450935172704243,31.514573352212068,0.0
2024-07-07 03:00:00,20.441634961844557,0.0,0.0,20.441634961844557,31.311794646794347,0.0
2024-07-07 04:00:00,17.580884760186173,0.0,0.0,17.580884760186173,30.859317071810203,0.0
2024-07-07 05:00:00,13.143642579820995,0.0,0.0,13.143642579820995,30.67221916043961,0.0
2024-07-07 06:00:00,12.2246578892062,0.0,0.0,12.2246578892062,30.07769568797899,0.0
2024-07-07 07:00:00,11.508625002137869,11.136935144061354,0.0,22.645560146199223,29.938949776091153,92.49448514058722
2024-07-07 08:00:00,0.0,21.18816944245942,0.0,16.233145738900845,28.429427503249194,172.24424798921785
2024-07-07 09:00:00,0.0,30.052607059601062,0.0,13.947727268501936,27.941418152785186,244.1674284993386
2024-07-07 10:00:00,0.0,30.489346382677585,0.0,15.26577700420789,25.89114346020607,243.20742524291524
2024-07-07 11:00:00,0.0,39.67520449828977,0.0,17.137790576218123,24.77509752639051,319.1056873359181
2024-07-07 12:00:00,0.0,60.27195015862763,0.0,17.82232518115695,25.012139604801323,501.27098151450053
2024-07-07 13:00:00,0.0,44.44548204619878,0.0,19.461826469471344,25.09871687596975,359.0244842827509
2024-07-07 14:00:00,0.0,47.5493319041014,0.0,18.82171757918243,24.90102450498665,381.853400704418
2024-07-07 15:00:00,0.0,17.977433136378085,0.0,17.17858464877939,25.275394040058487,140.71817050790756
2024-07-07 16:00:00,0.0,27.92516772418558,0.0,16.862103770631617,23.751082053168798,215.29135002324136
2024-07-07 17:00:00,11.335339261511146,12.89250966842045,0.0,24.227848929931596,26.202058359196126,97.09033158224116
2024-07-07 18:00:00,14.223892904068453,4.887716113159533e-15,0.0,14.223892904068459,26.468174959121757,4.296080551372967e-14
2024-07-07 19:00:00,21.692186619772507,0.0,0.0,21.692186619772507,26.372570315485607,0.0
2024-07-07 20:00:00,17.316070618705776,0.0,0.0,17.316070618705776,28.41220806927134,0.0
2024-07-07 21:00:00,13.861765990305031,0.0,0.0,13.861765990305031,29.041051592182242,0.0
2024-07-07 22:00:00,11.88943755183588,0.0,0.0,11.88943755183588,29.991058295195963,0.0
2024-07-07 23:00:00,17.20106380458651,0.0,0.0,17.20106380458651,31.024871955217534,0.0
2024-07-08 00:00:00,36.51423192430458,0.0,0.0,36.51423192430458,33.31784714146092,0.0
2024-07-08 01:00:00,29.082034545126444,0.0,0.0,29.082034545126444,32.71594838677693,0.0
2024-07-08 02:00:00,31.572680585646054,0.0,0.0,31.572680585646054,33.50010740910858,0.0
2024-07-08 03:00:00,36.02158364654311,0.0,0.0,36.02158364654311,32.643538350586326,0.0
2024-07-08 04:00:00,33.572664005361396,0.0,0.0,33.572664005361396,33.42724039752501,0.0
2024-07-08 05:00:00,33.97686293969572,0.0,0.0,33.97686293969572,33.245479398944966,0.0
2024-07-08 06:00:00,242.90335836311021,0.0,70.71616947618274,242.90335836311021,31.20089456272387,0.0
2024-07-08 07:00:00,441.98161110911116,13.326174245999098,179.33066395959955,455.30778535511024,30.64175532159265,119.32298084078512
2024-07-08 08:00:00,417.9205953298632,25.95877553530257,176.14599328647333,443.87937086516575,29.63043588343895,219.9328295349851
2024-07-08 09:00:00,368.4249607718198,41.71468230882109,154.036283243494,410.1396430806409,28.93880125017204,360.33245143488784
2024-07-08 10:00:00,359.1690527587454,49.8825502155193,154.12526402698674,409.0516029742647,28.52783212309947,424.3796806155694
2024-07-08 11:00:00,448.1589489289782,26.332630041399998,197.28165672782382,474.4915789703782,27.37521224879654,209.60321092523608
2024-07-08 12:00:00,341.3444259994733,57.7404419071523,151.27211575670566,399.0848679066256,27.36679671710401,485.35813173728434
2024-07-08 13:00:00,266.12164971542757,43.79861013176016,113.02359419958586,309.9202598471877,27.223570037026285,355.12773889261064
2024-07-08 14:00:00,196.15833073929068,36.31229113871089,68.6702019182867,232.47062187800157,27.122500174664673,290.8705146375427
2024-07-08 15:00:00,370.05479777744233,38.317354082514285,152.9121175047872,408.3721518599566,26.13178960430347,303.77006446710607
2024-07-08 16:00:00,345.777081709506,30.48364229217154,145.45598825874876,376.26072400167754,27.73349610299086,237.5767642435012
2024-07-08 17:00:00,392.4980788092564,10.708285572248116,153.63282964684987,403.20636438150456,28.32978295228524,82.62122337212219
2024-07-08 18:00:00,437.86762830677606,4.741512621548154e-15,171.89092163157443,437.86762830677606,29.097960509618616,6.092220206175118e-14
2024-07-08 19:00:00,387.75355040928457,0.0,149.99113809832681,387.75355040928457,29.086846476282364,0.0
2024-07-08 20:00:00,459.09193120168806,0.0,190.64777096827055,459.09193120168806,29.695699307344896,0.0
2024-07-08 21:00:00,291.4129243791849,0.0,96.94218136085232,291.4129243791849,30.485366606118813,0.0
2024-07-08 22:00:00,44.34715726109806,0.0,0.0,44.34715726109806,31.270730600712625,0.0
2024-07-08 23:00:00,36.02550035120995,0.0,0.0,36.02550035120995,32.55233948148538,0.0
2024-07-09 00:00:00,31.074140593602124,0.0,0.0,31.074140593602124,32.12605528424051,0.0
2024-07-09 01:00:00,34.84789943199867,0.0,0.0,34.84789943199867,32.70506005525517,0.0
2024-07-09 02:00:00,33.738445842285515,0.0,0.0,33.738445842285515,31.92826188456858,0.0
2024-07-09 03:00:00,34.075377280061694,0.0,0.0,34.075377280061694,32.03243670122135,0.0
2024-07-09 04:00:00,38.15995508340804,0.0,0.0,38.15995508340804,31.65003557929457,0.0
2024-07-09 05:00:00,42.115743472587326,0.0,0.0,42.115743472587326,30.8282740519701,0.0
2024-07-09 06:00:00,126.24870144759193,0.0,0.0,126.24870144759193,30.788915207630065,0.0
2024-07-09 07:00:00,107.97691750041804,8.118527822799212,0.0,116.09544532321725,29.75833122392019,65.00086745455211
2024-07-09 08:00:00,476.3048488808205,23.585794276201543,191.76136288042682,499.89064315702205,28.74195203030956,195.3037795050343
2024-07-09 09:00:00,390.209624438947,31.116922982011182,157.77348924456533,421.3265474209582,27.944326504488895,254.18803350699147
2024-07-09 10:00:00,405.6662860270269,32.755374880341165,166.75035741009953,438.42166090736805,27.228766066728497,263.08622569282744
2024-07-09 11:00:00,335.76967309177087,49.108174779802226,141.87699085685406,384.87784787157307,26.498885218162037,403.4347506255054
2024-07-09 12:00:00,395.9424760981659,23.478615567600063,166.70194560343225,419.42109166576597,25.220706551443293,185.33971865655812
2024-07-09 13:00:00,276.2313392075779,45.13479427424465,110.2861144744847,321.36613348182254,25.73846432510949,366.1428488128659
2024-07-09 14:00:00,187.75475831639113,51.075098245734125,67.44851316728952,238.82985656212526,25.298723501590036,412.04475905096535
2024-07-09 15:00:00,421.7282113640296,41.11353668914033,203.15904740353014,462.84174805316997,25.072991953247886,326.7872151466866
2024-07-09 16:00:00,405.88411946385366,24.511306021724977,173.57521360362068,430.39542548557864,25.757066375227303,191.16827192992804
2024-07-09 17:00:00,392.94858333286606,11.166359619358749,156.08319534470317,404.1149429522248,26.36840544695937,85.35424903689541
2024-07-09 18:00:00,436.3866563557961,4.467941855491567e-15,172.52011834210182,436.3866563557961,27.46193227633182,3.7277053163972085e-14
2024-07-09 19:00:00,379.2264563593891,0.0,140.8539857560705,379.2264563593891,27.242095970648343,0.0
2024-07-09 20:00:00,389.23546375338503,0.0,151.8168144786089,389.23546375338503,29.333532619576854,0.0
2024-07-09 21:00:00,276.41260156870516,0.0,86.95160886767002,276.41260156870516,29.588490278763494,0.0
2024-07-09 22:00:00,33.414197010691446,0.0,0.0,33.414197010691446,30.16796381737546,0.0
2024-07-09 23:00:00,30.27685036860777,0.0,0.0,30.27685036860777,30.877535126974106,0.0
2024-07-10 00:00:00,35.009534784397864,0.0,0.0,35.009534784397864,32.2657205253509,0.0
2024-07-10 01:00:00,36.584972027882095,0.0,0.0,36.584972027882095,32.24559844141002,0.0
2024-07-10 02:00:00,39.898364336093486,0.0,0.0,39.898364336093486,33.57401543145625,0.0
2024-07-10 03:00:00,33.59049735788821,0.0,0.0,33.59049735788821,34.10649908349937,0.0
2024-07-10 04:00:00,32.79783146796192,0.0,0.0,32.79783146796192,31.957596730104285,0.0
2024-07-10 05:00:00,36.00463672519549,0.0,0.0,36.00463672519549,31.73497526746439,0.0
2024-07-10 06:00:00,243.5210343962804,0.0,66.10633186844034,243.5210343962804,31.861107085849323,0.0
2024-07-10 07:00:00,410.7635998712111,13.311847625869744,164.0013675572303,424.07544749708086,30.618363694799765,119.64274713111296
2024-07-10 08:00:00,444.1329962890138,23.346372654548386,184.88430922944934,467.4793689435622,30.152525112414228,193.55297536662547
2024-07-10 09:00:00,397.3983208740368,29.741004898722796,163.36536994439487,427.1393257727596,28.778588571843414,242.86740620310735
2024-07-10 10:00:00,343.9605117883864,38.90382774050139,148.4584235187378,382.8643395288878,27.695001741643466,319.2696212334885
2024-07-10 11:00:00,420.5783363091829,36.7779487810071,190.7287423088519,457.35628509019,27.147520701787176,297.6602405564849
2024-07-10 12:00:00,266.3913457636006,65.09591790707017,116.41342682683336,331.4872636706708,25.513181866903135,550.3280143676326
2024-07-10 13:00:00,249.4914686412402,46.611663658022344,99.38080903323728,296.10313229926254,25.782832926440683,378.4610111765391
2024-07-10 14:00:00,194.7169512183778,47.65301613001056,67.43620944387717,242.36996734838837,26.709455178386005,388.0830949332215
2024-07-10 15:00:00,386.14402852126386,31.904585508084715,164.83025562020978,418.0486140293486,26.950525021354338,253.38084950617542
2024-07-10 16:00:00,413.5398934954702,20.286434589574483,173.25151602643797,433.8263280850447,27.407309605577275,159.59508672248177
2024-07-10 17:00:00,400.29592586105457,13.058857955190764,166.82638859503155,413.35478381624534,27.480876430347756,98.70368891336047
2024-07-10 18:00:00,436.7989176959533,4.89434833049313e-15,173.24438950435643,436.7989176959533,26.85728105413352,5.912929325327405e-14
2024-07-10 19:00:00,412.5656801490894,0.0,155.06338161974543,412.5656801490894,28.51194556882426,0.0
2024-07-10 20:00:00,377.5350025979334,0.0,140.9256353275543,377.5350025979334,30.39764332955097,0.0
2024-07-10 21:00:00,300.36602986806,0.0,98.54110247682331,300.36602986806,31.452709268477253,0.0
2024-07-10 22:00:00,27.872485005752008,0.0,0.0,27.872485005752008,32.16663936278027,0.0
2024-07-10 23:00:00,36.314548587496745,0.0,0.0,36.314548587496745,32.092062993044664,0.0
2024-07-11 00:00:00,37.99867319917175,0.0,0.0,37.99867319917175,31.239810642529918,0.0
2024-07-11 01:00:00,32.42563754196466,0.0,0.0,32.42563754196466,32.22243425960416,0.0
2024-07-11 02:00:00,30.14037714043976,0.0,0.0,30.14037714043976,32.36941317168679,0.0
2024-07-11 03:00:00,30.516064117092913,0.0,0.0,30.516064117092913,33.02553246462912,0.0
2024-07-11 04:00:00,34.66502753564471,0.0,0.0,34.66502753564471,32.0069942258783,0.0
2024-07-11 05:00:00,38.30680137732362,0.0,0.0,38.30680137732362,31.345223986164964,0.0
2024-07-11 06:00:00,228.92287146732215,0.0,59.22493713834214,228.92287146732215,30.64875723664339,0.0
2024-07-11 07:00:00,416.42868377280917,14.169308497985948,152.97934011160493,430.5979922707951,29.967805735311828,133.143943139322
2024-07-11 08:00:00,426.24056978580023,27.709450278469046,184.16444047683262,453.95002006426927,29.175229705602447,238.00877482261606
2024-07-11 09:00:00,421.24054232314893,38.50460957816614,190.70696362599358,459.74515190131507,27.59387428770384,325.28003953081634
2024-07-11 10:00:00,426.4209561087632,27.92101926276802,183.85465076930151,454.34197537153125,26.58319946525888,222.5055579075419
2024-07-11 11:00:00,389.0584877909853,67.52444184654262,180.7967959166543,456.5829296375279,27.072415189121095,589.3982644245708
2024-07-11 12:00:00,371.11299880009557,47.45115372001719,165.98919396170933,418.56415252011277,25.010400102108285,386.0090703631165
2024-07-11 13:00:00,261.05922443892376,69.66964153896242,109.05289534135358,330.7288659778862,26.30014300016231,589.1292813175279
2024-07-11 14:00:00,187.0773592749706,37.51587097738544,68.34708507817273,224.59323025235605,24.40667031394481,297.7667184878009
2024-07-11 15:00:00,438.05216850841373,34.981633069514274,197.1335923940549,473.033801577928,25.188998704144414,277.3493799411127
2024-07-11 16:00:00,369.86083305357874,18.272816088992904,149.85133072912336,388.13364914257164,26.31684773461785,143.27859480402742
2024-07-11 17:00:00,423.30232654506926,17.368847724066995,176.0980380916993,440.67117426913626,26.387306872957883,124.62013845831713
2024-07-11 18:00:00,376.4982044072403,5.000974264232868e-15,144.13917172628692,376.4982044072403,26.453771260690743,4.5346004217944974e-14
2024-07-11 19:00:00,449.3972295032194,0.0,176.1927545421908,449.3972295032194,28.169357081775836,0.0
2024-07-11 20:00:00,367.26868685765777,0.0,136.63475347834824,367.26868685765777,28.895511833471904,0.0
2024-07-11 21:00:00,261.26611091364555,0.0,86.98592591856891,261.26611091364555,29.659852176209498,0.0
2024-07-11 22:00:00,32.04869065823931,0.0,0.0,32.04869065823931,30.30004851718021,0.0
2024-07-11 23:00:00,43.36452907092028,0.0,0.0,43.36452907092028,31.319580396959278,0.0
2024-07-12 00:00:00,34.51160417511221,0.0,0.0,34.51160417511221,30.597327381790883,0.0
2024-07-12 01:00:00,39.98212403918285,0.0,0.0,39.98212403918285,32.45520600095784,0.0
2024-07-12 02:00:00,35.15765723864484,0.0,0.0,35.15765723864484,31.237190698613134,0.0
2024-07-12 03:00:00,37.62572259539275,0.0,0.0,37.62572259539275,31.051061189623702,0.0
2024-07-12 04:00:00,30.777292203527907,0.0,0.0,30.777292203527907,30.617470115023167,0.0
2024-07-12 05:00:00,36.2038677353373,0.0,0.0,36.2038677353373,31.22054843009353,0.0
2024-07-12 06:00:00,226.88559709660427,0.0,57.53468280960475,226.88559709660427,28.787665835573737,0.0
2024-07-12 07:00:00,422.7379881702306,14.449149674169979,169.16017801745377,437.1871378444006,28.942782143330053,138.08408049231926
2024-07-12 08:00:00,433.78855355749437,23.833397665448793,170.84966509439857,457.62195122294315,27.73755428858332,197.0705584979532
2024-07-12 09:00:00,458.2420902051166,43.84899472251947,205.43290341311993,502.0910849276361,26.23963256434169,377.65046570448123
2024-07-12 10:00:00,366.78823070476267,47.284870850830075,163.4937065114504,414.07310155559276,25.697661110589962,393.90678721140637
2024-07-12 11:00:00,397.04434437314393,50.583477620991815,177.74690514034492,447.62782199413573,25.54080253732152,418.7534628919483
2024-07-12 12:00:00,386.3833717703262,49.69124464435289,167.6543559927502,436.0746164146791,24.393913751447943,404.347976686207
2024-07-12 13:00:00,255.42420522787666,49.51047432175882,105.8200907936599,304.93467954963546,24.6062408466198,401.4771489751922
2024-07-12 14:00:00,166.64089788184836,62.46314418190923,66.9481789841071,229.1040420637576,25.221775888864695,511.4838716749412
2024-07-12 15:00:00,61.71717143412155,43.22352996466947,0.0,104.94070139879102,24.56175922111845,340.51297537404537
2024-07-12 16:00:00,378.76298963036055,30.736917259586903,147.63088699277787,409.49990688994745,24.09935412201374,235.73267504726817
2024-07-12 17:00:00,338.6010305362854,15.592991270916961,124.61669100593271,354.1940218072024,24.95892740944516,113.43109287163836
2024-07-12 18:00:00,457.7761756277535,2.8810839082755287e-15,171.88715151430353,457.7761756277535,25.96449640514889,7.887818067251735e-14
2024-07-12 19:00:00,114.6096539606648,0.0,0.0,114.6096539606648,26.77521505716537,0.0
2024-07-12 20:00:00,121.56301489614329,0.0,0.0,121.56301489614329,27.93320619707948,0.0
2024-07-12 21:00:00,309.63024600164715,0.0,93.57362139414244,309.63024600164715,28.919287403419375,0.0
2024-07-12 22:00:00,30.031955546425003,0.0,0.0,30.031955546425003,30.47246325208095,0.0
2024-07-12 23:00:00,39.523121605664585,0.0,0.0,39.523121605664585,30.33021317613049,0.0
2024-07-13 00:00:00,29.316675884001107,0.0,0.0,29.316675884001107,31.115451859103395,0.0
2024-07-13 01:00:00,37.70888929725046,0.0,0.0,37.70888929725046,32.61810362643184,0.0
2024-07-13 02:00:00,40.343437061166185,0.0,0.0,40.343437061166185,32.79197245768633,0.0
2024-07-13 03:00:00,35.4711951072927,0.0,0.0,35.4711951072927,32.15742210831054,0.0
2024-07-13 04:00:00,32.7644217509519,0.0,0.0,32.7644217509519,31.56835188493687,0.0
2024-07-13 05:00:00,32.89149292307523,0.0,0.0,32.89149292307523,31.44660710472326,0.0
2024-07-13 06:00:00,193.9712699834178,0.0,50.275491536537054,193.9712699834178,30.304920262456047,0.0
2024-07-13 07:00:00,411.83561359242333,13.995756680383174,178.12479410273573,425.8313702728065,28.538472362765894,128.80159550849893
2024-07-13 08:00:00,314.8911681504057,25.170945821922846,139.99123854498427,340.0621139723285,28.942197310782046,210.94882225801288
2024-07-13 09:00:00,303.6525785723368,35.45522424431555,137.30326530949048,339.10780281665234,28.20071924992428,295.24270850241817
2024-07-13 10:00:00,333.72112903141937,34.88339028624624,150.7403549051982,368.6045193176656,27.63100378448548,282.043647043762
2024-07-13 11:00:00,339.9970726927284,38.826706214703606,151.68688432078633,378.82377890743203,25.820207213666617,312.96762256305124
2024-07-13 12:00:00,329.5579858206536,29.69073925269878,156.22625176262645,359.2487250733524,25.742453913980913,235.43813234872775
2024-07-13 13:00:00,165.28739528613207,48.05068941606523,72.93302799714093,213.3380847021973,25.403619556210568,391.3738273839512
2024-07-13 14:00:00,15.805427283035094,41.556421447494195,0.0,57.36184873052929,25.20315144914772,331.76384787875094
2024-07-13 15:00:00,19.87611533596983,39.565999616004554,0.0,59.44211495197438,25.337147796427182,313.60436309650055
2024-07-13 16:00:00,36.14807930504653,21.11064593065435,0.0,57.25872523570088,25.64793926373876,164.87234278991465
2024-07-13 17:00:00,52.84647529477538,11.39824092455398,0.0,64.24471621932936,26.291461135934306,86.7024463903858
2024-07-13 18:00:00,59.8675532574457,4.92115290361577e-15,0.0,59.86755325744571,27.28080068629349,4.392700348186677e-14
2024-07-13 19:00:00,63.22392718117199,0.0,0.0,63.22392718117199,28.364737273729148,0.0
2024-07-13 20:00:00,54.07411016022998,0.0,0.0,54.07411016022998,28.282293958948994,0.0
2024-07-13 21:00:00,60.00873289343942,0.0,0.0,60.00873289343942,29.480176149760545,0.0
2024-07-13 22:00:00,40.17284599886523,0.0,0.0,40.17284599886523,30.199156109351986,0.0
2024-07-13 23:00:00,35.73344767321612,0.0,0.0,35.73344767321612,30.8524977248487,0.0
2024-07-14 00:00:00,16.470455380459867,0.0,0.0,16.470455380459867,31.59838480631113,0.0
2024-07-14 01:00:00,16.330427162677584,0.0,0.0,16.330427162677584,32.76816322065683,0.0
2024-07-14 02:00:00,21.493402055707378,0.0,0.0,21.493402055707378,33.11497178549126,0.0
2024-07-14 03:00:00,13.82078685112537,0.0,0.0,13.82078685112537,32.67850211678091,0.0
2024-07-14 04:00:00,20.21995416778346,0.0,0.0,20.21995416778346,32.4019215657656,0.0
2024-07-14 05:00:00,17.837916718956883,0.0,0.0,17.837916718956883,32.05940379882609,0.0
2024-07-14 06:00:00,17.102170901741033,0.0,0.0,17.102170901741033,31.830871448300424,0.0
2024-07-14 07:00:00,5.145635366644344,14.3538597904487,0.0,19.499495157093044,30.071295993815912,137.552243742712
2024-07-14 08:00:00,0.0,25.326593526168953,0.0,17.909798206574166,28.789505543551662,212.3582206493189
2024-07-14 09:00:00,0.0,35.75515485833071,0.0,22.94611775090512,28.424224869362977,296.9144747596146
2024-07-14 10:00:00,0.0,42.773316151239754,0.0,18.940160337095868,28.56709223240358,352.9220628446193
2024-07-14 11:00:00,0.0,36.251451335182836,0.0,14.325588354552705,26.3199875873515,292.10542519609703
2024-07-14 12:00:00,0.0,65.0212809655422,0.0,15.157307997152843,26.66929053526321,556.8290006114917
2024-07-14 13:00:00,0.0,48.85647726918679,0.0,12.363941593266448,26.573527823349426,396.2671326201426
2024-07-14 14:00:00,0.0,43.02507683389662,0.0,12.204960502372098,24.692544491021476,344.76526888340175
2024-07-14 15:00:00,0.0,33.10283261861332,0.0,15.415565083817196,26.19968247051111,261.15726144869666
2024-07-14 16:00:00,0.0,28.634474551592408,0.0,21.601772337458886,26.64592800600962,221.73933583938438
2024-07-14 17:00:00,0.03092449182204504,22.717770569610128,0.0,22.748695061432173,26.766770265875763,153.48885709382418
2024-07-14 18:00:00,21.230574147579436,3.2506469188360103e-15,0.0,21.23057414757944,27.30209232017375,7.569997207800498e-14
2024-07-14 19:00:00,14.96134490437933,0.0,0.0,14.96134490437933,28.174113766597795,0.0
2024-07-14 20:00:00,13.32119849808937,0.0,0.0,13.32119849808937,29.211027352780796,0.0
2024-07-14 21:00:00,15.311968753110218,0.0,0.0,15.311968753110218,30.130130242733543,0.0
2024-07-14 22:00:00,10.198446067274677,0.0,0.0,10.198446067274677,30.879923079340223,0.0
2024-07-14 23:00:00,18.627056039422154,0.0,0.0,18.627056039422154,31.6779477085303,0.0
2024-07-15 00:00:00,40.10392662749196,0.0,0.0,40.10392662749196,33.55856641689994,0.0
2024-07-15 01:00:00,32.77660139176521,0.0,0.0,32.77660139176521,32.70560759428527,0.0
2024-07-15 02:00:00,29.391021739526046,0.0,0.0,29.391021739526046,32.5575523800953,0.0
2024-07-15 03:00:00,31.32574903975292,0.0,0.0,31.32574903975292,33.91621453735999,0.0
2024-07-15 04:00:00,31.682981872922163,0.0,0.0,31.682981872922163,32.86716162530634,0.0
2024-07-15 05:00:00,38.17032596186834,0.0,0.0,38.17032596186834,32.21283917964274,0.0
2024-07-15 06:00:00,234.10096912760486,0.0,65.09132081522347,234.10096912760486,31.626473029864762,0.0
2024-07-15 07:00:00,421.97573108745297,12.361852865961229,162.23597349392912,434.3375839534142,30.942586599979485,107.25066549465284
2024-07-15 08:00:00,430.42774880141997,31.4804236409552,183.82125021650435,461.9081724423752,29.670055978171916,288.8923616156881
2024-07-15 09:00:00,363.7402523062406,42.43356052571324,146.9207318238449,406.17381283195385,29.279180497695926,367.8698278021656
2024-07-15 10:00:00,377.9771512963574,30.02913253293089,158.6935978454579,408.0062838292883,27.700950304826648,241.6919993859781
2024-07-15 11:00:00,368.52535191485504,46.30191230983186,161.4268149452034,414.82726422468687,27.30629476865359,382.1592098276805
2024-07-15 12:00:00,333.8193631077534,40.69815146099985,147.42487610870398,374.51751456875326,25.793644550843187,328.1452109330669
2024-07-15 13:00:00,231.6280564105106,63.16699505924558,100.5772031216892,294.7950514697562,27.13745976715125,530.7805002456482
2024-07-15 14:00:00,176.65553283282875,46.80345090655562,61.22243625659081,223.45898373938437,26.344037743451285,379.3415047772264
2024-07-15 15:00:00,332.45399411601664,32.016677165824326,141.8293469282126,364.47067128184096,26.88639324558794,255.34207662197042
2024-07-15 16:00:00,407.55381126921066,27.053740030200565,173.6827522083545,434.6075512994112,27.139279970618688,211.0283470259948
2024-07-15 17:00:00,450.16773605257146,7.347708317831495,190.53003881445932,457.515444370403,27.732114747763845,57.27689024111914
2024-07-15 18:00:00,418.23593969502144,4.753053476615703e-15,165.79894249612283,418.23593969502144,28.178193827443923,4.1271041834831925e-14
2024-07-15 19:00:00,406.2903502498628,0.0,163.2957892430163,406.2903502498628,29.220328630241863,0.0
2024-07-15 20:00:00,412.5756157654175,0.0,162.94615324836028,412.5756157654175,29.451439385425125,0.0
2024-07-15 21:00:00,281.369601605871,0.0,93.89208632702513,281.369601605871,30.252358971475054,0.0
2024-07-15 22:00:00,39.44143851410746,0.0,0.0,39.44143851410746,31.631528624978472,0.0
2024-07-15 23:00:00,33.80075328192221,0.0,0.0,33.80075328192221,32.06706713568613,0.0
2024-07-16 00:00:00,36.57890863499344,0.0,0.0,36.57890863499344,32.08504892434893,0.0
2024-07-16 01:00:00,32.1221725164682,0.0,0.0,32.1221725164682,31.909540531143975,0.0
2024-07-16 02:00:00,34.7179808052946,0.0,0.0,34.7179808052946,31.48298722941841,0.0
2024-07-16 03:00:00,36.898803453327126,0.0,0.0,36.898803453327126,31.586198097237627,0.0
2024-07-16 04:00:00,31.588491598612862,0.0,0.0,31.588491598612862,31.438820128718266,0.0
2024-07-16 05:00:00,39.73638623437781,0.0,0.0,39.73638623437781,30.782100180557137,0.0
2024-07-16 06:00:00,261.94169036805226,0.0,73.72264298048682,261.94169036805226,30.227100940945814,0.0
2024-07-16 07:00:00,438.20655629801064,9.0680954005476,166.55182101275471,447.2746516985582,29.281421854568656,73.00679916738308
2024-07-16 08:00:00,333.4800567969414,22.3614762392862,129.0524280817393,355.84153303622764,27.64589955024364,183.0459931578916
2024-07-16 09:00:00,424.30992195194386,30.411369906942504,184.782740251229,454.7212918588864,26.359908982867903,246.2457004056765
2024-07-16 10:00:00,416.2308667387501,39.39918068053505,180.73827611459146,455.6300474192851,26.404423402032684,322.4401477898808
2024-07-16 11:00:00,394.6046142394358,52.126397397327345,174.92641634564978,446.7310116367632,26.146600542874943,432.11464592725514
2024-07-16 12:00:00,272.5474619682144,52.008994564214206,119.53578598372945,324.5564565324286,25.128954493951355,424.9953828798936
2024-07-16 13:00:00,243.80492061998035,39.353407531530706,98.97081160539668,283.15832815151106,25.578769589169553,314.87178081924526
2024-07-16 14:00:00,188.81481647287333,42.49027788129127,71.89662468254511,231.3050943541646,24.81778457482923,340.58029453983943
2024-07-16 15:00:00,381.1479784943601,44.40510703866704,171.26173996164482,425.5530855330271,25.639085564592932,350.832919359597
2024-07-16 16:00:00,414.4025354745988,20.510746785641235,168.38499728999523,434.91328226024,25.886090730865295,159.84765845252662
2024-07-16 17:00:00,432.83333768319875,13.661313539775383,179.7759592869138,446.49465122297414,26.391997622913,101.9518721321407
2024-07-16 18:00:00,430.44625852493925,4.999407817035569e-15,167.29858685969955,430.44625852493925,25.989472107375178,4.509136025788158e-14
2024-07-16 19:00:00,464.0968269139568,0.0,184.8598023486741,464.0968269139568,27.443931600606458,0.0
2024-07-16 20:00:00,427.38301905973435,0.0,167.66898689665481,427.38301905973435,28.952614668219837,0.0
2024-07-16 21:00:00,299.6897116765484,0.0,99.8136223558726,299.6897116765484,29.38326694471652,0.0
2024-07-16 22:00:00,38.86659098171489,0.0,0.0,38.86659098171489,30.368407876978164,0.0
2024-07-16 23:00:00,30.946545962001057,0.0,0.0,30.946545962001057,30.122158006073786,0.0
2024-07-17 00:00:00,38.63343798138466,0.0,0.0,38.63343798138466,30.513471105926037,0.0
2024-07-17 01:00:00,39.107763990188005,0.0,0.0,39.107763990188005,29.508040418105498,0.0
2024-07-17 02:00:00,31.69483738850188,0.0,0.0,31.69483738850188,29.02577465650137,0.0
2024-07-17 03:00:00,30.941987743646195,0.0,0.0,30.941987743646195,29.728164750475674,0.0
2024-07-17 04:00:00,39.884160056120294,0.0,0.0,39.884160056120294,28.330334214861473,0.0
2024-07-17 05:00:00,37.00934820758975,0.0,0.0,37.00934820758975,28.4552983891338,0.0
2024-07-17 06:00:00,123.9806377161806,0.0,0.0,123.9806377161806,29.552243143928692,0.0
2024-07-17 07:00:00,113.82747269591549,13.28011751286991,0.0,127.1075902087854,27.238833496483682,116.89491999808257
2024-07-17 08:00:00,384.5040388841519,24.52743162931907,146.89550449010648,409.031470513471,25.80909364338657,200.9998873159776
2024-07-17 09:00:00,402.3363809433892,43.00183305571619,165.062722514346,445.3382139991054,25.629769512800703,368.3970925379784
2024-07-17 10:00:00,410.3718819258751,42.356596691865626,174.74117965520472,452.7284786177407,24.324085354860483,346.04973498267026
2024-07-17 11:00:00,393.3699709086324,63.91526186941811,180.2684817925429,457.2852327780505,24.480373093060518,545.8979172597392
2024-07-17 12:00:00,404.65450099880235,52.5998237167959,180.35984210751212,457.2543247155983,23.04712592443791,428.2798316668988
2024-07-17 13:00:00,239.58774260211692,54.48404494062924,98.32038307283696,294.07178754274616,23.27761369043231,438.37759229105
2024-07-17 14:00:00,176.9074838696643,55.306742290352325,64.86895763408033,232.21422616001664,22.44945770894024,441.626673825493
2024-07-17 15:00:00,374.6805338159563,40.632809051981255,155.23008691583843,415.3133428679376,24.441760907760006,321.0950146084194
2024-07-17 16:00:00,409.1655100455224,27.994502913170066,169.12295489067623,437.1600129586925,23.74371017414459,214.8210982867609
2024-07-17 17:00:00,357.79070878652834,16.20520732772791,137.92145389682287,373.99591611425626,23.97536059448232,116.46894465866889
2024-07-17 18:00:00,418.2558253706641,4.6137018988675985e-15,165.3755274016847,418.2558253706641,24.626508102060825,6.370777037540594e-14
2024-07-17 19:00:00,486.05663435562616,0.0,212.01973130147422,486.05663435562616,25.340320577892964,0.0
2024-07-17 20:00:00,380.0927247400665,0.0,140.18625369558555,380.0927247400665,26.14253048747271,0.0
2024-07-17 21:00:00,299.78082819437293,0.0,100.55267251548057,299.78082819437293,27.0346555221447,0.0
2024-07-17 22:00:00,35.190811657158534,0.0,0.0,35.190811657158534,29.112151652607444,0.0
2024-07-17 23:00:00,35.65283194266802,0.0,0.0,35.65283194266802,28.721553982668762,0.0
2024-07-18 00:00:00,36.51562444669334,0.0,0.0,36.51562444669334,28.405016751020042,0.0
2024-07-18 01:00:00,38.12767729081781,0.0,0.0,38.12767729081781,29.236393822665512,0.0
2024-07-18 02:00:00,38.79952315469388,0.0,0.0,38.79952315469388,30.40249960109329,0.0
2024-07-18 03:00:00,36.81529729026764,0.0,0.0,36.81529729026764,29.69321565480979,0.0
2024-07-18 04:00:00,32.23486837526509,0.0,0.0,32.23486837526509,29.402685404271068,0.0
2024-07-18 05:00:00,37.46609065790428,0.0,0.0,37.46609065790428,29.49841825095618,0.0
2024-07-18 06:00:00,236.52325280831155,0.0,68.49371621705114,236.52325280831155,27.800053996507568,0.0
2024-07-18 07:00:00,439.80452070888293,14.654819525700988,173.35667320676225,454.4593402345839,27.660712810017994,140.98242042825754
2024-07-18 08:00:00,367.2744663682168,26.980101230940956,149.0503899983023,394.2545675991577,26.104695716199924,227.93679737673364
2024-07-18 09:00:00,409.9747081030587,36.08359099580521,173.50718073264298,446.05829909886387,25.820708951611063,298.0866738025043
2024-07-18 10:00:00,356.813790184198,55.75081004633783,156.18064178783635,412.56460023053586,24.49306966570889,477.706381522367
2024-07-18 11:00:00,335.6603206974313,65.48197816230385,141.44487289639426,401.14229885973515,23.84298896951296,556.6443508209776
2024-07-18 12:00:00,386.19891995909603,65.94044860094307,180.7072955874426,452.1393685600391,23.81761520660382,553.8002422939699
2024-07-18 13:00:00,260.79389370112835,47.390368035184814,105.57968661287703,308.18426173631315,23.43190930292323,380.1462285350916
2024-07-18 14:00:00,157.46637357489868,45.909394762434424,59.62068779067235,203.3757683373331,22.855923298391428,364.38216329303367
2024-07-18 15:00:00,356.11343567252584,53.70227784420933,156.02734162716442,409.8157135167352,22.82208506408459,421.6018941357043
2024-07-18 16:00:00,381.1022224751186,31.2894988365397,155.42979510231655,412.3917213116583,24.207122170089008,238.35889592849085
2024-07-18 17:00:00,353.5091304772064,15.666535756325684,137.8808534569576,369.17566623353207,24.258428962689788,113.37607568062498
2024-07-18 18:00:00,436.6672604625284,4.689047344705691e-15,177.5800906711692,436.6672604625284,24.493066386764777,6.282261979410068e-14
2024-07-18 19:00:00,452.5276924730266,0.0,178.19865373659587,452.5276924730266,25.206228451590018,0.0
2024-07-18 20:00:00,409.33726431565964,0.0,159.51194217798965,409.33726431565964,26.95108604456479,0.0
2024-07-18 21:00:00,282.4087697672789,0.0,98.72155694018778,282.4087697672789,27.40220399197912,0.0
2024-07-18 22:00:00,34.03665411843301,0.0,0.0,34.03665411843301,28.106860793530675,0.0
2024-07-18 23:00:00,30.02603002508018,0.0,0.0,30.02603002508018,28.97099861302793,0.0
2024-07-19 00:00:00,41.05905914619939,0.0,0.0,41.05905914619939,31.30829221842377,0.0
2024-07-19 01:00:00,39.70339654534818,0.0,0.0,39.70339654534818,31.460700686156088,0.0
2024-07-19 02:00:00,33.745912006826025,0.0,0.0,33.745912006826025,32.21014830128124,0.0
2024-07-19 03:00:00,31.306334429446785,0.0,0.0,31.306334429446785,32.118714497977464,0.0
2024-07-19 04:00:00,34.1697215235057,0.0,0.0,34.1697215235057,31.405337840706174,0.0
2024-07-19 05:00:00,32.484731474637435,0.0,0.0,32.484731474637435,31.270538097260467,0.0
2024-07-19 06:00:00,252.74424421870845,0.0,66.75700661007286,252.74424421870845,29.862553251928848,0.0
2024-07-19 07:00:00,432.58639223919494,14.17725548307255,169.0324656670228,446.7636477222675,29.359337028220867,133.36924127694576
2024-07-19 08:00:00,354.66476807169437,25.24867233817741,142.765768209291,379.9134404098718,28.61053302729571,212.10593208348706
2024-07-19 09:00:00,397.43430998343587,44.07123863741765,173.05933588718614,441.5055486208535,27.711957350009218,384.6449295520834
2024-07-19 10:00:00,328.6508893202928,59.140567629452114,145.6041301927014,387.7914569497449,26.81630444172891,517.3344997851335
2024-07-19 11:00:00,384.84520501945985,57.942963457079,176.24269102189032,442.7881684765389,25.949025730747664,488.1417480309026
2024-07-19 12:00:00,326.7325365316462,59.18413779321941,147.4294771900201,385.9166743248656,26.055780012433242,495.979708024407
2024-07-19 13:00:00,203.17967047435496,62.91857320728805,86.12892338821354,266.098243681643,24.45771658321525,521.3705372278545
2024-07-19 14:00:00,198.9872607068354,38.926341131738596,65.81494550533466,237.91360183857398,24.53069447407963,309.3593046950676
2024-07-19 15:00:00,366.33596059544084,49.61590510748376,164.16666380041627,415.9518657029246,24.62030923752293,390.44962720488036
2024-07-19 16:00:00,374.1707657904063,50.38459414310315,166.71181960377837,424.5553599335094,24.893182382232297,373.5621762999162
2024-07-19 17:00:00,374.75570599066685,18.500479516291172,150.26986041377512,393.25618550695805,24.639045111999355,129.94207863747917
2024-07-19 18:00:00,422.6900505051312,4.7390129332000876e-15,168.34649236726128,422.6900505051312,27.04573727071386,6.151738004556235e-14
2024-07-19 19:00:00,423.3487399394557,0.0,169.90036272479196,423.3487399394557,26.689417980477774,0.0
2024-07-19 20:00:00,459.1577833668841,0.0,184.2342695400507,459.1577833668841,28.193212322232785,0.0
2024-07-19 21:00:00,292.9063852971486,0.0,100.83182394618545,292.9063852971486,28.303240936881117,0.0
2024-07-19 22:00:00,29.519633498697537,0.0,0.0,29.519633498697537,30.168662733219605,0.0
2024-07-19 23:00:00,40.03342893242494,0.0,0.0,40.03342893242494,30.190480584042554,0.0
2024-07-20 00:00:00,22.596018320409634,0.0,0.0,22.596018320409634,28.15762614981344,0.0
2024-07-20 01:00:00,17.602160147810373,0.0,0.0,17.602160147810373,29.172430322875023,0.0
2024-07-20 02:00:00,15.409327203514952,0.0,0.0,15.409327203514952,28.844150908381117,0.0
2024-07-20 03:00:00,12.549945381225761,0.0,0.0,12.549945381225761,28.788179042590983,0.0
2024-07-20 04:00:00,17.163148078645218,0.0,0.0,17.163148078645218,28.81150191946778,0.0
2024-07-20 05:00:00,10.3731757226279,0.0,0.0,10.3731757226279,28.569386659592556,0.0
2024-07-20 06:00:00,15.047498936642429,0.0,0.0,15.047498936642429,27.035317954686576,0.0
2024-07-20 07:00:00,1.2107238517102168,13.211632744163234,0.0,14.42235659587345,26.104788619485507,115.05174888731953
2024-07-20 08:00:00,0.0,23.05623075515442,0.0,12.149302212635906,25.70626003196357,186.84601302598594
2024-07-20 09:00:00,0.0,34.53674247024555,0.0,21.88218224918744,25.05827783089265,280.97118030952396
2024-07-20 10:00:00,0.0,56.02688647073783,0.0,14.556017674458317,24.675895794552744,477.8994526696115
2024-07-20 11:00:00,0.0,52.81228098258389,0.0,15.858254331338301,22.683979665322667,431.523548197847
2024-07-20 12:00:00,0.0,49.320490367256554,0.0,16.47896674644207,22.504445734741704,396.3839182001977
2024-07-20 13:00:00,0.0,42.77427752070691,0.0,16.730546765799595,22.901670819148322,339.85711935977497
2024-07-20 14:00:00,0.0,32.6294713088133,0.0,16.7221093813642,23.18106546669179,256.89257376925923
2024-07-20 15:00:00,0.0,31.267118228285558,0.0,17.627592270039997,21.817232306956317,243.09339635998435
2024-07-20 16:00:00,0.0,29.408581234078074,0.0,19.746386449854487,22.29402332547357,223.69610427656255
2024-07-20 17:00:00,1.129381443743405,19.217650280643003,0.0,20.347031724386408,23.41019451177445,132.87279899084044
2024-07-20 18:00:00,12.315264171827433,5.151847117697712e-15,0.0,12.315264171827438,23.65564662752589,4.853233538601291e-14
2024-07-20 19:00:00,19.169661472666682,0.0,0.0,19.169661472666682,24.409035663508632,0.0
2024-07-20 20:00:00,15.3566480097039,0.0,0.0,15.3566480097039,25.816753501806886,0.0
2024-07-20 21:00:00,13.33402923655774,0.0,0.0,13.33402923655774,27.375094833351145,0.0
2024-07-20 22:00:00,17.17655524470929,0.0,0.0,17.17655524470929,26.78977705107274,0.0
2024-07-20 23:00:00,14.626456608603807,0.0,0.0,14.626456608603807,28.918558986665104,0.0
2024-07-21 00:00:00,18.21026634773826,0.0,0.0,18.21026634773826,33.39782966283829,0.0
2024-07-21 01:00:00,19.283786470930117,0.0,0.0,19.283786470930117,34.20776171152503,0.0
2024-07-21 02:00:00,12.328768427158305,0.0,0.0,12.328768427158305,34.94955071943512,0.0
2024-07-21 03:00:00,19.393590794609665,0.0,0.0,19.393590794609665,34.19752754704699,0.0
2024-07-21 04:00:00,19.664408293433958,0.0,0.0,19.664408293433958,33.53646874803014,0.0
2024-07-21 05:00:00,14.790895949437484,0.0,0.0,14.790895949437484,33.48808690438448,0.0
2024-07-21 06:00:00,16.145718463906913,0.0,0.0,16.145718463906913,32.317542257717975,0.0
2024-07-21 07:00:00,9.317848233019838,12.452735703822192,0.0,21.77058393684203,31.820667541540328,108.89831056041461
2024-07-21 08:00:00,0.0,26.601777221164784,0.0,17.33307603606235,30.55178485969529,228.31268296926933
2024-07-21 09:00:00,0.0,44.19721974544876,0.0,23.012785106002873,30.178835149519895,387.9427891867772
2024-07-21 10:00:00,0.0,55.74819296484129,0.0,20.65010607196617,28.20700951260909,487.4733941397893
2024-07-21 11:00:00,0.0,47.931257409599155,0.0,16.196388711549424,27.672490812684444,396.122186636251
2024-07-21 12:00:00,0.0,45.77861376018219,0.0,16.710237568613298,26.91857223320469,374.34465600034696
2024-07-21 13:00:00,0.0,41.22130437689527,0.0,18.79757522982581,27.24517025227429,333.1351485058554
2024-07-21 14:00:00,0.0,52.30209834661544,0.0,17.768728973320865,26.389356249479313,423.53374898925097
2024-07-21 15:00:00,0.0,27.639283654672358,0.0,19.196289757719097,26.92746917933905,219.59231506298218
2024-07-21 16:00:00,0.0,25.384323939925626,0.0,23.024786855198997,27.069282143354258,197.8048728298786
2024-07-21 17:00:00,0.0,14.736146718249243,0.0,13.164123251528917,28.919089739500695,109.37946362901056
2024-07-21 18:00:00,21.586954167282013,4.989437886849746e-15,0.0,21.586954167282016,28.40878518279628,4.6117404005444595e-14
2024-07-21 19:00:00,19.918893878406216,0.0,0.0,19.918893878406216,29.104985849563704,0.0
2024-07-21 20:00:00,17.084520855445508,0.0,0.0,17.084520855445508,30.77829462576708,0.0
2024-07-21 21:00:00,16.629113051394317,0.0,0.0,16.629113051394317,32.40340259402385,0.0
2024-07-21 22:00:00,19.234526755018255,0.0,0.0,19.234526755018255,32.34609181926135,0.0
2024-07-21 23:00:00,26.26368235656322,0.0,0.0,26.26368235656322,33.10963943979858,0.0
2024-07-22 00:00:00,17.37522527037782,0.0,0.0,17.37522527037782,32.89278752146445,0.0
2024-07-22 01:00:00,16.0342764955882,0.0,0.0,16.0342764955882,33.03617493879964,0.0
2024-07-22 02:00:00,26.587077899851966,0.0,0.0,26.587077899851966,32.929027369985626,0.0
2024-07-22 03:00:00,17.437411678619483,0.0,0.0,17.437411678619483,32.30588990549132,0.0
2024-07-22 04:00:00,14.282168082600855,0.0,0.0,14.282168082600855,32.47538774406852,0.0
2024-07-22 05:00:00,22.031597305536764,0.0,0.0,22.031597305536764,31.010801564156253,0.0
2024-07-22 06:00:00,51.48737981278151,0.0,0.0,51.48737981278151,30.65448210298338,0.0
2024-07-22 07:00:00,29.220670478102928,13.985197975064043,0.0,43.20586845316697,30.837917861016127,132.0490513269581
2024-07-22 08:00:00,18.195458805560794,22.811845270071945,0.0,41.00730407563274,29.867316220050242,188.9188094735946
2024-07-22 09:00:00,0.0,46.12088267834886,0.0,44.463574740165186,28.529195569488547,407.85385925666935
2024-07-22 10:00:00,0.0,50.16542834160108,0.0,37.14796805839907,26.501643016991352,418.8681846680774
2024-07-22 11:00:00,0.0,53.84400632590587,0.0,29.58779290197652,26.13733537953519,447.04049250130106
2024-07-22 12:00:00,0.0,50.82002788837794,0.0,35.51418000503395,25.84549475012711,417.2355937015865
2024-07-22 13:00:00,0.0,61.938264121172026,0.0,51.46888623608329,25.749729969998583,510.64658328779893
2024-07-22 14:00:00,0.0,45.25927667956312,0.0,33.31133918793661,25.0911143024267,363.927036633868
2024-07-22 15:00:00,7.421919576643624,36.378865833809286,0.0,43.80078541045291,25.712422623876826,287.42465913402725
2024-07-22 16:00:00,0.0,37.68322868129979,0.0,31.640844396033128,27.06887858351182,285.8415866915613
2024-07-22 17:00:00,30.669636463514195,18.690098384804365,0.0,49.35973484831856,26.9418640819561,131.56284204267044
2024-07-22 18:00:00,42.77856216217133,4.990263424783617e-15,0.0,42.77856216217134,27.5757331921602,5.6764086649621767e-14
2024-07-22 19:00:00,38.20170346630445,0.0,0.0,38.20170346630445,27.801675510311615,0.0
2024-07-22 20:00:00,60.9826863749703,0.0,0.0,60.9826863749703,28.396827484323428,0.0
2024-07-22 21:00:00,42.49500263720331,0.0,0.0,42.49500263720331,29.508088322766984,0.0
2024-07-22 22:00:00,20.44549476038947,0.0,0.0,20.44549476038947,30.126625303659175,0.0
2024-07-22 23:00:00,10.964103665715319,0.0,0.0,10.964103665715319,31.72871124295335,0.0
2024-07-23 00:00:00,39.23869287296719,0.0,0.0,39.23869287296719,30.96023140405252,0.0
2024-07-23 01:00:00,37.48149560476169,0.0,0.0,37.48149560476169,30.63529500420537,0.0
2024-07-23 02:00:00,35.45574008365594,0.0,0.0,35.45574008365594,31.31115925855788,0.0
2024-07-23 03:00:00,31.02769581518468,0.0,0.0,31.02769581518468,31.852436888731187,0.0
2024-07-23 04:00:00,44.00478124630393,0.0,0.0,44.00478124630393,31.747137173022463,0.0
2024-07-23 05:00:00,40.66753018299546,0.0,0.0,40.66753018299546,30.59727849813083,0.0
2024-07-23 06:00:00,228.6029148088778,0.0,62.044011780368535,228.6029148088778,29.399779336624135,0.0
2024-07-23 07:00:00,386.753423641531,14.450323179511804,142.77347360296497,401.20374682104284,29.01211836840026,138.71864236208975
2024-07-23 08:00:00,354.0108665362104,32.49496647625346,139.75069497661974,386.5058330124639,28.413104580442287,297.2744075766366
2024-07-23 09:00:00,393.83166585368986,37.106862517871306,170.32913916045726,430.9385283715612,25.827718861849206,307.27941777931994
2024-07-23 10:00:00,395.5116874908498,47.18298145062699,178.08778136356395,442.6946689414768,26.728234107501514,395.6498091081294
2024-07-23 11:00:00,324.91151257739625,49.430084471962076,150.31136266498834,374.3415970493583,24.99003244415386,400.31582827622805
2024-07-23 12:00:00,383.73581537583567,52.485626393553616,169.21184936812432,436.2214417693893,24.438629197889025,427.8902313179362
2024-07-23 13:00:00,232.18332339570694,68.44669855175394,97.2752350627343,300.6300219474609,24.17899521029861,564.3784047764251
2024-07-23 14:00:00,198.9017577939974,41.027505512176845,70.74056573470999,239.92926330617425,24.397241657991184,327.26888915157934
2024-07-23 15:00:00,420.0388834066374,34.38586141751884,179.29026904415358,454.4247448241562,23.800832069742185,270.55203415055604
2024-07-23 16:00:00,310.2322812711315,38.43572448024499,127.60749138554647,348.6680057513765,24.563703658012294,288.32392882574817
2024-07-23 17:00:00,433.21971982072046,18.527820430383038,182.03022251969284,451.7475402511035,25.524964457699337,129.84564994470463
2024-07-23 18:00:00,414.4140415231662,3.307812449842481e-15,169.16124989151118,414.4140415231662,26.096485213240303,7.536078702940972e-14
2024-07-23 19:00:00,401.6075277248391,0.0,156.23262631943072,401.6075277248391,27.021740187925218,0.0
2024-07-23 20:00:00,410.4974704339864,0.0,156.69286318325572,410.4974704339864,27.575215232412692,0.0
2024-07-23 21:00:00,289.7315320612152,0.0,99.3142993013373,289.7315320612152,28.989921222693457,0.0
2024-07-23 22:00:00,33.26770508727426,0.0,0.0,33.26770508727426,30.015407649604736,0.0
2024-07-23 23:00:00,36.5193073802654,0.0,0.0,36.5193073802654,30.71029297883758,0.0
2024-07-24 00:00:00,41.320755845130975,0.0,0.0,41.320755845130975,30.41331691685655,0.0
2024-07-24 01:00:00,36.579211408431064,0.0,0.0,36.579211408431064,31.01860958356302,0.0
2024-07-24 02:00:00,37.497663232255654,0.0,0.0,37.497663232255654,31.10395317924681,0.0
2024-07-24 03:00:00,33.794831552061225,0.0,0.0,33.794831552061225,31.887417232543253,0.0
2024-07-24 04:00:00,37.07907220766582,0.0,0.0,37.07907220766582,30.80854533545934,0.0
2024-07-24 05:00:00,40.06691228706194,0.0,0.0,40.06691228706194,29.598924553024716,0.0
2024-07-24 06:00:00,239.67703213301766,0.0,62.67525799106512,239.67703213301766,28.462583243516008,0.0
2024-07-24 07:00:00,388.39932873529176,14.288288274284367,149.53944002715156,402.6876170095761,27.94371941766871,134.63733628696303
2024-07-24 08:00:00,394.90400968642876,34.29945088822455,153.32133872391017,429.2034605746533,27.002530459389455,319.476468949576
2024-07-24 09:00:00,339.61634580722216,47.38902269773681,147.83732781972526,387.005368504959,26.518267513193553,420.1587941452939
2024-07-24 10:00:00,422.12266989165624,39.13205949941497,187.2183793682381,461.25472939107124,25.068294764594793,317.7489713182734
2024-07-24 11:00:00,381.6757836862657,51.48000530591826,165.92242945196244,433.15578899218394,25.28963773879673,425.4927792630706
2024-07-24 12:00:00,406.3776187668739,61.94773804220404,202.17191101717512,468.32535680907796,23.44255247099626,513.324888175839
2024-07-24 13:00:00,242.0320702909148,56.48270640960144,102.67365606654765,298.5147767005162,22.971419927019497,459.73549360713866
2024-07-24 14:00:00,189.54218912182952,40.98379447556896,69.88679447711243,230.5259835973985,23.60086488322677,324.70738935519887
2024-07-24 15:00:00,332.4801352272763,46.295927730875704,147.48351309519913,378.776062958152,23.366402970579948,361.03362164682653
2024-07-24 16:00:00,383.050829644322,31.61141481417727,161.39955255156286,414.6622444584993,23.508217046951764,240.26667393239725
2024-07-24 17:00:00,403.33497994907424,24.91259938425168,166.19940656963914,428.2475793333259,24.37501417553411,162.22347148422415
2024-07-24 18:00:00,394.92380659171295,5.048183974550358e-15,154.48539745459485,394.92380659171295,25.037679972649983,5.6584713566677695e-14
2024-07-24 19:00:00,410.3638598311235,0.0,157.33078306198854,410.3638598311235,26.26762339494773,0.0
2024-07-24 20:00:00,424.6133321096401,0.0,171.93243923425655,424.6133321096401,26.85818749303231,0.0
2024-07-24 21:00:00,300.1910514753748,0.0,103.35362200276302,300.1910514753748,27.80472236592323,0.0
2024-07-24 22:00:00,38.36754184642473,0.0,0.0,38.36754184642473,28.915990028078795,0.0
2024-07-24 23:00:00,30.561354395839402,0.0,0.0,30.561354395839402,30.15041740671007,0.0
2024-07-25 00:00:00,31.611807438210953,0.0,0.0,31.611807438210953,33.50020456116126,0.0
2024-07-25 01:00:00,33.23465464784257,0.0,0.0,33.23465464784257,33.1883670884251,0.0
2024-07-25 02:00:00,28.651038649737828,0.0,0.0,28.651038649737828,33.34651447455659,0.0
2024-07-25 03:00:00,34.208575304163105,0.0,0.0,34.208575304163105,33.022889798535154,0.0
2024-07-25 04:00:00,38.810464600313665,0.0,0.0,38.810464600313665,33.005456138446405,0.0
2024-07-25 05:00:00,36.027198753855465,0.0,0.0,36.027198753855465,32.40372632961632,0.0
2024-07-25 06:00:00,223.51005734366885,0.0,57.17616118135533,223.51005734366885,32.14666675671554,0.0
2024-07-25 07:00:00,439.3859220871516,10.83937619427789,169.6817248738136,450.2252982814295,29.695257258452443,89.55842362858942
2024-07-25 08:00:00,413.4152786568196,23.064148200284585,174.1247505103528,436.4794268571042,29.616494043315228,191.3081941066861
2024-07-25 09:00:00,364.33426810976414,45.14676439991044,155.26043213766044,409.4810325096746,28.997471191876333,399.8745821191361
2024-07-25 10:00:00,347.03201647713337,45.34398717201956,153.58342228831458,392.37600364915295,27.970600936400277,378.8288866941683
2024-07-25 11:00:00,404.1653501128057,42.145859228644646,172.28424081106098,446.31120934145036,26.78928266497036,343.5955005190194
2024-07-25 12:00:00,291.2133782270703,49.717629142922476,122.54405864603358,340.93100736999276,26.052970662305555,407.96895945509925
2024-07-25 13:00:00,255.30655377685252,37.40165459463277,99.02063625802022,292.7082083714853,26.756163736174027,299.90753609072783
2024-07-25 14:00:00,213.01778206378015,38.536532641993084,76.7872241704412,251.55431470577324,25.855279989973127,307.2792289022683
2024-07-25 15:00:00,293.6158155132494,47.78514892044689,122.16007132127352,341.4009644336963,25.475552277406795,378.49831316720275
2024-07-25 16:00:00,425.4517802330475,27.08241307329864,178.57743530009063,452.53419330634614,27.130940431930743,210.53148169774227
2024-07-25 17:00:00,418.44186604386255,22.025475947864123,173.9829703881768,440.46734199172664,27.488360631241452,148.97290903895592
2024-07-25 18:00:00,380.36238849824383,5.087761269745536e-15,141.2713363180625,380.36238849824383,27.925805866442214,5.200403750620191e-14
2024-07-25 19:00:00,427.3210617443449,0.0,173.5880661507822,427.3210617443449,28.370600460931996,0.0
2024-07-25 20:00:00,448.05909432475113,0.0,181.52342828561038,448.05909432475113,29.67702219348609,0.0
2024-07-25 21:00:00,262.1525627129568,0.0,87.35148972797025,262.1525627129568,31.24740337328976,0.0
2024-07-25 22:00:00,36.57498345276712,0.0,0.0,36.57498345276712,30.676393272156933,0.0
2024-07-25 23:00:00,30.258778536268125,0.0,0.0,30.258778536268125,31.426627840954453,0.0
2024-07-26 00:00:00,37.674881141757226,0.0,0.0,37.674881141757226,29.880841665008123,0.0
2024-07-26 01:00:00,41.44219994666714,0.0,0.0,41.44219994666714,30.531053961833926,0.0
2024-07-26 02:00:00,33.07528590754052,0.0,0.0,33.07528590754052,30.415489464276902,0.0
2024-07-26 03:00:00,35.575592348597894,0.0,0.0,35.575592348597894,30.86578409281404,0.0
2024-07-26 04:00:00,31.6048088299024,0.0,0.0,31.6048088299024,30.7391412986885,0.0
2024-07-26 05:00:00,39.01264302931633,0.0,0.0,39.01264302931633,29.777893534675442,0.0
2024-07-26 06:00:00,236.03398867307615,0.0,61.33231936457961,236.03398867307615,29.193851585096844,0.0
2024-07-26 07:00:00,428.1977210240127,13.604732450805413,165.4307673255767,441.8024534748181,28.205551847089453,122.2020637696181
2024-07-26 08:00:00,424.15658480910173,32.959881507594375,181.13155741722974,457.1164663166961,27.16838945867645,302.2431762901046
2024-07-26 09:00:00,380.20880764591845,42.64891434858984,156.07154636625827,422.85772199450827,25.61098940545262,363.06416268402035
2024-07-26 10:00:00,357.5887871826186,52.10626880916273,164.30550290485243,409.6950559917813,24.899639559417476,435.77797877159065
2024-07-26 11:00:00,336.5674190878086,63.42585362604381,154.02925266679006,399.99327271385243,24.013302440579913,537.0665118469285
2024-07-26 12:00:00,369.49315536754375,68.63483672865509,165.40520087096624,438.12799209619885,24.058294102492713,570.6212316890876
2024-07-26 13:00:00,263.90687514569754,64.37656555177647,109.36211432332895,328.283440697474,23.89903403683424,528.4744170042798
2024-07-26 14:00:00,173.43201204956682,64.36591851750848,66.69891912663812,237.7979305670753,22.939004220828103,515.6680826387646
2024-07-26 15:00:00,373.0673049840402,48.18348426360413,159.10192328925805,421.2507892476444,23.819192544758057,377.46975866906394
2024-07-26 16:00:00,374.26754430196627,33.15397148604039,164.4595145033192,407.4215157880067,23.69493833584315,250.15225001663535
2024-07-26 17:00:00,383.65559967515196,22.625690200214272,151.7896782796692,406.2812898753662,24.154162007297447,150.5654082331777
2024-07-26 18:00:00,391.02324775739544,4.942035275969012e-15,148.59253083186843,391.02324775739544,25.100960704938437,5.886324628188783e-14
2024-07-26 19:00:00,442.8290963772166,0.0,184.8563974840144,442.8290963772166,25.697530506187444,0.0
2024-07-26 20:00:00,479.3054403822214,0.0,192.02220854840198,479.3054403822214,27.466964972198436,0.0
2024-07-26 21:00:00,265.6137391702065,0.0,81.26403733491321,265.6137391702065,27.98549986205315,0.0
2024-07-26 22:00:00,26.774013082399197,0.0,0.0,26.774013082399197,29.321242441712585,0.0
2024-07-26 23:00:00,38.31342122640849,0.0,0.0,38.31342122640849,29.41676097131857,0.0
2024-07-27 00:00:00,40.17401713107355,0.0,0.0,40.17401713107355,30.106373765982433,0.0
2024-07-27 01:00:00,35.64789308176125,0.0,0.0,35.64789308176125,31.595559596097203,0.0
2024-07-27 02:00:00,38.77600733004104,0.0,0.0,38.77600733004104,29.96659764783857,0.0
2024-07-27 03:00:00,32.66674710333591,0.0,0.0,32.66674710333591,31.301108897400326,0.0
2024-07-27 04:00:00,29.39461420539713,0.0,0.0,29.39461420539713,31.13647881574719,0.0
2024-07-27 05:00:00,39.233600424847886,0.0,0.0,39.233600424847886,30.135910365962403,0.0
2024-07-27 06:00:00,188.73734997427306,0.0,59.36574646432491,188.73734997427306,28.862892648993228,0.0
2024-07-27 07:00:00,381.44335017716776,12.195422602152554,152.29654193765685,393.63877277932033,28.89744557740743,103.78937874113863
2024-07-27 08:00:00,299.97035248856963,24.825221792763998,123.25611602441538,324.79557428133364,27.11724720373374,205.68818808911692
2024-07-27 09:00:00,298.2750570751371,31.569111034945994,133.63363409920228,329.8441681100831,26.019368432964555,256.44933217519673
2024-07-27 10:00:00,280.40152846888714,48.08920479477066,132.15692622609603,328.4907332636578,25.333993711582906,398.2806673749887
2024-07-27 11:00:00,345.12040559429516,56.569172500957734,166.91077831482482,401.6895780952529,24.518157279966555,472.4878440953791
2024-07-27 12:00:00,326.23173949255573,56.62131382588661,163.42561428476648,382.85305331844233,23.77372740797341,464.9163734274351
2024-07-27 13:00:00,172.4873026748689,44.62946916279204,76.39829711886256,217.11677183766096,24.452391408721482,357.5946964091424
2024-07-27 14:00:00,9.553127954890762,48.58969354509721,0.0,58.142821499987974,23.391403707367846,388.5393382232804
2024-07-27 15:00:00,34.86337432432741,35.75208834472669,0.0,70.6154626690541,23.882563997206315,280.81276087480836
2024-07-27 16:00:00,41.09839879269232,19.238351029933103,0.0,60.33674982262542,23.5251530257338,148.64372716930566
2024-07-27 17:00:00,46.66850031242288,15.930396014514809,0.0,62.59889632693769,24.81865949040042,114.48383753616456
2024-07-27 18:00:00,58.32820373245464,5.1368011788998545e-15,0.0,58.32820373245465,24.95016486156737,4.926878416531636e-14
2024-07-27 19:00:00,62.22032637836314,0.0,0.0,62.22032637836314,25.7820183143573,0.0
2024-07-27 20:00:00,56.80266056470896,0.0,0.0,56.80266056470896,27.223483928630696,0.0
2024-07-27 21:00:00,57.14157712519659,0.0,0.0,57.14157712519659,28.71248067412803,0.0
2024-07-27 22:00:00,35.71488632294388,0.0,0.0,35.71488632294388,29.248334727548638,0.0
2024-07-27 23:00:00,32.32865213309258,0.0,0.0,32.32865213309258,30.007561810898032,0.0
2024-07-28 00:00:00,16.925498955502352,0.0,0.0,16.925498955502352,30.546995195224003,0.0
2024-07-28 01:00:00,18.380276692917224,0.0,0.0,18.380276692917224,30.793785131404448,0.0
2024-07-28 02:00:00,26.207958913359768,0.0,0.0,26.207958913359768,31.476435191215085,0.0
2024-07-28 03:00:00,14.046298011992139,0.0,0.0,14.046298011992139,30.680016682819303,0.0
2024-07-28 04:00:00,13.997962123374169,0.0,0.0,13.997962123374169,31.029170862437358,0.0
2024-07-28 05:00:00,19.17655658055961,0.0,0.0,19.17655658055961,30.673712075587915,0.0
2024-07-28 06:00:00,13.19937437952045,0.0,0.0,13.19937437952045,28.91017148048008,0.0
2024-07-28 07:00:00,0.03439283147725014,13.193025611390805,0.0,13.227418442868055,28.139508782010186,115.969946687177
2024-07-28 08:00:00,0.0,24.896421745325217,0.0,18.005055751756036,27.308017118760667,207.07744545831918
2024-07-28 09:00:00,0.0,37.48551966462174,0.0,16.08820925599306,25.94151690123244,310.05984255316395
2024-07-28 10:00:00,0.0,59.64826927881929,0.0,18.026262285756125,25.59616350615104,515.6850590475576
2024-07-28 11:00:00,0.0,59.576706738385695,0.0,14.663187740571384,25.756716006424806,497.2285999744708
2024-07-28 12:00:00,0.0,51.93849914506192,0.0,15.736082226503271,24.02698818755476,421.863025334678
2024-07-28 13:00:00,0.0,54.35493711824299,0.0,12.861261827721435,24.862722534283204,443.6028386951917
2024-07-28 14:00:00,0.0,50.17977112232499,0.0,19.31471486126072,23.86414264299143,400.3584093917939
2024-07-28 15:00:00,0.0,36.41943202401348,0.0,16.282938107309434,25.257142298507606,287.1428207301794
2024-07-28 16:00:00,0.0,26.423016258426653,0.0,13.217597489572748,24.208869426064723,202.9959939152022
2024-07-28 17:00:00,0.0,20.615189422891376,0.0,17.989979492046288,25.034000162903972,140.0846978083056
2024-07-28 18:00:00,15.53346505566052,5.131547868070592e-15,0.0,15.533465055660525,25.37577333937177,5.297115085182169e-14
2024-07-28 19:00:00,16.166295453728623,0.0,0.0,16.166295453728623,26.331147827316233,0.0
2024-07-28 20:00:00,18.903503937981366,0.0,0.0,18.903503937981366,28.249954455397162,0.0
2024-07-28 21:00:00,17.220131306414878,0.0,0.0,17.220131306414878,28.72399987239628,0.0
2024-07-28 22:00:00,14.080422037517078,0.0,0.0,14.080422037517078,29.845273761556694,0.0
2024-07-28 23:00:00,14.666815672860066,0.0,0.0,14.666815672860066,29.397943955625866,0.0
2024-07-29 00:00:00,35.56324560435651,0.0,0.0,35.56324560435651,31.995408037313688,0.0
2024-07-29 01:00:00,31.033197284366494,0.0,0.0,31.033197284366494,31.53192363114069,0.0
2024-07-29 02:00:00,31.59050129226293,0.0,0.0,31.59050129226293,31.46824564097276,0.0
2024-07-29 03:00:00,31.09793293931937,0.0,0.0,31.09793293931937,32.1370283589277,0.0
2024-07-29 04:00:00,41.43696258529771,0.0,0.0,41.43696258529771,31.782262977440435,0.0
2024-07-29 05:00:00,34.04190939057346,0.0,0.0,34.04190939057346,31.13845152479168,0.0
2024-07-29 06:00:00,231.79256783692378,0.0,65.75501239775885,231.79256783692378,30.745684103803026,0.0
2024-07-29 07:00:00,458.159947213701,13.450298813309878,196.36019704898646,471.6102460270109,29.979554714164852,121.61166056598596
2024-07-29 08:00:00,427.66195422192743,29.983334366010798,172.38199597575095,457.64528858793824,29.37176956708604,265.74115068611934
2024-07-29 09:00:00,389.9218062581813,35.515106462700416,159.81909382885905,425.4369127208817,27.13586674047745,293.43239322149833
2024-07-29 10:00:00,396.6463553098987,48.09659480647337,167.27590122145637,444.74295011637207,27.637913020214306,403.2752942218967
2024-07-29 11:00:00,364.89254252523335,47.79051429782741,163.34144546129164,412.6830568230608,27.103186908184064,394.3399316265478
2024-07-29 12:00:00,318.13554492993643,59.27642128642897,145.9518004339669,377.4119662163654,25.422700976017637,487.7248654462365
2024-07-29 13:00:00,276.97510834157316,48.895958142533054,118.0564323278074,325.8710664841062,24.421918663940865,394.032970236372
2024-07-29 14:00:00,204.21574732694955,43.865117326354685,76.55155016918592,248.08086465330425,24.445155440954633,350.9753911181247
2024-07-29 15:00:00,374.30505312376977,44.097253009031554,162.0909928433334,418.4023061328013,25.0252388150106,345.7059261453291
2024-07-29 16:00:00,409.1998507663282,28.996499150861585,176.5480320771446,438.1963499171898,26.612886779397368,223.5059847860672
2024-07-29 17:00:00,470.3008582721848,10.529472458505499,198.84858413709233,480.8303307306903,26.170571163437867,80.48921156600215
2024-07-29 18:00:00,450.81649372374875,4.856321325897353e-15,185.40878926984809,450.81649372374875,26.578312839113284,4.247757387547846e-14
2024-07-29 19:00:00,414.67430179156327,0.0,159.92804177217099,414.67430179156327,27.38833711045172,0.0
2024-07-29 20:00:00,421.1378628020309,0.0,163.54870587497544,421.1378628020309,27.975543734986296,0.0
2024-07-29 21:00:00,257.3323232530251,0.0,81.9964089723182,257.3323232530251,29.98005957018821,0.0
2024-07-29 22:00:00,33.527511988820315,0.0,0.0,33.527511988820315,30.34087052512965,0.0
2024-07-29 23:00:00,35.038393973041224,0.0,0.0,35.038393973041224,32.161693386523325,0.0
2024-07-30 00:00:00,36.85396578058678,0.0,0.0,36.85396578058678,32.590150538435644,0.0
2024-07-30 01:00:00,32.09009993244276,0.0,0.0,32.09009993244276,33.04066547701725,0.0
2024-07-30 02:00:00,39.248676691763286,0.0,0.0,39.248676691763286,32.62390451160554,0.0
2024-07-30 03:00:00,34.6271628769655,0.0,0.0,34.6271628769655,32.08018214990187,0.0
2024-07-30 04:00:00,40.35763455696692,0.0,0.0,40.35763455696692,31.839255350057826,0.0
2024-07-30 05:00:00,27.8420460760677,0.0,0.0,27.8420460760677,31.035207189185254,0.0
2024-07-30 06:00:00,261.60157975514915,0.0,71.11349416519626,261.60157975514915,31.450154286885926,0.0
2024-07-30 07:00:00,449.088795010492,13.47008070497717,185.506946362198,462.5588757154692,29.95836599121276,121.55688373719367
2024-07-30 08:00:00,446.1082951246221,12.21105663204984,185.62015174213573,458.31935175667195,29.721207196772912,97.38918242213155
2024-07-30 09:00:00,427.7482884725705,30.415743385419464,176.56716442522372,458.16403185799,28.407047470271838,248.18250890684882
2024-07-30 10:00:00,389.4386801964567,37.35112567936726,170.81371911714982,426.78980587582396,27.348547749091658,302.951444342442
2024-07-30 11:00:00,346.9812926006225,53.76558807303846,148.53609786406383,400.74688067366094,26.18528177533969,444.9654871617425
2024-07-30 12:00:00,362.33941016065137,59.141140076439704,170.27520744997702,421.48055023709105,26.364684380212683,492.48429104277966
2024-07-30 13:00:00,249.97535794227588,31.92074145405705,92.74654627754555,281.89609939633294,25.754900026741744,253.8884252455475
2024-07-30 14:00:00,183.4553613567528,51.350834621235855,69.46618422141559,234.80619597798866,26.19604889095459,415.95804327243985
2024-07-30 15:00:00,382.062115163565,25.527448593244838,152.39620781787184,407.58956375680987,25.506511197027343,200.83843394905375
2024-07-30 16:00:00,425.591883615555,18.262257602201455,173.56046447783862,443.8541412177564,26.52192190047986,143.16295630594936
2024-07-30 17:00:00,444.52624001398783,12.125357625439193,186.83153631865488,456.65159763942705,27.590507400935234,91.94612780529563
2024-07-30 18:00:00,433.8677108183158,4.849653808982998e-15,171.2230023471476,433.8677108183158,27.63123488430674,4.272481369568367e-14
2024-07-30 19:00:00,440.4978387864469,0.0,170.41956921537312,440.4978387864469,28.731735995488997,0.0
2024-07-30 20:00:00,441.6257939782481,0.0,180.06494379768236,441.6257939782481,29.53090205006567,0.0
2024-07-30 21:00:00,330.20918456815474,0.0,116.52631307285678,330.20918456815474,31.099869327094464,0.0
2024-07-30 22:00:00,27.56995785001449,0.0,0.0,27.56995785001449,31.180737137823794,0.0
2024-07-30 23:00:00,39.29842445097082,0.0,0.0,39.29842445097082,32.06981008699755,0.0
2024-07-31 00:00:00,31.22084342344727,0.0,0.0,31.22084342344727,32.94415757908635,0.0
2024-07-31 01:00:00,29.78061462075121,0.0,0.0,29.78061462075121,32.924752804269154,0.0
2024-07-31 02:00:00,31.939445978803896,0.0,0.0,31.939445978803896,32.82711883725821,0.0
2024-07-31 03:00:00,32.07110974651071,0.0,0.0,32.07110974651071,33.94540910492887,0.0
2024-07-31 04:00:00,32.1961088678217,0.0,0.0,32.1961088678217,32.45811590767306,0.0
2024-07-31 05:00:00,39.325282700434784,0.0,0.0,39.325282700434784,32.77901266414343,0.0
2024-07-31 06:00:00,237.5195772488829,0.0,65.29192491199136,237.5195772488829,31.889214995290676,0.0
2024-07-31 07:00:00,450.8240970576318,12.374635370479131,173.59686314381736,463.19873242811093,31.295966010405486,107.44892940390608
2024-07-31 08:00:00,442.6046112157154,25.313944258086426,189.93533755380693,467.91855547380186,29.673850668807187,212.6006950309334
2024-07-31 09:00:00,407.64624041002486,32.946070150469914,176.0432661305895,440.59231056049475,28.62997506499837,272.09397278869784
2024-07-31 10:00:00,308.79094446248365,45.562032831153076,131.96077486071516,354.35297729363674,28.370392599148676,380.7764477419625
2024-07-31 11:00:00,355.918505778137,55.470495736387605,153.1922939899042,411.3890015145246,27.310162109342123,466.0809212711162
2024-07-31 12:00:00,389.01782912893464,51.11115228233206,177.3921946574322,440.1289814112667,26.28460359855012,416.8268810036238
2024-07-31 13:00:00,219.34316492159297,47.74829282911128,95.03829070924799,267.09145775070425,27.51972905925723,386.69906506085874
2024-07-31 14:00:00,219.59421950682858,45.44839698856944,75.50634086396383,265.042616495398,26.035502597117524,365.6229326374685
2024-07-31 15:00:00,420.1341490551566,38.817245776527756,195.6557462250688,458.95139483168435,26.05364993209455,307.0384700259017
2024-07-31 16:00:00,375.76683806032673,19.288808359757528,155.26095475961637,395.05564642008426,26.77904988276357,151.25942193028192
2024-07-31 17:00:00,365.5562025619127,16.914945083257674,147.96370593812398,382.4711476451704,28.08276223052484,121.60903451462957
2024-07-31 18:00:00,409.88464427343814,5.0890587165171146e-15,159.04049123579014,409.88464427343814,27.09783915853699,4.904796613732323e-14
2024-07-31 19:00:00,414.73094265472514,0.0,158.08786534417612,414.73094265472514,29.610281829527697,0.0
2024-07-31 20:00:00,457.1717791836709,0.0,190.34545674999322,457.1717791836709,29.475469929370647,0.0
2024-07-31 21:00:00,252.30265876933666,0.0,88.75018925901941,252.30265876933666,30.969335958011747,0.0
2024-07-31 22:00:00,33.953958305605404,0.0,0.0,33.953958305605404,31.343203199236896,0.0
2024-07-31 23:00:00,33.08307939934163,0.0,0.0,33.08307939934163,33.40203884125271,0.0
2024-08-01 00:00:00,34.35475952733134,0.0,0.0,34.35475952733134,32.84736451530276,0.0
2024-08-01 01:00:00,33.23236830257572,0.0,0.0,33.23236830257572,32.78066017557716,0.0
2024-08-01 02:00:00,39.503727796613695,0.0,0.0,39.503727796613695,33.1034198978172,0.0
2024-08-01 03:00:00,35.00284407842638,0.0,0.0,35.00284407842638,33.17952448819862,0.0
2024-08-01 04:00:00,38.535145832483586,0.0,0.0,38.535145832483586,32.87389277586268,0.0
2024-08-01 05:00:00,38.05092647944901,0.0,0.0,38.05092647944901,32.448220534649614,0.0
2024-08-01 06:00:00,246.0228070515378,0.0,70.90003935481401,246.0228070515378,31.503263254894883,0.0
2024-08-01 07:00:00,483.59722707663593,11.951892652324101,187.89932601572863,495.54911972896,29.971251008290505,101.45008663212668
2024-08-01 08:00:00,443.44635271588095,13.393749838745912,178.51713709416683,456.84010255462687,29.58383172328521,106.86071311131067
2024-08-01 09:00:00,420.7850530589777,19.94333350685604,172.20151197230214,440.7283865658338,29.15142808829765,159.55086703920736
2024-08-01 10:00:00,375.4228146024117,40.61339451773497,162.32351540273146,416.0362091201466,27.66902415554654,333.14143399087334
2024-08-01 11:00:00,440.6348418922871,24.167139759074328,195.50811442571668,464.8019816513614,27.615482464432315,192.54772667006787
2024-08-01 12:00:00,375.55312728656594,38.86069323189109,160.9532816368725,414.41382051845704,26.73873571196941,313.51040338484063
2024-08-01 13:00:00,291.5063040033336,43.086974599952406,108.38801474297797,334.59327860328597,26.26435508834106,347.5265735944509
2024-08-01 14:00:00,195.71499569624802,40.89566370667383,64.9523476730037,236.61065940292187,26.851037505005838,328.27352838889345
2024-08-01 15:00:00,322.60467303547165,30.202724277070107,134.61189912936217,352.80739731254175,25.504159444532164,238.0803295543824
2024-08-01 16:00:00,382.08025416129533,20.452184645052085,160.5508952714174,402.5324388063474,26.38521619635818,159.8347478018912
2024-08-01 17:00:00,415.1741559342689,14.377458823444533,162.42131681090328,429.5516147577135,27.895306179422516,106.54399654354351
2024-08-01 18:00:00,412.898874772309,4.943795646631319e-15,162.63398003199237,412.898874772309,28.918990140312808,4.520693729015317e-14
2024-08-01 19:00:00,390.3425632222698,0.0,154.10488364673944,390.3425632222698,29.99109514321307,0.0
2024-08-01 20:00:00,445.6019755054862,0.0,175.32521080602513,445.6019755054862,29.779143323905192,0.0
2024-08-01 21:00:00,318.21333829434906,0.0,106.29718587519618,318.21333829434906,30.888780906402637,0.0
2024-08-01 22:00:00,35.09420567646385,0.0,0.0,35.09420567646385,31.912679472353876,0.0
2024-08-01 23:00:00,34.77287555108576,0.0,0.0,34.77287555108576,32.8663769289681,0.0
2024-08-02 00:00:00,28.670836233272606,0.0,0.0,28.670836233272606,31.688563331664607,0.0
2024-08-02 01:00:00,40.98229686620303,0.0,0.0,40.98229686620303,32.34474330481646,0.0
2024-08-02 02:00:00,31.466786216085953,0.0,0.0,31.466786216085953,32.23081535130395,0.0
2024-08-02 03:00:00,38.80568953137782,0.0,0.0,38.80568953137782,32.14278081404762,0.0
2024-08-02 04:00:00,41.74108253835432,0.0,0.0,41.74108253835432,31.07283274587719,0.0
2024-08-02 05:00:00,29.923082648326442,0.0,0.0,29.923082648326442,30.811195325546493,0.0
2024-08-02 06:00:00,230.07818044036463,0.0,63.981595197201045,230.07818044036463,29.989543852042782,0.0
2024-08-02 07:00:00,408.11687137385377,14.326950229111985,159.81544394806423,422.4438216029657,28.812347382151252,134.11888100708114
2024-08-02 08:00:00,372.13178183452834,25.658436211040385,147.66364366675538,397.79021804556874,27.675125838976232,213.9146609511688
2024-08-02 09:00:00,400.360551308083,41.47522747702501,169.19697851985904,441.835778785108,27.383248043926795,353.4337825523134
2024-08-02 10:00:00,405.49374920914255,48.48501700979211,187.735670020764,453.97876621893465,26.61898728786356,405.30090720009076
2024-08-02 11:00:00,414.9322932035885,58.71953096396647,187.74718268212263,473.65182416755493,26.078573254942697,488.53414719896006
2024-08-02 12:00:00,344.50273088274855,43.17834329109975,155.1140394914274,387.6810741738483,25.747708458256223,348.8934979733043
2024-08-02 13:00:00,278.55000899615163,52.24809435997772,118.71279849356829,330.79810335612933,25.214249180872866,424.998281737693
2024-08-02 14:00:00,181.40862262337512,48.35711185126874,63.60966875412225,229.76573447464386,24.872472862316403,386.81016973226133
2024-08-02 15:00:00,344.10759689669567,45.0844462518871,148.23699497525007,389.1920431485828,24.662624901181516,352.4627766228674
2024-08-02 16:00:00,351.0229661524083,26.08586105786067,142.52953587480326,377.10882721026894,25.908374086586765,201.649790835705
2024-08-02 17:00:00,365.43674575065234,8.76151859348307,147.2415817424582,374.1982643441354,25.975143608284075,67.56887983158197
2024-08-02 18:00:00,433.9948022362294,4.990151382375845e-15,170.50687197151868,433.9948022362294,26.534033553578237,4.517130057801531e-14
2024-08-02 19:00:00,414.2634216522771,0.0,160.75184194133374,414.2634216522771,27.501834652016232,0.0
2024-08-02 20:00:00,401.0389800042403,0.0,154.5718700966342,401.0389800042403,28.134556277404336,0.0
2024-08-02 21:00:00,289.2065725533689,0.0,90.6107889028378,289.2065725533689,29.14145814723496,0.0
2024-08-02 22:00:00,33.512188329806584,0.0,0.0,33.512188329806584,29.969699294436598,0.0
2024-08-02 23:00:00,34.9511526688942,0.0,0.0,34.9511526688942,30.83213347623437,0.0
2024-08-03 00:00:00,33.4922628909189,0.0,0.0,33.4922628909189,33.08359276016218,0.0
2024-08-03 01:00:00,35.94045518368735,0.0,0.0,35.94045518368735,33.308922794789645,0.0
2024-08-03 02:00:00,30.074690379266066,0.0,0.0,30.074690379266066,33.997995072147994,0.0
2024-08-03 03:00:00,36.72262304332748,0.0,0.0,36.72262304332748,33.71123130657534,0.0
2024-08-03 04:00:00,39.44559823398969,0.0,0.0,39.44559823398969,33.73392616837043,0.0
2024-08-03 05:00:00,40.629655252294654,0.0,0.0,40.629655252294654,32.47907934249593,0.0
2024-08-03 06:00:00,171.35923924033523,0.0,50.00688106760966,171.35923924033523,31.746178979694367,0.0
2024-08-03 07:00:00,310.52651046418754,12.317513533808091,127.7695900151153,322.84402399799563,30.386785137547854,105.84221916344224
2024-08-03 08:00:00,354.3502334295864,26.636485404692305,154.4908962477403,380.9867188342787,30.13763381725535,227.00806085948741
2024-08-03 09:00:00,366.9958668972211,41.73282282741714,165.54179462951174,408.72868972463823,28.490701245627232,354.5773947079094
2024-08-03 10:00:00,353.6670625019396,46.194777487542424,166.40887278421695,399.861839989482,27.23939860631681,384.2208870526715
2024-08-03 11:00:00,314.1610141033999,49.177335898205534,149.88639416792603,363.3383500016054,28.012914330478562,407.71239910669317
2024-08-03 12:00:00,269.5298304664463,50.422885044368925,133.34582863450112,319.9527155108152,26.068946657945727,412.98990236835715
2024-08-03 13:00:00,170.83397861645636,57.26189289545361,78.53034950732588,228.09587151191,26.56331187129366,471.83139734945024
2024-08-03 14:00:00,11.691894347770976,46.93972674571984,0.0,58.631621093490814,25.78446068209092,377.1562953408074
2024-08-03 15:00:00,18.679642116464777,38.286962597525836,0.0,56.96660471399061,26.90721978789178,302.80371087844446
2024-08-03 16:00:00,42.65097512017396,23.161794751830605,0.0,65.81276987200457,27.32501244814741,180.58700455947772
2024-08-03 17:00:00,47.23403080123215,16.864719129940358,0.0,64.0987499311725,27.51434153806628,121.2865868074924
2024-08-03 18:00:00,60.70869094598579,5.026386842274031e-15,0.0,60.7086909459858,28.5978087232457,5.497950418161514e-14
2024-08-03 19:00:00,53.93269272603523,0.0,0.0,53.93269272603523,28.82242824856434,0.0
2024-08-03 20:00:00,54.95970129827382,0.0,0.0,54.95970129827382,30.841713708920626,0.0
2024-08-03 21:00:00,59.787800627065685,0.0,0.0,59.787800627065685,31.003575643112878,0.0
2024-08-03 22:00:00,35.33162840999535,0.0,0.0,35.33162840999535,31.024350588695754,0.0
2024-08-03 23:00:00,35.21013900827968,0.0,0.0,35.21013900827968,32.23430345703258,0.0
2024-08-04 00:00:00,15.018019869780598,0.0,0.0,15.018019869780598,30.64963836336637,0.0
2024-08-04 01:00:00,13.223343797386189,0.0,0.0,13.223343797386189,30.950328826021277,0.0
2024-08-04 02:00:00,17.551819148960607,0.0,0.0,17.551819148960607,30.366230849278764,0.0
2024-08-04 03:00:00,13.340930359335005,0.0,0.0,13.340930359335005,31.268973127461837,0.0
2024-08-04 04:00:00,17.347205868033683,0.0,0.0,17.347205868033683,30.03301288700363,0.0
2024-08-04 05:00:00,11.272087750581544,0.0,0.0,11.272087750581544,28.90697055712009,0.0
2024-08-04 06:00:00,10.055920163446004,0.0,0.0,10.055920163446004,29.272793642666716,0.0
2024-08-04 07:00:00,7.377670888185287,12.640865237093282,0.0,20.01853612527857,28.222720294391074,108.59042401070782
2024-08-04 08:00:00,0.0,22.476769851750078,0.0,19.536418775948203,27.264031956910593,183.35025205763046
2024-08-04 09:00:00,0.0,45.588732575821545,0.0,19.260310028435114,25.237385830186785,392.59328833889685
2024-08-04 10:00:00,0.0,47.62573169082958,0.0,13.940400038738929,25.519379025251844,395.67001421275165
2024-08-04 11:00:00,0.0,50.751800134725194,0.0,11.797726084090662,25.1331057964891,414.69256045736563
2024-08-04 12:00:00,0.0,50.67276484012008,0.0,17.905831603616736,24.346634579934786,409.8035049411893
2024-08-04 13:00:00,0.0,61.99736364064071,0.0,11.059950188599739,24.507731909343295,507.19472899619217
2024-08-04 14:00:00,0.0,64.25133759875598,0.0,22.076763547314258,24.89113078746615,517.3885816230041
2024-08-04 15:00:00,0.0,41.868754994931145,0.0,15.329936851032617,24.572243791344217,326.89707307542
2024-08-04 16:00:00,0.0,31.304959324169424,0.0,27.583598853734475,25.176908697033824,238.27653560271918
2024-08-04 17:00:00,0.0,22.14112107805407,0.0,12.854870786699108,25.774490073899678,148.66045918816562
2024-08-04 18:00:00,19.571059974735245,4.935042328617512e-15,0.0,19.57105997473525,25.435370079695012,4.35168460229611e-14
2024-08-04 19:00:00,12.41079945841167,0.0,0.0,12.41079945841167,27.008491151712644,0.0
2024-08-04 20:00:00,16.203109197183046,0.0,0.0,16.203109197183046,28.1923791399111,0.0
2024-08-04 21:00:00,17.8914245462652,0.0,0.0,17.8914245462652,28.382686882062952,0.0
2024-08-04 22:00:00,21.76166294316856,0.0,0.0,21.76166294316856,29.049487138213223,0.0
2024-08-04 23:00:00,20.950214035818174,0.0,0.0,20.950214035818174,30.434877426989505,0.0
2024-08-05 00:00:00,38.20365451512947,0.0,0.0,38.20365451512947,28.60523525999734,0.0
2024-08-05 01:00:00,37.66587948046755,0.0,0.0,37.66587948046755,29.151698883124233,0.0
2024-08-05 02:00:00,31.508488540566262,0.0,0.0,31.508488540566262,29.481582608853927,0.0
2024-08-05 03:00:00,35.58040650105905,0.0,0.0,35.58040650105905,29.920958281222735,0.0
2024-08-05 04:00:00,34.50101529377503,0.0,0.0,34.50101529377503,29.45550595666901,0.0
2024-08-05 05:00:00,37.43404462432704,0.0,0.0,37.43404462432704,29.306019956574623,0.0
2024-08-05 06:00:00,231.6783549552575,0.0,68.07066103569632,231.6783549552575,27.604025755463933,0.0
2024-08-05 07:00:00,394.95798802359843,12.044917473721188,148.7626590232034,407.0029054973196,26.73309095487071,100.53735004072927
2024-08-05 08:00:00,423.9461353096151,21.811295502475105,178.2273165018587,445.7574308120902,26.576916767020474,176.64777609623084
2024-08-05 09:00:00,411.8948204566628,50.481275776172346,190.25836490954478,462.37609623283515,25.0097606727333,445.37669710983636
2024-08-05 10:00:00,443.16324533309637,45.769561863350894,201.34405198431304,488.93280719644724,24.26320882489843,372.0314234020437
2024-08-05 11:00:00,376.7775355603225,55.521970038960085,171.78628264413442,432.2995055992826,22.911704628866854,452.02477793213484
2024-08-05 12:00:00,306.27799149013936,55.04998850557111,133.64823743676598,361.32797999571045,23.429294870106897,448.17686171143674
2024-08-05 13:00:00,250.31740949296199,61.647497201195,103.72219858434624,311.964906694157,23.704865626541988,502.3432277350578
2024-08-05 14:00:00,158.07542358989352,66.64973892438488,70.89693323785876,224.7251625142784,22.30031632449545,530.9959823606825
2024-08-05 15:00:00,364.3105570475662,47.535633049574976,161.11943103944066,411.8461900971412,23.44507219649396,369.45218065145747
2024-08-05 16:00:00,397.8050960193991,23.61763063050782,168.54946804465186,421.4227266499069,23.25417257890513,181.50678067057044
2024-08-05 17:00:00,389.119808570687,13.070534610692505,157.0234656449433,402.1903431813795,22.957379729287712,96.59539116356584
2024-08-05 18:00:00,403.78071815239093,5.1203289541051e-15,162.7940224698095,403.78071815239093,24.117597354831577,5.4874952223593696e-14
2024-08-05 19:00:00,431.6960416628801,0.0,181.78853525765834,431.6960416628801,24.930860458384934,0.0
2024-08-05 20:00:00,451.06993896254926,0.0,187.918891713327,451.06993896254926,26.156696890075327,0.0
2024-08-05 21:00:00,262.800845268363,0.0,86.4199816728509,262.800845268363,27.430584584727818,0.0
2024-08-05 22:00:00,34.84540574818437,0.0,0.0,34.84540574818437,28.989422201266358,0.0
2024-08-05 23:00:00,35.33084350145016,0.0,0.0,35.33084350145016,28.074261619339314,0.0
2024-08-06 00:00:00,35.456401237489665,0.0,0.0,35.456401237489665,30.483342928732934,0.0
2024-08-06 01:00:00,31.65553357123815,0.0,0.0,31.65553357123815,30.627392679503775,0.0
2024-08-06 02:00:00,32.867297733180024,0.0,0.0,32.867297733180024,30.560652983202743,0.0
2024-08-06 03:00:00,34.63953370401334,0.0,0.0,34.63953370401334,31.123106949263914,0.0
2024-08-06 04:00:00,32.23571388426379,0.0,0.0,32.23571388426379,30.726471622786352,0.0
2024-08-06 05:00:00,34.17320212436557,0.0,0.0,34.17320212436557,29.262615274558872,0.0
2024-08-06 06:00:00,235.44493742335735,0.0,62.62527226275333,235.44493742335735,29.453717977920125,0.0
2024-08-06 07:00:00,370.481980213372,12.711802307905558,138.79050088458112,383.19378252127757,27.997811375350647,108.93259335132147
2024-08-06 08:00:00,461.77683198995925,24.64940406343325,195.33235027050043,486.4262360533925,27.70055657351488,203.73791571958213
2024-08-06 09:00:00,414.2425911181785,35.764948897729916,179.3678620715705,450.00754001590843,27.423524302691614,295.68417145427446
2024-08-06 10:00:00,299.494997001142,53.10428140640022,131.98344390133354,352.5992784075422,26.17617669448536,446.04495760861244
2024-08-06 11:00:00,373.7682879012001,45.54828090713071,163.9351764194189,419.3165688083308,25.30852752699802,370.1324441617803
2024-08-06 12:00:00,346.6773844840909,69.12361046599347,160.3229253095222,415.8009949500844,24.399170922000163,574.7344280607865
2024-08-06 13:00:00,234.38802931156533,41.31330098733997,91.51620445244465,275.7013302989053,24.347336147358043,330.50905107051614
2024-08-06 14:00:00,191.93004287069832,61.411197977963816,72.83943029244024,253.34124084866212,24.47626982507113,489.86326934036975
2024-08-06 15:00:00,412.95458494191087,33.03742951546046,181.72088290081666,445.99201445737134,24.54598549333986,258.53087718911763
2024-08-06 16:00:00,394.7012879318787,29.129253998148133,169.445951559748,423.83054193002687,24.613944418795082,221.39783720259453
2024-08-06 17:00:00,393.3470045877598,14.25955090127138,154.41273471492352,407.60655548903117,25.328457141763934,104.98160531952051
2024-08-06 18:00:00,106.88489359935654,5.142699831291796e-15,0.0,106.88489359935654,25.28636180392635,5.103706975668736e-14
2024-08-06 19:00:00,125.63168701980516,0.0,0.0,125.63168701980516,26.4216076686997,0.0
2024-08-06 20:00:00,433.18155008449804,0.0,157.45725010290627,433.18155008449804,28.048422590220383,0.0
2024-08-06 21:00:00,301.5987769358202,0.0,98.94236760424094,301.5987769358202,29.02152584749332,0.0
2024-08-06 22:00:00,33.81052741099516,0.0,0.0,33.81052741099516,29.491442009367073,0.0
2024-08-06 23:00:00,31.538263803831022,0.0,0.0,31.538263803831022,30.908999315282884,0.0
2024-08-07 00:00:00,32.28865801128828,0.0,0.0,32.28865801128828,30.817586004344676,0.0
2024-08-07 01:00:00,25.521878252322946,0.0,0.0,25.521878252322946,30.79666401594866,0.0
2024-08-07 02:00:00,43.73205918389695,0.0,0.0,43.73205918389695,30.422611006348177,0.0
2024-08-07 03:00:00,30.891928844449996,0.0,0.0,30.891928844449996,31.632594399894653,0.0
2024-08-07 04:00:00,33.7724436922788,0.0,0.0,33.7724436922788,30.94873502469128,0.0
2024-08-07 05:00:00,29.83437552253286,0.0,0.0,29.83437552253286,30.90651682848663,0.0
2024-08-07 06:00:00,242.7816310698346,0.0,69.68333523481195,242.7816310698346,30.365911110620413,0.0
2024-08-07 07:00:00,369.3490898673803,14.83284783897911,139.69678035664558,384.1819377063594,27.7948838873359,141.73513754326387
2024-08-07 08:00:00,392.6145056783238,29.931482334426956,152.48995931094083,422.54598801275074,26.890320510804862,258.8349255832786
2024-08-07 09:00:00,393.6449279992942,33.91922567250746,164.444066146491,427.5641536718017,25.1950207687251,274.30837210324677
2024-08-07 10:00:00,419.7202525939332,35.140938437781095,190.8281908041907,454.86119103171427,26.241668451383333,282.5340925789718
2024-08-07 11:00:00,387.1786069101225,54.91038538662527,178.94800357511966,442.08899229674773,25.38585499245934,451.4270897482911
2024-08-07 12:00:00,387.33345879153507,32.35958246613909,164.94086357786605,419.69304125767417,24.550287969685844,256.28006290115377
2024-08-07 13:00:00,241.20776910342184,61.649985183329505,102.98285620043778,302.85775428675134,23.53868037533502,499.16759653381297
2024-08-07 14:00:00,180.62698479138032,45.43534665559226,65.33007447307952,226.0623314469726,23.987970538306072,360.4154924028531
2024-08-07 15:00:00,409.8315250402233,51.815903195480495,182.77419226851399,461.6474282357038,24.24409973836057,404.17052239385345
2024-08-07 16:00:00,418.2567059661776,19.37897548254797,172.15692699801087,437.63568144872556,24.892761303062503,150.57761650655615
2024-08-07 17:00:00,437.54183495673936,18.621478831825755,186.10020403232394,456.1633137885651,25.194107105948184,129.97471166135725
2024-08-07 18:00:00,379.7964214582672,5.123700787562421e-15,142.63691174032115,379.7964214582672,26.11438803036404,5.201882467492401e-14
2024-08-07 19:00:00,381.0280417574225,0.0,151.6978560884964,381.0280417574225,26.56455529005261,0.0
2024-08-07 20:00:00,435.52605331372564,0.0,169.53042705448485,435.52605331372564,28.123228329831083,0.0
2024-08-07 21:00:00,299.6141771404617,0.0,103.88576076782158,299.6141771404617,28.754219079449,0.0
2024-08-07 22:00:00,38.530315679268526,0.0,0.0,38.530315679268526,28.689020847518044,0.0
2024-08-07 23:00:00,34.198713301110324,0.0,0.0,34.198713301110324,30.701971300849493,0.0
2024-08-08 00:00:00,24.700318058974236,0.0,0.0,24.700318058974236,31.38549018844409,0.0
2024-08-08 01:00:00,36.15438213153658,0.0,0.0,36.15438213153658,31.355093274379197,0.0
2024-08-08 02:00:00,34.90032326286784,0.0,0.0,34.90032326286784,31.38197436633472,0.0
2024-08-08 03:00:00,35.398419829456955,0.0,0.0,35.398419829456955,31.95166169029189,0.0
2024-08-08 04:00:00,29.696521150801118,0.0,0.0,29.696521150801118,29.956047993950488,0.0
2024-08-08 05:00:00,32.059920513861925,0.0,0.0,32.059920513861925,30.83710151002373,0.0
2024-08-08 06:00:00,272.71721896123853,0.0,81.84223377003327,272.71721896123853,29.25351216455381,0.0
2024-08-08 07:00:00,379.6999080496345,12.875151395884295,135.1721805112044,392.5750594455188,29.195070894905,111.81259225040928
2024-08-08 08:00:00,393.7908237756787,25.224071906665493,164.45425833599705,419.01489568234416,27.80180343742551,208.5889130658105
2024-08-08 09:00:00,376.18962093870056,32.1654718234281,163.71428717878186,408.35509276212866,26.214285844278045,260.7691123800761
2024-08-08 10:00:00,396.5276428498035,46.7341201554593,168.92433710493665,443.2617630052628,25.74335560882314,383.05719432632327
2024-08-08 11:00:00,414.6407909688526,46.37157951520091,193.59880025126043,461.0123704840535,25.777606316271054,377.6088318771442
2024-08-08 12:00:00,391.3133060551057,45.534180547199014,179.45854763658474,436.84748660230474,24.605422659935513,364.04499697885046
2024-08-08 13:00:00,207.53558337650415,53.170248713821444,83.12025821682961,260.7058320903256,24.050132414470195,429.8385100867227
2024-08-08 14:00:00,219.8938379227603,41.604431097749654,76.1228123520274,261.49826902050995,23.927529484943477,330.0971240254885
2024-08-08 15:00:00,438.53914208881395,29.790527394674687,189.84673990277878,468.32966948348866,24.681998832946146,234.3576477870685
2024-08-08 16:00:00,401.8961288204296,28.484088152277195,169.34073035878137,430.3802169727068,25.58584411566543,218.84602103274472
2024-08-08 17:00:00,363.01522453978123,13.561887260392334,138.30687341001027,376.57711180017355,24.19630009436993,100.2256816111937
2024-08-08 18:00:00,414.95018576319177,5.093296938458774e-15,162.498286901715,414.95018576319177,27.39195773751263,5.256947849950943e-14
2024-08-08 19:00:00,419.3821834514503,0.0,172.73401180051593,419.3821834514503,26.93762197047023,0.0
2024-08-08 20:00:00,455.89732087642244,0.0,181.44309172116826,455.89732087642244,28.0317275814904,0.0
2024-08-08 21:00:00,269.2684583640596,0.0,81.47256686663596,269.2684583640596,28.429351298126107,0.0
2024-08-08 22:00:00,36.783469975170156,0.0,0.0,36.783469975170156,29.489857951412574,0.0
2024-08-08 23:00:00,34.223945076837225,0.0,0.0,34.223945076837225,30.312745754059456,0.0
2024-08-09 00:00:00,41.09859108666138,0.0,0.0,41.09859108666138,29.85529124198675,0.0
2024-08-09 01:00:00,32.599689527184985,0.0,0.0,32.599689527184985,30.326649997792707,0.0
2024-08-09 02:00:00,30.883843301895578,0.0,0.0,30.883843301895578,31.44103409535536,0.0
2024-08-09 03:00:00,39.72635934272104,0.0,0.0,39.72635934272104,29.95331729424186,0.0
2024-08-09 04:00:00,27.667843974980446,0.0,0.0,27.667843974980446,30.60035878981204,0.0
2024-08-09 05:00:00,33.194476011840656,0.0,0.0,33.194476011840656,29.638365604378055,0.0
2024-08-09 06:00:00,235.7769284760645,0.0,60.92390998539341,235.7769284760645,28.618396750171947,0.0
2024-08-09 07:00:00,453.3527945798243,15.124013438585527,183.1172707887827,468.4768080184098,29.240582908753257,149.22202219147707
2024-08-09 08:00:00,446.70766354121895,20.819902032709674,189.77912366617966,467.5275655739286,26.871499044279016,167.93575508191014
2024-08-09 09:00:00,399.0694756480051,40.921061053441456,172.10370263894183,439.99053670144656,25.877832667183675,340.49408044132866
2024-08-09 10:00:00,407.41648959753246,60.37440275889818,183.9504515247345,467.7908923564306,25.505263973149464,519.2268930248006
2024-08-09 11:00:00,387.62926067996216,52.569132421984655,172.5121409716043,440.1983931019468,24.48959727370577,429.2674364383605
2024-08-09 12:00:00,404.8656698686556,51.97728451930962,180.89089850888027,456.84295438796516,24.320851740161473,422.08495396390794
2024-08-09 13:00:00,245.4312146649622,42.8525743640823,100.43671052381137,288.2837890290445,24.04570958122369,341.35833155051955
2024-08-09 14:00:00,166.8279703092681,56.67447797791789,69.16766038524024,223.50244828718598,23.966079357727196,454.1501021982742
2024-08-09 15:00:00,351.01221071187746,34.81891134176664,144.84065320917853,385.8311220536441,23.906064509276213,271.2599930464834
2024-08-09 16:00:00,419.6436430571382,28.565618918588655,176.91526488854745,448.20926197572686,23.966580560118086,217.47192243131065
2024-08-09 17:00:00,351.4659932371502,11.974551014738699,144.3361780098937,363.4405442518889,25.195578112096484,90.15369312834277
2024-08-09 18:00:00,438.81796803629067,4.112851582401038e-15,176.8967650886797,438.81796803629067,25.542903941657663,6.863818144628481e-14
2024-08-09 19:00:00,408.70529023128256,0.0,157.75677988980297,408.70529023128256,26.19507501102342,0.0
2024-08-09 20:00:00,449.08654451402947,0.0,171.1048070154044,449.08654451402947,28.088747174458494,0.0
2024-08-09 21:00:00,275.9469909384167,0.0,89.56731246599082,275.9469909384167,28.19396100257283,0.0
2024-08-09 22:00:00,35.39504167113801,0.0,0.0,35.39504167113801,29.64474362565803,0.0
2024-08-09 23:00:00,32.626965721280826,0.0,0.0,32.626965721280826,30.437043282617346,0.0
2024-08-10 00:00:00,35.8898605498409,0.0,0.0,35.8898605498409,31.62159383786278,0.0
2024-08-10 01:00:00,29.78810303176528,0.0,0.0,29.78810303176528,31.672987802971633,0.0
2024-08-10 02:00:00,38.11775238347071,0.0,0.0,38.11775238347071,31.446351758466463,0.0
2024-08-10 03:00:00,30.282576804652635,0.0,0.0,30.282576804652635,31.29538805359057,0.0
2024-08-10 04:00:00,32.65087746142582,0.0,0.0,32.65087746142582,30.855697360908238,0.0
2024-08-10 05:00:00,28.056825665136046,0.0,0.0,28.056825665136046,29.338094406050697,0.0
2024-08-10 06:00:00,58.855879300961625,0.0,0.0,58.855879300961625,30.056071909778275,0.0
2024-08-10 07:00:00,48.02210586648976,14.14032564313859,0.0,62.16243150962835,28.97476794795571,129.49104912668622
2024-08-10 08:00:00,35.89624919313293,25.247668435112903,0.0,61.14391762824584,28.359430640008657,209.1544316669196
2024-08-10 09:00:00,19.371160681457795,40.380182105630716,0.0,59.75134278708851,26.98230107330954,338.16331509328535
2024-08-10 10:00:00,2.361325000787474,61.86477431420391,0.0,64.22609931499139,26.529081087881107,536.3042099261863
2024-08-10 11:00:00,13.670519668532556,52.73843824334221,0.0,66.40895791187477,24.783041241320706,431.5731048223904
2024-08-10 12:00:00,4.872618046238571,61.05853185998018,0.0,65.93114990621875,24.330946789028022,502.49893471738295
2024-08-10 13:00:00,26.246260182632867,42.87934036263229,0.0,69.12560054526516,23.327822315031916,342.2296725018294
2024-08-10 14:00:00,0.0,63.45211322009623,0.0,58.11356205432996,24.379493908988533,509.9247321633979
2024-08-10 15:00:00,14.50134440183227,39.43940449973303,0.0,53.9407489015653,24.179665321003306,309.01598265339425
2024-08-10 16:00:00,22.34481212190392,37.01680661456631,0.0,59.361618736470234,24.4638886560736,276.5614274255915
2024-08-10 17:00:00,45.77124021015574,16.787548930624077,0.0,62.558789140779815,25.639120961734083,120.07148539627542
2024-08-10 18:00:00,68.54113067400486,4.5912292647704884e-15,0.0,68.54113067400486,25.98391490980553,6.365252727719938e-14
2024-08-10 19:00:00,55.27198690363137,0.0,0.0,55.27198690363137,26.32425634564369,0.0
2024-08-10 20:00:00,62.09318152677901,0.0,0.0,62.09318152677901,29.219051893280394,0.0
2024-08-10 21:00:00,56.94410676860491,0.0,0.0,56.94410676860491,28.83402985451913,0.0
2024-08-10 22:00:00,35.43023261752956,0.0,0.0,35.43023261752956,29.155086980436497,0.0
2024-08-10 23:00:00,35.258947418973634,0.0,0.0,35.258947418973634,30.086624510590735,0.0
2024-08-11 00:00:00,18.867068058637123,0.0,0.0,18.867068058637123,32.18853808565323,0.0
2024-08-11 01:00:00,23.506544170505563,0.0,0.0,23.506544170505563,32.537138067795425,0.0
2024-08-11 02:00:00,18.701548033851623,0.0,0.0,18.701548033851623,33.39510279343523,0.0
2024-08-11 03:00:00,14.293574615022157,0.0,0.0,14.293574615022157,32.58504607010792,0.0
2024-08-11 04:00:00,16.082372209808867,0.0,0.0,16.082372209808867,33.20271365609196,0.0
2024-08-11 05:00:00,12.4122173112093,0.0,0.0,12.4122173112093,31.502682919059158,0.0
2024-08-11 06:00:00,13.592572327623479,0.0,0.0,13.592572327623479,31.20723867704224,0.0
2024-08-11 07:00:00,6.169480460924925,13.337084807123047,0.0,19.50656526804797,30.660877411935033,118.35255441206232
2024-08-11 08:00:00,0.0,28.72553466766578,0.0,10.537124777757239,29.841596809268133,247.07435015970913
2024-08-11 09:00:00,0.0,42.216334417977606,0.0,14.246447932212108,28.994090107767878,359.5745221821642
2024-08-11 10:00:00,0.0,47.30910938330943,0.0,18.02945087121239,27.35801478647223,390.9998087908096
2024-08-11 11:00:00,0.0,57.05563172830649,0.0,11.668456785398014,26.76640229262192,471.8984008847846
2024-08-11 12:00:00,0.0,51.87809951533921,0.0,15.607198236715744,24.97322046038492,421.9088782570669
2024-08-11 13:00:00,0.0,78.46694538510049,0.0,22.698110429811322,25.765275245600275,653.5517280597599
2024-08-11 14:00:00,0.0,62.22093352813138,0.0,20.166784486497594,26.289647745877286,501.27615316898135
2024-08-11 15:00:00,0.0,46.78236124504787,0.0,17.97202667727658,26.3116985048285,367.0492149163356
2024-08-11 16:00:00,0.0,39.26812653901452,0.0,19.797640991453143,26.169688183161718,293.7057041266548
2024-08-11 17:00:00,1.2220653513070285,11.833330927362729,0.0,13.055396278669757,27.618716644224357,90.04512253122977
2024-08-11 18:00:00,18.245636917202543,4.463370080525186e-15,0.0,18.245636917202546,27.30201801473989,3.722279235717968e-14
2024-08-11 19:00:00,19.79375558517082,0.0,0.0,19.79375558517082,27.980084087043522,0.0
2024-08-11 20:00:00,24.194450788190608,0.0,0.0,24.194450788190608,29.00993978929911,0.0
2024-08-11 21:00:00,20.68964351418646,0.0,0.0,20.68964351418646,29.58865480235306,0.0
2024-08-11 22:00:00,16.527413943284127,0.0,0.0,16.527413943284127,31.30521817276406,0.0
2024-08-11 23:00:00,13.933763458110636,0.0,0.0,13.933763458110636,31.863135296869515,0.0
2024-08-12 00:00:00,23.097211634681905,0.0,0.0,23.097211634681905,33.89438715962714,0.0
2024-08-12 01:00:00,14.334790622208233,0.0,0.0,14.334790622208233,33.73186333924122,0.0
2024-08-12 02:00:00,20.086141192587807,0.0,0.0,20.086141192587807,34.02927203352546,0.0
2024-08-12 03:00:00,17.74974236037214,0.0,0.0,17.74974236037214,32.84983955350237,0.0
2024-08-12 04:00:00,24.264870701498573,0.0,0.0,24.264870701498573,33.777510212096146,0.0
2024-08-12 05:00:00,15.543593461954792,0.0,0.0,15.543593461954792,33.08260298487783,0.0
2024-08-12 06:00:00,54.8864086420788,0.0,0.0,54.8864086420788,31.758044692448355,0.0
2024-08-12 07:00:00,36.69702581069067,15.28118301116161,0.0,51.97820882185228,31.41184641501061,153.068364961656
2024-08-12 08:00:00,13.8930615987701,23.86343352881929,0.0,37.75649512758939,30.429383872160003,198.25168047554078
2024-08-12 09:00:00,2.4396620517848504,42.395430394550026,0.0,44.835092446334876,30.53459783284001,362.76541967726274
2024-08-12 10:00:00,0.0,47.21385620401071,0.0,36.3168138033834,28.277745039131187,391.47647297611496
2024-08-12 11:00:00,0.0,50.50355625077321,0.0,50.302745044627095,28.249147878475522,416.95586465948634
2024-08-12 12:00:00,0.0,60.622410360549424,0.0,36.87830936236202,26.981835433610367,504.62886450646414
2024-08-12 13:00:00,0.0,51.490518233418,0.0,42.36444045666515,26.898631409148216,419.0531207244382
2024-08-12 14:00:00,16.632499661875343,27.63360425163816,0.0,44.266103913513504,27.1967180000412,220.1986788400223
2024-08-12 15:00:00,31.0008435867584,20.013361170981867,0.0,51.014204757740266,27.071886635751795,158.24690642490253
2024-08-12 16:00:00,12.319647301554312,36.78083902273922,0.0,49.100486324293534,27.52422418184277,276.6384914062591
2024-08-12 17:00:00,23.74750906828786,20.678767117394656,0.0,44.42627618568252,28.249795843158157,142.3692499099745
2024-08-12 18:00:00,45.935858998977295,3.5030475531420654e-15,0.0,45.935858998977295,28.56146373759581,7.348013185894362e-14
2024-08-12 19:00:00,44.964072774729885,0.0,0.0,44.964072774729885,30.094515132743986,0.0
2024-08-12 20:00:00,33.10415019350501,0.0,0.0,33.10415019350501,30.405568651576285,0.0
2024-08-12 21:00:00,44.99829433186632,0.0,0.0,44.99829433186632,31.415397450277624,0.0
2024-08-12 22:00:00,13.661469647960597,0.0,0.0,13.661469647960597,32.48896416048902,0.0
2024-08-12 23:00:00,14.890463632611517,0.0,0.0,14.890463632611517,33.14668235793042,0.0
2024-08-13 00:00:00,29.99187373972015,0.0,0.0,29.99187373972015,29.782787106406136,0.0
2024-08-13 01:00:00,34.43583693928234,0.0,0.0,34.43583693928234,29.968806823643263,0.0
2024-08-13 02:00:00,40.07277299010322,0.0,0.0,40.07277299010322,30.16409956166726,0.0
2024-08-13 03:00:00,38.50108636476816,0.0,0.0,38.50108636476816,29.64763836581834,0.0
2024-08-13 04:00:00,34.43431213601028,0.0,0.0,34.43431213601028,28.92628759509195,0.0
2024-08-13 05:00:00,32.49788760521989,0.0,0.0,32.49788760521989,28.190638513665657,0.0
2024-08-13 06:00:00,233.63853923388945,0.0,62.676185963114136,233.63853923388945,27.344229157068025,0.0
2024-08-13 07:00:00,434.24833440238103,12.136444099993383,171.07152016977724,446.3847785023744,28.216814247612632,101.58366454472663
2024-08-13 08:00:00,436.7804981290337,27.204444475448817,177.44647194864177,463.9849426044825,25.32319752544211,225.5174327349089
2024-08-13 09:00:00,420.4697208464254,32.36372749252019,183.047554423123,452.8334483389456,26.1205793225189,261.5952557452387
2024-08-13 10:00:00,341.2658755358854,45.42897584727558,146.02378454664165,386.694851383161,24.269149725240435,368.6047886365645
2024-08-13 11:00:00,337.9343829314146,36.941793180274544,140.23130847514673,374.8761761116891,24.54793098279616,294.4510458509086
2024-08-13 12:00:00,319.83004505055476,61.41430735927502,148.9074455235433,381.2443524098298,22.297225303685913,497.08426111373797
2024-08-13 13:00:00,226.3768325924334,49.08377235811686,88.45047859531724,275.46060495055025,22.931296887935794,392.6782082856491
2024-08-13 14:00:00,205.52649135363828,54.84825906062424,76.34107092928075,260.3747504142625,23.656596432401805,435.20764339826155
2024-08-13 15:00:00,408.6324192857477,36.137514579439646,187.11343360017452,444.76993386518734,23.405448620615225,282.2623794844355
2024-08-13 16:00:00,357.55158363003113,26.443929644335192,148.55582390245922,383.9955132743663,23.22986258729824,202.0572284314853
2024-08-13 17:00:00,460.7699876535829,11.077010318960335,193.22009992037792,471.84699797254325,22.983221845972018,83.42501603324519
2024-08-13 18:00:00,457.978185906973,5.013941005946612e-15,186.12822761801155,457.978185906973,24.018339969813706,5.782869927597257e-14
2024-08-13 19:00:00,374.3669898980506,0.0,138.11155284276268,374.3669898980506,26.21829112131004,0.0
2024-08-13 20:00:00,374.1069705141563,0.0,148.00116655422318,374.1069705141563,26.25546363026231,0.0
2024-08-13 21:00:00,271.7026177822152,0.0,82.57332746229547,271.7026177822152,27.299538837041275,0.0
2024-08-13 22:00:00,32.093825986599285,0.0,0.0,32.093825986599285,28.321351783240488,0.0
2024-08-13 23:00:00,36.60101819365981,0.0,0.0,36.60101819365981,28.25303850849831,0.0
2024-08-14 00:00:00,30.765301407703767,0.0,0.0,30.765301407703767,30.189452450884733,0.0
2024-08-14 01:00:00,33.42839549100596,0.0,0.0,33.42839549100596,30.12565109939634,0.0
2024-08-14 02:00:00,31.45538504471291,0.0,0.0,31.45538504471291,30.601569840506876,0.0
2024-08-14 03:00:00,29.80526910511678,0.0,0.0,29.80526910511678,30.04643337946233,0.0
2024-08-14 04:00:00,43.99726129137675,0.0,0.0,43.99726129137675,29.199249330934062,0.0
2024-08-14 05:00:00,30.075580700490075,0.0,0.0,30.075580700490075,29.21590591596601,0.0
2024-08-14 06:00:00,250.72177687945472,0.0,65.42856114033549,250.72177687945472,29.025107256273106,0.0
2024-08-14 07:00:00,425.0189826523476,13.686494297137642,165.28730004693884,438.7054769494852,28.057615150116447,120.27711568490469
2024-08-14 08:00:00,414.30736905771323,31.204261522891315,165.2564074771522,445.51163058060456,26.97018388138647,271.51347786278126
2024-08-14 09:00:00,323.0894235000042,33.60310047450121,131.55899800982544,356.69252397450543,26.497917716365453,274.0661192376282
2024-08-14 10:00:00,339.48290405149703,46.302748980209216,141.45055758676224,385.78565303170626,25.10292144144699,380.1996765502512
2024-08-14 11:00:00,381.94929801458704,43.80415557488197,169.29255545111505,425.753453589469,24.507982870573798,350.1224321054787
2024-08-14 12:00:00,389.740353378887,65.17912009836799,175.26667102147718,454.919473477255,23.683746094626706,539.0224230423806
2024-08-14 13:00:00,188.19182899426673,54.946498420039,79.00386816732325,243.13832741430573,24.052287044084096,444.76843937725266
2024-08-14 14:00:00,162.3925473132124,44.021769377203725,57.54452868230378,206.41431669041611,23.60048272157999,348.8889190408884
2024-08-14 15:00:00,398.14560192032366,43.083408567691635,181.86981680867325,441.22901048801526,23.295499000620683,335.51479991451043
2024-08-14 16:00:00,357.3730246137138,24.487277829910518,144.79817191557075,381.86030244362433,23.179114661209667,188.00188923653002
2024-08-14 17:00:00,388.48342966987104,13.588478464718628,164.75746376423564,402.07190813458965,25.032325351015356,100.66294011113077
2024-08-14 18:00:00,374.3466328300955,4.95333280727314e-15,143.2275342123096,374.3466328300955,24.832685922126785,4.36595458343613e-14
2024-08-14 19:00:00,444.3694654144825,0.0,178.71945223868983,444.3694654144825,26.084883966105057,0.0
2024-08-14 20:00:00,345.7875863461323,0.0,131.71978775251804,345.7875863461323,28.13101828929139,0.0
2024-08-14 21:00:00,290.62064920204,0.0,95.98585584269979,290.62064920204,28.261339876444584,0.0
2024-08-14 22:00:00,30.381967602679826,0.0,0.0,30.381967602679826,29.5102932421326,0.0
2024-08-14 23:00:00,31.064708214359033,0.0,0.0,31.064708214359033,29.160529775601447,0.0
2024-08-15 00:00:00,32.12960326724037,0.0,0.0,32.12960326724037,31.11684160118184,0.0
2024-08-15 01:00:00,39.71895228183214,0.0,0.0,39.71895228183214,30.944339378013883,0.0
2024-08-15 02:00:00,40.0274241675867,0.0,0.0,40.0274241675867,31.23327294991049,0.0
2024-08-15 03:00:00,32.05560662312887,0.0,0.0,32.05560662312887,31.941425738057717,0.0
2024-08-15 04:00:00,32.11714163095318,0.0,0.0,32.11714163095318,30.442030490696883,0.0
2024-08-15 05:00:00,36.366891158392356,0.0,0.0,36.366891158392356,30.034765450517384,0.0
2024-08-15 06:00:00,253.43790980925397,0.0,72.20602242597717,253.43790980925397,28.848657163772216,0.0
2024-08-15 07:00:00,444.32928861508617,14.298732736955152,175.06547198209623,458.62802135204134,28.90036542533906,129.2566930965586
2024-08-15 08:00:00,367.28879626595904,34.15698463606694,157.3421458849619,401.44578090202594,27.26995104038288,304.9235254250901
2024-08-15 09:00:00,369.97788791028955,28.396049300573434,153.4717446444788,398.373937210863,27.155753039576815,228.744410903305
2024-08-15 10:00:00,367.309126465148,41.27275875167012,161.15720734164302,408.5818852168181,24.975307868653776,331.9623946794974
2024-08-15 11:00:00,328.4292990924866,50.5221917801333,143.72570713390652,378.9514908726199,25.34970979129009,414.7121171382768
2024-08-15 12:00:00,356.8009042107918,51.526742637815396,163.34987768275977,408.32764684860723,24.197328923249135,415.6470858305162
2024-08-15 13:00:00,235.04766131635327,50.956544333374524,98.17952794937177,286.0042056497278,24.534782917179566,407.67506295088657
2024-08-15 14:00:00,201.8430980561611,38.19669383661178,63.241534907506725,240.03979189277288,24.043484903099085,301.570950505478
2024-08-15 15:00:00,382.79124439189826,50.28440864102981,181.50573563872055,433.0756530329281,23.901854640080316,391.77000270977317
2024-08-15 16:00:00,366.47553233139894,21.9941458581505,147.33702020655463,388.4696781895494,24.325895767842667,169.61376880454068
2024-08-15 17:00:00,354.9683560294223,15.434021106836894,136.87760761526226,370.4023771362592,24.650196605343965,111.84337497791302
2024-08-15 18:00:00,412.4797540152528,4.511498678833652e-15,156.3322303428848,412.4797540152528,26.21915836718663,6.45179345759865e-14
2024-08-15 19:00:00,425.31819467577645,0.0,167.04596109220293,425.31819467577645,26.12007915695467,0.0
2024-08-15 20:00:00,425.5304194338683,0.0,163.23898376368325,425.5304194338683,27.4167251701598,0.0
2024-08-15 21:00:00,288.6747164509663,0.0,97.50349604214789,288.6747164509663,28.62875093723626,0.0
2024-08-15 22:00:00,32.10530262959631,0.0,0.0,32.10530262959631,30.107011752250457,0.0
2024-08-15 23:00:00,36.94248673366588,0.0,0.0,36.94248673366588,30.020488923233206,0.0
2024-08-16 00:00:00,34.84705007452854,0.0,0.0,34.84705007452854,32.32872387290023,0.0
2024-08-16 01:00:00,39.01084716245301,0.0,0.0,39.01084716245301,32.93644807749366,0.0
2024-08-16 02:00:00,30.33185688495341,0.0,0.0,30.33185688495341,31.882158145086695,0.0
2024-08-16 03:00:00,34.130099059698125,0.0,0.0,34.130099059698125,32.20030779459029,0.0
2024-08-16 04:00:00,32.568940855490716,0.0,0.0,32.568940855490716,32.262295916730224,0.0
2024-08-16 05:00:00,44.77438952413042,0.0,0.0,44.77438952413042,31.5372794117105,0.0
2024-08-16 06:00:00,220.11198216395803,0.0,58.565994214097344,220.11198216395803,30.368473608302207,0.0
2024-08-16 07:00:00,112.86891548950636,12.794010229024776,0.0,125.66292571853114,30.753646236366528,110.59262544300627
2024-08-16 08:00:00,98.30234194107021,26.22284254618474,0.0,124.52518448725495,29.548768617702574,220.41456274770786
2024-08-16 09:00:00,386.2810150477818,39.640538135081655,155.6412441209496,425.9215531828635,28.583156218706343,330.80374450728766
2024-08-16 10:00:00,419.7522935924967,49.2621316373234,183.1184118305409,469.0144252298201,27.321894677346727,411.8347687904586
2024-08-16 11:00:00,386.476813695743,49.3035872135565,169.35461158247438,435.7804009092995,26.98371300110283,405.0379417615348
2024-08-16 12:00:00,371.7411039852352,40.852377429622464,156.2127023723585,412.59348141485765,26.645026069398906,328.70468201926565
2024-08-16 13:00:00,262.0444437765882,52.581888986378445,109.84062927059878,314.6263327629666,25.905701833960535,424.8417625224902
2024-08-16 14:00:00,186.1746358277533,55.200165234295916,68.94543868452791,241.37480106204922,26.141176372544095,441.50487069413697
2024-08-16 15:00:00,337.54392790106016,44.52404474377236,142.60053054727953,382.06797264483254,25.640119619999616,348.4726816634998
2024-08-16 16:00:00,284.0275054542278,38.347143341979624,111.5123985050068,322.37464879620745,26.43654399617323,286.8126504782704
2024-08-16 17:00:00,359.0171598300863,24.688980673632123,143.11712933213448,383.7061405037184,27.515265660234046,163.33452357711556
2024-08-16 18:00:00,437.28063461931566,4.3225229773392835e-15,174.81642120351952,437.28063461931566,28.28490010471193,6.615156586691411e-14
2024-08-16 19:00:00,443.12170580919593,0.0,179.70950340060492,443.12170580919593,29.17681799753992,0.0
2024-08-16 20:00:00,364.20696298078656,0.0,137.60619485753745,364.20696298078656,29.561674460640372,0.0
2024-08-16 21:00:00,314.41710399071746,0.0,105.52057773612842,314.41710399071746,30.34056388821161,0.0
2024-08-16 22:00:00,31.24936097963045,0.0,0.0,31.24936097963045,30.944495794844205,0.0
2024-08-16 23:00:00,34.67126741843428,0.0,0.0,34.67126741843428,30.990021608818118,0.0
2024-08-17 00:00:00,31.02058782228164,0.0,0.0,31.02058782228164,30.612702133477633,0.0
2024-08-17 01:00:00,37.8603239019371,0.0,0.0,37.8603239019371,31.550775974461448,0.0
2024-08-17 02:00:00,39.283980570491046,0.0,0.0,39.283980570491046,31.699918843868126,0.0
2024-08-17 03:00:00,42.67031944939531,0.0,0.0,42.67031944939531,32.34091497484732,0.0
2024-08-17 04:00:00,28.40012971184873,0.0,0.0,28.40012971184873,31.942551546365692,0.0
2024-08-17 05:00:00,28.517836212299997,0.0,0.0,28.517836212299997,30.385693731841965,0.0
2024-08-17 06:00:00,56.124108089906855,0.0,0.0,56.124108089906855,30.41322592597685,0.0
2024-08-17 07:00:00,55.97250079244953,8.149263360281687,0.0,64.12176415273122,28.92139529400421,64.8707305203389
2024-08-17 08:00:00,23.123913592364477,31.963293312176294,0.0,55.08720690454077,28.59537123993424,280.2944995977984
2024-08-17 09:00:00,28.261597786972153,35.57893619917619,0.0,63.840533986148344,27.75120527462689,291.9489035471442
2024-08-17 10:00:00,8.977888186297854,48.614703119413356,0.0,57.59259130571121,27.12510947450621,402.0594647700635
2024-08-17 11:00:00,0.0,62.54940263058828,0.0,61.96820857888299,25.532867656888076,522.0113880886207
2024-08-17 12:00:00,4.30676223651971,55.50109502369653,0.0,59.80785726021624,25.730125998777268,452.45646843841587
2024-08-17 13:00:00,0.0,63.973568574251715,0.0,61.68480325896944,23.93691565835997,521.024533123445
2024-08-17 14:00:00,26.505547627890117,36.43217532021602,0.0,62.937722948106135,25.40217090920177,290.3454898704381
2024-08-17 15:00:00,4.472318935194053,56.15378319165843,0.0,60.62610212685248,24.860814315011346,432.6325275622683
2024-08-17 16:00:00,27.554081219686424,34.05363427921426,0.0,61.60771549890068,25.221110156193955,256.12727113901616
2024-08-17 17:00:00,44.73200537203689,15.974181460052241,0.0,60.70618683208913,24.7604710814342,115.3125696860026
2024-08-17 18:00:00,60.879205837266355,4.383516582775348e-15,0.0,60.87920583726636,26.309730124808652,6.587867397426475e-14
2024-08-17 19:00:00,64.59120830261152,0.0,0.0,64.59120830261152,28.025936110380293,0.0
2024-08-17 20:00:00,62.818994086472976,0.0,0.0,62.818994086472976,28.040712122580935,0.0
2024-08-17 21:00:00,60.747405278966966,0.0,0.0,60.747405278966966,29.51666110677877,0.0
2024-08-17 22:00:00,34.67235121741328,0.0,0.0,34.67235121741328,30.021340632289395,0.0
2024-08-17 23:00:00,30.226738426968815,0.0,0.0,30.226738426968815,31.260271372385105,0.0
2024-08-18 00:00:00,16.47309515429222,0.0,0.0,16.47309515429222,30.757908328123253,0.0
2024-08-18 01:00:00,12.964930764316993,0.0,0.0,12.964930764316993,30.54590355873834,0.0
2024-08-18 02:00:00,18.565001948770583,0.0,0.0,18.565001948770583,31.159294272200125,0.0
2024-08-18 03:00:00,20.675231378620065,0.0,0.0,20.675231378620065,31.812417776138,0.0
2024-08-18 04:00:00,17.37163631485972,0.0,0.0,17.37163631485972,30.91098038453929,0.0
2024-08-18 05:00:00,11.477275221553825,0.0,0.0,11.477275221553825,30.047719512781736,0.0
2024-08-18 06:00:00,14.520679192768993,0.0,0.0,14.520679192768993,30.508940841842307,0.0
2024-08-18 07:00:00,7.5846608592319225,11.15097200568894,0.0,18.735632864920863,29.116543441415086,91.77681753131176
2024-08-18 08:00:00,0.0,27.898114175916646,0.0,13.919053241709744,28.039435889974882,233.97142324321894
2024-08-18 09:00:00,0.0,30.88333975939429,0.0,20.088318885423483,26.883873507039016,249.4233770213965
2024-08-18 10:00:00,0.0,51.5325262996066,0.0,14.589781649144175,26.246205849651208,427.41536964232665
2024-08-18 11:00:00,0.0,46.20785518159341,0.0,17.94386322091249,25.537561234714158,373.7067806940055
2024-08-18 12:00:00,0.0,43.23589245005063,0.0,18.99250626928481,23.50857234625405,345.0845788354426
2024-08-18 13:00:00,0.0,47.99774261565126,0.0,19.329719681643535,24.44779664667864,383.6286978024243
2024-08-18 14:00:00,0.0,50.570274559229624,0.0,14.604388754509039,24.050666002607823,400.8527572898689
2024-08-18 15:00:00,0.0,37.63421499645435,0.0,18.235477246100423,24.000440403695627,294.29522615720913
2024-08-18 16:00:00,0.0,28.87725899048757,0.0,23.159582863059825,24.502261379007997,219.9375585366162
2024-08-18 17:00:00,0.0,18.01002949892138,0.0,9.729470035014,24.378270854711637,126.86970930850403
2024-08-18 18:00:00,19.993419944197615,4.611359419621902e-15,0.0,19.99341994419762,24.978763882257063,6.362519918626687e-14
2024-08-18 19:00:00,11.30592523854368,0.0,0.0,11.30592523854368,27.34845348314108,0.0
2024-08-18 20:00:00,13.305194472590795,0.0,0.0,13.305194472590795,27.862147842130117,0.0
2024-08-18 21:00:00,17.052692541450547,0.0,0.0,17.052692541450547,27.330429526528338,0.0
2024-08-18 22:00:00,17.810891754761286,0.0,0.0,17.810891754761286,29.09287666157478,0.0
2024-08-18 23:00:00,19.089800476874053,0.0,0.0,19.089800476874053,30.546218533126833,0.0
2024-08-19 00:00:00,37.652727558336515,0.0,0.0,37.652727558336515,32.25116133563173,0.0
2024-08-19 01:00:00,35.68329776627764,0.0,0.0,35.68329776627764,33.36332247815742,0.0
2024-08-19 02:00:00,35.49015187894882,0.0,0.0,35.49015187894882,33.38495550888482,0.0
2024-08-19 03:00:00,30.59227390080182,0.0,0.0,30.59227390080182,32.062464396602884,0.0
2024-08-19 04:00:00,37.8474854632544,0.0,0.0,37.8474854632544,32.31950647306763,0.0
2024-08-19 05:00:00,23.529214675246745,0.0,0.0,23.529214675246745,31.610908630995066,0.0
2024-08-19 06:00:00,254.93283059164816,0.0,70.09688297145806,254.93283059164816,30.415460462070456,0.0
2024-08-19 07:00:00,474.07580254766805,12.647314180189223,188.01818913107138,486.72311672785725,29.538809104677693,107.52508636338868
2024-08-19 08:00:00,445.2460554795149,25.778549278986404,180.68150340914542,471.0246047585013,28.95706883612564,213.7354840648403
2024-08-19 09:00:00,434.64040197526106,28.853131229082546,187.3060607220398,463.4935332043436,28.13375024663136,233.53449273453037
2024-08-19 10:00:00,386.7836636363363,41.68609281241087,173.05803754158825,428.4697564487472,27.751694497868186,341.8268685984248
2024-08-19 11:00:00,390.60324452068323,48.303497210397836,172.50621118170676,438.90674173108107,27.4073126117008,396.3592120490194
2024-08-19 12:00:00,354.71859836233506,50.56795975704774,159.43480431019387,405.2865581193828,26.58581317390715,410.92993727062674
2024-08-19 13:00:00,264.55058528958614,53.89433801302945,107.12053799750164,318.44492330261556,26.35452533737518,436.94965897419786
2024-08-19 14:00:00,155.0833639097683,42.40936745940169,57.20611564436549,197.49273136917,25.72677069851132,338.2180687092132
2024-08-19 15:00:00,366.5535410774865,49.89136764303009,162.7118224253787,416.4449087205166,26.28083931554121,391.1263155451279
2024-08-19 16:00:00,410.7011057293557,31.283416541613683,173.90807838235713,441.98452227096936,26.25480320520584,238.9620669320306
2024-08-19 17:00:00,444.4303812461678,13.073277786837531,188.23554521083219,457.50365903300536,26.6644696834672,98.21663924585975
2024-08-19 18:00:00,416.6476885894973,5.028597491781024e-15,157.1140200714548,416.6476885894973,28.558630083694318,5.486459968545975e-14
2024-08-19 19:00:00,439.2964119890515,0.0,180.94858736356022,439.2964119890515,27.288974973113934,0.0
2024-08-19 20:00:00,407.06580929728017,0.0,161.74655313799138,407.06580929728017,28.423427460592823,0.0
2024-08-19 21:00:00,126.9701706038807,0.0,0.0,126.9701706038807,30.45729614417213,0.0
2024-08-19 22:00:00,39.941705675637344,0.0,0.0,39.941705675637344,30.97758843498028,0.0
2024-08-19 23:00:00,39.18411558312715,0.0,0.0,39.18411558312715,31.116461168315958,0.0
2024-08-20 00:00:00,38.01064835035283,0.0,0.0,38.01064835035283,32.15145175727402,0.0
2024-08-20 01:00:00,36.66548712928348,0.0,0.0,36.66548712928348,32.56620581319121,0.0
2024-08-20 02:00:00,32.78245371893188,0.0,0.0,32.78245371893188,33.59383658817582,0.0
2024-08-20 03:00:00,34.748215343386946,0.0,0.0,34.748215343386946,33.63461392715432,0.0
2024-08-20 04:00:00,40.59799223857278,0.0,0.0,40.59799223857278,33.49853851547121,0.0
2024-08-20 05:00:00,32.17693780625262,0.0,0.0,32.17693780625262,31.328036442658608,0.0
2024-08-20 06:00:00,231.34772677123163,0.0,60.71107610213742,231.34772677123163,30.714106553354593,0.0
2024-08-20 07:00:00,444.610575304978,13.679951869857017,176.97853092716133,458.290527174835,29.835721740218922,119.71363828814785
2024-08-20 08:00:00,392.47980573692735,25.454930931084643,163.4269267789455,417.93473666801196,30.292096822495367,212.87270695688545
2024-08-20 09:00:00,346.8654361228667,36.16508384940477,145.44583042999258,383.03051997227146,28.950413888961304,298.14698335631647
2024-08-20 10:00:00,374.46336412205767,38.66274681946462,162.4705893727094,413.1261109415223,27.937767927845222,315.56541059649714
2024-08-20 11:00:00,399.2402475287338,57.93548688112905,186.8082351468313,457.17573440986286,27.28760893238117,481.8740710543835
2024-08-20 12:00:00,338.6464166736646,48.533791619922404,148.18311882578766,387.180208293587,26.588190267795454,394.25340258414434
2024-08-20 13:00:00,195.40185228647346,63.50379546944926,84.3052573650157,258.9056477559227,25.70635690389537,521.6323251415895
2024-08-20 14:00:00,207.5761811926822,38.92229711878146,68.63170065355185,246.49847831146366,26.404254714502812,310.3065928968527
2024-08-20 15:00:00,332.53390168723996,41.793128014394526,137.31633131240662,374.3270297016345,26.17385867477178,329.6847212554945
2024-08-20 16:00:00,414.5444471550107,36.0946955367072,190.7953568548111,450.6391426917179,26.01641864962518,271.99562981527646
2024-08-20 17:00:00,442.33980487259373,9.817620186638193,190.37964602081382,452.1574250592319,27.459937308136475,75.83488014784291
2024-08-20 18:00:00,457.31695560417404,3.3661356853045475e-15,182.1316254073215,457.31695560417404,27.684774501474067,7.46988544006132e-14
2024-08-20 19:00:00,405.26969452896935,0.0,164.8146721860634,405.26969452896935,28.855543405172227,0.0
2024-08-20 20:00:00,451.39569000386,0.0,192.46691751855872,451.39569000386,29.58517873896135,0.0
2024-08-20 21:00:00,316.3898941856789,0.0,112.31992997927284,316.3898941856789,30.99922436358159,0.0
2024-08-20 22:00:00,31.48886583174223,0.0,0.0,31.48886583174223,31.50774980672483,0.0
2024-08-20 23:00:00,41.08094851413651,0.0,0.0,41.08094851413651,31.680691966334873,0.0
2024-08-21 00:00:00,33.86883228699061,0.0,0.0,33.86883228699061,31.669578573706445,0.0
2024-08-21 01:00:00,36.6511941060981,0.0,0.0,36.6511941060981,32.03557280293991,0.0
2024-08-21 02:00:00,35.469184085622416,0.0,0.0,35.469184085622416,32.23315453571108,0.0
2024-08-21 03:00:00,30.654651666154123,0.0,0.0,30.654651666154123,32.37616556806934,0.0
2024-08-21 04:00:00,34.888855378743955,0.0,0.0,34.888855378743955,31.200585569348593,0.0
2024-08-21 05:00:00,33.12900610973146,0.0,0.0,33.12900610973146,31.286329616434823,0.0
2024-08-21 06:00:00,242.9892237231821,0.0,62.48405561350391,242.9892237231821,29.365079429771242,0.0
2024-08-21 07:00:00,468.0707665949158,16.59013431682223,188.74079444565118,484.66090091173805,29.323362298906314,167.26364785376188
2024-08-21 08:00:00,378.7909719155376,24.54576739221366,149.95738722485055,403.33673930775126,28.340158106287824,202.08157662166508
2024-08-21 09:00:00,387.98855757787265,46.56678171854146,161.74895660883786,434.5553392964141,28.29554400092296,397.02253293396404
2024-08-21 10:00:00,320.64208024678607,47.55793292967524,135.40784459255335,368.2000131764613,26.649320334203402,389.58118768705975
2024-08-21 11:00:00,380.4411473184761,61.151209237383696,167.4077421139281,441.5923565558598,26.306608703624534,510.4494578983439
2024-08-21 12:00:00,360.43084564550395,49.06743342558819,160.14060980607036,409.49827907109216,24.56550982400983,395.4889082617985
2024-08-21 13:00:00,48.537684081761505,59.59865130694943,0.0,108.13633538871093,24.920868674335615,478.490571053404
2024-08-21 14:00:00,67.53912561185544,46.74787727506226,0.0,114.28700288691769,24.554308114974855,371.153220937413
2024-08-21 15:00:00,385.42252593159117,51.437413061924595,155.43750339306177,436.85993899351575,26.33450321832767,401.5076344025542
2024-08-21 16:00:00,422.0291820663471,31.82854420337877,165.6876233474806,453.8577262697259,25.113000756885427,240.57604310564577
2024-08-21 17:00:00,441.9998732325862,19.22503994325691,186.17889001084112,461.2249131758431,26.039253850869454,134.3128354431265
2024-08-21 18:00:00,386.5995967664008,4.24195939446573e-15,147.47942848752632,386.5995967664008,26.79077594982923,3.469956653353519e-14
2024-08-21 19:00:00,440.2049939712466,0.0,179.2317023118167,440.2049939712466,26.776882245364494,0.0
2024-08-21 20:00:00,437.2803493809497,0.0,168.5514965269427,437.2803493809497,28.214470343420086,0.0
2024-08-21 21:00:00,289.1366442288844,0.0,102.70385168945876,289.1366442288844,29.585737962875093,0.0
2024-08-21 22:00:00,32.03951971847987,0.0,0.0,32.03951971847987,30.270349186312288,0.0
2024-08-21 23:00:00,36.51262089059866,0.0,0.0,36.51262089059866,29.80215629684059,0.0
2024-08-22 00:00:00,37.38340896341108,0.0,0.0,37.38340896341108,30.268130119048582,0.0
2024-08-22 01:00:00,37.25527181147723,0.0,0.0,37.25527181147723,31.411688150790532,0.0
2024-08-22 02:00:00,28.959934810935128,0.0,0.0,28.959934810935128,31.314648391711813,0.0
2024-08-22 03:00:00,35.35780153136988,0.0,0.0,35.35780153136988,31.510293995979687,0.0
2024-08-22 04:00:00,39.306782560799654,0.0,0.0,39.306782560799654,30.05880217258924,0.0
2024-08-22 05:00:00,27.760880825087188,0.0,0.0,27.760880825087188,30.63587542984779,0.0
2024-08-22 06:00:00,244.33569265105956,0.0,65.79732150647918,244.33569265105956,29.248333903910755,0.0
2024-08-22 07:00:00,406.7767191447091,15.426868562349814,153.16289823419197,422.2035877070589,29.22251483638364,144.83864999009265
2024-08-22 08:00:00,410.30226594987545,31.796069774228638,172.34025100735582,442.09833572410406,27.522189145097233,272.6511016582168
2024-08-22 09:00:00,414.2179127111939,39.34878452774976,173.56084840748807,453.5666972389436,25.590932523839367,322.4821865019108
2024-08-22 10:00:00,349.6520507042154,55.69509568165623,151.79225583698616,405.3471463858716,26.195164213708917,461.49072218969286
2024-08-22 11:00:00,323.8583930697286,62.39723150124321,142.91450994624367,386.2556245709718,24.82390635491511,514.1627350053303
2024-08-22 12:00:00,386.742462159493,56.90502058902493,166.40758134289968,443.6474827485179,24.301333209125566,459.6870555661552
2024-08-22 13:00:00,273.2111750643266,49.813364099135185,106.47173635515801,323.0245391634618,23.413248320508725,399.55826087747914
2024-08-22 14:00:00,195.51188746551657,45.701217153954914,72.63359433094068,241.21310461947147,24.831636677558368,362.04147470574236
2024-08-22 15:00:00,397.69203294759643,48.65444620502309,184.85483318489582,446.3464791526195,23.879245949142184,374.7695120023108
2024-08-22 16:00:00,400.7893346210122,30.47057732344648,171.12794876299617,431.2599119444587,25.27696590226607,231.56205714073567
2024-08-22 17:00:00,392.1726506913658,13.45848960893447,160.6569907828289,405.6311403003003,24.830041613106005,100.115716159646
2024-08-22 18:00:00,415.26382622331494,4.8148854795338815e-15,164.96445089079657,415.26382622331494,25.30666432698071,4.142706983946751e-14
2024-08-22 19:00:00,375.0194075486376,0.0,144.4875832125722,375.0194075486376,27.27443485721143,0.0
2024-08-22 20:00:00,408.5091762201009,0.0,153.73635006778375,408.5091762201009,27.48386955355523,0.0
2024-08-22 21:00:00,294.3718146616652,0.0,98.47286820503798,294.3718146616652,28.39461758223659,0.0
2024-08-22 22:00:00,29.556369711998073,0.0,0.0,29.556369711998073,28.629723957913786,0.0
2024-08-22 23:00:00,33.06114620141967,0.0,0.0,33.06114620141967,29.766598984860135,0.0
2024-08-23 00:00:00,35.79753791921681,0.0,0.0,35.79753791921681,32.069772305743506,0.0
2024-08-23 01:00:00,36.50202378412319,0.0,0.0,36.50202378412319,31.55548587581478,0.0
2024-08-23 02:00:00,39.004202262737465,0.0,0.0,39.004202262737465,32.054791633596565,0.0
2024-08-23 03:00:00,32.04527796572962,0.0,0.0,32.04527796572962,31.99485265399048,0.0
2024-08-23 04:00:00,26.857802754702256,0.0,0.0,26.857802754702256,31.888644796285007,0.0
2024-08-23 05:00:00,36.22717422730869,0.0,0.0,36.22717422730869,32.03898903765452,0.0
2024-08-23 06:00:00,240.50642820655204,0.0,64.24018316804886,240.50642820655204,30.42435891419098,0.0
2024-08-23 07:00:00,436.9967061615245,11.41675183394301,166.51815334085092,448.4134579954675,29.384951807335014,94.23918456388918
2024-08-23 08:00:00,362.7582043356159,22.44868973455542,142.315185512544,385.20689407017136,30.197520796694807,183.91546713778442
2024-08-23 09:00:00,358.4031499716213,35.34582203600058,146.0007565215552,393.7489720076219,27.701876146061934,289.9696825776262
2024-08-23 10:00:00,398.4898604770349,42.896151621984366,177.7972959290134,441.38601209901924,26.979006400097873,350.2925565643247
2024-08-23 11:00:00,348.9346025379968,49.89959282317608,151.24981288710677,398.8341953611729,26.17053856193404,408.1381489217467
2024-08-23 12:00:00,352.7873986164761,52.04581320723454,153.84299664738754,404.8332118237106,25.65486201688212,420.9342257419387
2024-08-23 13:00:00,260.82005442270184,36.789432498853024,99.94085369367063,297.6094869215549,25.482472520178714,293.30048952577965
2024-08-23 14:00:00,169.61583942438097,49.369932290941016,59.854164404138224,218.985771715322,25.78473371947911,392.77470174008147
2024-08-23 15:00:00,416.0610301944114,42.26440542182482,183.25444380508256,458.3254356162362,25.645588950307435,330.1852269598825
2024-08-23 16:00:00,363.09005783283703,25.360096029704746,144.26230291235433,388.45015386254175,26.331794349120145,196.20960282795443
2024-08-23 17:00:00,426.91334705637564,8.84938267080062,165.02514581990616,435.76272972717624,26.871476083833272,68.51486295140481
2024-08-23 18:00:00,400.01986788144535,4.9787088068951865e-15,152.64834700508328,400.01986788144535,27.17861153349041,4.525758567210418e-14
2024-08-23 19:00:00,445.1722658244268,0.0,167.57709367527764,445.1722658244268,28.106624807855535,0.0
2024-08-23 20:00:00,405.9993391826059,0.0,156.79183799855366,405.9993391826059,29.37870381881678,0.0
2024-08-23 21:00:00,291.84963517768665,0.0,98.7658465350042,291.84963517768665,29.174597174540054,0.0
2024-08-23 22:00:00,31.85514276398286,0.0,0.0,31.85514276398286,31.823441081801622,0.0
2024-08-23 23:00:00,37.578428256180246,0.0,0.0,37.578428256180246,31.042916649571584,0.0
2024-08-24 00:00:00,36.038011538531734,0.0,0.0,36.038011538531734,31.07568460231797,0.0
2024-08-24 01:00:00,35.20683053076539,0.0,0.0,35.20683053076539,30.994868054531775,0.0
2024-08-24 02:00:00,26.76037260347181,0.0,0.0,26.76037260347181,31.12900274587972,0.0
2024-08-24 03:00:00,33.8991793065047,0.0,0.0,33.8991793065047,32.08783557631353,0.0
2024-08-24 04:00:00,33.91170668214355,0.0,0.0,33.91170668214355,32.38626370192358,0.0
2024-08-24 05:00:00,35.03405709429147,0.0,0.0,35.03405709429147,30.41133182860566,0.0
2024-08-24 06:00:00,58.486546012627606,0.0,0.0,58.486546012627606,30.14373641392068,0.0
2024-08-24 07:00:00,40.16538146505072,11.890930970312,0.0,52.05631243536272,29.236028105571826,98.64310304384892
2024-08-24 08:00:00,34.37903009824323,24.23470677977619,0.0,58.61373687801942,28.7202004310653,199.40546920725225
2024-08-24 09:00:00,19.004098152085668,37.713447725929846,0.0,56.717545878015514,28.423568724256796,311.93491135249167
2024-08-24 10:00:00,9.28331591299765,47.40354066490062,0.0,56.68685657789827,27.230564858847714,390.5399740069703
2024-08-24 11:00:00,9.747554658144814,50.28876840940053,0.0,60.03632306754535,25.62587477521363,410.72824064235186
2024-08-24 12:00:00,3.8969645064210496,50.29759150374726,0.0,54.19455601016831,25.4533730544662,407.5395891484479
2024-08-24 13:00:00,10.591077052839886,49.81332103858211,0.0,60.404398091421996,25.153366679216298,398.93241467235464
2024-08-24 14:00:00,0.0,68.79990122754188,0.0,59.217372218536575,24.71003283427311,545.8549101011106
2024-08-24 15:00:00,23.841426026409266,34.393605273275384,0.0,58.23503129968465,24.29136969109682,269.50438993016013
2024-08-24 16:00:00,29.161253646477057,25.91144015683333,0.0,55.072693803310386,24.789601127329874,198.6530011113363
2024-08-24 17:00:00,34.036200114478724,27.429565773552177,0.0,61.4657658880309,26.319280741168612,178.59673287730703
2024-08-24 18:00:00,62.41177658642129,4.954225644323397e-15,0.0,62.4117765864213,27.095732147767947,5.776767771968154e-14
2024-08-24 19:00:00,54.71732979175066,0.0,0.0,54.71732979175066,27.210427809578505,0.0
2024-08-24 20:00:00,65.65360708208186,0.0,0.0,65.65360708208186,28.350605846886964,0.0
2024-08-24 21:00:00,54.298185417721164,0.0,0.0,54.298185417721164,29.724576718380565,0.0
2024-08-24 22:00:00,35.655564461036455,0.0,0.0,35.655564461036455,29.117943713840273,0.0
2024-08-24 23:00:00,26.858948664893376,0.0,0.0,26.858948664893376,30.471775668590407,0.0
2024-08-25 00:00:00,17.817722846645516,0.0,0.0,17.817722846645516,32.25080871144431,0.0
2024-08-25 01:00:00,13.254017414826018,0.0,0.0,13.254017414826018,31.741178357570842,0.0
2024-08-25 02:00:00,15.54360322816986,0.0,0.0,15.54360322816986,31.146176065105728,0.0
2024-08-25 03:00:00,16.66663600687693,0.0,0.0,16.66663600687693,31.650165646256042,0.0
2024-08-25 04:00:00,14.321099083478268,0.0,0.0,14.321099083478268,31.75259081683712,0.0
2024-08-25 05:00:00,20.332170855736123,0.0,0.0,20.332170855736123,29.412391372946068,0.0
2024-08-25 06:00:00,18.662052816895514,0.0,0.0,18.662052816895514,30.048927016052993,0.0
2024-08-25 07:00:00,12.440072031251882,15.250976746773363,0.0,27.691048778025245,28.930443488020025,139.6290268428187
2024-08-25 08:00:00,0.0,27.5387527439219,0.0,21.445975195949927,27.389785044238973,228.9124269858338
2024-08-25 09:00:00,0.0,48.289432703666016,0.0,18.158717590967782,27.345881077163778,413.31070224913026
2024-08-25 10:00:00,0.0,53.362592163684425,0.0,10.230854827260456,26.392543991577224,443.5970826051904
2024-08-25 11:00:00,0.0,54.881945956669696,0.0,11.394879351424485,25.723865247205712,447.8953975965155
2024-08-25 12:00:00,0.0,57.49808603284204,0.0,18.48471566416476,25.005564884089527,466.69773902168777
2024-08-25 13:00:00,0.0,55.02682788474843,0.0,25.978373735173403,24.319374939468638,442.408309137808
2024-08-25 14:00:00,0.0,38.65965040809719,0.0,24.250799231808866,23.983382690658324,305.265827150192
2024-08-25 15:00:00,0.0,39.94691301245643,0.0,16.742688017147742,24.484698745308396,311.64973064132215
2024-08-25 16:00:00,0.0,30.336372118056296,0.0,17.153554524929984,25.60932125124994,232.19746777513112
2024-08-25 17:00:00,5.545958412343991,14.571238040362063,0.0,20.117196452706054,25.852445520167905,107.65896358888602
2024-08-25 18:00:00,13.63354740205635,4.958716707810298e-15,0.0,13.633547402056355,26.42619744273415,5.795619130317806e-14
2024-08-25 19:00:00,16.09551618865154,0.0,0.0,16.09551618865154,26.785033375062877,0.0
2024-08-25 20:00:00,19.95678720761137,0.0,0.0,19.95678720761137,28.02382664103034,0.0
2024-08-25 21:00:00,26.69364987274362,0.0,0.0,26.69364987274362,29.485229544494874,0.0
2024-08-25 22:00:00,18.665800124229236,0.0,0.0,18.665800124229236,30.21317598870019,0.0
2024-08-25 23:00:00,23.694314337714665,0.0,0.0,23.694314337714665,30.447058406724004,0.0
2024-08-26 00:00:00,26.64680344348047,0.0,0.0,26.64680344348047,29.610507575189434,0.0
2024-08-26 01:00:00,39.30893734391051,0.0,0.0,39.30893734391051,30.928436314608746,0.0
2024-08-26 02:00:00,32.047105305431586,0.0,0.0,32.047105305431586,31.143772478872478,0.0
2024-08-26 03:00:00,41.305356049802185,0.0,0.0,41.305356049802185,30.812307160838156,0.0
2024-08-26 04:00:00,38.759602651235255,0.0,0.0,38.759602651235255,30.70962075935348,0.0
2024-08-26 05:00:00,36.74627669183815,0.0,0.0,36.74627669183815,30.76826853592832,0.0
2024-08-26 06:00:00,248.18900938522827,0.0,74.06045404431863,248.18900938522827,29.616471511199542,0.0
2024-08-26 07:00:00,401.69244454251094,15.364445403409906,153.65713361215734,417.05688994592083,29.285834419489092,140.6688482518927
2024-08-26 08:00:00,380.25321869601385,29.74036285323092,153.51978868731538,409.99358154924477,27.130933694855095,250.77939175736296
2024-08-26 09:00:00,368.3409073076744,46.61522197621661,159.7876352975764,414.956129283891,26.826721050841503,393.7041596307484
2024-08-26 10:00:00,406.0933359170913,53.898688111294284,189.3213197829306,459.9920240283856,25.165608682255296,446.295250359254
2024-08-26 11:00:00,373.92423265665064,57.96872094729565,163.5192457339253,431.8929536039463,25.19695723860646,478.39587429001176
2024-08-26 12:00:00,402.0028978040008,65.41038187510594,185.36434305503383,467.4132796791067,24.331202096783425,535.4248452859423
2024-08-26 13:00:00,242.6018221339184,57.56763768790096,97.24857691644151,300.1694598218194,25.14500576238025,459.9746574821991
2024-08-26 14:00:00,200.82739896761294,57.557036103473514,73.85160435369482,258.38443507108644,24.58997574059955,458.04159757134283
2024-08-26 15:00:00,395.6581573541482,47.56308316685736,171.72196066291806,443.2212405210056,25.011794093462566,371.40754379226865
2024-08-26 16:00:00,399.8502180489775,37.09137720627215,174.1503463129254,436.9415952552497,24.639356911795797,277.77596643353166
2024-08-26 17:00:00,371.86884124638397,16.59284782482508,141.3098255499288,388.46168907120904,24.90038695496656,119.7489429030063
2024-08-26 18:00:00,369.0549490726795,4.066941959966108e-15,138.8615664081095,369.0549490726795,25.60933824040858,6.903323696125792e-14
2024-08-26 19:00:00,444.43359608492574,0.0,182.65832494846532,444.43359608492574,27.111972720204403,0.0
2024-08-26 20:00:00,446.49883361771555,0.0,182.45322833125255,446.49883361771555,28.79020048477451,0.0
2024-08-26 21:00:00,347.5322275707173,0.0,122.97240685554591,347.5322275707173,28.997177541546865,0.0
2024-08-26 22:00:00,33.34955606046909,0.0,0.0,33.34955606046909,29.447735873034006,0.0
2024-08-26 23:00:00,36.50436354859631,0.0,0.0,36.50436354859631,30.26560804426742,0.0
2024-08-27 00:00:00,31.156069169370586,0.0,0.0,31.156069169370586,32.62541864415615,0.0
2024-08-27 01:00:00,37.205664535593655,0.0,0.0,37.205664535593655,34.004041568887324,0.0
2024-08-27 02:00:00,39.211385905534044,0.0,0.0,39.211385905534044,33.72678417970395,0.0
2024-08-27 03:00:00,35.144145052118716,0.0,0.0,35.144145052118716,33.120699790873424,0.0
2024-08-27 04:00:00,35.538008785494554,0.0,0.0,35.538008785494554,32.6959347939351,0.0
2024-08-27 05:00:00,36.06135676495448,0.0,0.0,36.06135676495448,32.23453032612436,0.0
2024-08-27 06:00:00,213.14804787353492,0.0,56.19271012425706,213.14804787353492,31.607117731428044,0.0
2024-08-27 07:00:00,450.1399348986813,15.470769676920018,173.01569041086205,465.61070457560135,30.30924757815753,142.7204930377234
2024-08-27 08:00:00,352.44068238121463,31.663509475803302,148.1069539671971,384.10419185701795,29.187940423098187,271.6187874091229
2024-08-27 09:00:00,369.4714785183121,44.31954714181677,152.7800814072769,413.79102566012887,29.220223369205115,373.30284979145614
2024-08-27 10:00:00,353.7058993461205,51.15244457550578,156.7129382373811,404.8583439216263,27.870971262072498,426.66513279179816
2024-08-27 11:00:00,389.50824247405137,52.478731765953036,171.30885817520365,441.98697424000443,27.609470130541077,431.9862350551008
2024-08-27 12:00:00,352.1163126103316,51.79832859976317,154.0435697940101,403.91464121009477,27.40197035792919,425.14001879824633
2024-08-27 13:00:00,239.19778783596863,68.7572465086129,99.33319630149704,307.9550343445815,26.489546871824547,565.1733491124879
2024-08-27 14:00:00,180.58313995713053,58.82976747531922,71.49142596747518,239.41290743244974,26.28925413657154,472.1594843294492
2024-08-27 15:00:00,410.05995025482525,38.696850229300395,183.6115597256717,448.7568004841256,27.829360995033298,307.15768565301926
2024-08-27 16:00:00,400.1370607250972,32.05301125517821,176.4277237708695,432.1900719802754,26.682401047680877,245.05245024491106
2024-08-27 17:00:00,424.0779588308694,16.558629197925637,172.4558233455071,440.6365880287951,26.589832758710415,120.16164347257644
2024-08-27 18:00:00,415.4246412297256,5.075178246305847e-15,162.66304429094006,415.4246412297256,27.719367280700514,4.914919973819402e-14
2024-08-27 19:00:00,404.1468081381683,0.0,155.61262376640624,404.1468081381683,29.479955594800455,0.0
2024-08-27 20:00:00,446.2645048745112,0.0,173.89369026148347,446.2645048745112,28.96289622164648,0.0
2024-08-27 21:00:00,282.77196029258255,0.0,88.59600034206098,282.77196029258255,30.139616752568838,0.0
2024-08-27 22:00:00,30.75876722782411,0.0,0.0,30.75876722782411,31.913193299770764,0.0
2024-08-27 23:00:00,34.71982250644877,0.0,0.0,34.71982250644877,31.949043309682903,0.0
2024-08-28 00:00:00,28.616796271269973,0.0,0.0,28.616796271269973,31.775822291349442,0.0
2024-08-28 01:00:00,28.802758426756764,0.0,0.0,28.802758426756764,32.71728307366921,0.0
2024-08-28 02:00:00,35.419069061353355,0.0,0.0,35.419069061353355,31.941445683765174,0.0
2024-08-28 03:00:00,36.44328791920397,0.0,0.0,36.44328791920397,31.446295437842863,0.0
2024-08-28 04:00:00,35.226148240222145,0.0,0.0,35.226148240222145,31.13650219940642,0.0
2024-08-28 05:00:00,35.65138572108533,0.0,0.0,35.65138572108533,31.565620227449877,0.0
2024-08-28 06:00:00,234.40474109537467,0.0,66.78624956813572,234.40474109537467,30.679422318507548,0.0
2024-08-28 07:00:00,396.0403883790181,11.944642535704581,147.2513245701499,407.9850309147227,29.35943967281131,98.76179259966835
2024-08-28 08:00:00,395.6717039783608,27.252936033096944,164.318909919585,422.92464001145777,28.220460461188583,225.04007008638584
2024-08-28 09:00:00,362.5315762206276,30.170777094688322,147.61378076788552,392.7023533153159,27.758703051158896,244.26575380395778
2024-08-28 10:00:00,372.2909198833737,50.272246289799256,158.39070161970113,422.563166173173,27.608114914717387,417.7745799025346
2024-08-28 11:00:00,355.4968792318132,44.448462077705294,153.8467752692287,399.9453413095185,25.90707356052461,357.5701557478174
2024-08-28 12:00:00,342.65517244309075,62.771354226146514,151.85679251533793,405.42652666923726,25.437425347370333,511.19287678277925
2024-08-28 13:00:00,239.8239217507935,49.855526853727824,98.13516552103039,289.6794486045213,24.823855095907224,401.52045987109915
2024-08-28 14:00:00,153.48245667717248,57.123756485740515,50.002910083195964,210.60621316291298,25.116149827041067,452.20361007079737
2024-08-28 15:00:00,333.93118150820663,32.114209873741935,135.2590998561359,366.04539138194855,25.588155374938705,251.79212808283248
2024-08-28 16:00:00,409.43075470750136,25.1304482871011,178.2612585433617,434.56120299460247,26.82635193686816,194.94835375542334
2024-08-28 17:00:00,416.60054712372755,16.823496030687508,167.43340007639785,433.4240431544151,26.433873293849206,121.73767589737446
2024-08-28 18:00:00,395.25977274133726,4.456845600305939e-15,153.06445093269164,395.25977274133726,27.023017218973642,6.495097798721555e-14
2024-08-28 19:00:00,460.3609713943055,0.0,181.06940549070868,460.3609713943055,28.325457916725895,0.0
2024-08-28 20:00:00,403.5888743739347,0.0,154.4535717457372,403.5888743739347,29.147964047507273,0.0
2024-08-28 21:00:00,279.6932175390243,0.0,93.26103617662785,279.6932175390243,29.416892522267634,0.0
2024-08-28 22:00:00,27.94089914576312,0.0,0.0,27.94089914576312,31.70088630830719,0.0
2024-08-28 23:00:00,33.16317529761049,0.0,0.0,33.16317529761049,31.26253832959809,0.0
2024-08-29 00:00:00,33.70769913423083,0.0,0.0,33.70769913423083,32.89211763169099,0.0
2024-08-29 01:00:00,32.88981526126666,0.0,0.0,32.88981526126666,33.39925574392236,0.0
2024-08-29 02:00:00,36.39389420165302,0.0,0.0,36.39389420165302,33.415777242074036,0.0
2024-08-29 03:00:00,32.7925629713494,0.0,0.0,32.7925629713494,33.88628028471659,0.0
2024-08-29 04:00:00,28.99538113693527,0.0,0.0,28.99538113693527,32.47897560194811,0.0
2024-08-29 05:00:00,37.9201069841142,0.0,0.0,37.9201069841142,32.609405916846825,0.0
2024-08-29 06:00:00,244.18972852676472,0.0,60.82965718434443,244.18972852676472,31.575125280960044,0.0
2024-08-29 07:00:00,478.2619621969912,15.869688168629217,196.45920971695685,494.13165036562043,31.14006931368114,148.37216026204257
2024-08-29 08:00:00,408.7598126897924,27.89296228421209,168.8791786204407,436.6527749740045,29.635348333283417,233.1374270846507
2024-08-29 09:00:00,404.18270922776003,37.031357234967295,168.229229424006,441.2140664627273,28.66176672233217,304.57547264775553
2024-08-29 10:00:00,388.6669794609101,48.95196646073146,172.69561626274796,437.61894592164157,28.35887780198056,405.5917447378111
2024-08-29 11:00:00,312.80232644367976,50.98062221176088,134.43029339660907,363.78294865544063,27.44696395265963,416.2883882706349
2024-08-29 12:00:00,342.799892866435,60.21804268638288,155.1988602737866,403.0179355528179,26.301604993859385,496.6829584066808
2024-08-29 13:00:00,238.99842502757537,60.434366548654005,103.50436992927138,299.43279157622936,27.034906809462946,494.68353082799945
2024-08-29 14:00:00,179.06094631209706,51.96591025989712,65.9728840053495,231.0268565719942,26.609095745821783,416.6607734814392
2024-08-29 15:00:00,425.4259783050602,57.322874674570876,201.38940855530043,482.74885297963107,26.32499857100779,446.62737501272437
2024-08-29 16:00:00,390.958361257347,29.22832107885458,156.16933901146157,420.1866823362016,26.47763658915646,224.8502492598402
2024-08-29 17:00:00,419.2563859975994,23.222948115358086,180.56252027402311,442.4793341129575,27.45003277255143,157.91173965792322
2024-08-29 18:00:00,431.25284080093036,5.075759049974374e-15,178.29907079177786,431.25284080093036,28.323083670280948,5.2077003791260614e-14
2024-08-29 19:00:00,427.069161142076,0.0,167.35654486920527,427.069161142076,28.039936863423318,0.0
2024-08-29 20:00:00,434.75894561422524,0.0,170.3526567920258,434.75894561422524,29.93068151952897,0.0
2024-08-29 21:00:00,288.169979534406,0.0,96.12701604715987,288.169979534406,30.974985067333144,0.0
2024-08-29 22:00:00,35.387598482663236,0.0,0.0,35.387598482663236,30.31661675828367,0.0
2024-08-29 23:00:00,34.06462298091118,0.0,0.0,34.06462298091118,32.31580962179312,0.0
2024-08-30 00:00:00,37.08157670381324,0.0,0.0,37.08157670381324,33.481984855017075,0.0
2024-08-30 01:00:00,27.889555206316604,0.0,0.0,27.889555206316604,33.77477092371777,0.0
2024-08-30 02:00:00,39.018404268033485,0.0,0.0,39.018404268033485,34.004815551964164,0.0
2024-08-30 03:00:00,37.6408276906695,0.0,0.0,37.6408276906695,33.32054847057637,0.0
2024-08-30 04:00:00,31.382046835841493,0.0,0.0,31.382046835841493,32.61472707048156,0.0
2024-08-30 05:00:00,33.38268157117888,0.0,0.0,33.38268157117888,31.67859294284397,0.0
2024-08-30 06:00:00,213.68337544647034,0.0,52.97708858790078,213.68337544647034,32.399702994857776,0.0
2024-08-30 07:00:00,432.8702460823053,11.0727919939488,170.7615294293136,443.9430380762541,31.360990779329743,91.0603520630978
2024-08-30 08:00:00,411.75533870331424,29.413351980045746,172.069068265837,441.16869068335996,30.687835839987983,248.92074027877672
2024-08-30 09:00:00,411.8379794470486,33.409675454550566,174.66315246901806,445.24765490159916,28.835154037292856,272.65378296833336
2024-08-30 10:00:00,387.3667511646113,43.962243937254065,166.04108944115393,431.32899510186536,28.755509585886433,362.0271958022967
2024-08-30 11:00:00,377.18677423626235,72.34207347118551,181.011617794023,449.5288477074479,26.877377164442436,605.8016137450132
2024-08-30 12:00:00,347.7736210527597,54.791868479636406,150.71116502535696,402.56548953239616,26.637755681973307,443.61652305980596
2024-08-30 13:00:00,288.70646989517684,48.64202167474161,113.53703732223758,337.34849156991845,26.78583959081593,392.7562337099764
2024-08-30 14:00:00,159.25820835995148,59.3395407179344,59.47976049905922,218.59774907788588,26.93519518948696,476.7129338685623
2024-08-30 15:00:00,379.6583012779801,34.76742695267838,163.2206532772369,414.4257282306585,27.562357206510523,276.3662883574751
2024-08-30 16:00:00,404.1645760104578,27.69519981113374,176.23441693591414,431.85977582159154,26.95247042862901,214.43027521773
2024-08-30 17:00:00,382.62590128441394,20.724526269707717,156.50327393610007,403.35042755412167,27.195842779526302,144.36728861049644
2024-08-30 18:00:00,443.85144980402526,4.967381876752986e-15,177.3585842254836,443.85144980402526,27.895016935658035,5.70825924813943e-14
2024-08-30 19:00:00,418.6377404628022,0.0,159.344040230606,418.6377404628022,28.85380174420278,0.0
2024-08-30 20:00:00,430.9347855036526,0.0,166.9491949409412,430.9347855036526,31.21410477281131,0.0
2024-08-30 21:00:00,286.7634474381224,0.0,97.2068273057319,286.7634474381224,31.3878948229998,0.0
2024-08-30 22:00:00,32.699955346469565,0.0,0.0,32.699955346469565,32.40985729975498,0.0
2024-08-30 23:00:00,33.38853714094298,0.0,0.0,33.38853714094298,32.45897231513672,0.0
2024-08-31 00:00:00,33.25622836526487,0.0,0.0,33.25622836526487,32.08104149468613,0.0
2024-08-31 01:00:00,34.293772149356066,0.0,0.0,34.293772149356066,32.78114956763097,0.0
2024-08-31 02:00:00,33.82717800977517,0.0,0.0,33.82717800977517,32.2978775447495,0.0
2024-08-31 03:00:00,33.67509088663425,0.0,0.0,33.67509088663425,32.28586337137837,0.0
2024-08-31 04:00:00,37.267887819702366,0.0,0.0,37.267887819702366,31.744513677753588,0.0
2024-08-31 05:00:00,36.34290507656377,0.0,0.0,36.34290507656377,31.301904306914327,0.0
2024-08-31 06:00:00,173.45583744065766,0.0,52.8640626590928,173.45583744065766,30.825266228891632,0.0
2024-08-31 07:00:00,409.6728490507136,13.93486513477327,171.82132888174482,423.6077141854868,29.545788517416813,119.97966854458484
2024-08-31 08:00:00,321.5049579190885,27.636237314769478,128.47253988300045,349.14119523385796,29.193766412204663,231.01732415831313
2024-08-31 09:00:00,250.8957712102418,41.28316451923657,108.18727729898346,292.1789357294784,28.287201137556703,342.5077474089098
2024-08-31 10:00:00,255.69123637437042,50.74677127142531,128.97900146698598,306.4380076457957,27.21115260121188,420.9540794221449
2024-08-31 11:00:00,299.1767131730504,58.160125540780285,142.0914248372948,357.33683871383073,26.162173260705345,476.31224550358485
2024-08-31 12:00:00,273.2285205118879,53.80194041172104,134.96463526015344,327.0304609236089,26.072169533870362,435.14898150300644
2024-08-31 13:00:00,195.2611724358579,52.59236340765764,92.72131416651621,247.85353584351554,25.417584249152334,423.52634109041304
2024-08-31 14:00:00,8.159869396737804,51.126778516540995,0.0,59.2866479132788,25.574074006192987,408.4583936100379
2024-08-31 15:00:00,19.668702258400018,43.13857264588805,0.0,62.807274904288064,26.21910026432995,337.47251173503616
2024-08-31 16:00:00,29.38360186090272,29.2194844987101,0.0,58.60308635961282,25.393217950842416,223.65361696088956
2024-08-31 17:00:00,45.847837690716304,18.212468570246457,0.0,64.06030626096276,27.66264635693374,130.7758791628601
2024-08-31 18:00:00,64.51879719696812,4.810125870621104e-15,0.0,64.51879719696812,27.264515126746097,4.1973286098626304e-14
2024-08-31 19:00:00,54.684917843613846,0.0,0.0,54.684917843613846,28.350829901734105,0.0
2024-08-31 20:00:00,55.08478496931403,0.0,0.0,55.08478496931403,28.674401877519053,0.0
2024-08-31 21:00:00,63.017893524779005,0.0,0.0,63.017893524779005,30.527749355269616,0.0
2024-08-31 22:00:00,38.971088159717304,0.0,0.0,38.971088159717304,30.737963687914633,0.0
2024-08-31 23:00:00,27.01536410574917,0.0,0.0,27.01536410574917,31.328591501893296,0.0
2024-09-01 00:00:00,15.57758917967443,0.0,0.0,15.57758917967443,30.63555886474557,0.0
2024-09-01 01:00:00,25.265801530346945,0.0,0.0,25.265801530346945,31.13872184125496,0.0
2024-09-01 02:00:00,17.574296956745613,0.0,0.0,17.574296956745613,31.601401123614274,0.0
2024-09-01 03:00:00,27.713063045083373,0.0,0.0,27.713063045083373,31.359373199464844,0.0
2024-09-01 04:00:00,15.017716152204429,0.0,0.0,15.017716152204429,30.90338650882822,0.0
2024-09-01 05:00:00,16.428096231305673,0.0,0.0,16.428096231305673,30.011390487315822,0.0
2024-09-01 06:00:00,12.55901174982789,0.0,0.0,12.55901174982789,29.25764072517533,0.0
2024-09-01 07:00:00,3.9409823004375415,9.621566002338644,0.0,13.562548302776186,28.567656978706776,77.00762091640863
2024-09-01 08:00:00,0.0,24.939436927462538,0.0,11.5383107682688,28.122365318218176,203.1800073271156
2024-09-01 09:00:00,0.0,50.334547066675306,0.0,17.576702532663326,27.317490742164196,426.63051839680685
2024-09-01 10:00:00,0.0,57.40167878717879,0.0,19.266440065693725,26.54074956058683,480.8159942554406
2024-09-01 11:00:00,0.0,68.80858176074257,0.0,13.36107692037719,25.416620281215497,572.1519138891682
2024-09-01 12:00:00,0.0,73.16884156314401,0.0,15.707433455424974,25.052919519351192,597.5550749909294
2024-09-01 13:00:00,0.0,64.71585476220929,0.0,24.74642667571848,24.427261717684623,524.7250086612238
2024-09-01 14:00:00,0.0,50.2545925675801,0.0,21.43743264343709,23.521078466673632,396.35405301665077
2024-09-01 15:00:00,0.0,37.30061533160732,0.0,16.48423166278127,24.403523675356382,292.2169590046169
2024-09-01 16:00:00,0.0,38.71784437893381,0.0,17.105981611384635,24.673475236213406,289.620424255058
2024-09-01 17:00:00,0.0,18.00277675215119,0.0,12.6910458972749,24.897831125770377,128.63188120219277
2024-09-01 18:00:00,16.272496167344134,2.380846559918456e-15,0.0,16.272496167344137,25.858530374261417,8.347608871553224e-14
2024-09-01 19:00:00,17.05382870567376,0.0,0.0,17.05382870567376,27.053906511424483,0.0
2024-09-01 20:00:00,15.463184430872865,0.0,0.0,15.463184430872865,27.32560406929528,0.0
2024-09-01 21:00:00,18.307237352208023,0.0,0.0,18.307237352208023,28.442701384288736,0.0
2024-09-01 22:00:00,16.16145840016571,0.0,0.0,16.16145840016571,30.416178469914176,0.0
2024-09-01 23:00:00,12.443853363209602,0.0,0.0,12.443853363209602,29.56574803335058,0.0
2024-09-02 00:00:00,39.039340275338716,0.0,0.0,39.039340275338716,32.68788931210573,0.0
2024-09-02 01:00:00,37.54639272665763,0.0,0.0,37.54639272665763,32.54597718779344,0.0
2024-09-02 02:00:00,33.60517247421946,0.0,0.0,33.60517247421946,32.87257307975069,0.0
2024-09-02 03:00:00,27.902460847145612,0.0,0.0,27.902460847145612,33.03026325586642,0.0
2024-09-02 04:00:00,25.51514059164435,0.0,0.0,25.51514059164435,32.2856923305949,0.0
2024-09-02 05:00:00,41.895426866472086,0.0,0.0,41.895426866472086,32.51023052049987,0.0
2024-09-02 06:00:00,244.20585714815488,0.0,68.26269873380606,244.20585714815488,32.17396678854995,0.0
2024-09-02 07:00:00,443.3652070468103,15.6899631377324,165.75352085542104,459.0551701845427,31.07509720457393,142.53970854801474
2024-09-02 08:00:00,359.40488571604476,22.50672376516284,147.82725178315744,381.9116094812076,30.260698037524175,183.64778470633684
2024-09-02 09:00:00,378.47131207067986,50.54521599767519,167.99867137824737,429.01652806835506,28.152656981290512,428.6843240694388
2024-09-02 10:00:00,374.3663917909808,50.44381709482673,160.7343518025912,424.8102088858075,27.876855967754175,417.3599962442289
2024-09-02 11:00:00,375.47437405708285,63.50757310148205,168.9375060227208,438.9819471585649,27.507228278187544,530.2154907414678
2024-09-02 12:00:00,369.64802239813,66.87559566639969,176.99711415790202,436.5236180645297,27.152898022475473,555.6311445563769
2024-09-02 13:00:00,238.70319900144477,72.49625839640565,107.89142421803838,311.19945739785044,27.244327582956917,591.7623905443158
2024-09-02 14:00:00,184.67097647174148,54.15151608261625,66.85067803560516,238.82249255435772,26.782911274478213,433.4351554091991
2024-09-02 15:00:00,413.12616486720054,30.99235412627449,173.44672832803585,444.11851899347505,26.815895398488944,245.4088485089664
2024-09-02 16:00:00,375.77373160818485,33.33849180196308,156.55231912265322,409.1122234101479,28.034100355687883,256.39933369873893
2024-09-02 17:00:00,424.86259014882,18.994628861602347,183.68739275477202,443.85721901042234,27.321672285314474,135.54630069456306
2024-09-02 18:00:00,106.56569942063079,5.080663852306447e-15,0.0,106.56569942063079,27.853862259542957,5.264182762666487e-14
2024-09-02 19:00:00,441.11823050832174,0.0,161.57677223861467,441.11823050832174,28.931203772635143,0.0
2024-09-02 20:00:00,486.8459727779742,0.0,185.40419228100436,486.8459727779742,29.29086510082034,0.0
2024-09-02 21:00:00,296.9022039833734,0.0,94.23154200595644,296.9022039833734,30.688075029406466,0.0
2024-09-02 22:00:00,33.06149454542198,0.0,0.0,33.06149454542198,30.634965381775,0.0
2024-09-02 23:00:00,27.154604554538494,0.0,0.0,27.154604554538494,31.958505694532754,0.0
2024-09-03 00:00:00,36.70124241222892,0.0,0.0,36.70124241222892,32.03221961494677,0.0
2024-09-03 01:00:00,28.054518999835764,0.0,0.0,28.054518999835764,32.914355680172285,0.0
2024-09-03 02:00:00,34.99068493931332,0.0,0.0,34.99068493931332,33.11434291492721,0.0
2024-09-03 03:00:00,36.093991459698266,0.0,0.0,36.093991459698266,31.957729502370224,0.0
2024-09-03 04:00:00,37.31665089912822,0.0,0.0,37.31665089912822,33.127903272961355,0.0
2024-09-03 05:00:00,30.873918309598064,0.0,0.0,30.873918309598064,31.60785811610669,0.0
2024-09-03 06:00:00,230.5786019497776,0.0,57.15081459465526,230.5786019497776,30.92882012574941,0.0
2024-09-03 07:00:00,422.1372215637289,16.005183817697738,158.22262089637334,438.1424053814266,29.155817558098683,144.42903993376038
2024-09-03 08:00:00,432.8586128184809,29.994693512167686,187.9636155987573,462.8533063306486,28.748768947673994,252.3601046996704
2024-09-03 09:00:00,321.15779645031193,42.98107579719081,127.53285169882948,364.1388722475027,28.67784289064144,358.9872773387242
2024-09-03 10:00:00,378.3055868424749,52.39446325352778,166.68948745407548,430.70005009600266,27.393686874090573,434.3604824343164
2024-09-03 11:00:00,362.24013008566254,41.90633830932482,154.53894179789893,404.1464683949874,26.637831271707547,338.638474459876
2024-09-03 12:00:00,369.7490493703724,48.18330464796588,162.23403732290313,417.9323540183383,26.141294814776227,388.89775606123186
2024-09-03 13:00:00,225.29724144479286,53.19299198594404,95.54941423445493,278.4902334307369,24.956455098179262,424.91438872145454
2024-09-03 14:00:00,200.2120827827135,43.4863404684239,72.33918946134798,243.6984232511374,25.51049336603328,346.6847955252278
2024-09-03 15:00:00,396.831084176107,33.40627477659751,165.8878328877004,430.23735895270454,26.382222428371097,264.8666250664128
2024-09-03 16:00:00,442.3900439850462,20.02014514692539,181.67382366625884,462.4101891319716,26.571062540521236,156.59871548210134
2024-09-03 17:00:00,438.0916263500088,11.997365125168777,186.18816927719774,450.0889914751776,26.52132418752331,91.40105727085283
2024-09-03 18:00:00,425.14478665379943,5.066421917157904e-15,165.4933005922577,425.14478665379943,28.090631979914804,5.339298940922368e-14
2024-09-03 19:00:00,407.1721445911727,0.0,159.06828560205795,407.1721445911727,27.523381731491003,0.0
2024-09-03 20:00:00,435.78713653422056,0.0,171.22353432808168,435.78713653422056,28.572948810305896,0.0
2024-09-03 21:00:00,114.85286791148162,0.0,0.0,114.85286791148162,30.8964754891715,0.0
2024-09-03 22:00:00,28.364862155970794,0.0,0.0,28.364862155970794,31.097784201888285,0.0
2024-09-03 23:00:00,34.76888201957972,0.0,0.0,34.76888201957972,31.389227705835783,0.0
2024-09-04 00:00:00,40.36693472896774,0.0,0.0,40.36693472896774,34.62747096239708,0.0
2024-09-04 01:00:00,32.59062792930915,0.0,0.0,32.59062792930915,34.60146616761731,0.0
2024-09-04 02:00:00,34.28122277112349,0.0,0.0,34.28122277112349,35.262337633072896,0.0
2024-09-04 03:00:00,34.95556506405579,0.0,0.0,34.95556506405579,35.103475947336634,0.0
2024-09-04 04:00:00,34.74715030883905,0.0,0.0,34.74715030883905,34.66507260034605,0.0
2024-09-04 05:00:00,33.52712627989791,0.0,0.0,33.52712627989791,33.51903695871653,0.0
2024-09-04 06:00:00,215.48320039022016,0.0,58.38828098141839,215.48320039022016,33.50641938770362,0.0
2024-09-04 07:00:00,416.12151118563355,13.52038580413883,168.8950528393295,429.64189698977236,32.26515227381698,115.67467758834886
2024-09-04 08:00:00,380.6712071137769,31.1865377739046,160.81626618053684,411.8577448876815,31.131052701924574,266.2958833876838
2024-09-04 09:00:00,387.95470369902796,34.37700133912848,158.0642503433351,422.33170503815643,31.351545920079026,283.934235441278
2024-09-04 10:00:00,335.620992484378,52.109386442328606,153.59940786870357,387.73037892670663,30.958902011086796,437.0656271279936
2024-09-04 11:00:00,332.0616935050096,63.225320525473,154.67561743260282,395.2870140304826,30.12047766242607,528.425333120894
2024-09-04 12:00:00,396.31340978803445,69.34588730723573,185.71807404497778,465.6592970952702,28.918013800804772,572.5398394980059
2024-09-04 13:00:00,236.90448778276874,52.613065027639955,95.39647395725288,289.5175528104087,28.110508400617835,430.3062651889276
2024-09-04 14:00:00,200.62513004993298,53.96794067778368,73.54880615655749,254.59307072771665,28.088863540866857,437.26631566913994
2024-09-04 15:00:00,394.9069752921738,46.14518999253798,167.16193859535787,441.05216528471175,28.446102071888568,365.968591973707
2024-09-04 16:00:00,355.72629239645136,41.14857348901112,146.31020872768013,396.8748658854625,28.382828542693037,310.57208673788625
2024-09-04 17:00:00,429.103948488421,13.256179904774632,168.14767309453714,442.3601283931956,29.80857262807745,101.19345631216845
2024-09-04 18:00:00,387.59648772234425,5.053524290537383e-15,145.39932726643775,387.59648772234425,28.856177585004897,5.318871071718677e-14
2024-09-04 19:00:00,438.81895841021543,0.0,175.01790294109526,438.81895841021543,30.57031189731663,0.0
2024-09-04 20:00:00,409.530572525418,0.0,161.57173969295184,409.530572525418,32.024577078202825,0.0
2024-09-04 21:00:00,308.950376422517,0.0,107.466300226856,308.950376422517,32.107328166388086,0.0
2024-09-04 22:00:00,38.478030775512444,0.0,0.0,38.478030775512444,33.25396688658025,0.0
2024-09-04 23:00:00,37.42559259771635,0.0,0.0,37.42559259771635,34.39573677444368,0.0
2024-09-05 00:00:00,31.879257423852934,0.0,0.0,31.879257423852934,32.66234693295806,0.0
2024-09-05 01:00:00,42.22799137722785,0.0,0.0,42.22799137722785,31.605894717122236,0.0
2024-09-05 02:00:00,43.84050003893981,0.0,0.0,43.84050003893981,31.68808622231619,0.0
2024-09-05 03:00:00,36.77547257351768,0.0,0.0,36.77547257351768,31.77984876428544,0.0
2024-09-05 04:00:00,33.664630515650074,0.0,0.0,33.664630515650074,31.13444445418508,0.0
2024-09-05 05:00:00,27.460078446009703,0.0,0.0,27.460078446009703,30.613807972640803,0.0
2024-09-05 06:00:00,252.34778163283244,0.0,75.46140260999701,252.34778163283244,30.135792867346275,0.0
2024-09-05 07:00:00,357.39888767818877,12.292964003298184,136.36680530930605,369.691851681487,30.39473689817544,101.60499274945415
2024-09-05 08:00:00,387.33999254777655,21.815520469075956,157.39109808096234,409.1555130168525,28.716085057159244,176.3654262346778
2024-09-05 09:00:00,362.58052425559333,33.80906717445144,145.04390997789574,396.3895914300448,27.981944361413106,274.0564977035569
2024-09-05 10:00:00,442.22933422385535,33.969710792877315,200.61131008555296,476.19904501673267,26.644391337816536,271.81357019412116
2024-09-05 11:00:00,352.6228836597337,50.7844497193994,157.73484549751996,403.4073333791331,26.714018269573,411.6738442470955
2024-09-05 12:00:00,323.6504189244978,49.11038431935677,143.30064781538485,372.7608032438546,26.778916566864474,398.5665856431547
2024-09-05 13:00:00,280.7156031046461,54.30740704799312,121.17935244178581,335.02301015263924,25.047568132162176,436.2572869199431
2024-09-05 14:00:00,183.65809983787207,45.928558304308446,61.207919256134716,229.5866581421805,26.23449765173099,368.18088155571894
2024-09-05 15:00:00,326.6135547769587,38.17176853949327,138.23929902982894,364.785323316452,25.673595265765808,300.9564870190704
2024-09-05 16:00:00,363.74627591006606,19.177459635439092,145.886412574188,382.92373554550517,25.849466302592443,149.9944705862726
2024-09-05 17:00:00,411.6944330453163,15.680904491096669,167.36265456749697,427.375337536413,26.59731164820333,115.78147251753096
2024-09-05 18:00:00,421.8000608764172,5.03881015706757e-15,165.75483257406017,421.8000608764172,27.31738671567713,4.7119810720845704e-14
2024-09-05 19:00:00,393.8898800694297,0.0,151.20595713686788,393.8898800694297,28.89480901786642,0.0
2024-09-05 20:00:00,414.9753301105897,0.0,156.99671202019528,414.9753301105897,29.132233832104486,0.0
2024-09-05 21:00:00,292.07002762366443,0.0,99.52550215361354,292.07002762366443,30.048543709622933,0.0
2024-09-05 22:00:00,32.18311810477407,0.0,0.0,32.18311810477407,30.411373556212354,0.0
2024-09-05 23:00:00,36.36586373646841,0.0,0.0,36.36586373646841,31.76653576857874,0.0
2024-09-06 00:00:00,36.29778983920555,0.0,0.0,36.29778983920555,31.889891073250944,0.0
2024-09-06 01:00:00,27.88977134503925,0.0,0.0,27.88977134503925,32.77246803361843,0.0
2024-09-06 02:00:00,36.635473849120416,0.0,0.0,36.635473849120416,34.278867424707315,0.0
2024-09-06 03:00:00,38.90771422414334,0.0,0.0,38.90771422414334,31.46587107900549,0.0
2024-09-06 04:00:00,33.61815667244496,0.0,0.0,33.61815667244496,32.48488805823016,0.0
2024-09-06 05:00:00,30.878696152173337,0.0,0.0,30.878696152173337,31.947910841409264,0.0
2024-09-06 06:00:00,264.25013495310714,0.0,74.73782394321003,264.25013495310714,30.973181125573298,0.0
2024-09-06 07:00:00,429.5290949007645,13.048334090327748,170.4991025177797,442.57742899109223,30.140832674142008,109.09147323393067
2024-09-06 08:00:00,388.0813548510786,27.520377156118823,155.70776342120942,415.60173200719737,29.38293053339764,227.36988050973343
2024-09-06 09:00:00,382.3738492345691,44.516823374659616,161.23098601009318,426.8906726092287,28.305357351225812,372.5513899393033
2024-09-06 10:00:00,400.72195502906857,42.99020224881793,177.70021386211417,443.7121572778865,27.698215511227403,348.4381725559932
2024-09-06 11:00:00,406.85852347888886,56.64817797131695,192.72110363359482,463.5067014502058,26.618546559755536,462.3452375049154
2024-09-06 12:00:00,317.0354523686073,68.44660645052754,146.77395792117602,385.48205881913486,27.317333142944904,569.7499866224341
2024-09-06 13:00:00,260.49085429338834,60.44125296988685,110.02968446350302,320.93210726327516,25.830478383156485,485.87998707839813
2024-09-06 14:00:00,164.7519133463282,62.6877638152607,63.93566297304563,227.4396771615889,26.122031350629257,503.83622671572505
2024-09-06 15:00:00,325.0856236179153,52.061303913884196,138.20025728782477,377.1469275317995,25.621967204883553,405.26364270736127
2024-09-06 16:00:00,332.93199680853127,31.830248257891554,134.93312721139827,364.7622450664228,26.772708248771938,243.7818370305308
2024-09-06 17:00:00,442.0595131250698,10.361745876497366,187.01388133392035,452.4212590015672,27.229085806339654,80.0742685467004
2024-09-06 18:00:00,450.005326510834,5.075352752253031e-15,188.98039613814817,450.005326510834,27.796855765082984,4.934553434608949e-14
2024-09-06 19:00:00,407.7447552327037,0.0,155.61013846454193,407.7447552327037,27.917691310848816,0.0
2024-09-06 20:00:00,432.67550570921713,0.0,161.49961329181184,432.67550570921713,28.96102412653514,0.0
2024-09-06 21:00:00,257.00890335343223,0.0,81.35464635081883,257.00890335343223,31.086178797548815,0.0
2024-09-06 22:00:00,25.44763806618597,0.0,0.0,25.44763806618597,30.70548879296156,0.0
2024-09-06 23:00:00,31.866894118212944,0.0,0.0,31.866894118212944,32.13255046607607,0.0
2024-09-07 00:00:00,30.80425053928604,0.0,0.0,30.80425053928604,31.407261917710123,0.0
2024-09-07 01:00:00,35.33820052249351,0.0,0.0,35.33820052249351,32.73344067936786,0.0
2024-09-07 02:00:00,29.732169436277797,0.0,0.0,29.732169436277797,32.005309990806545,0.0
2024-09-07 03:00:00,33.14887685455173,0.0,0.0,33.14887685455173,31.747655117796974,0.0
2024-09-07 04:00:00,28.08895352196134,0.0,0.0,28.08895352196134,31.52342634445232,0.0
2024-09-07 05:00:00,33.068364396241876,0.0,0.0,33.068364396241876,31.04648110537764,0.0
2024-09-07 06:00:00,55.080443415009164,0.0,0.0,55.080443415009164,30.800845347017347,0.0
2024-09-07 07:00:00,44.76328307425629,14.356652143722684,0.0,59.11993521797898,29.789067180482952,122.71892081498302
2024-09-07 08:00:00,28.766201899603082,29.99446818460175,0.0,58.76067008420483,28.30093062959882,249.4267175000135
2024-09-07 09:00:00,26.02358095414064,37.55418490643605,0.0,63.57776586057669,27.928668504797002,307.3083069145064
2024-09-07 10:00:00,7.742407681720927,55.31315561281325,0.0,63.055563294534174,26.526757965909688,457.98473857307556
2024-09-07 11:00:00,7.901987303670616,56.14773618494676,0.0,64.04972348861737,26.695413617902812,460.1072903724976
2024-09-07 12:00:00,0.268877470953214,63.70087454895311,0.0,63.96975201990632,26.230871205745903,524.9695432208265
2024-09-07 13:00:00,4.795019896110901,57.23987571448457,0.0,62.03489561059547,25.455794608268818,463.4214428104813
2024-09-07 14:00:00,6.9079830416269985,53.334403714633524,0.0,60.24238675626052,25.484335371051618,427.49093816751684
2024-09-07 15:00:00,24.946645828620653,37.42784434391451,0.0,62.37449017253516,26.343830332875704,294.83205832154385
2024-09-07 16:00:00,37.54735696273697,27.004042256679757,0.0,64.55139921941672,25.73861826011364,208.5393097133603
2024-09-07 17:00:00,39.41554887746621,20.476192843177397,0.0,59.89174172064361,25.901505960376877,144.4395072341791
2024-09-07 18:00:00,65.01742155698177,4.627113662743379e-15,0.0,65.01742155698177,27.38810628752413,6.286308732648186e-14
2024-09-07 19:00:00,55.420111801153,0.0,0.0,55.420111801153,27.37631512881374,0.0
2024-09-07 20:00:00,57.5781216600114,0.0,0.0,57.5781216600114,28.743224187918766,0.0
2024-09-07 21:00:00,62.269223563167714,0.0,0.0,62.269223563167714,29.454880304372303,0.0
2024-09-07 22:00:00,36.34056878711107,0.0,0.0,36.34056878711107,30.2475987529508,0.0
2024-09-07 23:00:00,32.10200121358261,0.0,0.0,32.10200121358261,31.198338605885898,0.0
2024-09-08 00:00:00,12.546386818359226,0.0,0.0,12.546386818359226,31.862116266110835,0.0
2024-09-08 01:00:00,14.926271951940722,0.0,0.0,14.926271951940722,32.31465647593209,0.0
2024-09-08 02:00:00,16.613182613470137,0.0,0.0,16.613182613470137,32.34418462130359,0.0
2024-09-08 03:00:00,15.780706291732631,0.0,0.0,15.780706291732631,31.929999126334202,0.0
2024-09-08 04:00:00,19.6776293158505,0.0,0.0,19.6776293158505,31.283312322309968,0.0
2024-09-08 05:00:00,18.272896825889895,0.0,0.0,18.272896825889895,29.677042926211193,0.0
2024-09-08 06:00:00,18.13615486186002,0.0,0.0,18.13615486186002,30.314912186396896,0.0
2024-09-08 07:00:00,4.675439752475587,13.984528493040553,0.0,18.65996824551614,28.147282485237636,117.08394729551728
2024-09-08 08:00:00,0.0,27.791499339414788,0.0,23.72383777933441,27.41939805152175,227.8836907608891
2024-09-08 09:00:00,0.0,32.18067910248796,0.0,14.071491419670508,27.39438120400596,259.5904242567376
2024-09-08 10:00:00,0.0,48.00976404374444,0.0,14.033362431029651,26.763370312073505,392.1480689180451
2024-09-08 11:00:00,0.0,44.47011272444299,0.0,18.87508197972778,25.68066550369071,359.78565486886686
2024-09-08 12:00:00,0.0,40.812317924520805,0.0,20.141372877872854,26.117758350809705,327.91909417600186
2024-09-08 13:00:00,0.0,46.33775192475342,0.0,14.313951094584642,25.231392126505774,372.73492663567066
2024-09-08 14:00:00,0.0,63.90912851952622,0.0,24.187130844675238,24.75637773636063,504.9077720987677
2024-09-08 15:00:00,0.0,40.19976503119128,0.0,17.340416418284462,25.693496270337416,316.63857841583075
2024-09-08 16:00:00,0.0,31.637751032949037,0.0,14.081690807888185,26.132549450294768,242.53395143549466
2024-09-08 17:00:00,1.8399702741270278,14.915121040240289,0.0,16.755091314367316,26.162487302342676,111.11917098220273
2024-09-08 18:00:00,14.306339071031696,4.746893673594549e-15,0.0,14.3063390710317,26.24345285987951,4.069199386730639e-14
2024-09-08 19:00:00,20.5632487101048,0.0,0.0,20.5632487101048,27.20007981638857,0.0
2024-09-08 20:00:00,20.37984025036523,0.0,0.0,20.37984025036523,27.65771233326159,0.0
2024-09-08 21:00:00,17.354806863966406,0.0,0.0,17.354806863966406,29.265739907716824,0.0
2024-09-08 22:00:00,19.97765177523134,0.0,0.0,19.97765177523134,29.60606096903599,0.0
2024-09-08 23:00:00,14.116267080125828,0.0,0.0,14.116267080125828,30.691418039312914,0.0
2024-09-09 00:00:00,31.783699756972485,0.0,0.0,31.783699756972485,31.350839205268038,0.0
2024-09-09 01:00:00,30.547327984365047,0.0,0.0,30.547327984365047,30.578336211504688,0.0
2024-09-09 02:00:00,32.718042066569105,0.0,0.0,32.718042066569105,31.0575795062343,0.0
2024-09-09 03:00:00,27.15165099691095,0.0,0.0,27.15165099691095,31.316766505088996,0.0
2024-09-09 04:00:00,30.68498685133674,0.0,0.0,30.68498685133674,31.194275369378868,0.0
2024-09-09 05:00:00,28.940754265944342,0.0,0.0,28.940754265944342,30.41737847477878,0.0
2024-09-09 06:00:00,234.9665908455984,0.0,71.02947024173075,234.9665908455984,29.80419117480173,0.0
2024-09-09 07:00:00,418.98061581240836,13.896303939055812,164.5317220221902,432.8769197514642,28.742223200290965,116.45051887913058
2024-09-09 08:00:00,348.5529836793255,26.900422311899074,139.3874253986179,375.4534059912246,27.464750219590606,219.54320232586068
2024-09-09 09:00:00,402.6508565797073,42.87691488382398,168.378222502899,445.5277714635313,27.016208093940246,353.58903988440494
2024-09-09 10:00:00,338.2422715159677,44.51328130669765,142.0743100249708,382.7555528226653,26.332865878029768,361.07873315480634
2024-09-09 11:00:00,395.1591776421704,57.78780281318989,174.19869522119436,452.9469804553603,25.559381354538882,470.5814666161805
2024-09-09 12:00:00,338.7062251672297,51.49876664041562,147.13369649465903,390.20499180764534,25.21425918664761,413.9670993280084
2024-09-09 13:00:00,238.71157972280048,54.94054080865514,102.33698476713873,293.65212053145564,25.01815703372078,444.393168266816
2024-09-09 14:00:00,182.90304157495314,34.231646919419674,61.68998567300509,217.1346884943728,25.030313253943255,270.9207251530894
2024-09-09 15:00:00,329.96174290076385,20.479124969724705,125.96596331905162,350.44086787048855,24.491934330727485,160.19270501471013
2024-09-09 16:00:00,416.2697932594476,29.75555067517148,181.43666154792703,446.0253439346191,24.37046282528949,227.8746953470823
2024-09-09 17:00:00,438.4448132860889,16.10814416947983,182.3404174203169,454.55295745556873,26.350374589206307,119.01166085617523
2024-09-09 18:00:00,415.50322081681674,5.0060890154707064e-15,156.39057444868408,415.50322081681674,26.632173098300463,5.6724905823154725e-14
2024-09-09 19:00:00,437.45825125068734,0.0,169.52801324913764,437.45825125068734,26.806252307049128,0.0
2024-09-09 20:00:00,430.49064794586786,0.0,172.22993619942181,430.49064794586786,28.32830266874113,0.0
2024-09-09 21:00:00,301.41385280991835,0.0,103.65784557611907,301.41385280991835,29.629314164987804,0.0
2024-09-09 22:00:00,25.83228942043606,0.0,0.0,25.83228942043606,30.804038403114614,0.0
2024-09-09 23:00:00,36.17182365931652,0.0,0.0,36.17182365931652,30.7896290127267,0.0
2024-09-10 00:00:00,35.096545241440424,0.0,0.0,35.096545241440424,32.41401684551075,0.0
2024-09-10 01:00:00,38.916659872335636,0.0,0.0,38.916659872335636,31.629031969444654,0.0
2024-09-10 02:00:00,33.04402936929804,0.0,0.0,33.04402936929804,32.33514123779194,0.0
2024-09-10 03:00:00,27.45307797648035,0.0,0.0,27.45307797648035,32.06632668097386,0.0
2024-09-10 04:00:00,27.003942476497347,0.0,0.0,27.003942476497347,32.055466452687924,0.0
2024-09-10 05:00:00,35.15215066247379,0.0,0.0,35.15215066247379,32.13356331546131,0.0
2024-09-10 06:00:00,268.0826735703996,0.0,77.3889500969285,268.0826735703996,30.72803731072991,0.0
2024-09-10 07:00:00,426.2395637109968,20.356494940239795,171.8771693119838,446.59605865123655,29.290113901815666,191.46920128056058
2024-09-10 08:00:00,384.5626630593336,31.676299512719673,159.0986573964314,416.23896257205325,28.22137332364834,263.80703190643726
2024-09-10 09:00:00,404.07765033998845,34.96198899612093,172.06061670005556,439.03963933610936,28.770115987108426,285.62463792052665
2024-09-10 10:00:00,347.50680514577175,51.10298001807034,157.9058578783333,398.6097851638421,27.359989319782898,422.6394424897748
2024-09-10 11:00:00,334.52641173464707,50.85999924242068,147.41835901786618,385.3864109770677,26.602259552924895,414.2152678914679
2024-09-10 12:00:00,391.6701138607528,57.920851348002934,185.12571561428467,449.59096520875573,25.65013800606566,472.8246654944251
2024-09-10 13:00:00,245.5606147081673,56.48159959000701,104.2881888289736,302.0422142981743,25.606283113912465,456.22014937721985
2024-09-10 14:00:00,142.37787526387913,49.757651024505016,53.713311079200416,192.13552628838414,24.859612660526874,396.8966797269271
2024-09-10 15:00:00,360.5166973542137,35.75273605311421,153.71951976834742,396.26943340732794,25.66595139943037,280.7363778986051
2024-09-10 16:00:00,413.2296711498944,41.46670007380906,177.50107626221424,454.69637122370347,25.23456863205773,311.97039382090514
2024-09-10 17:00:00,347.8993411882966,18.878877809730493,139.19689433801838,366.7782189980271,26.198574656923487,136.04127267188665
2024-09-10 18:00:00,394.4850701835652,4.869625022713733e-15,152.57660232370185,394.4850701835652,26.78164603926058,5.9490254026612e-14
2024-09-10 19:00:00,479.4316781286642,0.0,208.914908699195,479.4316781286642,26.31854213439817,0.0
2024-09-10 20:00:00,415.9748468560508,0.0,159.53711587761617,415.9748468560508,28.67970830032358,0.0
2024-09-10 21:00:00,311.5812716804903,0.0,109.71866850201536,311.5812716804903,29.30952605921764,0.0
2024-09-10 22:00:00,36.810191636725285,0.0,0.0,36.810191636725285,30.49789767164489,0.0
2024-09-10 23:00:00,33.55265474454711,0.0,0.0,33.55265474454711,31.32882774798412,0.0
2024-09-11 00:00:00,37.57629339526423,0.0,0.0,37.57629339526423,33.04046578691296,0.0
2024-09-11 01:00:00,40.17531895677761,0.0,0.0,40.17531895677761,32.658505792767116,0.0
2024-09-11 02:00:00,35.083369337889685,0.0,0.0,35.083369337889685,32.79246721866839,0.0
2024-09-11 03:00:00,33.98561689233343,0.0,0.0,33.98561689233343,32.753958211797986,0.0
2024-09-11 04:00:00,27.236246067425814,0.0,0.0,27.236246067425814,32.59240407154273,0.0
2024-09-11 05:00:00,35.44776232346515,0.0,0.0,35.44776232346515,31.8274243632568,0.0
2024-09-11 06:00:00,258.9105180029198,0.0,75.90308218849029,258.9105180029198,31.016267414388686,0.0
2024-09-11 07:00:00,402.6155415356983,15.396304607226927,150.00979241423843,418.0118461429252,30.38690101931702,133.2080298180309
2024-09-11 08:00:00,421.0844053101913,26.762270099545823,169.3950272486497,447.84667540973714,27.912093691761072,218.446434546538
2024-09-11 09:00:00,439.9991321565147,36.520568965775816,198.97053695922688,476.5197011222905,29.264070035957214,298.2751515079544
2024-09-11 10:00:00,378.93785951423683,47.95187698877439,172.58215815183064,426.88973650301125,28.170275824533324,395.19035205396875
2024-09-11 11:00:00,428.54377671951454,52.49917742724317,204.03105839475612,481.0429541467577,26.759105043953355,430.6201508926595
2024-09-11 12:00:00,366.13580217335686,46.39744567314586,154.4912883226253,412.5332478465027,25.387818763726706,372.4013431805586
2024-09-11 13:00:00,282.3585409631446,51.64862091863021,116.79126106747309,334.00716188177483,26.34984572641136,418.9274782907228
2024-09-11 14:00:00,189.8879288816397,54.79869113821698,66.11004832282518,244.6866200198567,25.27847265264427,436.0024057873822
2024-09-11 15:00:00,359.0407678924296,52.51443991721504,159.59657889436818,411.5552078096446,26.011591018452354,409.719573957488
2024-09-11 16:00:00,397.8862642165294,34.44326050858601,175.56067141062113,432.3295247251154,25.452869188038356,262.6765036691542
2024-09-11 17:00:00,407.08308287644354,9.489653915160277,163.16093536454653,416.5727367916038,27.763740617510273,73.9328621863269
2024-09-11 18:00:00,409.9443456585382,4.444362079311615e-15,163.60461532190217,409.9443456585382,26.654302521122315,6.514610883865176e-14
2024-09-11 19:00:00,453.97465019419167,0.0,173.00567821560688,453.97465019419167,28.25403727947605,0.0
2024-09-11 20:00:00,376.1443315632904,0.0,135.17238828544345,376.1443315632904,28.06431729492088,0.0
2024-09-11 21:00:00,275.9696823086519,0.0,91.09330376431755,275.9696823086519,30.010666333937287,0.0
2024-09-11 22:00:00,35.964796876624376,0.0,0.0,35.964796876624376,30.66276829960749,0.0
2024-09-11 23:00:00,33.53677776695287,0.0,0.0,33.53677776695287,32.168876333282526,0.0
2024-09-12 00:00:00,33.663424545372976,0.0,0.0,33.663424545372976,32.703664677022914,0.0
2024-09-12 01:00:00,39.03801887320627,0.0,0.0,39.03801887320627,33.83531766300822,0.0
2024-09-12 02:00:00,37.18893199012077,0.0,0.0,37.18893199012077,32.87320519577898,0.0
2024-09-12 03:00:00,37.702248986674704,0.0,0.0,37.702248986674704,33.12502507006268,0.0
2024-09-12 04:00:00,32.311589785876805,0.0,0.0,32.311589785876805,32.785398343858596,0.0
2024-09-12 05:00:00,34.159401010460236,0.0,0.0,34.159401010460236,32.60793334154269,0.0
2024-09-12 06:00:00,244.21380128007328,0.0,70.76944419925591,244.21380128007328,31.81945269277684,0.0
2024-09-12 07:00:00,447.40911937974045,16.246699776867587,181.36025195600212,463.65581915660806,31.152244714893815,143.0170740768695
2024-09-12 08:00:00,420.7613631839868,26.337163395596306,170.89425718859988,447.0985265795831,30.01868078121818,216.45548079099675
2024-09-12 09:00:00,393.32950632510784,44.45507377031977,169.55186407806374,437.7845800954276,29.310056235021044,369.1852116181585
2024-09-12 10:00:00,401.84360967848454,42.02991246138661,171.63864502622752,443.87352213987117,27.68633351522674,341.03990733629234
2024-09-12 11:00:00,408.0250438934814,44.96624998765602,180.80367391654914,452.9912938811374,27.604791078861012,364.7778629424871
2024-09-12 12:00:00,304.2642555359438,75.06094055544798,141.4672379363181,379.3251960913918,27.658279530050613,617.9170039354694
2024-09-12 13:00:00,237.76984448554612,47.31039651023785,93.95620749853637,285.080240995784,25.664528703867774,381.5221042757362
2024-09-12 14:00:00,151.27275147671378,59.69621417187809,65.50876805531027,210.96896564859188,26.629769457057773,480.484373275668
2024-09-12 15:00:00,389.1527915380291,42.473133626336576,168.23052997907675,431.62592516436564,26.84291497653063,337.085866695789
2024-09-12 16:00:00,331.5421945763716,28.009748129321416,130.19096060274126,359.551942705693,27.584769755063615,217.89116775046259
2024-09-12 17:00:00,364.4873193658056,16.143286049048143,144.25300610647415,380.63060541485373,27.773415212065498,120.17083819753171
2024-09-12 18:00:00,430.15580415649043,4.952954356897931e-15,164.72510214450506,430.15580415649043,28.185423450652664,4.516843703325598e-14
2024-09-12 19:00:00,439.66727566358855,0.0,181.71682185360285,439.66727566358855,29.194435419469507,0.0
2024-09-12 20:00:00,418.6302218690048,0.0,158.08584088721028,418.6302218690048,29.51774656229264,0.0
2024-09-12 21:00:00,292.3028135471472,0.0,92.39778806882065,292.3028135471472,30.59714810125326,0.0
2024-09-12 22:00:00,38.11911768972235,0.0,0.0,38.11911768972235,30.967414059722312,0.0
2024-09-12 23:00:00,35.00134401666596,0.0,0.0,35.00134401666596,33.10365397089834,0.0
2024-09-13 00:00:00,40.57612944428773,0.0,0.0,40.57612944428773,32.12678824268548,0.0
2024-09-13 01:00:00,31.65545217776154,0.0,0.0,31.65545217776154,31.79330483181395,0.0
2024-09-13 02:00:00,35.63958397560766,0.0,0.0,35.63958397560766,32.506299151295806,0.0
2024-09-13 03:00:00,34.59607021654094,0.0,0.0,34.59607021654094,32.83103491697342,0.0
2024-09-13 04:00:00,32.40381522774293,0.0,0.0,32.40381522774293,32.398105745937244,0.0
2024-09-13 05:00:00,28.40422392418666,0.0,0.0,28.40422392418666,30.88167509753423,0.0
2024-09-13 06:00:00,263.171734603396,0.0,69.48921174933828,263.171734603396,29.05370126202474,0.0
2024-09-13 07:00:00,417.19870158304434,17.14749844558718,159.58682896310216,434.34620002863153,29.97418037027153,151.77313303938706
2024-09-13 08:00:00,438.29507013324377,27.32628215234772,179.5348247311324,465.6213522855915,28.4271858540454,222.32948601415882
2024-09-13 09:00:00,383.76245469537804,38.186139364662445,161.34812506518983,421.9485940600405,28.275917765095944,310.97675333378
2024-09-13 10:00:00,342.9467032042623,44.10958467434557,146.59893832008783,387.05628787860786,27.595755864132638,359.5606054010031
2024-09-13 11:00:00,404.77534337652594,62.58967911108002,188.4398385329287,467.365022487606,26.952563491393292,517.3983754505326
2024-09-13 12:00:00,399.4843405332152,49.9727444948308,185.41480539098447,449.457085028046,26.711901999708246,406.08205106923765
2024-09-13 13:00:00,231.86875468116628,39.572173177241524,89.54075317173081,271.4409278584078,26.10805873699143,317.35913047686194
2024-09-13 14:00:00,184.993801932189,42.55530919270327,68.61164375103498,227.54911112489228,26.245395084356527,341.5546302052587
2024-09-13 15:00:00,354.5363687091504,49.268190562835066,159.6099552703179,403.80455927198545,26.179410449570444,386.65142371074177
2024-09-13 16:00:00,413.3117511601768,32.98067638566051,175.2145580913827,446.2924275458373,26.572640543730063,254.60743097938683
2024-09-13 17:00:00,386.3160551324716,14.681687304849113,150.5511405459659,400.9977424373207,26.375312866162716,110.4100378299181
2024-09-13 18:00:00,452.18982293964694,4.226543795351858e-15,179.3853963404551,452.18982293964694,26.47595745434833,6.739723747236969e-14
2024-09-13 19:00:00,454.79115742968605,0.0,184.71669951515935,454.79115742968605,29.2058891393469,0.0
2024-09-13 20:00:00,398.0136157969512,0.0,149.36884481075109,398.0136157969512,28.902097137572525,0.0
2024-09-13 21:00:00,287.3547949932161,0.0,99.67023145250796,287.3547949932161,30.390841359810455,0.0
2024-09-13 22:00:00,30.87679748685313,0.0,0.0,30.87679748685313,30.345483254452404,0.0
2024-09-13 23:00:00,41.958390217053456,0.0,0.0,41.958390217053456,31.82745562539025,0.0
2024-09-14 00:00:00,38.34348301677049,0.0,0.0,38.34348301677049,29.75314024021528,0.0
2024-09-14 01:00:00,36.720219910912945,0.0,0.0,36.720219910912945,31.120051686000988,0.0
2024-09-14 02:00:00,23.901075061214776,0.0,0.0,23.901075061214776,31.395327447793584,0.0
2024-09-14 03:00:00,37.214416807110844,0.0,0.0,37.214416807110844,31.55657776565406,0.0
2024-09-14 04:00:00,37.041558809907606,0.0,0.0,37.041558809907606,31.511634241035818,0.0
2024-09-14 05:00:00,35.59514716351369,0.0,0.0,35.59514716351369,29.872335262827484,0.0
2024-09-14 06:00:00,58.30191377028288,0.0,0.0,58.30191377028288,30.024517083949828,0.0
2024-09-14 07:00:00,44.78755265548289,11.22057258733507,0.0,56.00812524281796,29.46373313566692,90.59969105576194
2024-09-14 08:00:00,35.28362391342199,21.247126002511035,0.0,56.53074991593302,29.117488780866854,171.21571503802903
2024-09-14 09:00:00,18.62152009326563,39.24070199183914,0.0,57.86222208510477,27.39198032354967,319.61946099238435
2024-09-14 10:00:00,18.910838212615708,40.539159930437,0.0,59.44999814305271,25.964779998749115,325.3962664046389
2024-09-14 11:00:00,0.0,61.14746417686152,0.0,59.15018504229253,24.83377692678268,497.98110504303617
2024-09-14 12:00:00,12.753394767464087,53.12197593917544,0.0,65.87537070663953,25.828045225176805,429.3730003006521
2024-09-14 13:00:00,14.333935333156624,42.12738840957948,0.0,56.461323742736106,24.93246356527446,336.014526654684
2024-09-14 14:00:00,15.523759968527777,43.559484221088915,0.0,59.08324418961669,24.433545173699606,344.0362509675832
2024-09-14 15:00:00,33.03480608266493,31.908012307552724,0.0,64.94281839021765,23.75388345036708,248.99743796318384
2024-09-14 16:00:00,28.32803847477862,28.822593115394103,0.0,57.15063159017272,24.447852100795163,222.1794430765193
2024-09-14 17:00:00,48.46069081389547,9.293748594749173,0.0,57.75443940864464,25.78531939972378,71.89935021535359
2024-09-14 18:00:00,59.65093902138722,4.602413284572597e-15,0.0,59.650939021387224,26.371449501552675,3.875319958425935e-14
2024-09-14 19:00:00,63.38030227397768,0.0,0.0,63.38030227397768,26.065500552147675,0.0
2024-09-14 20:00:00,52.3631176061496,0.0,0.0,52.3631176061496,28.26083926774064,0.0
2024-09-14 21:00:00,60.717269418916665,0.0,0.0,60.717269418916665,28.066181423238568,0.0
2024-09-14 22:00:00,34.604395968408745,0.0,0.0,34.604395968408745,30.371537523790856,0.0
2024-09-14 23:00:00,30.967611403075445,0.0,0.0,30.967611403075445,30.52368468109512,0.0
2024-09-15 00:00:00,16.473558297589076,0.0,0.0,16.473558297589076,30.907153392952107,0.0
2024-09-15 01:00:00,19.61912702774283,0.0,0.0,19.61912702774283,31.983592765648297,0.0
2024-09-15 02:00:00,20.630308562636905,0.0,0.0,20.630308562636905,31.784524848304113,0.0
2024-09-15 03:00:00,26.040369949569605,0.0,0.0,26.040369949569605,32.15097940034547,0.0
2024-09-15 04:00:00,15.751924577562857,0.0,0.0,15.751924577562857,31.17910192402154,0.0
2024-09-15 05:00:00,20.70362865221342,0.0,0.0,20.70362865221342,30.652058621436993,0.0
2024-09-15 06:00:00,21.496931308708128,0.0,0.0,21.496931308708128,29.71514998778227,0.0
2024-09-15 07:00:00,2.3988289595958,12.84225168438041,0.0,15.24108064397621,29.145125433323628,105.01147764044529
2024-09-15 08:00:00,0.0,27.89517499088583,0.0,22.03965578701145,28.956750643975848,229.2748546532068
2024-09-15 09:00:00,0.0,42.407587492022785,0.0,18.870674235841737,26.950526461191878,348.24913978868443
2024-09-15 10:00:00,0.0,53.723422380456064,0.0,15.072683108294136,26.68175277874654,439.49317621134094
2024-09-15 11:00:00,0.0,51.2401678001219,0.0,18.841617578781907,25.19267967842433,415.31696156056086
2024-09-15 12:00:00,0.0,68.10369803309156,0.0,16.307324340944636,24.04332023199646,558.4542239941288
2024-09-15 13:00:00,0.0,53.17334175379556,0.0,16.007073753627086,24.830764182254537,427.6328659877502
2024-09-15 14:00:00,0.0,46.116365832979135,0.0,17.35953723732323,24.792977915815932,367.0611913170689
2024-09-15 15:00:00,0.0,40.303114830870484,0.0,22.077743974349247,24.67200917734824,317.29473679780085
2024-09-15 16:00:00,0.0,37.73119403579724,0.0,23.6901245886518,24.328693805449568,285.8160640610198
2024-09-15 17:00:00,2.1569881746066173,16.806036151646197,0.0,18.963024326252814,25.785052007249117,124.19477026219114
2024-09-15 18:00:00,15.212234266564256,5.0958228695370226e-15,0.0,15.212234266564261,26.490932021150943,5.3536812373006326e-14
2024-09-15 19:00:00,9.634881852437886,0.0,0.0,9.634881852437886,26.757518230676112,0.0
2024-09-15 20:00:00,16.684894401467048,0.0,0.0,16.684894401467048,27.43102941834471,0.0
2024-09-15 21:00:00,15.218621751336775,0.0,0.0,15.218621751336775,28.88744789808706,0.0
2024-09-15 22:00:00,18.23827519573042,0.0,0.0,18.23827519573042,30.184239827470105,0.0
2024-09-15 23:00:00,15.73064159825025,0.0,0.0,15.73064159825025,30.790976304130133,0.0
2024-09-16 00:00:00,26.608475746994912,0.0,0.0,26.608475746994912,29.50314608284468,0.0
2024-09-16 01:00:00,32.58071390416298,0.0,0.0,32.58071390416298,30.361678603038925,0.0
2024-09-16 02:00:00,33.87569448235535,0.0,0.0,33.87569448235535,30.85603887125397,0.0
2024-09-16 03:00:00,25.23525466791267,0.0,0.0,25.23525466791267,29.706883205894513,0.0
2024-09-16 04:00:00,39.12897792177283,0.0,0.0,39.12897792177283,29.975142265783315,0.0
2024-09-16 05:00:00,39.09498415259537,0.0,0.0,39.09498415259537,30.057169892754533,0.0
2024-09-16 06:00:00,263.754586585397,0.0,74.02536903113364,263.754586585397,28.025009590869235,0.0
2024-09-16 07:00:00,387.49933010282257,12.030426888948066,148.4775171304135,399.5297569917706,28.396105471899762,97.36889524495052
2024-09-16 08:00:00,379.045884578252,27.027156338050013,153.96436091325134,406.07304091630203,27.722069394677376,219.23678197816344
2024-09-16 09:00:00,411.64021552523707,34.291387944926726,175.9186771049814,445.9316034701638,25.895506248071918,275.02387542804775
2024-09-16 10:00:00,402.1051826290343,28.02746989187082,162.3486293540197,430.1326525209051,24.990971359008043,221.98960531409588
2024-09-16 11:00:00,335.3443275594194,41.24084943409382,139.00796629216362,376.58517699351324,24.95414914387305,329.6885636185591
2024-09-16 12:00:00,388.56245138141185,35.58506667450045,159.71637647747934,424.1475180559123,23.788321567755887,282.5495290057662
2024-09-16 13:00:00,268.6585798978172,50.87747031859537,116.28976063956445,319.5360502164126,22.3551719261569,402.37809471265854
2024-09-16 14:00:00,212.67259963651895,47.73184865355675,79.6150630424677,260.4044482900757,23.363078371171394,377.8260986010042
2024-09-16 15:00:00,344.0789348820575,37.679540643518926,154.48807420621407,381.75847552557644,23.766937260601726,295.23231552135286
2024-09-16 16:00:00,363.366541574235,21.742573408448074,149.93052144538092,385.1091149826831,24.25142868206188,169.09057295471996
2024-09-16 17:00:00,402.7114523375722,14.398742270910232,157.44280271169174,417.11019460848246,23.997287351987307,107.8718383624202
2024-09-16 18:00:00,470.60093652837037,4.980803068339849e-15,194.73135695035697,470.60093652837037,25.027575108779878,4.436836525708898e-14
2024-09-16 19:00:00,455.8550473981659,0.0,178.89454609071615,455.8550473981659,26.49506264273351,0.0
2024-09-16 20:00:00,473.876011639585,0.0,189.1574046877629,473.876011639585,26.882476357809516,0.0
2024-09-16 21:00:00,322.333002421421,0.0,108.88694939329207,322.333002421421,27.053973329394548,0.0
2024-09-16 22:00:00,32.45524824975612,0.0,0.0,32.45524824975612,29.28129467332637,0.0
2024-09-16 23:00:00,35.97780933478932,0.0,0.0,35.97780933478932,29.280293891480476,0.0
2024-09-17 00:00:00,40.2811173379782,0.0,0.0,40.2811173379782,34.070154914123,0.0
2024-09-17 01:00:00,35.89050792309479,0.0,0.0,35.89050792309479,33.17646865636524,0.0
2024-09-17 02:00:00,36.132907093328235,0.0,0.0,36.132907093328235,33.93296323849223,0.0
2024-09-17 03:00:00,39.753309167950206,0.0,0.0,39.753309167950206,34.129065016137126,0.0
2024-09-17 04:00:00,29.355653092105666,0.0,0.0,29.355653092105666,33.48097309478182,0.0
2024-09-17 05:00:00,33.606825310651004,0.0,0.0,33.606825310651004,32.37682724527919,0.0
2024-09-17 06:00:00,212.2791583025497,0.0,57.29219638411471,212.2791583025497,31.05005495886501,0.0
2024-09-17 07:00:00,386.6250986068432,15.28600261718139,149.34401081123835,401.9111012240246,32.16095583489727,130.46190570045388
2024-09-17 08:00:00,392.6550653324983,28.146085004132058,153.51314311597602,420.8011503366303,30.617475713237432,232.98974392825798
2024-09-17 09:00:00,355.40963869328124,53.20410763110167,156.38741759957236,408.61374632438293,30.170990480823516,445.91111889243155
2024-09-17 10:00:00,353.5213367282322,43.45391674222677,153.8079346163316,396.975253470459,29.207791161966995,354.02757918969746
2024-09-17 11:00:00,344.462421630676,53.28711115088569,155.72757964764986,397.7495327815617,28.317006291193646,438.8308099354825
2024-09-17 12:00:00,396.65633365255144,52.46228592585188,175.56809044544514,449.1186195784033,27.3016990214677,428.37294041724294
2024-09-17 13:00:00,234.76396825409734,53.96434937830411,100.34438385101186,288.72831763240146,27.357599683094598,438.81644045220935
2024-09-17 14:00:00,182.57009715845948,61.71436874824954,74.05053531592478,244.28446590670902,27.709725085472133,498.4241649072768
2024-09-17 15:00:00,375.2415649370337,54.5642941153514,169.15533220008945,429.8058590523851,27.15422168441191,430.9629686497285
2024-09-17 16:00:00,377.2597302296905,28.266516946592084,153.8414384741711,405.5262471762826,28.41321822124083,221.94151017316406
2024-09-17 17:00:00,428.0094306322489,15.156630478233673,168.10962219949928,443.1660611104826,27.268871934900428,114.44840625807824
2024-09-17 18:00:00,367.7710654394793,5.079506305122184e-15,140.06337735825332,367.7710654394793,27.940002306655547,5.011272845045478e-14
2024-09-17 19:00:00,338.5703144796664,0.0,126.85468608221989,338.5703144796664,30.081627561687643,0.0
2024-09-17 20:00:00,462.16994690946836,0.0,175.61300069449632,462.16994690946836,30.084085144026332,0.0
2024-09-17 21:00:00,316.74428024951675,0.0,109.0812695820623,316.74428024951675,32.42099173035999,0.0
2024-09-17 22:00:00,35.663808434667835,0.0,0.0,35.663808434667835,32.91212729790324,0.0
2024-09-17 23:00:00,34.064146657824665,0.0,0.0,34.064146657824665,33.762116099818705,0.0
2024-09-18 00:00:00,39.19495888722444,0.0,0.0,39.19495888722444,31.32389872979614,0.0
2024-09-18 01:00:00,35.797689067933575,0.0,0.0,35.797689067933575,30.770540243951572,0.0
2024-09-18 02:00:00,35.727642415713355,0.0,0.0,35.727642415713355,30.520920863707385,0.0
2024-09-18 03:00:00,31.907033292980742,0.0,0.0,31.907033292980742,31.97897939038123,0.0
2024-09-18 04:00:00,35.25876275557843,0.0,0.0,35.25876275557843,30.13189647401449,0.0
2024-09-18 05:00:00,38.791543097636236,0.0,0.0,38.791543097636236,31.117908241791657,0.0
2024-09-18 06:00:00,233.95412997179747,0.0,66.47605417899496,233.95412997179747,29.93539904388966,0.0
2024-09-18 07:00:00,406.7294975996016,16.457649122249858,158.54345743703755,423.18714672185143,28.718331994723755,139.89917252105985
2024-09-18 08:00:00,357.01353703845797,25.32567304563353,142.85914160042623,382.3392100840915,28.07161550594264,204.39806989706372
2024-09-18 09:00:00,412.6286895568199,40.68646009653586,184.2542629967268,453.3151496533558,27.177370473640707,331.6036443434658
2024-09-18 10:00:00,391.88079354114507,51.33562854022674,173.126747166862,443.21642208137183,25.99938646948144,416.92249317207705
2024-09-18 11:00:00,370.75264584781456,49.74526082315198,169.8043635526749,420.49790667096653,26.088561547081724,404.53988820317807
2024-09-18 12:00:00,380.4623875438728,51.644479430940336,164.92040756572828,432.10686697481316,25.51520318082921,417.49141972398314
2024-09-18 13:00:00,210.6848179584425,72.38832136361523,94.35124988406257,283.0731393220577,24.547680922673713,585.0765369861938
2024-09-18 14:00:00,171.56176551141624,45.411644045902946,58.652332917344594,216.97340955731917,24.05059447042483,361.0650281207507
2024-09-18 15:00:00,378.8991738812655,51.779750369509934,169.1696185302495,430.6789242507754,25.122828293965387,405.28711257929785
2024-09-18 16:00:00,372.47887789507877,29.696049237395588,156.11433894550947,402.17492713247435,23.808222560460035,229.01428455093668
2024-09-18 17:00:00,385.78282961931575,17.141328378827467,158.0046428021163,402.92415799814324,25.597664233127727,126.62794260976658
2024-09-18 18:00:00,465.87078687289215,4.4249258339900425e-15,193.34445512475702,465.87078687289215,26.470379217879444,6.538408429355156e-14
2024-09-18 19:00:00,414.65902473949245,0.0,164.20672300865397,414.65902473949245,26.530549088527152,0.0
2024-09-18 20:00:00,336.40415328154705,0.0,124.52623450147746,336.40415328154705,28.337484407493804,0.0
2024-09-18 21:00:00,284.06054049445726,0.0,93.69896141022117,284.06054049445726,28.74326539097549,0.0
2024-09-18 22:00:00,35.03540601515458,0.0,0.0,35.03540601515458,29.327741602800423,0.0
2024-09-18 23:00:00,37.66307730802909,0.0,0.0,37.66307730802909,30.80707706775973,0.0
2024-09-19 00:00:00,35.726972877696646,0.0,0.0,35.726972877696646,32.149175251062154,0.0
2024-09-19 01:00:00,39.80662105832312,0.0,0.0,39.80662105832312,33.476265612459166,0.0
2024-09-19 02:00:00,40.50361496349154,0.0,0.0,40.50361496349154,32.16975544525586,0.0
2024-09-19 03:00:00,31.703174090089554,0.0,0.0,31.703174090089554,33.184521167542826,0.0
2024-09-19 04:00:00,41.03737403689653,0.0,0.0,41.03737403689653,32.71393944351777,0.0
2024-09-19 05:00:00,26.927695827157017,0.0,0.0,26.927695827157017,31.86595440288552,0.0
2024-09-19 06:00:00,237.9391919244872,0.0,59.39041846266861,237.9391919244872,31.605740986109993,0.0
2024-09-19 07:00:00,421.4424864887794,10.454403831381532,162.70287494099915,431.89689032016094,30.527010145340416,84.09222642370973
2024-09-19 08:00:00,357.44997063633036,29.08487292872196,141.4968654340071,386.5348435650523,30.18827636581826,239.16467192503399
2024-09-19 09:00:00,388.39149509662786,43.41918945849154,172.15492185033304,431.8106845551194,29.03513738870838,355.6768096462804
2024-09-19 10:00:00,366.5220435725205,48.655140195644094,160.11490230230825,415.1771837681646,28.137275668602662,396.4867899957586
2024-09-19 11:00:00,346.33565740875434,60.95034557767841,157.15074275363958,407.2860029864328,27.331985419792673,501.5654170473689
2024-09-19 12:00:00,376.4413490659884,60.86323876220344,167.46870758266988,437.3045878281918,26.39375641064643,496.33737164735
2024-09-19 13:00:00,242.1199747736843,52.463129908023966,98.24109720691229,294.5831046817083,26.1292863851659,423.2383785036758
2024-09-19 14:00:00,198.16775471538728,36.065084489319965,65.11091376901649,234.23283920470723,26.28503647227593,287.6797344366824
2024-09-19 15:00:00,362.9774550828536,43.78569118660198,161.30091959932955,406.7631462694556,26.19350841660018,346.1101935641097
2024-09-19 16:00:00,382.1479974004422,25.97352600582783,164.664815426041,408.12152340627,27.185566054136448,203.45030392854005
2024-09-19 17:00:00,417.5845219752276,14.870647635031322,170.66240518187337,432.4551696102589,27.232779912784448,112.6847124995463
2024-09-19 18:00:00,427.3642576620681,4.589039262262257e-15,168.5965099003135,427.3642576620681,28.098911856078054,6.316088632658999e-14
2024-09-19 19:00:00,453.1208416817047,0.0,183.59351304602373,453.1208416817047,28.053719927358884,0.0
2024-09-19 20:00:00,415.97838556937495,0.0,155.97962203685833,415.97838556937495,30.132543688195675,0.0
2024-09-19 21:00:00,306.5517834789289,0.0,101.35744635125707,306.5517834789289,30.27620841318714,0.0
2024-09-19 22:00:00,33.07905797753973,0.0,0.0,33.07905797753973,30.88960176101713,0.0
2024-09-19 23:00:00,35.237275891687986,0.0,0.0,35.237275891687986,32.958895290874686,0.0
2024-09-20 00:00:00,44.72211398231175,0.0,0.0,44.72211398231175,32.211760703392876,0.0
2024-09-20 01:00:00,37.10734639741427,0.0,0.0,37.10734639741427,32.70114928038866,0.0
2024-09-20 02:00:00,32.12521417219244,0.0,0.0,32.12521417219244,32.5591091203847,0.0
2024-09-20 03:00:00,30.817330976962495,0.0,0.0,30.817330976962495,32.16602602299092,0.0
2024-09-20 04:00:00,37.01951570059491,0.0,0.0,37.01951570059491,31.723147938148447,0.0
2024-09-20 05:00:00,39.35226332936333,0.0,0.0,39.35226332936333,31.696289855812292,0.0
2024-09-20 06:00:00,272.85084193289873,0.0,82.1442737035574,272.85084193289873,31.148120550050187,0.0
2024-09-20 07:00:00,418.4185354549828,18.088621767265728,164.32426515437788,436.50715722224857,29.703635812826942,156.77746877439645
2024-09-20 08:00:00,404.4025697921043,20.50882211676603,164.96403507009748,424.91139190887037,29.86813246128144,164.92222274701447
2024-09-20 09:00:00,346.48003957533547,35.565787044067925,144.15412800176148,382.0458266194034,27.827335096216814,287.72195383776784
2024-09-20 10:00:00,358.87351241196745,46.85200125117123,153.23202702818833,405.7255136631387,26.384856806486056,379.4627098559951
2024-09-20 11:00:00,364.48126259838125,51.74148124988492,163.2449591574625,416.2227438482662,25.496225924281138,417.4310530575561
2024-09-20 12:00:00,398.06624021485646,49.36657137665207,173.80198497989943,447.43281159150854,24.95688443174584,397.39697400313435
2024-09-20 13:00:00,259.13681420687317,47.697456449861264,105.42671570640044,306.8342706567344,25.244214740633055,384.2218287974697
2024-09-20 14:00:00,200.79891102021264,42.86485753912787,68.15340822680989,243.66376855934053,25.215852018374648,341.18168354083025
2024-09-20 15:00:00,413.79552896217,29.234458801008646,178.26761722909447,443.02998776317867,25.79242045575925,231.2285293785114
2024-09-20 16:00:00,367.63865476506214,37.50738153440918,148.51084121798817,405.14603629947135,25.78646809805862,287.61707790187404
2024-09-20 17:00:00,417.86426651604114,13.369446164257841,173.06712448439222,431.233712680299,26.778672812095216,102.25893516050505
2024-09-20 18:00:00,411.6158997250183,5.022022998750414e-15,165.22032503961745,411.6158997250183,27.104307445242455,5.5988922956140894e-14
2024-09-20 19:00:00,427.1885416759363,0.0,167.06077624307156,427.1885416759363,27.93275508413565,0.0
2024-09-20 20:00:00,398.8179353107305,0.0,159.0217397666143,398.8179353107305,28.543103591926815,0.0
2024-09-20 21:00:00,280.09379315910815,0.0,89.5649996383598,280.09379315910815,30.44902191698877,0.0
2024-09-20 22:00:00,37.296460549968785,0.0,0.0,37.296460549968785,29.816118880642044,0.0
2024-09-20 23:00:00,33.2373350156614,0.0,0.0,33.2373350156614,31.457389908440895,0.0
2024-09-21 00:00:00,31.003346831098778,0.0,0.0,31.003346831098778,31.804741879378206,0.0
2024-09-21 01:00:00,31.711785971000122,0.0,0.0,31.711785971000122,32.636095887771276,0.0
2024-09-21 02:00:00,44.54180100574247,0.0,0.0,44.54180100574247,32.35406349642936,0.0
2024-09-21 03:00:00,26.40376123215799,0.0,0.0,26.40376123215799,32.24954044182697,0.0
2024-09-21 04:00:00,37.25819309978844,0.0,0.0,37.25819309978844,31.762247299097968,0.0
2024-09-21 05:00:00,31.85614346170442,0.0,0.0,31.85614346170442,32.035980133226204,0.0
2024-09-21 06:00:00,168.12668439116626,0.0,49.282991848776014,168.12668439116626,30.615681139537433,0.0
2024-09-21 07:00:00,348.81401087565234,14.008470889914639,144.7474220006888,362.822481765567,30.755170460672847,115.83768766033978
2024-09-21 08:00:00,344.2000126438052,29.22928268851205,147.23236972040397,373.4292953323173,29.000601737821054,239.27997022729144
2024-09-21 09:00:00,317.62467009533066,34.461360431740815,138.43277687764606,352.08603052707144,27.96949145954713,278.40372747343685
2024-09-21 10:00:00,306.3116545817502,32.38205530462797,140.04224032090812,338.69370988637814,27.04181471708007,259.9721940249568
2024-09-21 11:00:00,274.6115424727837,36.317180769597954,130.1490445389353,310.92872324238164,26.671727912696962,290.8904704930029
2024-09-21 12:00:00,311.4498000701308,58.078520226135396,147.3054410681291,369.52832029626614,25.539192597308148,470.1697374002306
2024-09-21 13:00:00,196.33162756786896,37.41615904861178,84.66016431739415,233.74778661648074,25.556609004515067,298.49283591604757
2024-09-21 14:00:00,10.90611863591333,47.14422135787076,0.0,58.05033999378409,25.368546704061195,376.3934253692485
2024-09-21 15:00:00,23.474788418192617,37.09180150421723,0.0,60.56658992240985,25.646361654628144,292.4015239453631
2024-09-21 16:00:00,36.865344391418134,27.872481992460745,0.0,64.73782638387888,26.008404446892627,216.74486864168324
2024-09-21 17:00:00,46.944245274551555,15.05849570369278,0.0,62.00274097824433,26.59060190294633,114.05330043948415
2024-09-21 18:00:00,66.47249442971949,4.741260117923634e-15,0.0,66.47249442971949,27.161930570093933,4.088712211478833e-14
2024-09-21 19:00:00,60.582374109138684,0.0,0.0,60.582374109138684,28.743083285323152,0.0
2024-09-21 20:00:00,63.75337832483096,0.0,0.0,63.75337832483096,29.07576260509853,0.0
2024-09-21 21:00:00,64.74789814848417,0.0,0.0,64.74789814848417,31.073337999045773,0.0
2024-09-21 22:00:00,36.471212213906696,0.0,0.0,36.471212213906696,30.639403901290223,0.0
2024-09-21 23:00:00,38.46944414937652,0.0,0.0,38.46944414937652,31.818808577387788,0.0
2024-09-22 00:00:00,13.470102576932014,0.0,0.0,13.470102576932014,31.027126858731393,0.0
2024-09-22 01:00:00,14.692928209294397,0.0,0.0,14.692928209294397,32.44019756934059,0.0
2024-09-22 02:00:00,19.10946978543977,0.0,0.0,19.10946978543977,31.506920581285964,0.0
2024-09-22 03:00:00,19.006136875437946,0.0,0.0,19.006136875437946,31.967741950662983,0.0
2024-09-22 04:00:00,14.401290068592836,0.0,0.0,14.401290068592836,31.25793786213667,0.0
2024-09-22 05:00:00,15.876243275888221,0.0,0.0,15.876243275888221,31.059940182384555,0.0
2024-09-22 06:00:00,16.363185174616756,0.0,0.0,16.363185174616756,29.991664431237453,0.0
2024-09-22 07:00:00,5.9244358265299795,12.242796485234237,0.0,18.167232311764216,28.870302760571413,98.75412256128803
2024-09-22 08:00:00,0.0,28.387513664336666,0.0,8.137516722422799,28.223266404774304,230.8262157458715
2024-09-22 09:00:00,0.0,44.19265551234165,0.0,19.76933939068065,28.223985953885197,363.05482117211784
2024-09-22 10:00:00,0.0,47.81709541044608,0.0,17.05933841237696,26.84270068392577,387.8109185773627
2024-09-22 11:00:00,0.0,64.71965059055367,0.0,17.644852053388597,25.239763800580718,531.1098856067567
2024-09-22 12:00:00,0.0,52.8482955194151,0.0,17.382451428587764,25.875664987047692,429.441765000577
2024-09-22 13:00:00,0.0,73.59965824606587,0.0,12.584603141005566,24.53256506749782,598.4383580445001
2024-09-22 14:00:00,0.0,67.75333082376306,0.0,11.425293928085065,25.230742193702273,540.0220746439826
2024-09-22 15:00:00,0.0,43.34907041889559,0.0,21.622816378341437,25.254904731459412,342.0376204743669
2024-09-22 16:00:00,0.0,32.625457388695516,0.0,16.15537392612526,25.63612886955334,252.1372298551736
2024-09-22 17:00:00,0.9029071937921564,19.404866492607002,0.0,20.30777368639916,26.81078339860437,143.08650417672501
2024-09-22 18:00:00,10.65813123231671,5.00768885624192e-15,0.0,10.658131232316716,26.19474208722219,4.556295571151263e-14
2024-09-22 19:00:00,18.625940517872806,0.0,0.0,18.625940517872806,27.75859327975779,0.0
2024-09-22 20:00:00,15.943464313222215,0.0,0.0,15.943464313222215,28.98885685588939,0.0
2024-09-22 21:00:00,14.859768744257577,0.0,0.0,14.859768744257577,28.943258356719586,0.0
2024-09-22 22:00:00,15.307475826085874,0.0,0.0,15.307475826085874,29.7361857594157,0.0
2024-09-22 23:00:00,22.88942433970118,0.0,0.0,22.88942433970118,30.690342514439894,0.0
2024-09-23 00:00:00,37.812695871411805,0.0,0.0,37.812695871411805,30.748096764804565,0.0
2024-09-23 01:00:00,36.10030410238675,0.0,0.0,36.10030410238675,30.230143588679255,0.0
2024-09-23 02:00:00,34.739726856829755,0.0,0.0,34.739726856829755,31.33034232907715,0.0
2024-09-23 03:00:00,31.368388224355602,0.0,0.0,31.368388224355602,30.231188354786866,0.0
2024-09-23 04:00:00,31.558083125531937,0.0,0.0,31.558083125531937,31.232395659797252,0.0
2024-09-23 05:00:00,38.421103648755334,0.0,0.0,38.421103648755334,30.28639848184597,0.0
2024-09-23 06:00:00,245.70787309252108,0.0,67.30115089250289,245.70787309252108,30.261211269715794,0.0
2024-09-23 07:00:00,442.8245110873776,11.463176627867249,176.74773304387887,454.28768771524483,28.794899871811467,91.93035585166479
2024-09-23 08:00:00,393.0180462233528,31.502144346278644,163.17194146545174,424.5201905696315,27.402261108087497,256.9394233653862
2024-09-23 09:00:00,340.9640362881998,45.0226185413208,145.78214465895041,385.9866548295206,26.249436108180337,365.44990817620203
2024-09-23 10:00:00,421.1317851686529,59.146341807895276,197.28011029410686,480.2781269765482,25.924086862686924,488.1132342144244
2024-09-23 11:00:00,375.5143750763856,73.35201130338713,184.07334878867252,448.86638637977273,25.06464230525614,608.5080776669334
2024-09-23 12:00:00,365.6648174767989,42.582372179141885,156.2374871375368,408.24718965594076,25.116621937841096,340.35536145956775
2024-09-23 13:00:00,243.58942626643034,52.86007890293388,96.41586422685323,296.4495051693642,23.70959153345883,424.4913021469779
2024-09-23 14:00:00,169.18808035509164,44.74218128267864,52.92519650651268,213.9302616377703,25.065092333878482,357.30277635977114
2024-09-23 15:00:00,392.2702777568299,43.41758531396186,172.8111109508742,435.68786307079176,24.811289412493753,340.89654617602156
2024-09-23 16:00:00,347.5503708364331,30.48160983239957,142.40756152733894,378.03198066883266,24.421790605273884,235.00425693779044
2024-09-23 17:00:00,426.4323185640954,15.419441022364424,175.99502969419854,441.8517595864598,25.97867804831389,116.77908458829499
2024-09-23 18:00:00,452.3324455205652,4.284841905418302e-15,181.92804174064906,452.3324455205652,25.413077286119357,6.699894506297294e-14
2024-09-23 19:00:00,418.4346634571016,0.0,163.84064883542086,418.4346634571016,26.751569570746785,0.0
2024-09-23 20:00:00,396.2613112475713,0.0,147.43651284674692,396.2613112475713,26.916405807863168,0.0
2024-09-23 21:00:00,297.7390658507761,0.0,111.36526567047858,297.7390658507761,29.38379261965752,0.0
2024-09-23 22:00:00,36.208169810137214,0.0,0.0,36.208169810137214,28.480947927107504,0.0
2024-09-23 23:00:00,36.25624362605264,0.0,0.0,36.25624362605264,29.30929421966983,0.0
2024-09-24 00:00:00,33.8153600820126,0.0,0.0,33.8153600820126,30.051489879124567,0.0
2024-09-24 01:00:00,37.55840464758535,0.0,0.0,37.55840464758535,31.37965974875945,0.0
2024-09-24 02:00:00,29.209161493807038,0.0,0.0,29.209161493807038,31.315179962449076,0.0
2024-09-24 03:00:00,27.440939270615946,0.0,0.0,27.440939270615946,30.77952322553592,0.0
2024-09-24 04:00:00,36.12325251778889,0.0,0.0,36.12325251778889,30.878309538238817,0.0
2024-09-24 05:00:00,28.832488967780346,0.0,0.0,28.832488967780346,29.754924391206973,0.0
2024-09-24 06:00:00,244.4119277391915,0.0,66.0143184144415,244.4119277391915,29.29897190904363,0.0
2024-09-24 07:00:00,435.88375583681005,11.609134111499955,166.53821876875338,447.49288994831,29.069487215096512,93.24154065796496
2024-09-24 08:00:00,375.89622244499327,20.05936957089773,149.6296922413774,395.955592015891,27.214448082807525,159.66249878390758
2024-09-24 09:00:00,405.37140220248983,32.137878444813566,168.1853899828055,437.5092806473034,26.048704551164956,255.66218063714348
2024-09-24 10:00:00,373.5426043660705,44.9000287238665,161.65194255341333,418.44263308993703,25.82294337657313,360.4623240012337
2024-09-24 11:00:00,336.6936538571861,39.93880515982607,143.07995122942708,376.6324590170122,25.233020939002493,319.56212741225784
2024-09-24 12:00:00,412.49101554478506,49.952696598138445,187.10987270171748,462.4437121429235,24.361892474736734,401.49576947625974
2024-09-24 13:00:00,296.82823796872344,36.5330555892998,116.41533854263457,333.36129355802325,24.458707784250908,290.09427336112975
2024-09-24 14:00:00,195.31926693906036,45.9305080373329,72.72013536394289,241.24977497639327,23.737127951292877,363.5438707706211
2024-09-24 15:00:00,436.4254586142132,28.69209219028478,179.3357475693887,465.11755080449797,24.02079013218964,224.87665647489982
2024-09-24 16:00:00,431.959239246686,27.400606547257333,194.1242186497437,459.35984579394335,24.4939560474459,213.41206534451652
2024-09-24 17:00:00,373.0703060898019,12.388357935499497,147.7162871411306,385.45866402530135,25.00656430427544,94.91688377292499
2024-09-24 18:00:00,385.8112848931669,4.929756241807914e-15,147.51819369598857,385.8112848931669,26.394393334054055,5.850002363328065e-14
2024-09-24 19:00:00,408.41049696372255,0.0,158.16249651418804,408.41049696372255,26.616668986550973,0.0
2024-09-24 20:00:00,441.2380297911842,0.0,169.91459706142808,441.2380297911842,27.185806451948956,0.0
2024-09-24 21:00:00,295.99993039673814,0.0,96.1030239978332,295.99993039673814,28.507615028013962,0.0
2024-09-24 22:00:00,30.192950892992492,0.0,0.0,30.192950892992492,29.592182939544696,0.0
2024-09-24 23:00:00,36.983177891005596,0.0,0.0,36.983177891005596,30.199748974321945,0.0
2024-09-25 00:00:00,35.468335136307715,0.0,0.0,35.468335136307715,33.96465116539295,0.0
2024-09-25 01:00:00,26.122784407023293,0.0,0.0,26.122784407023293,33.205873786820646,0.0
2024-09-25 02:00:00,26.11237822887482,0.0,0.0,26.11237822887482,32.82790215814576,0.0
2024-09-25 03:00:00,35.504790460587834,0.0,0.0,35.504790460587834,34.59253112788797,0.0
2024-09-25 04:00:00,27.023305536481274,0.0,0.0,27.023305536481274,33.82467610291452,0.0
2024-09-25 05:00:00,29.06411930958054,0.0,0.0,29.06411930958054,33.038243492411205,0.0
2024-09-25 06:00:00,215.4243332356288,0.0,59.26805075667471,215.4243332356288,32.671314980456,0.0
2024-09-25 07:00:00,111.18911099498284,11.384386755904169,0.0,122.57349775088701,32.44368009225771,92.59371478143963
2024-09-25 08:00:00,409.80200205595503,31.303391949514033,163.44273417926723,441.10539400546907,31.28092404948913,259.36833251051854
2024-09-25 09:00:00,436.63234752218654,37.96003688315441,178.8818442818254,474.59238440534097,30.149402095108083,312.4276293717771
2024-09-25 10:00:00,372.5036064673083,63.653385750641654,165.7349134292947,436.15699221794995,28.380795650149604,531.0325907554403
2024-09-25 11:00:00,321.47144511875507,49.79245423441705,133.57474110859783,371.2638993531721,27.720889330928074,403.9938303014477
2024-09-25 12:00:00,368.2845863695524,64.21183055979346,171.36022346598224,432.49641692934586,26.349867212636532,522.5316157535925
2024-09-25 13:00:00,264.00167297255945,63.702366112242245,114.65967546358506,327.7040390848017,27.510174811496647,522.0672758099511
2024-09-25 14:00:00,195.04796889256914,44.74625415321016,66.19092014116622,239.7942230457793,27.62847206529651,362.531479748244
2024-09-25 15:00:00,408.25583418344127,35.68004658352075,181.28481730392863,443.935880766962,27.788507097649944,284.0977136839211
2024-09-25 16:00:00,381.2357610319006,32.79702335553275,156.66545963645885,414.03278438743337,27.880784788958774,257.29033722141247
2024-09-25 17:00:00,429.8868586947245,17.14635287332836,174.33485949627624,447.0332115680528,28.022251303299353,129.9086819590135
2024-09-25 18:00:00,390.5956881247184,4.840986605869571e-15,152.7142778823227,390.5956881247184,28.542019735610854,4.2988831753220647e-14
2024-09-25 19:00:00,415.7249565774109,0.0,160.9327661091691,415.7249565774109,29.25560941066172,0.0
2024-09-25 20:00:00,425.9829129939919,0.0,161.06264434433064,425.9829129939919,30.492446041983328,0.0
2024-09-25 21:00:00,312.5832355114318,0.0,103.71923195361231,312.5832355114318,30.991111997476526,0.0
2024-09-25 22:00:00,34.85622313156309,0.0,0.0,34.85622313156309,33.202135499070216,0.0
2024-09-25 23:00:00,30.509049050971086,0.0,0.0,30.509049050971086,32.39784642418604,0.0
2024-09-26 00:00:00,30.784148745368945,0.0,0.0,30.784148745368945,31.56931556940562,0.0
2024-09-26 01:00:00,32.56731076545279,0.0,0.0,32.56731076545279,31.049384479900997,0.0
2024-09-26 02:00:00,39.79603980329382,0.0,0.0,39.79603980329382,32.285030725253726,0.0
2024-09-26 03:00:00,34.32240859299962,0.0,0.0,34.32240859299962,32.01630183173787,0.0
2024-09-26 04:00:00,32.22595936320039,0.0,0.0,32.22595936320039,31.489447031030462,0.0
2024-09-26 05:00:00,31.249479579976466,0.0,0.0,31.249479579976466,30.64523539574258,0.0
2024-09-26 06:00:00,221.48986478872615,0.0,60.5605650428312,221.48986478872615,30.387984212398504,0.0
2024-09-26 07:00:00,387.0082673968413,11.932794234333823,140.8294010548259,398.9410616311751,29.2703895074564,95.91265536857226
2024-09-26 08:00:00,423.225527063351,28.142589989491423,172.75685098036635,451.3681170528424,28.56831934992136,228.43497011579268
2024-09-26 09:00:00,420.4634986611789,27.209710570554552,172.1366692244566,447.67320923173344,28.709601637704868,218.51113227001372
2024-09-26 10:00:00,407.2875348004069,26.602380404302142,166.8560277499761,433.88991520470904,26.97284190255098,212.0059788330045
2024-09-26 11:00:00,404.3188659564468,41.394958198535015,180.39265790939479,445.7138241549818,26.428313164438798,333.5577686617514
2024-09-26 12:00:00,389.7673516946481,31.56489409339431,161.65646525558728,421.33224578804237,25.37343199351891,250.67248727777525
2024-09-26 13:00:00,242.86008172487945,45.058061780653325,101.78535943477233,287.9181435055328,24.863795147755575,360.4975228863428
2024-09-26 14:00:00,193.96579884933817,34.19363614694524,63.69053629084505,228.1594349962834,25.12527443788037,270.8796038257562
2024-09-26 15:00:00,387.3164389006767,20.031181337982314,160.7329080176624,407.34762023865903,26.50797590501907,158.09119527018512
2024-09-26 16:00:00,408.3556151640304,32.532723416099635,170.6135709479651,440.88833858013004,25.461950533912177,252.0186244607955
2024-09-26 17:00:00,101.3743146338452,11.063718602398398,0.0,112.4380332362436,26.34259846213419,85.73242339755986
2024-09-26 18:00:00,103.28784603124488,3.7872144147783374e-15,0.0,103.28784603124488,26.472554037059425,3.0327186499046103e-14
2024-09-26 19:00:00,465.8194200680202,0.0,174.0520526196335,465.8194200680202,26.353250617544997,0.0
2024-09-26 20:00:00,461.4149956408452,0.0,177.7617502166243,461.4149956408452,28.241837628638866,0.0
2024-09-26 21:00:00,257.56386582294056,0.0,75.75699911478556,257.56386582294056,30.732974716140397,0.0
2024-09-26 22:00:00,34.385955667909286,0.0,0.0,34.385955667909286,30.684448441967078,0.0
2024-09-26 23:00:00,37.59790116467236,0.0,0.0,37.59790116467236,31.932089129284336,0.0
2024-09-27 00:00:00,28.606873364159,0.0,0.0,28.606873364159,32.707549091204726,0.0
2024-09-27 01:00:00,31.812680094947236,0.0,0.0,31.812680094947236,32.05264613555859,0.0
2024-09-27 02:00:00,33.86376791212876,0.0,0.0,33.86376791212876,32.79596679369396,0.0
2024-09-27 03:00:00,30.36748386334944,0.0,0.0,30.36748386334944,33.429574067959,0.0
2024-09-27 04:00:00,26.606395186366594,0.0,0.0,26.606395186366594,33.00021713913894,0.0
2024-09-27 05:00:00,36.41935754516716,0.0,0.0,36.41935754516716,32.319983131288986,0.0
2024-09-27 06:00:00,245.19991398236,0.0,68.10657373577878,245.19991398236,31.33519678920702,0.0
2024-09-27 07:00:00,454.1959549697313,13.242365703642644,180.02281591551144,467.43832067337394,31.22604579668563,107.87463240584425
2024-09-27 08:00:00,417.66615186307035,19.767446395005635,166.3930390975339,437.433598258076,29.5996479584247,158.89758715574953
2024-09-27 09:00:00,382.28819309048407,41.13282855928951,164.28759550575168,423.4210216497736,29.098363072647707,334.58512835808324
2024-09-27 10:00:00,331.30684349192273,45.81115924380572,149.4910082998315,377.11800273572845,28.197985377941485,373.12080248661476
2024-09-27 11:00:00,69.28357107684434,47.20998181498333,0.0,116.49355289182768,27.191196339591162,382.702503057176
2024-09-27 12:00:00,368.8792955948321,64.00999031995873,151.24732501671505,432.88928591479083,26.378584356659864,524.7478340100312
2024-09-27 13:00:00,288.14538881817464,38.53836291430034,108.89511776860981,326.683751732475,26.255915860051964,308.24840782992374
2024-09-27 14:00:00,196.4290526056804,59.45017697013613,75.91100740440785,255.8792295758165,27.287132186774055,478.55208513231406
2024-09-27 15:00:00,432.79703745814317,37.80871707745067,196.92859016274656,470.60575453559386,27.025804835046532,301.1884714824095
2024-09-27 16:00:00,363.11557030798855,28.691579215446854,150.97509275355034,391.8071495234354,27.329426747820634,225.88448597164262
2024-09-27 17:00:00,385.37377763899326,13.344771131291731,153.97119440280733,398.718548770285,26.98221570788486,102.91013731363172
2024-09-27 18:00:00,406.25906368612414,4.4262314339558486e-15,152.63002979304292,406.25906368612414,27.381476658941736,3.685452677740713e-14
2024-09-27 19:00:00,389.0190186028947,0.0,148.19382382829875,389.0190186028947,29.492701745445668,0.0
2024-09-27 20:00:00,395.21045339489467,0.0,148.46009983081842,395.21045339489467,30.302704925650154,0.0
2024-09-27 21:00:00,119.09445600222828,0.0,0.0,119.09445600222828,30.82481244162528,0.0
2024-09-27 22:00:00,34.24692390402282,0.0,0.0,34.24692390402282,31.41505135163345,0.0
2024-09-27 23:00:00,39.10277941656225,0.0,0.0,39.10277941656225,31.593222702460583,0.0
2024-09-28 00:00:00,33.16286607558054,0.0,0.0,33.16286607558054,33.62667746060909,0.0
2024-09-28 01:00:00,39.43705268056894,0.0,0.0,39.43705268056894,34.135696274668994,0.0
2024-09-28 02:00:00,32.18074068132778,0.0,0.0,32.18074068132778,33.32234211092871,0.0
2024-09-28 03:00:00,38.33242436684741,0.0,0.0,38.33242436684741,33.16132891681623,0.0
2024-09-28 04:00:00,33.104059567361254,0.0,0.0,33.104059567361254,33.81350820092424,0.0
2024-09-28 05:00:00,32.498592586253736,0.0,0.0,32.498592586253736,32.31582982788048,0.0
2024-09-28 06:00:00,62.26406888942063,0.0,0.0,62.26406888942063,32.8014184291025,0.0
2024-09-28 07:00:00,52.601803780952416,12.647299382622883,0.0,65.2491031635753,31.013229104100272,102.70418713532385
2024-09-28 08:00:00,26.213156989541332,35.257973618590995,0.0,61.47113060813233,29.968607471740977,290.0808177729868
2024-09-28 09:00:00,14.262629481190686,40.13825800746527,0.0,54.400887488655954,29.27857566792218,328.7400522883923
2024-09-28 10:00:00,9.6764024193902,52.0536784953524,0.0,61.7300809147426,28.218572457992295,427.970658297859
2024-09-28 11:00:00,6.443140941358742,51.745623691326884,0.0,58.188764632685626,28.25012078419523,423.8628888815089
2024-09-28 12:00:00,0.0,62.36832146903383,0.0,56.58653142441332,27.573704481716454,509.2160270415845
2024-09-28 13:00:00,0.0,68.17745329907186,0.0,62.04667716891934,27.32520107953798,559.4077642426502
2024-09-28 14:00:00,18.168524104534107,48.14736004811814,0.0,66.31588415265225,26.754148195521335,388.997440496034
2024-09-28 15:00:00,2.5700601101040306,52.32548128141509,0.0,54.89554139151912,26.552970684008383,417.62536652113766
2024-09-28 16:00:00,42.197339130310866,26.16441150399979,0.0,68.36175063431065,27.126267408214897,206.33600189573627
2024-09-28 17:00:00,36.19371428527036,17.651143912578423,0.0,53.84485819784878,27.47416619523625,133.86757299111406
2024-09-28 18:00:00,64.63364948076398,4.742342224027225e-15,0.0,64.63364948076398,29.14518658176578,6.078240163513936e-14
2024-09-28 19:00:00,64.06314046372628,0.0,0.0,64.06314046372628,29.75715852921478,0.0
2024-09-28 20:00:00,60.47297340696004,0.0,0.0,60.47297340696004,30.1161267917457,0.0
2024-09-28 21:00:00,63.30836128970981,0.0,0.0,63.30836128970981,30.60451750464749,0.0
2024-09-28 22:00:00,33.283993829121265,0.0,0.0,33.283993829121265,32.68230816927621,0.0
2024-09-28 23:00:00,41.331946390765076,0.0,0.0,41.331946390765076,32.70510412709937,0.0
2024-09-29 00:00:00,15.069528617781215,0.0,0.0,15.069528617781215,30.97298886702811,0.0
2024-09-29 01:00:00,11.554101077579755,0.0,0.0,11.554101077579755,32.16255043575216,0.0
2024-09-29 02:00:00,14.822416453590527,0.0,0.0,14.822416453590527,31.25200927719191,0.0
2024-09-29 03:00:00,24.48878831886422,0.0,0.0,24.48878831886422,31.228260625227914,0.0
2024-09-29 04:00:00,22.18244264274957,0.0,0.0,22.18244264274957,30.922693122938597,0.0
2024-09-29 05:00:00,13.015153582861394,0.0,0.0,13.015153582861394,29.82357283221294,0.0
2024-09-29 06:00:00,20.433677791322342,0.0,0.0,20.433677791322342,29.91485136659392,0.0
2024-09-29 07:00:00,1.5186234649731958,18.141406852693265,0.0,19.66003031766646,28.53167796940054,150.86854472461587
2024-09-29 08:00:00,2.4913589046880276,17.28388714580387,0.0,19.775246050491898,27.721622817725383,136.9422234447657
2024-09-29 09:00:00,0.0,29.856931373083572,0.0,20.4828923806517,26.748899286321286,237.97949661176253
2024-09-29 10:00:00,0.0,37.01316121699403,0.0,15.619135186723492,25.96344858222897,296.66338778872023
2024-09-29 11:00:00,0.0,63.268565780278,0.0,6.4354093834423685,25.11265271772012,517.8050873547745
2024-09-29 12:00:00,0.0,35.37812493168301,0.0,20.00917076561989,25.099501859445393,280.6635401466055
2024-09-29 13:00:00,0.0,49.89144642654623,0.0,19.29440872086986,24.548446745626347,399.2788359412484
2024-09-29 14:00:00,0.0,43.34427513131925,0.0,16.119705024114644,24.530987752985002,346.2990699300238
2024-09-29 15:00:00,0.0,36.1827830742589,0.0,16.329742825203574,25.803137330100363,287.3311072044148
2024-09-29 16:00:00,0.0,30.502199918056732,0.0,10.841264218815047,24.89811418008581,237.47792695166342
2024-09-29 17:00:00,0.0,16.12385191964727,0.0,15.93458153171418,25.83458376084621,122.52410899509465
2024-09-29 18:00:00,14.206219027070889,4.84883076735487e-15,0.0,14.206219027070894,26.616358483548932,4.2461082987131297e-14
2024-09-29 19:00:00,22.691882909026063,0.0,0.0,22.691882909026063,27.069688713839984,0.0
2024-09-29 20:00:00,21.16419034561546,0.0,0.0,21.16419034561546,28.143883249653463,0.0
2024-09-29 21:00:00,16.377170929329203,0.0,0.0,16.377170929329203,28.923199436870977,0.0
2024-09-29 22:00:00,19.822221841806844,0.0,0.0,19.822221841806844,29.85826288173668,0.0
2024-09-29 23:00:00,18.074776917466416,0.0,0.0,18.074776917466416,30.18859902335979,0.0
2024-09-30 00:00:00,33.12795991005663,0.0,0.0,33.12795991005663,31.79219017756904,0.0
2024-09-30 01:00:00,36.60160520362975,0.0,0.0,36.60160520362975,32.397408437766686,0.0
2024-09-30 02:00:00,40.08355909046998,0.0,0.0,40.08355909046998,31.522255097187916,0.0
2024-09-30 03:00:00,37.56254305219462,0.0,0.0,37.56254305219462,33.13698370600781,0.0
2024-09-30 04:00:00,32.622317587358076,0.0,0.0,32.622317587358076,33.11972484135852,0.0
2024-09-30 05:00:00,39.250919606778076,0.0,0.0,39.250919606778076,31.568255783228686,0.0
2024-09-30 06:00:00,253.1780178857634,0.0,71.7715516729663,253.1780178857634,31.090941507738915,0.0
2024-09-30 07:00:00,419.60997621798316,14.247529209613894,153.15571839981573,433.85750542759706,30.454602411997485,116.02535199769792
2024-09-30 08:00:00,431.8747452714926,30.13296214267415,182.3758236260994,462.00770741416676,28.345872049324278,245.4726052844757
2024-09-30 09:00:00,424.2509428330383,45.092050429016446,187.56321953535206,469.3429932620548,28.5664792338968,369.21229442879365
2024-09-30 10:00:00,395.80634131445845,37.108193336284245,169.704092099749,432.9145346507427,27.0449870218963,298.6662072985875
2024-09-30 11:00:00,393.3539720082669,60.723718547719876,185.28065905665844,454.0776905559868,27.67869529986892,499.8932924801754
2024-09-30 12:00:00,349.4058948676755,36.727594077337066,142.53920512706839,386.1334889450126,25.88298822086853,292.2273422363937
2024-09-30 13:00:00,232.71850192632084,55.0365631212612,93.4739529446319,287.75506504758204,26.081557638687503,444.62473515914354
2024-09-30 14:00:00,192.94059840375223,39.722572742867584,67.25014921829053,232.66317114661982,25.419000453933347,317.0623842526919
2024-09-30 15:00:00,409.76927016463065,29.622439629227394,168.68336133793468,439.39170979385807,26.7258129052669,235.3979413878485
2024-09-30 16:00:00,437.2917901463533,28.807744803091,188.58233666012896,466.0995349494443,25.720942897348422,225.15274101056391
2024-09-30 17:00:00,365.8286943308824,16.085678343307325,148.5190517282134,381.91437267418974,27.115877578624193,123.04829084168554
2024-09-30 18:00:00,406.2426814381427,4.932917520967233e-15,156.1402330358212,406.2426814381427,27.571545860339384,5.794614349321235e-14
2024-09-30 19:00:00,431.3385316205804,0.0,163.59777933294325,431.3385316205804,28.30449524208667,0.0
2024-09-30 20:00:00,411.23294125256245,0.0,156.44278328067838,411.23294125256245,29.1227106196358,0.0
2024-09-30 21:00:00,272.6591097819466,0.0,88.67799976330315,272.6591097819466,29.580567318123805,0.0
2024-09-30 22:00:00,36.86364772495457,0.0,0.0,36.86364772495457,29.465178763896375,0.0
2024-09-30 23:00:00,31.149177798067708,0.0,0.0,31.149177798067708,32.02027670749713,0.0
2024-10-01 00:00:00,36.21236205755894,0.0,0.0,36.21236205755894,31.34068228866301,0.0
2024-10-01 01:00:00,30.587194649352657,0.0,0.0,30.587194649352657,32.51955339444237,0.0
2024-10-01 02:00:00,35.47886294905919,0.0,0.0,35.47886294905919,32.22986181454745,0.0
2024-10-01 03:00:00,32.289632711374836,0.0,0.0,32.289632711374836,32.53488171311142,0.0
2024-10-01 04:00:00,36.65020646100217,0.0,0.0,36.65020646100217,31.986048103889893,0.0
2024-10-01 05:00:00,32.7039311871592,0.0,0.0,32.7039311871592,29.79653907450293,0.0
2024-10-01 06:00:00,208.11473463038936,0.0,54.2836624632646,208.11473463038936,30.611460738713618,0.0
2024-10-01 07:00:00,367.663468565678,15.353645806236965,139.00124790527113,383.01711437191494,29.2880418456412,125.064234239888
2024-10-01 08:00:00,401.8250565521578,32.35915986041372,163.12750863022762,434.1842164125715,29.136518524223707,264.4563464600257
2024-10-01 09:00:00,296.3540301934469,49.490987794823724,127.96169530046177,345.8450179882706,27.943750020299195,407.8128963660404
2024-10-01 10:00:00,364.1028834921762,39.12665469823828,154.11637987110433,403.2295381904145,27.10549744957242,313.58311853863574
2024-10-01 11:00:00,349.79171331526425,57.03481765655859,160.62792856859588,406.8265309718228,25.943017798582577,463.2204923178529
2024-10-01 12:00:00,316.9776544536258,66.78441101260312,135.1955262503316,383.76206546622893,25.066620921290184,546.9447287221998
2024-10-01 13:00:00,239.85911693632545,36.30218701209854,87.7220860196356,276.161303948424,24.956829059092616,288.87937839837656
2024-10-01 14:00:00,180.29983319763588,48.523985517672855,60.282837005832306,228.82381871530873,24.154066799824143,385.38484945055745
2024-10-01 15:00:00,327.9101188339268,53.93700752534032,148.35681592295634,381.8471263592671,24.87810067130456,426.31944752583524
2024-10-01 16:00:00,337.4385078972085,38.333685931223,143.6705409034102,375.7721938284315,24.790844467574367,297.7346515258591
2024-10-01 17:00:00,347.38880244085914,18.85324449826575,132.82673069860044,366.24204693912486,25.360268794557797,141.75253135163786
2024-10-01 18:00:00,397.2470818006425,3.726159927353495e-15,151.94000643078533,397.2470818006425,26.862252354202724,7.17996407466077e-14
2024-10-01 19:00:00,377.4120904469056,0.0,137.16397506264317,377.4120904469056,27.915170742482776,0.0
2024-10-01 20:00:00,379.86823756565315,0.0,142.9082758060607,379.86823756565315,28.53811619050201,0.0
2024-10-01 21:00:00,268.24530438204437,0.0,87.00324652613855,268.24530438204437,29.21048433977924,0.0
2024-10-01 22:00:00,27.587560888535243,0.0,0.0,27.587560888535243,29.830308849470153,0.0
2024-10-01 23:00:00,39.59286533372673,0.0,0.0,39.59286533372673,30.870290168560178,0.0
2024-10-02 00:00:00,42.85538949875123,0.0,0.0,42.85538949875123,29.7313208290114,0.0
2024-10-02 01:00:00,34.436171272473715,0.0,0.0,34.436171272473715,30.460668457330815,0.0
2024-10-02 02:00:00,37.74696610597548,0.0,0.0,37.74696610597548,29.85057754934028,0.0
2024-10-02 03:00:00,33.61222620032033,0.0,0.0,33.61222620032033,30.842742617494334,0.0
2024-10-02 04:00:00,31.457635135526687,0.0,0.0,31.457635135526687,29.858916788587425,0.0
2024-10-02 05:00:00,34.85063298136287,0.0,0.0,34.85063298136287,29.774345620673817,0.0
2024-10-02 06:00:00,232.81747701273144,0.0,61.87913858501456,232.81747701273144,29.30495443419533,0.0
2024-10-02 07:00:00,443.62046276414355,16.488893442514737,169.9731621826198,460.1093562066583,28.181145535204056,134.51825481706516
2024-10-02 08:00:00,340.24027946459216,27.826045244356138,131.9865620333133,368.0663247089483,27.510906831178776,223.30508866446021
2024-10-02 09:00:00,330.94209294419596,46.25760787148464,143.24918977316327,377.1997008156806,25.172157147093877,372.72776868341384
2024-10-02 10:00:00,303.45567540978516,44.60525265939891,121.34705799719556,348.06092806918406,25.11491510452779,357.0493556962671
2024-10-02 11:00:00,348.08660448965117,63.9081629055454,163.61054741544035,411.99476739519656,25.188008035621362,524.4542133980985
2024-10-02 12:00:00,308.34414462435103,74.09985724353999,143.1248546036194,382.444001867891,24.334869292292307,599.5616049548236
2024-10-02 13:00:00,185.2154370500997,73.02683488142951,82.93775712041251,258.2422719315292,24.65483467714373,597.6431109200954
2024-10-02 14:00:00,144.1300568142085,59.08209629705862,57.297688540544826,203.21215311126713,24.46353367636324,475.11369888779774
2024-10-02 15:00:00,338.30876263785035,34.99614018219897,143.96438004592653,373.30490282004934,23.880399111593313,275.5825487626938
2024-10-02 16:00:00,317.01009937921066,32.82029268352022,132.07128765711323,349.8303920627309,23.954265213691794,254.88165286832458
2024-10-02 17:00:00,383.88040932087796,22.943217174437297,159.42857564148454,406.82362649531524,24.157250345693324,170.1429888407411
2024-10-02 18:00:00,392.8428338474953,5.135082950924869e-15,151.68754113689945,392.8428338474953,25.12343915361211,5.2506943978779954e-14
2024-10-02 19:00:00,401.2161153780497,0.0,153.6744274133618,401.2161153780497,26.001353324276227,0.0
2024-10-02 20:00:00,363.53810918194256,0.0,132.8098628394538,363.53810918194256,26.814718840188878,0.0
2024-10-02 21:00:00,262.4092674464721,0.0,79.2233276169265,262.4092674464721,27.558041220368032,0.0
2024-10-02 22:00:00,40.848599687055696,0.0,0.0,40.848599687055696,29.062131730140756,0.0
2024-10-02 23:00:00,33.196330488148575,0.0,0.0,33.196330488148575,30.434537009603766,0.0
2024-10-03 00:00:00,38.593021342360906,0.0,0.0,38.593021342360906,31.77514132627556,0.0
2024-10-03 01:00:00,31.222787590203602,0.0,0.0,31.222787590203602,31.49695439179147,0.0
2024-10-03 02:00:00,33.06109702670406,0.0,0.0,33.06109702670406,32.28443845271525,0.0
2024-10-03 03:00:00,39.76885057252053,0.0,0.0,39.76885057252053,31.831489854346074,0.0
2024-10-03 04:00:00,32.667884125262525,0.0,0.0,32.667884125262525,31.28816076669201,0.0
2024-10-03 05:00:00,30.563267707780145,0.0,0.0,30.563267707780145,30.700736400244107,0.0
2024-10-03 06:00:00,223.3227432243062,0.0,56.352760921056216,223.3227432243062,29.92745395992076,0.0
2024-10-03 07:00:00,408.9441711429424,17.774455062565412,153.8993999295656,426.71862620550786,29.50882374814235,146.09718523962047
2024-10-03 08:00:00,364.18356121468986,30.780252415785117,149.6491651852378,394.963813630475,28.347259070053106,249.5772486431909
2024-10-03 09:00:00,305.58654420125964,53.55584833301241,131.41799386671522,359.14239253427206,27.007345972267576,439.8766678586132
2024-10-03 10:00:00,307.15570075698565,85.75726294467657,152.01559520049494,392.9129637016622,26.138997974364717,723.7390504963126
2024-10-03 11:00:00,292.31355488008296,68.45394753163384,128.6472768354704,360.7675024117168,25.95550228540281,562.4360866627923
2024-10-03 12:00:00,296.99382355586226,65.83518743057007,133.07192804114294,362.8290109864323,25.460660723510994,537.314331780468
2024-10-03 13:00:00,225.0271531974015,52.18610597022973,86.84853470776812,277.21325916763124,24.740117314744765,416.41222542253473
2024-10-03 14:00:00,141.91553921306587,52.241263580791085,50.32260265583109,194.15680279385694,24.211421217541773,416.80993284574794
2024-10-03 15:00:00,298.8182190427683,45.67025421248846,128.76971847861014,344.48847325525674,25.52216619544572,363.09739906980445
2024-10-03 16:00:00,386.0006823752116,31.086588461165775,164.61773204806303,417.0872708363774,25.765637420432906,244.55481287330315
2024-10-03 17:00:00,402.62884752793866,18.051875484471786,161.96929014881866,420.68072301241045,24.80886204427523,136.79035030395323
2024-10-03 18:00:00,446.2242898410043,2.5742568591350794e-15,175.1284513082869,446.2242898410043,27.197215490571658,8.14229038550187e-14
2024-10-03 19:00:00,382.95238070956344,0.0,148.92066388381542,382.95238070956344,27.267069472389565,0.0
2024-10-03 20:00:00,401.8808994466814,0.0,151.68789207669036,401.8808994466814,28.372417568928466,0.0
2024-10-03 21:00:00,257.73267057506047,0.0,84.17511221850944,257.73267057506047,29.75240221680003,0.0
2024-10-03 22:00:00,30.487501483521843,0.0,0.0,30.487501483521843,30.85369342222942,0.0
2024-10-03 23:00:00,37.76841785512888,0.0,0.0,37.76841785512888,31.253730405590574,0.0
2024-10-04 00:00:00,39.819517088684506,0.0,0.0,39.819517088684506,32.356612071007895,0.0
2024-10-04 01:00:00,31.815734169867596,0.0,0.0,31.815734169867596,31.89792795714731,0.0
2024-10-04 02:00:00,31.02800589406862,0.0,0.0,31.02800589406862,31.691891996294704,0.0
2024-10-04 03:00:00,30.30544744048533,0.0,0.0,30.30544744048533,33.02482776981106,0.0
2024-10-04 04:00:00,38.051757764432914,0.0,0.0,38.051757764432914,32.90711199440485,0.0
2024-10-04 05:00:00,35.276583371702564,0.0,0.0,35.276583371702564,31.272559212020962,0.0
2024-10-04 06:00:00,109.11101012400326,0.0,0.0,109.11101012400326,30.820117925917707,0.0
2024-10-04 07:00:00,416.15305716343016,17.15912336940432,154.92479608083963,433.3121805328345,29.83224162195317,140.37033269808046
2024-10-04 08:00:00,399.1570506366372,31.889242762455808,161.90817424226745,431.04629339909303,28.91305787154257,259.1516371364385
2024-10-04 09:00:00,361.15150359026813,54.08233277514299,153.70981232424924,415.2338363654111,28.83662184237423,450.2933211374446
2024-10-04 10:00:00,299.55433161180673,57.84333862093971,130.53265302842854,357.39767023274646,27.564194474663893,472.80965090509585
2024-10-04 11:00:00,326.0650337448242,71.932359593096,148.0806423154636,397.9973933379202,26.615545018436322,601.5227859467634
2024-10-04 12:00:00,294.9863417115703,60.790250242858804,131.52535412709582,355.7765919544291,27.502679005296724,497.07086904482736
2024-10-04 13:00:00,211.34549355345402,57.19680010541246,82.72552623541023,268.54229365886647,25.107057066771553,462.4550998278401
2024-10-04 14:00:00,161.95518925670427,68.14568672741187,66.32649188979703,230.10087598411613,25.978963449034964,553.3439134748112
2024-10-04 15:00:00,280.7242446764529,52.996017353617056,125.40597202731118,333.72026203006993,25.299778373689236,424.78561087969484
2024-10-04 16:00:00,390.7801890416762,41.52927712101325,173.4039264849579,432.30946616268943,26.095200559044414,325.826347274424
2024-10-04 17:00:00,378.96130332839795,18.298367885200566,150.33086449646012,397.2596712135985,26.804453366365493,140.03895952124174
2024-10-04 18:00:00,352.35630466614543,4.537553800772341e-15,135.85789308601503,352.35630466614543,27.87730576810462,6.381855590555331e-14
2024-10-04 19:00:00,382.79789467099636,0.0,143.47207973057755,382.79789467099636,28.168550302847738,0.0
2024-10-04 20:00:00,357.07091643641337,0.0,132.73925703663252,357.07091643641337,29.02153385938865,0.0
2024-10-04 21:00:00,269.16127444567815,0.0,80.82388515927919,269.16127444567815,29.971332017239142,0.0
2024-10-04 22:00:00,35.002462082387964,0.0,0.0,35.002462082387964,30.415031565136484,0.0
2024-10-04 23:00:00,27.644616308218563,0.0,0.0,27.644616308218563,31.99603654348583,0.0
2024-10-05 00:00:00,31.906065315370967,0.0,0.0,31.906065315370967,31.07292099262346,0.0
2024-10-05 01:00:00,33.734034254064355,0.0,0.0,33.734034254064355,31.49948962165623,0.0
2024-10-05 02:00:00,34.716241936642255,0.0,0.0,34.716241936642255,31.36639339272043,0.0
2024-10-05 03:00:00,29.45192757038504,0.0,0.0,29.45192757038504,31.185466306053662,0.0
2024-10-05 04:00:00,33.81459581774519,0.0,0.0,33.81459581774519,31.52005397634793,0.0
2024-10-05 05:00:00,39.52652283782892,0.0,0.0,39.52652283782892,30.886931863218393,0.0
2024-10-05 06:00:00,55.068420960218816,0.0,0.0,55.068420960218816,30.358565187079165,0.0
2024-10-05 07:00:00,47.481329603338054,15.560685874212467,0.0,63.04201547755052,28.993328727593727,125.90224336626471
2024-10-05 08:00:00,24.22752188046811,37.656956272317274,0.0,61.884478152785384,28.577496941314678,308.80093386014437
2024-10-05 09:00:00,5.384767191331839,52.11331696799078,0.0,57.498084159322616,26.78725691626794,424.7899099946698
2024-10-05 10:00:00,0.0,70.52637177103131,0.0,59.0458272136919,26.050739000916305,589.7355490464705
2024-10-05 11:00:00,0.0,71.0111558750665,0.0,65.8578669675458,26.023841536675036,588.7037505083883
2024-10-05 12:00:00,0.0,78.77512461296978,0.0,55.51133358914007,25.29178674987155,646.6687607212959
2024-10-05 13:00:00,0.0,71.13803849128387,0.0,59.13146530194416,24.37519929851778,581.9456768623163
2024-10-05 14:00:00,0.0,68.6696676385584,0.0,65.70329123839777,23.878035775977114,554.8548664173567
2024-10-05 15:00:00,16.134178239808115,42.027929013080936,0.0,58.16210725288905,24.418442398478994,331.20577344227246
2024-10-05 16:00:00,30.095209708960006,35.55664605860763,0.0,65.65185576756764,24.527641760102917,278.48201094852686
2024-10-05 17:00:00,36.15926308230976,19.06966170994251,0.0,55.228924792252265,26.28854290107839,145.7808392017331
2024-10-05 18:00:00,60.077788310592545,4.257133199140687e-15,0.0,60.07778831059255,26.531185215746845,6.707287705794849e-14
2024-10-05 19:00:00,64.03836915242827,0.0,0.0,64.03836915242827,26.612336947434763,0.0
2024-10-05 20:00:00,60.581688516404505,0.0,0.0,60.581688516404505,27.378669413654464,0.0
2024-10-05 21:00:00,58.519459177657176,0.0,0.0,58.519459177657176,28.417874914953515,0.0
2024-10-05 22:00:00,36.955071317899005,0.0,0.0,36.955071317899005,29.371752274753803,0.0
2024-10-05 23:00:00,33.60532803275236,0.0,0.0,33.60532803275236,30.292688431241288,0.0
2024-10-06 00:00:00,26.970519807948676,0.0,0.0,26.970519807948676,31.698550324239747,0.0
2024-10-06 01:00:00,20.763652889781316,0.0,0.0,20.763652889781316,31.007670111889002,0.0
2024-10-06 02:00:00,16.21448671094984,0.0,0.0,16.21448671094984,32.754956787977044,0.0
2024-10-06 03:00:00,17.485777661750973,0.0,0.0,17.485777661750973,31.019278439151176,0.0
2024-10-06 04:00:00,25.029615094524132,0.0,0.0,25.029615094524132,30.436753213252004,0.0
2024-10-06 05:00:00,18.537283839418315,0.0,0.0,18.537283839418315,31.429214312368416,0.0
2024-10-06 06:00:00,17.72848329616426,0.0,0.0,17.72848329616426,30.520815965472245,0.0
2024-10-06 07:00:00,3.9087895297390656,15.455842906728082,0.0,19.364632436467147,28.924880424534447,124.68737272647937
2024-10-06 08:00:00,0.0,39.380931049793595,0.0,10.108345832818708,28.300854323116027,322.92205838331216
2024-10-06 09:00:00,0.0,38.42798125673196,0.0,16.414989299327154,27.40760606724595,309.3923017695703
2024-10-06 10:00:00,0.0,61.08205914225245,0.0,14.885901059928582,26.428544379925544,501.5156288765955
2024-10-06 11:00:00,0.0,81.41645831462452,0.0,17.186902021292315,24.987074662165615,668.0384767458161
2024-10-06 12:00:00,0.0,74.58341916911519,0.0,9.67697601401317,23.838115660975102,607.2868630240245
2024-10-06 13:00:00,0.0,62.43970796823701,0.0,17.313174929128593,24.307084682380317,505.19616388252405
2024-10-06 14:00:00,0.0,47.257760500010455,0.0,18.566696773650357,25.518265371239238,380.38025543998106
2024-10-06 15:00:00,0.0,37.404968822442534,0.0,12.636428068534265,25.657154524905355,298.3267790284657
2024-10-06 16:00:00,0.0,31.56441475855479,0.0,15.309881468398057,24.948180770062073,247.0682867623922
2024-10-06 17:00:00,5.109104870240056,15.91498987060756,0.0,21.024094740847616,25.156332320139015,122.47380535989686
2024-10-06 18:00:00,22.4553460781646,4.967495784085262e-15,0.0,22.455346078164602,26.499248775418454,5.764766862823982e-14
2024-10-06 19:00:00,18.541426358505277,0.0,0.0,18.541426358505277,27.423812105428453,0.0
2024-10-06 20:00:00,20.78071098911664,0.0,0.0,20.78071098911664,28.410547925200795,0.0
2024-10-06 21:00:00,15.054063358094549,0.0,0.0,15.054063358094549,27.75254048199379,0.0
2024-10-06 22:00:00,23.292077890685512,0.0,0.0,23.292077890685512,31.439066257466347,0.0
2024-10-06 23:00:00,23.555100376604038,0.0,0.0,23.555100376604038,31.151299233728498,0.0
2024-10-07 00:00:00,30.425044438624038,0.0,0.0,30.425044438624038,31.22411683491293,0.0
2024-10-07 01:00:00,32.031969172734776,0.0,0.0,32.031969172734776,31.313461350468536,0.0
2024-10-07 02:00:00,31.497252180173902,0.0,0.0,31.497252180173902,32.28561262057703,0.0
2024-10-07 03:00:00,37.11352251622621,0.0,0.0,37.11352251622621,31.920397473066235,0.0
2024-10-07 04:00:00,34.13504528724163,0.0,0.0,34.13504528724163,31.36912243080002,0.0
2024-10-07 05:00:00,31.11118865539921,0.0,0.0,31.11118865539921,30.996000824510546,0.0
2024-10-07 06:00:00,225.9369748733503,0.0,57.417786023100945,225.9369748733503,29.985599971424918,0.0
2024-10-07 07:00:00,374.3706464991327,17.839661141638953,137.81287623905212,392.21030764077165,29.3987575642547,145.44517162947471
2024-10-07 08:00:00,338.45681376439643,29.690851416463417,129.20521124021624,368.14766518085986,28.65514119901398,239.62428661766182
2024-10-07 09:00:00,313.0832101231907,60.49208327819534,139.34490054571148,373.5752934013861,27.557751552719417,498.5660554344434
2024-10-07 10:00:00,286.4256371688296,52.19514568200263,123.76673941394024,338.62078285083226,26.687420722698185,424.4871520941996
2024-10-07 11:00:00,267.66706066299184,72.5026253304863,124.3766410726972,340.16968599347814,26.5135161059899,600.5019915862242
2024-10-07 12:00:00,274.10535438381226,71.64831117890422,124.23073346542292,345.7536655627165,24.462317300582463,586.6705606992821
2024-10-07 13:00:00,228.09507797845075,72.95431053555544,99.78982533786147,301.0493885140062,24.51227824224627,596.1001845635384
2024-10-07 14:00:00,146.21183774795486,74.28765183295265,59.31205682144294,220.4994895809075,24.805240116527738,607.2465539085434
2024-10-07 15:00:00,353.27949427584775,53.9918316093162,150.99096299696185,407.27132588516395,24.54628559006087,434.27053106645116
2024-10-07 16:00:00,346.7055960850379,33.65193392607018,142.66046878657406,380.35753001110805,25.062854591169717,264.50411961755725
2024-10-07 17:00:00,351.47253369682056,22.180217891050212,149.71452040930535,373.6527515878708,26.460956930829333,169.6616126101937
2024-10-07 18:00:00,409.31344383159114,4.5381289872881664e-15,159.2558046632587,409.31344383159114,26.467474286558364,6.411064720383777e-14
2024-10-07 19:00:00,378.43568040709334,0.0,148.31142669151336,378.43568040709334,26.471487601821416,0.0
2024-10-07 20:00:00,424.2210294694952,0.0,165.87470287799343,424.2210294694952,28.080288908870088,0.0
2024-10-07 21:00:00,266.2995359680089,0.0,85.18206478802404,266.2995359680089,29.226883018462985,0.0
2024-10-07 22:00:00,32.942861584819866,0.0,0.0,32.942861584819866,30.06180453976539,0.0
2024-10-07 23:00:00,31.541995648451046,0.0,0.0,31.541995648451046,31.044852228363347,0.0
2024-10-08 00:00:00,33.65910752693714,0.0,0.0,33.65910752693714,34.3021183981954,0.0
2024-10-08 01:00:00,38.84221372563769,0.0,0.0,38.84221372563769,34.34516254032087,0.0
2024-10-08 02:00:00,30.491944603547317,0.0,0.0,30.491944603547317,33.93731531844941,0.0
2024-10-08 03:00:00,35.50865453140311,0.0,0.0,35.50865453140311,34.19400596376508,0.0
2024-10-08 04:00:00,30.815400079456175,0.0,0.0,30.815400079456175,33.753535832506756,0.0
2024-10-08 05:00:00,31.78927666241529,0.0,0.0,31.78927666241529,33.36615703038191,0.0
2024-10-08 06:00:00,231.61671356889852,0.0,60.413801584259204,231.61671356889852,33.12941946520107,0.0
2024-10-08 07:00:00,398.9971734270184,15.146270199636689,152.532187143091,414.14344362665514,32.14175323021282,123.57707614796993
2024-10-08 08:00:00,324.18602397929993,38.86352871568893,129.21835663350737,363.04955269498885,31.445838054442966,321.7694241926803
2024-10-08 09:00:00,344.1763066603897,46.7177513276278,143.10905875281102,390.8940579880175,29.935926937911905,386.8859187652264
2024-10-08 10:00:00,274.27518665681964,55.821963353148675,116.25974639326536,330.0971500099683,30.03801558171449,463.8186061929845
2024-10-08 11:00:00,328.04108125306516,68.48082344985527,140.64928653229387,396.52190470292044,28.89538071971757,571.901398176352
2024-10-08 12:00:00,325.8985363078363,57.360234107579814,138.522574641457,383.2587704154161,28.058863625247564,470.7230122572208
2024-10-08 13:00:00,210.49932826157504,53.28931298087917,82.6019906747277,263.7886412424542,27.95476809774937,433.8198331324245
2024-10-08 14:00:00,153.00852667309564,61.12749350495221,54.67717074868543,214.13602017804786,27.19595499025661,500.67850361053917
2024-10-08 15:00:00,349.89349422215724,40.78084931880892,149.7956331101503,390.67434354096616,26.598717697580174,327.7609946336292
2024-10-08 16:00:00,333.91426910733355,29.143062725758227,129.8769086964542,363.0573318330918,27.699398099791697,231.74912297574215
2024-10-08 17:00:00,407.90121298505915,20.308029751006757,169.00486157820487,428.2092427360659,28.932689942040295,158.05884349200326
2024-10-08 18:00:00,392.54176359298094,3.67839054516624e-15,150.58660658478703,392.54176359298094,29.323943217416605,7.188724349696943e-14
2024-10-08 19:00:00,359.7795000082611,0.0,131.05774058677153,359.7795000082611,30.059551303374363,0.0
2024-10-08 20:00:00,413.3154198715464,0.0,151.72282964657538,413.3154198715464,30.60991516218326,0.0
2024-10-08 21:00:00,290.0415263786835,0.0,94.00599288831106,290.0415263786835,30.96178894247268,0.0
2024-10-08 22:00:00,33.83550493402334,0.0,0.0,33.83550493402334,33.49625800797952,0.0
2024-10-08 23:00:00,37.4446684253141,0.0,0.0,37.4446684253141,33.40476156081924,0.0
2024-10-09 00:00:00,29.43972070236656,0.0,0.0,29.43972070236656,29.115461197771612,0.0
2024-10-09 01:00:00,45.45108000406387,0.0,0.0,45.45108000406387,29.344058533940473,0.0
2024-10-09 02:00:00,35.744261661803826,0.0,0.0,35.744261661803826,30.426402514287986,0.0
2024-10-09 03:00:00,35.24537386634241,0.0,0.0,35.24537386634241,30.1205570736761,0.0
2024-10-09 04:00:00,29.578950939674858,0.0,0.0,29.578950939674858,28.84661045661473,0.0
2024-10-09 05:00:00,35.082849799569416,0.0,0.0,35.082849799569416,29.356286492149355,0.0
2024-10-09 06:00:00,209.50838578649106,0.0,59.10396970664777,209.50838578649106,27.97660606601404,0.0
2024-10-09 07:00:00,341.5057636773201,17.781710496969797,128.1672596500996,359.2874741742899,26.89973683933988,142.87844328714743
2024-10-09 08:00:00,405.9512073527882,33.567416540741064,174.38133977653445,439.51862389352925,26.152335082075897,269.57222885314553
2024-10-09 09:00:00,365.43353389255174,45.86826199616857,151.61251042112752,411.30179588872033,25.0016259923584,368.2322232310566
2024-10-09 10:00:00,290.65434657674473,54.87150351771202,124.72199121093406,345.52585009445676,23.888702724100277,442.26516293146113
2024-10-09 11:00:00,315.295761156103,59.63518783766497,145.47989001999875,374.93094899376797,24.212333024076052,483.73058890234705
2024-10-09 12:00:00,295.00077251566626,68.05121913489363,139.36047560371296,363.0519916505599,23.1576999327134,550.8181374056262
2024-10-09 13:00:00,189.7723371910794,67.0576271332067,85.55495297705606,256.8299643242861,23.22700565028557,545.1809692998469
2024-10-09 14:00:00,145.02013002177668,59.07199403917523,50.19581602479127,204.0921240609519,22.942747941039443,474.8124429175694
2024-10-09 15:00:00,355.0787360398361,39.69666561381589,143.27415262100646,394.77540165365195,23.192671439139552,313.684950245682
2024-10-09 16:00:00,330.95505908755206,29.4466314762163,130.65464814482652,360.40169056376834,22.24505895952559,228.6361850314856
2024-10-09 17:00:00,356.0811200555224,19.059674166725056,137.5190628773647,375.14079422224745,23.39088741664325,145.84605998340635
2024-10-09 18:00:00,380.1695709260505,2.8753993877204924e-15,148.02107681899963,380.1695709260505,24.833823653175596,7.899437925690949e-14
2024-10-09 19:00:00,362.92044164050793,0.0,135.70798492750652,362.92044164050793,24.755859270547866,0.0
2024-10-09 20:00:00,369.40512516056214,0.0,138.36148963028685,369.40512516056214,26.485673817380786,0.0
2024-10-09 21:00:00,273.4297887319158,0.0,92.51298065569395,273.4297887319158,26.50965564332421,0.0
2024-10-09 22:00:00,33.67722708309071,0.0,0.0,33.67722708309071,28.05736326722202,0.0
2024-10-09 23:00:00,38.64140081798125,0.0,0.0,38.64140081798125,29.579010206595616,0.0
2024-10-10 00:00:00,35.34476099937151,0.0,0.0,35.34476099937151,32.52036092974406,0.0
2024-10-10 01:00:00,35.239519662010046,0.0,0.0,35.239519662010046,31.557341877124085,0.0
2024-10-10 02:00:00,33.339241048607256,0.0,0.0,33.339241048607256,33.026157660990805,0.0
2024-10-10 03:00:00,42.3368832597949,0.0,0.0,42.3368832597949,33.39383146420924,0.0
2024-10-10 04:00:00,29.169091391760745,0.0,0.0,29.169091391760745,33.53156887715912,0.0
2024-10-10 05:00:00,32.16211037860611,0.0,0.0,32.16211037860611,31.81438356171997,0.0
2024-10-10 06:00:00,208.19139903903883,0.0,51.934996343058785,208.19139903903883,30.16976199689003,0.0
2024-10-10 07:00:00,339.68479782209874,16.34910947634259,133.26000203563578,356.0339072984413,30.22517760570375,132.49969383342017
2024-10-10 08:00:00,322.6155498664347,25.479687405057195,124.62209986049372,348.0952372714919,29.899988758003442,206.0190162023882
2024-10-10 09:00:00,319.79023442788764,42.08391665607687,130.77419619713203,361.87415108396453,28.102561211098735,341.5737386272598
2024-10-10 10:00:00,339.315212084793,52.01215686860058,144.34002027009225,391.3273689533936,27.87352642027399,423.6539096547734
2024-10-10 11:00:00,355.4164014781671,42.01765301887914,151.61236012620944,397.4340544970462,26.20729672524095,338.2926319763161
2024-10-10 12:00:00,296.21278191446123,59.675407167967926,131.01211806942527,355.88818908242916,26.2570596721506,487.54122743798007
2024-10-10 13:00:00,230.33862262157461,55.82885742827049,90.71389499894296,286.1674800498451,24.476441809235908,449.0187122542201
2024-10-10 14:00:00,156.67772277996505,51.496575766709356,57.599727165456656,208.1742985466744,25.126804267914352,414.14524077638583
2024-10-10 15:00:00,289.0408792881602,41.73221359554002,122.79791188008896,330.77309288370026,25.718171243180045,333.0785144824505
2024-10-10 16:00:00,358.8253138142402,30.78909368378219,144.98748523738368,389.6144074980224,25.889204680298956,244.0166023175439
2024-10-10 17:00:00,390.55397937239445,19.034037516818373,159.5195904899156,409.58801688921284,25.97678947754192,147.52022462015023
2024-10-10 18:00:00,339.95033220329503,5.016889741631451e-15,115.53707415813432,339.95033220329503,27.10214385979023,4.6376606549253486e-14
2024-10-10 19:00:00,432.2211662958862,0.0,171.07417813633253,432.2211662958862,28.360932825207886,0.0
2024-10-10 20:00:00,358.16454679100013,0.0,133.800114997144,358.16454679100013,29.058858165277602,0.0
2024-10-10 21:00:00,234.3407356453764,0.0,71.40014696672546,234.3407356453764,30.038307401626966,0.0
2024-10-10 22:00:00,36.747402377472255,0.0,0.0,36.747402377472255,31.21795636037558,0.0
2024-10-10 23:00:00,31.508225055920935,0.0,0.0,31.508225055920935,31.405264342619002,0.0
2024-10-11 00:00:00,44.87728981865392,0.0,0.0,44.87728981865392,31.906670962068894,0.0
2024-10-11 01:00:00,40.42797238222353,0.0,0.0,40.42797238222353,31.082097966258434,0.0
2024-10-11 02:00:00,35.43157378062845,0.0,0.0,35.43157378062845,32.65999438382716,0.0
2024-10-11 03:00:00,31.802938638058187,0.0,0.0,31.802938638058187,32.13325281455627,0.0
2024-10-11 04:00:00,25.775728029928427,0.0,0.0,25.775728029928427,31.049083130286828,0.0
2024-10-11 05:00:00,39.64756422405429,0.0,0.0,39.64756422405429,30.526207489334777,0.0
2024-10-11 06:00:00,219.31051018915545,0.0,57.7890143374662,219.31051018915545,30.04936090310327,0.0
2024-10-11 07:00:00,405.7334943884656,17.60755795204102,154.34299024555634,423.3410523405066,29.401195230092213,142.07832160516048
2024-10-11 08:00:00,347.71483558777976,30.982044139492583,138.50382363702303,378.69687972727235,28.74326724491413,251.005601607409
2024-10-11 09:00:00,345.02837189246054,42.700243736176176,146.94028957750794,387.7286156286367,26.619830825431038,346.40622223955955
2024-10-11 10:00:00,399.1830932520425,53.4249957127917,172.70624923789998,452.6080889648342,26.664714418328025,437.02432732335706
2024-10-11 11:00:00,315.8703523809299,67.73710255193505,145.43056806528222,383.6074549328649,24.66286224691313,553.8246911049782
2024-10-11 12:00:00,389.1384633398142,70.95285795419136,185.00044808208693,460.0913212940056,25.076253951134124,582.1966611523515
2024-10-11 13:00:00,233.96976015185504,52.886712308597176,96.31259145011191,286.8564724604522,25.54220896717939,426.77212090533607
2024-10-11 14:00:00,155.8908422578403,61.73586600809328,57.2937513187605,217.6267082659336,23.98718859118815,499.03796869879784
2024-10-11 15:00:00,346.58731684595176,41.52007824659311,146.65440587072723,388.1073950925449,24.01563382226983,331.5245840855797
2024-10-11 16:00:00,342.5044782931946,35.15540996459904,137.9480555340339,377.6598882577936,25.275301743825853,276.96971107565986
2024-10-11 17:00:00,87.37517898349466,16.772808558996726,0.0,104.14798754249139,26.414833955230787,130.37025371798774
2024-10-11 18:00:00,422.08782493928436,2.9677310417464608e-15,150.50219907075723,422.08782493928436,26.60869083284006,7.804690049183171e-14
2024-10-11 19:00:00,386.15806310602915,0.0,136.74086328623034,386.15806310602915,26.3378175009978,0.0
2024-10-11 20:00:00,110.41109728246079,0.0,0.0,110.41109728246079,27.354428900774263,0.0
2024-10-11 21:00:00,109.37751605620755,0.0,0.0,109.37751605620755,29.150732981620934,0.0
2024-10-11 22:00:00,29.07318325325733,0.0,0.0,29.07318325325733,29.356371897649517,0.0
2024-10-11 23:00:00,30.321709551837074,0.0,0.0,30.321709551837074,30.739209988403143,0.0
2024-10-12 00:00:00,36.577515049471685,0.0,0.0,36.577515049471685,30.860300579676085,0.0
2024-10-12 01:00:00,37.122111634909935,0.0,0.0,37.122111634909935,30.867075746479962,0.0
2024-10-12 02:00:00,36.74500939430895,0.0,0.0,36.74500939430895,32.138591256771484,0.0
2024-10-12 03:00:00,32.306614645445805,0.0,0.0,32.306614645445805,31.407188104275964,0.0
2024-10-12 04:00:00,32.917073660720575,0.0,0.0,32.917073660720575,31.368098462439704,0.0
2024-10-12 05:00:00,35.657835260913565,0.0,0.0,35.657835260913565,30.666378723085806,0.0
2024-10-12 06:00:00,65.68866999869584,0.0,0.0,65.68866999869584,29.406177328822146,0.0
2024-10-12 07:00:00,48.36734934323399,13.987438927596946,0.0,62.35478827083094,28.53985714198623,111.53274553608044
2024-10-12 08:00:00,26.9170848820956,35.756121201519896,0.0,62.6732060836155,27.582404091382696,288.2784018401152
2024-10-12 09:00:00,21.69120531722365,37.58610746489448,0.0,59.27731278211813,27.16589857818838,303.82463713417616
2024-10-12 10:00:00,0.0,61.54172219125468,0.0,52.663437025622166,25.65603152111115,506.4818850099896
2024-10-12 11:00:00,0.0,58.779261729659495,0.0,56.63010254058457,26.118856846661448,481.5655676385741
2024-10-12 12:00:00,0.0,65.9570551949469,0.0,60.90730705271797,24.327190544715346,537.7358376073114
2024-10-12 13:00:00,6.698360386037152,52.999301962930765,0.0,59.69766234896792,24.457711253933855,423.785129504701
2024-10-12 14:00:00,1.566898727240897,58.65936537280959,0.0,60.226264100050486,24.116673703774104,473.19713189076765
2024-10-12 15:00:00,9.330997411596002,53.36398720468269,0.0,62.69498461627869,24.125077060592076,429.6014225080002
2024-10-12 16:00:00,25.43424020969275,30.08368290203494,0.0,55.51792311172769,25.78629862278335,237.88527691505084
2024-10-12 17:00:00,41.12452367317533,16.349845988886177,0.0,57.474369662061505,25.036813204937932,127.06856325061925
2024-10-12 18:00:00,63.86257174738628,3.950240924503005e-15,0.0,63.86257174738629,25.828853519300868,7.000707194204473e-14
2024-10-12 19:00:00,64.23563534223868,0.0,0.0,64.23563534223868,26.49328065271031,0.0
2024-10-12 20:00:00,57.55386918164103,0.0,0.0,57.55386918164103,27.75173441764154,0.0
2024-10-12 21:00:00,60.59802560533935,0.0,0.0,60.59802560533935,28.586427583984555,0.0
2024-10-12 22:00:00,39.75919452497275,0.0,0.0,39.75919452497275,28.92158754444493,0.0
2024-10-12 23:00:00,35.70139235667551,0.0,0.0,35.70139235667551,29.993902911776168,0.0
2024-10-13 00:00:00,22.43305902383309,0.0,0.0,22.43305902383309,31.50248133605,0.0
2024-10-13 01:00:00,18.121822474559437,0.0,0.0,18.121822474559437,32.0607829681352,0.0
2024-10-13 02:00:00,13.502977892503377,0.0,0.0,13.502977892503377,31.678549457895222,0.0
2024-10-13 03:00:00,18.603919120947772,0.0,0.0,18.603919120947772,31.576786938750825,0.0
2024-10-13 04:00:00,23.978610231079635,0.0,0.0,23.978610231079635,31.017140528775382,0.0
2024-10-13 05:00:00,13.17526167037925,0.0,0.0,13.17526167037925,30.390202034586455,0.0
2024-10-13 06:00:00,19.068740400073217,0.0,0.0,19.068740400073217,29.456762636471332,0.0
2024-10-13 07:00:00,9.050885184420949,13.544382809739957,0.0,22.595267994160906,28.29409108215183,107.68775684687695
2024-10-13 08:00:00,0.0,33.54645944809192,0.0,17.79856284653413,27.815325814359213,270.3334133424225
2024-10-13 09:00:00,0.0,33.756955844543036,0.0,16.895720933939216,27.712708927223915,271.9931913232379
2024-10-13 10:00:00,0.0,67.55726909731855,0.0,11.216365749009922,26.204340680063893,559.1376481674167
2024-10-13 11:00:00,0.0,75.37044041063248,0.0,20.741496707523112,25.518666075412547,623.0775666496505
2024-10-13 12:00:00,0.0,72.5515835268942,0.0,14.351977320193802,24.952717638309622,599.058435536701
2024-10-13 13:00:00,0.0,67.20679940174925,0.0,12.35768649973162,25.40816259231711,552.4223205189267
2024-10-13 14:00:00,0.0,50.79615723249248,0.0,14.866721695533897,24.202357866146812,405.77411739423565
2024-10-13 15:00:00,0.0,49.48885865535321,0.0,20.630387685912883,24.92433542859574,398.54717255874976
2024-10-13 16:00:00,0.0,29.579370353322624,0.0,11.322755619364948,25.101227171381865,233.8319265861302
2024-10-13 17:00:00,0.0,11.836638064840988,0.0,11.345386632196423,25.72563882980695,92.37405298546018
2024-10-13 18:00:00,22.1465487329268,3.687388442413205e-15,0.0,22.146548732926803,26.538724354970707,7.215821919752739e-14
2024-10-13 19:00:00,17.31033233203929,0.0,0.0,17.31033233203929,27.289264963687696,0.0
2024-10-13 20:00:00,13.492165087279975,0.0,0.0,13.492165087279975,28.563060094737942,0.0
2024-10-13 21:00:00,17.020471376041687,0.0,0.0,17.020471376041687,29.05778714528984,0.0
2024-10-13 22:00:00,23.10550829340888,0.0,0.0,23.10550829340888,30.78873734812533,0.0
2024-10-13 23:00:00,21.62888526215515,0.0,0.0,21.62888526215515,30.66366285504882,0.0
2024-10-14 00:00:00,38.3485614994427,0.0,0.0,38.3485614994427,31.48020696454551,0.0
2024-10-14 01:00:00,35.89582599968215,0.0,0.0,35.89582599968215,33.00074706368371,0.0
2024-10-14 02:00:00,32.7425770519443,0.0,0.0,32.7425770519443,32.99689989523,0.0
2024-10-14 03:00:00,30.368527749706757,0.0,0.0,30.368527749706757,32.69786440049281,0.0
2024-10-14 04:00:00,27.170249275530043,0.0,0.0,27.170249275530043,32.20215474803507,0.0
2024-10-14 05:00:00,31.927928578263938,0.0,0.0,31.927928578263938,30.718415693523127,0.0
2024-10-14 06:00:00,232.09963447408128,0.0,62.54884907392502,232.09963447408128,30.07742946146727,0.0
2024-10-14 07:00:00,334.2429237098643,20.03336015089554,122.3064829186613,354.2762838607598,31.03047776070767,163.3975525547178
2024-10-14 08:00:00,368.9952962461152,29.243018255194205,144.93662284618196,398.2383145013094,29.008100191050413,235.63964571219972
2024-10-14 09:00:00,371.58442695921207,44.11775210835973,157.1357854751926,415.7021790675718,28.877795048517388,360.6678597650213
2024-10-14 10:00:00,381.76790168181026,41.504442959815606,155.66313253410416,423.27234464162586,26.749334855979875,334.42132498222117
2024-10-14 11:00:00,308.1509500004282,47.771665443346905,132.61092486907538,355.9226154437751,26.302548610763058,387.92251921779814
2024-10-14 12:00:00,321.87328056581487,83.12421918104128,156.4951636922187,404.99749974685614,26.609083052795427,704.2799150061483
2024-10-14 13:00:00,191.96653920493048,82.79123459957492,85.62908158912614,274.7577738045054,25.868860582739053,701.2339046685995
2024-10-14 14:00:00,146.23868364066294,61.09226208752254,59.215459748730595,207.33094572818547,26.069685078594794,497.6740413158602
2024-10-14 15:00:00,313.28830040941716,44.53114106903747,129.39724064119125,357.8194414784546,25.913294817623463,357.0933832592228
2024-10-14 16:00:00,232.66668251583224,34.229501299391714,81.83761764246607,266.89618381522394,26.165926597351266,272.4675867552665
2024-10-14 17:00:00,107.86290650996246,20.936711712273716,0.0,128.79961822223618,26.485955844359747,164.0935861691642
2024-10-14 18:00:00,428.2920804669867,4.474448720545955e-15,150.14622369437717,428.2920804669867,26.953850164635107,6.472548897373115e-14
2024-10-14 19:00:00,126.73847861444379,0.0,0.0,126.73847861444379,29.096335479607532,0.0
2024-10-14 20:00:00,118.33103277717304,0.0,0.0,118.33103277717304,30.084506045665048,0.0
2024-10-14 21:00:00,295.1733862187434,0.0,94.95757949138576,295.1733862187434,29.68736667308684,0.0
2024-10-14 22:00:00,37.09136848387418,0.0,0.0,37.09136848387418,30.49881194159663,0.0
2024-10-14 23:00:00,38.22997127892116,0.0,0.0,38.22997127892116,31.601838655541975,0.0
2024-10-15 00:00:00,33.1421304478396,0.0,0.0,33.1421304478396,32.57073473350178,0.0
2024-10-15 01:00:00,34.34423890764217,0.0,0.0,34.34423890764217,32.65925960085808,0.0
2024-10-15 02:00:00,37.805058105781946,0.0,0.0,37.805058105781946,33.119188345448535,0.0
2024-10-15 03:00:00,30.447843266880753,0.0,0.0,30.447843266880753,32.72554423103073,0.0
2024-10-15 04:00:00,34.52082440977024,0.0,0.0,34.52082440977024,32.34320165534559,0.0
2024-10-15 05:00:00,38.47058773839806,0.0,0.0,38.47058773839806,33.05084141536253,0.0
2024-10-15 06:00:00,217.42340091181427,0.0,55.11603224399597,217.42340091181427,30.85682668702702,0.0
2024-10-15 07:00:00,379.0724618871871,12.474731535493238,136.38747800127854,391.5471934226803,31.09526841709577,99.90313323834606
2024-10-15 08:00:00,300.3572753157539,30.053626752171436,111.33729498553878,330.41090206792535,30.092859846665107,243.2214870494755
2024-10-15 09:00:00,62.30389358665303,45.23601566773584,0.0,107.53990925438887,28.715608408258174,370.73247795589964
2024-10-15 10:00:00,41.95374616485887,69.56179611558503,0.0,111.5155422804439,26.65636239459991,578.8199386253415
2024-10-15 11:00:00,374.5530847097085,44.538467690527824,150.43210857540677,419.09155240023637,26.91008332385324,360.5165576783993
2024-10-15 12:00:00,316.4710012227844,62.78678062599035,137.9324409870043,379.25778184877475,26.080992020881364,514.8786136317852
2024-10-15 13:00:00,186.19369598249153,74.37120678590544,80.93229490075217,260.56490276839696,25.998733266533172,611.3334082066631
2024-10-15 14:00:00,155.07035512899046,49.434358845908285,53.30214943366282,204.50471397489875,25.337944916630732,400.5618746697426
2024-10-15 15:00:00,321.03157812300145,44.28169420994251,131.3995208383608,365.31327233294394,26.366816895337962,357.8065060373035
2024-10-15 16:00:00,372.24790768252444,34.25051642274125,155.65931874324335,406.4984241052657,26.83083191313467,273.70136299992856
2024-10-15 17:00:00,366.76218262996304,17.605111096283032,143.83018900829472,384.3672937262461,27.47956672970523,138.78219181658415
2024-10-15 18:00:00,402.11487993360674,2.9009065572849154e-15,156.62641016536344,402.11487993360674,27.428338954632405,7.852302025623263e-14
2024-10-15 19:00:00,322.75010433957635,0.0,111.24424682611632,322.75010433957635,27.933849103942464,0.0
2024-10-15 20:00:00,400.96705679894177,0.0,150.09145217862525,400.96705679894177,29.545269021060065,0.0
2024-10-15 21:00:00,261.32838850677956,0.0,81.36357079831954,261.32838850677956,31.153332131757868,0.0
2024-10-15 22:00:00,36.167426123193394,0.0,0.0,36.167426123193394,31.154123130131442,0.0
2024-10-15 23:00:00,30.209767339639928,0.0,0.0,30.209767339639928,32.07045059003364,0.0
2024-10-16 00:00:00,34.67543391142416,0.0,0.0,34.67543391142416,31.63684773722624,0.0
2024-10-16 01:00:00,32.59836790428523,0.0,0.0,32.59836790428523,31.852225835985557,0.0
2024-10-16 02:00:00,32.49920612957937,0.0,0.0,32.49920612957937,32.552358516223954,0.0
2024-10-16 03:00:00,35.8046872217916,0.0,0.0,35.8046872217916,32.05092755526401,0.0
2024-10-16 04:00:00,33.20624831426722,0.0,0.0,33.20624831426722,31.956070915931903,0.0
2024-10-16 05:00:00,32.05899755468037,0.0,0.0,32.05899755468037,31.45184770971313,0.0
2024-10-16 06:00:00,229.8153597638906,0.0,55.39560452046442,229.8153597638906,30.646978966491154,0.0
2024-10-16 07:00:00,411.7992163080412,15.391989723337874,161.77777338433668,427.19120603137907,29.908014864474396,123.42078390726064
2024-10-16 08:00:00,345.79618807109966,36.928552757784104,136.94463974593168,382.72474082888374,28.296717680541658,300.65313099198124
2024-10-16 09:00:00,360.5938213971024,42.07646404911492,149.50952489759408,402.6702854462173,27.360339210889464,341.79199602374945
2024-10-16 10:00:00,299.65023643848104,59.11869503297469,127.99427756806445,358.76893147145574,26.951909743618074,486.0481555494627
2024-10-16 11:00:00,329.9297065784791,61.743019241119185,143.01456972615938,391.67272581959827,26.239066152638163,508.9092964843935
2024-10-16 12:00:00,251.23471459477918,69.50348076459902,119.82473391733824,320.7381953593782,25.43097022031635,569.7514746351055
2024-10-16 13:00:00,204.54585657321206,62.09736005265144,85.00999075879506,266.6432166258635,25.462980303117302,503.7987987219265
2024-10-16 14:00:00,174.55288592092086,41.64610243232137,59.19682867128413,216.1989883532422,25.677329262338723,334.97579332354826
2024-10-16 15:00:00,355.03783450751575,51.73729032134632,158.26583608186266,406.7751248288621,25.936236091986707,417.1104399715726
2024-10-16 16:00:00,315.21329959401544,31.724475430630797,130.84501251756285,346.9377750246462,26.398262569999744,253.2755150630018
2024-10-16 17:00:00,329.86651047997714,18.865430543469685,134.96226216125692,348.73194102344684,25.590945981240196,148.3597752826381
2024-10-16 18:00:00,351.4502367690238,4.02340799983444e-15,133.32126752756145,351.4502367690238,26.391721260067488,6.927504425610637e-14
2024-10-16 19:00:00,367.9402815409913,0.0,138.88035440709945,367.9402815409913,27.672531192342056,0.0
2024-10-16 20:00:00,345.3431897276282,0.0,128.76433603710595,345.3431897276282,28.76336381742539,0.0
2024-10-16 21:00:00,231.11949242593772,0.0,67.05578285292967,231.11949242593772,29.50987820285203,0.0
2024-10-16 22:00:00,37.241416974353726,0.0,0.0,37.241416974353726,30.196900881830427,0.0
2024-10-16 23:00:00,34.82320204222194,0.0,0.0,34.82320204222194,31.04588516097593,0.0
2024-10-17 00:00:00,28.279144356906833,0.0,0.0,28.279144356906833,33.08403540420974,0.0
2024-10-17 01:00:00,35.18722138827853,0.0,0.0,35.18722138827853,32.52721874836367,0.0
2024-10-17 02:00:00,34.93690329517041,0.0,0.0,34.93690329517041,34.4829681660415,0.0
2024-10-17 03:00:00,34.71087417437662,0.0,0.0,34.71087417437662,33.202526743451834,0.0
2024-10-17 04:00:00,36.450782248199,0.0,0.0,36.450782248199,33.36780219010785,0.0
2024-10-17 05:00:00,30.053704596988112,0.0,0.0,30.053704596988112,31.99616086641861,0.0
2024-10-17 06:00:00,212.49137567026096,0.0,51.05654010825053,212.49137567026096,31.848464376010337,0.0
2024-10-17 07:00:00,366.7314083954243,19.188241970265477,141.80229127717178,385.9196503656898,30.767201774021064,155.00528809499147
2024-10-17 08:00:00,353.0272699869987,39.150498747158686,140.38956437807283,392.1777687341574,30.2396937766921,321.6920382538521
2024-10-17 09:00:00,343.80351052972895,52.457294739693985,150.3677017744384,396.2608052694229,28.806099462977254,428.8872633670113
2024-10-17 10:00:00,353.0184111046638,63.59470965203946,154.50126445948547,416.61312075670327,28.837071363292793,530.4273321774601
2024-10-17 11:00:00,293.7427187145965,83.72832088170206,136.09388403696107,377.47103959629857,26.590387921851516,708.9837960188553
2024-10-17 12:00:00,263.0143536583379,82.33194139573538,119.90321482522252,345.34629505407327,27.254887581601427,694.3463011467371
2024-10-17 13:00:00,205.52567516797103,70.94598102511348,88.9475251050508,276.4716561930845,26.48990906550274,588.2966499831526
2024-10-17 14:00:00,133.2786359818927,65.57755261992344,56.944088177574265,198.85618860181614,25.80212623056148,536.3410762240952
2024-10-17 15:00:00,320.8497947013009,47.71330809230383,138.8171892315983,368.5631027936047,27.40658212275977,388.6772656850282
2024-10-17 16:00:00,385.275211908095,36.41386992638868,159.8910568738405,421.68908183448366,27.704549529786206,294.9344906357974
2024-10-17 17:00:00,362.64001217521457,20.464513818534236,148.92030852979505,383.1045259937488,26.299480473183312,162.1576506160029
2024-10-17 18:00:00,373.01104834587204,2.5274031355436544e-15,144.25131546493722,373.01104834587204,28.149681773420866,8.176494596098739e-14
2024-10-17 19:00:00,382.1726594884006,0.0,144.8353497128525,382.1726594884006,29.258254199254498,0.0
2024-10-17 20:00:00,401.66845304093715,0.0,154.6083126721722,401.66845304093715,30.03214198390686,0.0
2024-10-17 21:00:00,260.5139771823751,0.0,79.604322428738,260.5139771823751,31.474921041745993,0.0
2024-10-17 22:00:00,33.078860776085655,0.0,0.0,33.078860776085655,32.215105933505264,0.0
2024-10-17 23:00:00,32.172292913737394,0.0,0.0,32.172292913737394,32.41875699205946,0.0
2024-10-18 00:00:00,38.53047857519031,0.0,0.0,38.53047857519031,34.19224031357204,0.0
2024-10-18 01:00:00,35.1531000742234,0.0,0.0,35.1531000742234,33.87176324748622,0.0
2024-10-18 02:00:00,31.163831303919082,0.0,0.0,31.163831303919082,33.34689234653173,0.0
2024-10-18 03:00:00,32.61408346230408,0.0,0.0,32.61408346230408,33.127166188718256,0.0
2024-10-18 04:00:00,26.182900274337932,0.0,0.0,26.182900274337932,33.67535925885303,0.0
2024-10-18 05:00:00,34.76421985484068,0.0,0.0,34.76421985484068,32.10099621500839,0.0
2024-10-18 06:00:00,225.56651895432452,0.0,51.98274946181289,225.56651895432452,31.56773045439145,0.0
2024-10-18 07:00:00,376.1051310873701,15.750069529850721,139.1635762725691,391.8552006172209,30.80868030625209,126.65451689325985
2024-10-18 08:00:00,317.77432839904,44.95243001035055,125.71441451615048,362.7267584093905,30.200426290758767,371.502586770298
2024-10-18 09:00:00,333.77705216536253,57.033179717143916,141.85277978914064,390.81023188250646,29.02000375478108,474.64522055133983
2024-10-18 10:00:00,326.4650782861712,58.221923269341765,143.88155525805027,384.68700155551295,27.614114145880624,477.64413948589765
2024-10-18 11:00:00,317.274437329037,59.93689567794082,141.51957477533006,377.21133300697784,28.12876572896316,494.5620200754699
2024-10-18 12:00:00,298.47610919060816,75.1337462499394,137.34979800188864,373.60985544054756,26.789311356482596,628.6256053295008
2024-10-18 13:00:00,228.14477288154595,65.6721286611955,99.63323908181195,293.81690154274145,27.6518268365087,549.7199998143717
2024-10-18 14:00:00,167.20714919952673,64.38501107250083,62.36176849995316,231.59216027202754,26.674594597750612,532.899579648943
2024-10-18 15:00:00,317.792620431866,55.89229949069485,141.1157573118331,373.6849199225609,27.275462944310032,457.3274657829309
2024-10-18 16:00:00,349.34913156384766,34.00156417989376,143.8256481437845,383.3506957437414,27.306941437965552,273.605100565517
2024-10-18 17:00:00,396.8031194118026,16.4376929017351,162.11290791958663,413.2408123135377,28.20525399569609,130.8163534452183
2024-10-18 18:00:00,350.57140108165635,3.2065917478193305e-15,134.1701005337189,350.57140108165635,28.557769092252908,7.587690986303906e-14
2024-10-18 19:00:00,360.39785727187603,0.0,128.74022571360757,360.39785727187603,29.234317353257772,0.0
2024-10-18 20:00:00,107.45677731388881,0.0,0.0,107.45677731388881,30.56921664004895,0.0
2024-10-18 21:00:00,288.118464505032,0.0,89.03889372189695,288.118464505032,32.171452309275544,0.0
2024-10-18 22:00:00,31.303028230158727,0.0,0.0,31.303028230158727,31.637701124818253,0.0
2024-10-18 23:00:00,35.11445018441015,0.0,0.0,35.11445018441015,32.89493682213612,0.0
2024-10-19 00:00:00,36.969800923559404,0.0,0.0,36.969800923559404,32.5081175823312,0.0
2024-10-19 01:00:00,38.64989755188967,0.0,0.0,38.64989755188967,33.11342103259899,0.0
2024-10-19 02:00:00,28.492904364971977,0.0,0.0,28.492904364971977,33.000730409129,0.0
2024-10-19 03:00:00,37.872487176580265,0.0,0.0,37.872487176580265,31.78152007949727,0.0
2024-10-19 04:00:00,36.15871974595635,0.0,0.0,36.15871974595635,32.410646684717186,0.0
2024-10-19 05:00:00,33.42364717219463,0.0,0.0,33.42364717219463,32.45430240089792,0.0
2024-10-19 06:00:00,55.984601415972314,0.0,0.0,55.984601415972314,30.847047818706454,0.0
2024-10-19 07:00:00,52.33384719831203,14.35705608924387,0.0,66.6909032875559,30.845991009735332,115.11755822203531
2024-10-19 08:00:00,33.07489885226343,33.05116117755952,0.0,66.12606002982295,29.57145571253591,268.1622241859956
2024-10-19 09:00:00,28.673663863166134,38.23667843478322,0.0,66.91034229794936,28.47803920705481,309.5263971701461
2024-10-19 10:00:00,27.97130015066714,32.06930872347209,0.0,60.04060887413923,28.182558822982422,258.0982510418787
2024-10-19 11:00:00,10.617158637799385,51.528093036500984,0.0,62.14525167430037,27.345293167969952,422.6781862954978
2024-10-19 12:00:00,0.0,69.63248912281999,0.0,64.96766929394909,26.65883575269422,577.4861623671741
2024-10-19 13:00:00,20.318312749371685,38.971968397742614,0.0,59.2902811471143,26.606860839719207,313.2533491012713
2024-10-19 14:00:00,15.588448929417133,45.64519043245846,0.0,61.233639361875596,26.08120029013503,367.54508441618947
2024-10-19 15:00:00,24.59944909930072,35.84291835554084,0.0,60.44236745484156,25.27657772183449,286.338605723074
2024-10-19 16:00:00,38.04325800776947,26.935280236287863,0.0,64.97853824405733,26.259501780529042,214.7162687299603
2024-10-19 17:00:00,52.405385904259944,14.34122269940127,0.0,66.74660860366122,26.10257618479789,113.08026566419582
2024-10-19 18:00:00,59.55010584056328,4.653635983122766e-15,0.0,59.55010584056329,28.058333543445055,6.230798440857453e-14
2024-10-19 19:00:00,62.27041825024621,0.0,0.0,62.27041825024621,29.0218843921284,0.0
2024-10-19 20:00:00,57.5804056210405,0.0,0.0,57.5804056210405,29.950502251407258,0.0
2024-10-19 21:00:00,59.89134106874053,0.0,0.0,59.89134106874053,30.630065137814462,0.0
2024-10-19 22:00:00,33.54089238904207,0.0,0.0,33.54089238904207,31.713613695035388,0.0
2024-10-19 23:00:00,35.088025740906744,0.0,0.0,35.088025740906744,31.166223195359922,0.0
2024-10-20 00:00:00,14.819844733346365,0.0,0.0,14.819844733346365,30.821874510971732,0.0
2024-10-20 01:00:00,16.538823350045853,0.0,0.0,16.538823350045853,30.517851456230968,0.0
2024-10-20 02:00:00,14.970211237334222,0.0,0.0,14.970211237334222,31.165404252220394,0.0
2024-10-20 03:00:00,15.409877966469402,0.0,0.0,15.409877966469402,32.033435318601455,0.0
2024-10-20 04:00:00,18.88678439473658,0.0,0.0,18.88678439473658,31.42227656304622,0.0
2024-10-20 05:00:00,20.30462641632451,0.0,0.0,20.30462641632451,30.650585496013466,0.0
2024-10-20 06:00:00,18.29778964200558,0.0,0.0,18.29778964200558,29.503758944323017,0.0
2024-10-20 07:00:00,0.0,21.883522500863197,0.0,19.82579756312961,28.25363832425937,174.99049300811836
2024-10-20 08:00:00,0.0,45.968662511061524,0.0,13.096960229140691,27.938082900515553,376.9696548775455
2024-10-20 09:00:00,0.0,60.820976009229256,0.0,16.305298343686328,27.49404031667567,505.13066429295156
2024-10-20 10:00:00,0.0,69.21718575817883,0.0,19.603248879559956,26.299504803252955,573.7220715963756
2024-10-20 11:00:00,0.0,70.787785297994,0.0,19.06409559597865,24.576849929878144,583.3709386489631
2024-10-20 12:00:00,0.0,74.13238983021199,0.0,14.61860302745093,24.86578559393572,617.2172305773813
2024-10-20 13:00:00,0.0,64.58133461402166,0.0,14.350076992729658,23.50716457057843,525.4752761731937
2024-10-20 14:00:00,0.0,52.6378116241266,0.0,22.620909022043136,24.746660975176344,425.4071468292038
2024-10-20 15:00:00,0.0,45.260596057769206,0.0,17.287158383057303,24.117324792578245,364.613896813467
2024-10-20 16:00:00,0.0,37.69335695350982,0.0,13.292723786670777,24.201919445451335,302.531697858366
2024-10-20 17:00:00,2.6744509895417146,18.87575385992275,0.0,21.550204849464464,25.778660655836525,149.87879127567115
2024-10-20 18:00:00,17.46946700643611,4.846085993751056e-15,0.0,17.469467006436112,26.374257977215333,5.995883263306325e-14
2024-10-20 19:00:00,18.41153440752001,0.0,0.0,18.41153440752001,27.05490188197162,0.0
2024-10-20 20:00:00,13.715093587737602,0.0,0.0,13.715093587737602,28.940423032198865,0.0
2024-10-20 21:00:00,15.102622922146752,0.0,0.0,15.102622922146752,29.06793563461014,0.0
2024-10-20 22:00:00,15.812779217246266,0.0,0.0,15.812779217246266,29.272090593659655,0.0
2024-10-20 23:00:00,14.094653421725274,0.0,0.0,14.094653421725274,30.579044726518724,0.0
2024-10-21 00:00:00,27.461085892329542,0.0,0.0,27.461085892329542,31.98138010060277,0.0
2024-10-21 01:00:00,35.983257017711104,0.0,0.0,35.983257017711104,33.10744966201569,0.0
2024-10-21 02:00:00,28.9810599418157,0.0,0.0,28.9810599418157,32.733818462470666,0.0
2024-10-21 03:00:00,31.819358481964052,0.0,0.0,31.819358481964052,32.66403189446741,0.0
2024-10-21 04:00:00,37.90993017279893,0.0,0.0,37.90993017279893,31.403234567203345,0.0
2024-10-21 05:00:00,37.17043248157094,0.0,0.0,37.17043248157094,31.59887940295984,0.0
2024-10-21 06:00:00,226.38668722425314,0.0,59.784481737903604,226.38668722425314,30.81519693192282,0.0
2024-10-21 07:00:00,409.7937420254557,17.603127092357322,154.29582716793277,427.396869117813,29.487089789309,140.70915029851847
2024-10-21 08:00:00,330.6879200660659,31.739218282907306,132.060772769021,362.4271383489732,28.98257911586103,257.4290932581553
2024-10-21 09:00:00,297.664047474159,50.411934667367525,122.4295920219353,348.07598214152654,28.405339422988668,412.9958764066959
2024-10-21 10:00:00,304.32053646629106,57.816254419316394,134.16991514797334,362.13679088560747,27.341155059383446,477.2323551440911
2024-10-21 11:00:00,321.45804735332183,80.64599748813133,150.79123799307357,402.1040448414532,25.91240627911052,678.5646533265093
2024-10-21 12:00:00,289.0074625864355,67.80794834955952,129.3629723033123,356.81541093599503,25.925632529211445,559.9791247090133
2024-10-21 13:00:00,174.32690928041876,68.47270764007031,68.9657103525424,242.79961692048906,25.478577072523777,560.7955975021633
2024-10-21 14:00:00,139.59031341834304,79.64253278321137,57.82233585282155,219.23284620155442,25.690086620571044,669.223013784521
2024-10-21 15:00:00,320.51063243912995,49.56978851170663,134.41905325042765,370.0804209508366,25.755355747990926,402.9226091677569
2024-10-21 16:00:00,283.73763093423656,38.87508736450839,117.88897618048264,322.61271829874494,25.85643441475399,313.44415872922934
2024-10-21 17:00:00,355.63827539980804,20.497120561423465,143.56093151173138,376.1353959612315,26.39312440319086,164.02395903301866
2024-10-21 18:00:00,364.3990896365224,2.9154732897330655e-15,136.99561386573814,364.3990896365224,27.376941153047703,7.840273561365069e-14
2024-10-21 19:00:00,424.126649656954,0.0,166.38275378099593,424.126649656954,28.66895157868991,0.0
2024-10-21 20:00:00,375.90949714124093,0.0,143.76602235590946,375.90949714124093,29.232650120409545,0.0
2024-10-21 21:00:00,267.33769469538913,0.0,90.5110234573696,267.33769469538913,30.71073117955963,0.0
2024-10-21 22:00:00,32.56669371340183,0.0,0.0,32.56669371340183,31.409925348476396,0.0
2024-10-21 23:00:00,29.995637298077902,0.0,0.0,29.995637298077902,32.31654484131294,0.0
2024-10-22 00:00:00,27.111217014557795,0.0,0.0,27.111217014557795,32.814443530113344,0.0
2024-10-22 01:00:00,34.68839090987851,0.0,0.0,34.68839090987851,33.26125594134838,0.0
2024-10-22 02:00:00,32.27828252789997,0.0,0.0,32.27828252789997,32.022469385730666,0.0
2024-10-22 03:00:00,38.88596152468441,0.0,0.0,38.88596152468441,32.80349432193326,0.0
2024-10-22 04:00:00,36.616816631833245,0.0,0.0,36.616816631833245,32.73928998064377,0.0
2024-10-22 05:00:00,39.97171534530375,0.0,0.0,39.97171534530375,32.27342818604751,0.0
2024-10-22 06:00:00,215.94754259713582,0.0,56.90179019681933,215.94754259713582,30.46368138445931,0.0
2024-10-22 07:00:00,360.4214944952566,20.39957364534682,133.98519679074295,380.8210681406034,30.333597711290828,164.1374553164132
2024-10-22 08:00:00,347.50669517564,28.608869405394216,135.55150694275915,376.1155645810342,29.136642323441496,231.28394641194726
2024-10-22 09:00:00,380.1587501770201,41.91235245127289,157.9036617843645,422.07110262829303,29.116704249611267,342.5232392582512
2024-10-22 10:00:00,353.0047920114878,71.45080679142642,153.1559925391774,424.4555988029142,26.65539497876906,594.9060032500765
2024-10-22 11:00:00,275.11276517425495,62.4173028375316,121.28703751125963,337.53006801178657,26.239522266101936,510.4624127218432
2024-10-22 12:00:00,251.32666940220122,78.67046013456412,124.70736179817655,329.9971295367653,25.162634965239576,659.729231828372
2024-10-22 13:00:00,194.70469489095342,62.983168983612366,75.29920111873274,257.6878638745658,25.790608542471087,518.5813101615475
2024-10-22 14:00:00,160.56731368394662,56.55933511501191,63.04256854235613,217.12664879895854,26.73096092560111,467.53543920368634
2024-10-22 15:00:00,282.2710781218846,43.44836117918079,117.82792106119433,325.7194393010654,25.6961295896879,352.09421525094
2024-10-22 16:00:00,358.28835704328907,36.57614071045777,153.70745270579167,394.86449775374683,26.118468538982874,296.3939563289603
2024-10-22 17:00:00,367.26615501972054,20.032998970908263,148.17659251686035,387.2991539906288,26.89928644212497,161.59232902097676
2024-10-22 18:00:00,382.73802116550013,5.063801522915888e-15,144.59208648596677,382.73802116550013,27.29089554846264,5.41898312605233e-14
2024-10-22 19:00:00,370.30522290331726,0.0,135.75983364448254,370.30522290331726,28.376187142679502,0.0
2024-10-22 20:00:00,406.05108472057236,0.0,159.43779146704227,406.05108472057236,29.295146625630192,0.0
2024-10-22 21:00:00,257.52720112628595,0.0,86.4701525111499,257.52720112628595,29.582129122778344,0.0
2024-10-22 22:00:00,38.81199421495445,0.0,0.0,38.81199421495445,30.802017435191452,0.0
2024-10-22 23:00:00,40.131312966605606,0.0,0.0,40.131312966605606,31.94488098836432,0.0
2024-10-23 00:00:00,11.62843681410111,0.0,0.0,11.62843681410111,31.01661925115122,0.0
2024-10-23 01:00:00,16.441161739369676,0.0,0.0,16.441161739369676,31.551233499733016,0.0
2024-10-23 02:00:00,20.213456146913753,0.0,0.0,20.213456146913753,31.188960313015535,0.0
2024-10-23 03:00:00,17.120200816530158,0.0,0.0,17.120200816530158,31.0798755272581,0.0
2024-10-23 04:00:00,11.58198740192869,0.0,0.0,11.58198740192869,30.927423625476987,0.0
2024-10-23 05:00:00,14.424263705854507,0.0,0.0,14.424263705854507,29.6987309069914,0.0
2024-10-23 06:00:00,51.76454922050764,0.0,0.0,51.76454922050764,28.95335275362956,0.0
2024-10-23 07:00:00,41.86311832602881,14.93694867737624,0.0,56.800067003405054,28.364710008655763,118.4714612871443
2024-10-23 08:00:00,0.0,29.809722831237252,0.0,29.13205312319334,26.883733429847087,238.40357061710867
2024-10-23 09:00:00,0.0,39.33637074220379,0.0,34.222004750431374,26.81882600761527,318.3944768859084
2024-10-23 10:00:00,0.0,59.98568943028231,0.0,52.03159668765046,26.295783297708272,490.00211728742704
2024-10-23 11:00:00,0.48529693081349023,46.047415035219174,0.0,46.532711966032664,24.691346723052046,368.6751301605233
2024-10-23 12:00:00,0.0,55.88635747369854,0.0,52.36561377500747,24.707727961321236,454.34129006678626
2024-10-23 13:00:00,0.0,46.82504144028847,0.0,40.26119186530303,23.825936362141405,376.3610225473994
2024-10-23 14:00:00,0.0,60.55674051451697,0.0,42.02550708170704,23.512954528626675,487.6300882278045
2024-10-23 15:00:00,6.17140368955517,34.91395275612007,0.0,41.08535644567524,25.168282409492235,278.75097524004883
2024-10-23 16:00:00,0.0,33.44110249389929,0.0,32.674150811904546,23.98903679836998,266.8162893010311
2024-10-23 17:00:00,24.50616462452147,21.264139759332966,0.0,45.77030438385444,24.406708886427303,169.73999629706043
2024-10-23 18:00:00,27.375359808061884,2.6740426083166374e-15,0.0,27.375359808061887,25.878599978151797,8.063100758622176e-14
2024-10-23 19:00:00,47.36519091943563,0.0,0.0,47.36519091943563,26.7496363609957,0.0
2024-10-23 20:00:00,37.41049782307643,0.0,0.0,37.41049782307643,27.85485835021911,0.0
2024-10-23 21:00:00,52.383760133158766,0.0,0.0,52.383760133158766,29.427722964237915,0.0
2024-10-23 22:00:00,12.297847564895928,0.0,0.0,12.297847564895928,28.882677372026826,0.0
2024-10-23 23:00:00,21.670331288129184,0.0,0.0,21.670331288129184,29.706897594790103,0.0
2024-10-24 00:00:00,32.8743443107743,0.0,0.0,32.8743443107743,30.452164989033854,0.0
2024-10-24 01:00:00,34.63710123680044,0.0,0.0,34.63710123680044,30.46697560189952,0.0
2024-10-24 02:00:00,38.42421042901815,0.0,0.0,38.42421042901815,30.516713996015756,0.0
2024-10-24 03:00:00,30.64279343113103,0.0,0.0,30.64279343113103,29.70247937139297,0.0
2024-10-24 04:00:00,34.31513642481795,0.0,0.0,34.31513642481795,30.210706350586552,0.0
2024-10-24 05:00:00,33.106072191184055,0.0,0.0,33.106072191184055,29.493138471378323,0.0
2024-10-24 06:00:00,121.99569134701599,0.0,0.0,121.99569134701599,28.461441961194573,0.0
2024-10-24 07:00:00,353.93865035743494,15.471244820867366,125.23865335434047,369.4098951783023,27.230076079876966,122.26409257458499
2024-10-24 08:00:00,321.1338704091092,28.317289425010664,119.06220174054995,349.45115983411984,26.670021104329113,225.5124403860189
2024-10-24 09:00:00,376.8098173544657,40.006743266788455,159.6047623433022,416.81656062125415,26.535050113517702,322.22007695247083
2024-10-24 10:00:00,373.76628383076934,48.713647576495504,162.7956345712571,422.47993140726487,24.31968945083305,392.44904341881795
2024-10-24 11:00:00,355.4573389857671,55.83675955086352,157.97944031660407,411.2940985366306,23.74190005895024,452.1911787248235
2024-10-24 12:00:00,305.6767543578562,62.257098900518926,140.46035152880145,367.93385325837517,23.271683196354022,507.4897594990228
2024-10-24 13:00:00,176.0594895993425,57.003201940009504,73.30446192439122,233.06269153935202,23.03052235711828,461.508699837682
2024-10-24 14:00:00,147.0262491315746,48.183583450548134,50.99213551859454,195.20983258212271,23.10880498387438,385.23327318493995
2024-10-24 15:00:00,302.01890299185425,43.54934108812149,128.40855687514704,345.5682440799757,23.715218449224107,351.4127487516281
2024-10-24 16:00:00,344.83845065672983,33.165186453422606,141.84887455132372,378.00363711015245,23.816291471098086,264.6125976639039
2024-10-24 17:00:00,398.37751282378275,14.015716936836156,162.27105892572183,412.3932297606189,24.17222011823369,109.78633834259222
2024-10-24 18:00:00,397.00703967744795,5.040472287321792e-15,162.21513116616268,397.00703967744795,25.005170064675063,5.6569521576290435e-14
2024-10-24 19:00:00,369.68496697395557,0.0,135.54120960724637,369.68496697395557,26.022802149457657,0.0
2024-10-24 20:00:00,314.79754930508784,0.0,110.62904211762522,314.79754930508784,25.775820354020095,0.0
2024-10-24 21:00:00,261.5872503219186,0.0,75.52223047622212,261.5872503219186,28.058332080871015,0.0
2024-10-24 22:00:00,33.3387773454516,0.0,0.0,33.3387773454516,27.95346685569169,0.0
2024-10-24 23:00:00,35.50457439187463,0.0,0.0,35.50457439187463,28.86979187569906,0.0
2024-10-25 00:00:00,31.324470370921823,0.0,0.0,31.324470370921823,29.273975828447863,0.0
2024-10-25 01:00:00,34.14603083273862,0.0,0.0,34.14603083273862,29.415706732360313,0.0
2024-10-25 02:00:00,27.38059355035699,0.0,0.0,27.38059355035699,29.816134474897204,0.0
2024-10-25 03:00:00,41.12859367865349,0.0,0.0,41.12859367865349,29.524323605590475,0.0
2024-10-25 04:00:00,41.069862983586695,0.0,0.0,41.069862983586695,28.95909202406526,0.0
2024-10-25 05:00:00,35.79141498762145,0.0,0.0,35.79141498762145,29.31192207319159,0.0
2024-10-25 06:00:00,236.00169950218097,0.0,63.775025133250914,236.00169950218097,28.1767020203556,0.0
2024-10-25 07:00:00,397.82253647805754,15.528008870786197,145.80070915637543,413.35054534884375,27.129594574777165,122.61248922873838
2024-10-25 08:00:00,364.56314210256664,13.711451300805077,137.4320414749769,378.27459340337174,26.418929174780217,107.80886030400637
2024-10-25 09:00:00,344.53712432810255,43.00837788997759,136.43854008101903,387.5455022180801,24.81413785013796,345.1966786082656
2024-10-25 10:00:00,310.7881738568733,51.471226397814036,131.80037363308733,362.2594002546873,25.410055125258875,420.18771460158877
2024-10-25 11:00:00,269.9740781884121,66.62018285285806,125.3462297639273,336.59426104127016,23.053976919656048,543.593020191231
2024-10-25 12:00:00,377.65439988374374,70.60385127500439,172.02690364898325,448.2582511587481,23.0981646702517,583.3263091070513
2024-10-25 13:00:00,240.48214560321517,55.945217575478615,100.19303172848599,296.4273631786938,22.548715723029925,453.57159109566123
2024-10-25 14:00:00,139.46569948362617,58.269386458021565,52.315362226944686,197.73508594164772,22.41046206663701,472.7382287456341
2024-10-25 15:00:00,281.1699390406739,35.77818684876928,117.50732861789984,316.9481258894432,22.464800484181414,282.9264690776973
2024-10-25 16:00:00,353.22138671894436,34.06549513078405,144.90851141560714,387.2868818497284,22.655725340605745,271.07784754136037
2024-10-25 17:00:00,378.7477791995346,14.47263978617723,140.39857920515047,393.22041898571183,24.191966622601676,113.96566494014985
2024-10-25 18:00:00,395.5283395178057,5.134733348930499e-15,151.45102793222537,395.5283395178057,23.72031785705909,4.822667293561913e-14
2024-10-25 19:00:00,394.16771769201887,0.0,154.67814826802234,394.16771769201887,25.65858454583362,0.0
2024-10-25 20:00:00,352.94300910579653,0.0,125.82713475114231,352.94300910579653,26.396938121711024,0.0
2024-10-25 21:00:00,102.13366273995602,0.0,0.0,102.13366273995602,26.788090346369682,0.0
2024-10-25 22:00:00,43.406344928626005,0.0,0.0,43.406344928626005,28.08897289624746,0.0
2024-10-25 23:00:00,28.169156584830105,0.0,0.0,28.169156584830105,28.468593479655162,0.0
2024-10-26 00:00:00,34.890449581935776,0.0,0.0,34.890449581935776,31.064412332125443,0.0
2024-10-26 01:00:00,33.684488932751094,0.0,0.0,33.684488932751094,31.419350152810868,0.0
2024-10-26 02:00:00,25.9461067794078,0.0,0.0,25.9461067794078,32.41154734636943,0.0
2024-10-26 03:00:00,31.91384567858045,0.0,0.0,31.91384567858045,32.26635214198883,0.0
2024-10-26 04:00:00,39.961410093003536,0.0,0.0,39.961410093003536,31.73592120853973,0.0
2024-10-26 05:00:00,30.581157287236685,0.0,0.0,30.581157287236685,30.862942052617242,0.0
2024-10-26 06:00:00,69.10293733253158,0.0,0.0,69.10293733253158,30.23861082131907,0.0
2024-10-26 07:00:00,41.220127420659686,17.496252589243127,0.0,58.716380009902814,29.326916667411393,139.7635275125665
2024-10-26 08:00:00,19.37460959296115,37.22089860837327,0.0,56.59550820133442,27.710354520546147,302.353688000149
2024-10-26 09:00:00,24.92247572033544,37.51598003932146,0.0,62.438455759656904,27.708586555403897,303.1595977772102
2024-10-26 10:00:00,14.767173045050086,35.832307582572156,0.0,50.59948062762224,27.095054018739333,288.926718168871
2024-10-26 11:00:00,0.0,59.5245966746296,0.0,57.52858946560241,26.142757253370768,493.63616366023626
2024-10-26 12:00:00,5.119125284673416,55.02456976818741,0.0,60.14369505286083,26.437312260898647,447.9317648836047
2024-10-26 13:00:00,1.1619054553351305,54.76905091071497,0.0,55.9309563660501,24.700805123707852,447.356624775731
2024-10-26 14:00:00,4.7285427175521875,54.59173923970542,0.0,59.320281957257606,24.75327472968772,446.3243647487206
2024-10-26 15:00:00,29.3389068534062,38.49341437220633,0.0,67.83232122561253,25.26959569396468,310.0066792098552
2024-10-26 16:00:00,33.75889285859637,28.31359091342834,0.0,62.072483772024704,25.67462107998526,226.3343625047245
2024-10-26 17:00:00,44.40814236437849,15.19889173934596,0.0,59.60703410372445,25.15834854146853,120.4782962820072
2024-10-26 18:00:00,57.310013176792395,3.741798230746391e-15,0.0,57.3100131767924,27.135175588072382,7.16176845456627e-14
2024-10-26 19:00:00,56.08280286919571,0.0,0.0,56.08280286919571,27.802118350053558,0.0
2024-10-26 20:00:00,60.54201737944008,0.0,0.0,60.54201737944008,27.524130116218036,0.0
2024-10-26 21:00:00,52.89328831247123,0.0,0.0,52.89328831247123,29.43133861155094,0.0
2024-10-26 22:00:00,30.66142118989165,0.0,0.0,30.66142118989165,29.92955582716525,0.0
2024-10-26 23:00:00,29.432596922102256,0.0,0.0,29.432596922102256,30.832038690130602,0.0
2024-10-27 00:00:00,12.051541720056164,0.0,0.0,12.051541720056164,31.219686178746908,0.0
2024-10-27 01:00:00,20.45438687025468,0.0,0.0,20.45438687025468,32.44648238918883,0.0
2024-10-27 02:00:00,17.574507124366512,0.0,0.0,17.574507124366512,33.238535848125416,0.0
2024-10-27 03:00:00,14.281345250103652,0.0,0.0,14.281345250103652,32.370899836937184,0.0
2024-10-27 04:00:00,23.2800477771668,0.0,0.0,23.2800477771668,30.809044520204015,0.0
2024-10-27 05:00:00,12.217800864871588,0.0,0.0,12.217800864871588,31.47531941065962,0.0
2024-10-27 06:00:00,12.729228278079301,0.0,0.0,12.729228278079301,30.510328261740785,0.0
2024-10-27 07:00:00,2.2015947766954937,19.67341181960885,0.0,21.875006596304345,29.213008048322074,157.42589182083927
2024-10-27 08:00:00,2.6236041804222694,22.715833428674884,0.0,25.339437609097153,29.034459573535816,182.12300659692832
2024-10-27 09:00:00,0.0,46.674541888539345,0.0,17.89549344680938,28.391663364045158,384.6717634982945
2024-10-27 10:00:00,0.0,62.83290784862263,0.0,19.685035074498714,26.773400916893735,521.041295253868
2024-10-27 11:00:00,0.0,61.99263664363416,0.0,13.193037493588252,25.560907518281443,512.9947495909646
2024-10-27 12:00:00,0.0,67.9866452238191,0.0,15.758929024422727,24.820722624823333,565.0373464296727
2024-10-27 13:00:00,0.0,71.55850054827363,0.0,15.796869507529033,25.144064719035903,598.2356748593728
2024-10-27 14:00:00,0.0,59.72177315731268,0.0,18.90929425577767,25.279895923210397,492.28024468660306
2024-10-27 15:00:00,0.0,57.67569072630557,0.0,20.02452753276267,25.218904484009826,478.6319687246788
2024-10-27 16:00:00,0.0,39.67863231908974,0.0,19.13884068075692,25.484917698263576,323.96845050964555
2024-10-27 17:00:00,0.0,17.73892109267212,0.0,15.044187594776876,26.666723687251466,143.19812535339574
2024-10-27 18:00:00,19.988928604215534,4.2471726549145075e-15,0.0,19.988928604215538,27.339060680913267,6.701689014970817e-14
2024-10-27 19:00:00,15.446733424183403,0.0,0.0,15.446733424183403,28.051577701361577,0.0
2024-10-27 20:00:00,17.053227266741082,0.0,0.0,17.053227266741082,29.265891550012356,0.0
2024-10-27 21:00:00,19.512384606910494,0.0,0.0,19.512384606910494,29.435360639301468,0.0
2024-10-27 22:00:00,14.659564237753909,0.0,0.0,14.659564237753909,30.06036804031102,0.0
2024-10-27 23:00:00,15.524705979838837,0.0,0.0,15.524705979838837,31.071354554879534,0.0
2024-10-28 00:00:00,35.08841314892651,0.0,0.0,35.08841314892651,29.817299634221754,0.0
2024-10-28 01:00:00,33.71969129908822,0.0,0.0,33.71969129908822,29.43695777080533,0.0
2024-10-28 02:00:00,36.26445365580175,0.0,0.0,36.26445365580175,30.309077787043616,0.0
2024-10-28 03:00:00,35.90819515387215,0.0,0.0,35.90819515387215,31.015027776419952,0.0
2024-10-28 04:00:00,36.307770817759604,0.0,0.0,36.307770817759604,30.51337773537157,0.0
2024-10-28 05:00:00,35.21607421945956,0.0,0.0,35.21607421945956,29.81932776944806,0.0
2024-10-28 06:00:00,229.70073188550683,0.0,54.98697621021998,229.70073188550683,28.89767112843559,0.0
2024-10-28 07:00:00,408.74346479819917,16.196481781514468,151.1627155067098,424.93994657971365,28.71217802774694,128.99531238929777
2024-10-28 08:00:00,343.90204071849917,35.44370030738832,138.774116111823,379.3457410258875,26.551778159383122,285.8650137696235
2024-10-28 09:00:00,383.4176600317388,39.98389666907712,155.64548493738653,423.40155670081595,25.693581887976844,321.5478791414641
2024-10-28 10:00:00,267.4571157948842,53.61968530481808,108.83730020535756,321.07680109970227,25.894009743661368,436.5479881611648
2024-10-28 11:00:00,331.9694838721286,60.54323151481999,153.02125156747786,392.51271538694857,24.620790821083542,496.958504838094
2024-10-28 12:00:00,290.87446722204044,60.35651256851991,130.64514710804875,351.23097979056035,23.715184040049476,492.6711826697688
2024-10-28 13:00:00,210.52693107156887,68.45141071298605,86.12811975956886,278.9783417845549,23.977084028183597,568.3468278253822
2024-10-28 14:00:00,167.50014371381252,60.922378296849274,64.09480686504449,228.4225220106618,23.36262862597311,498.37059085699457
2024-10-28 15:00:00,309.3934340861914,53.141388829066855,131.05511284414104,362.53482291525825,23.282358967068998,435.1446504917203
2024-10-28 16:00:00,323.21802425077306,31.433341550050006,128.81981990045497,354.65136580082304,23.61809728713802,250.78522514356948
2024-10-28 17:00:00,364.9603667238589,19.810534373422993,137.1993062471364,384.77090109728186,24.767763053177195,159.98134700662024
2024-10-28 18:00:00,362.25071098376344,5.130541242292184e-15,136.3002465302354,362.25071098376344,25.434769855132433,5.1810469048640564e-14
2024-10-28 19:00:00,365.55550153741984,0.0,127.53518266298943,365.55550153741984,26.934368832286253,0.0
2024-10-28 20:00:00,379.81597221797625,0.0,144.01437339124723,379.81597221797625,26.93681748351635,0.0
2024-10-28 21:00:00,268.36943718641817,0.0,86.85235790119778,268.36943718641817,27.834154040276967,0.0
2024-10-28 22:00:00,34.59080231231725,0.0,0.0,34.59080231231725,29.55167887208056,0.0
2024-10-28 23:00:00,32.04662687443656,0.0,0.0,32.04662687443656,30.04955923760881,0.0
2024-10-29 00:00:00,35.6673884794588,0.0,0.0,35.6673884794588,32.85877686418854,0.0
2024-10-29 01:00:00,34.481355602919336,0.0,0.0,34.481355602919336,32.35547282978272,0.0
2024-10-29 02:00:00,42.98295503473095,0.0,0.0,42.98295503473095,32.84931140792002,0.0
2024-10-29 03:00:00,37.463158129267356,0.0,0.0,37.463158129267356,32.60893179237951,0.0
2024-10-29 04:00:00,37.11923415101744,0.0,0.0,37.11923415101744,32.804553600756854,0.0
2024-10-29 05:00:00,36.57967597250125,0.0,0.0,36.57967597250125,31.97594197594378,0.0
2024-10-29 06:00:00,227.80369741386204,0.0,59.63903429259196,227.80369741386204,32.30669124548279,0.0
2024-10-29 07:00:00,334.51815317780597,20.956400727865116,130.82111883822543,355.4745539056711,29.875386850033454,168.07747650342975
2024-10-29 08:00:00,314.9042927899821,34.89786723772088,129.04796620739955,349.802160027703,29.17456894060528,283.41239245495314
2024-10-29 09:00:00,344.0372176654475,43.286424920072854,140.8099964598472,387.32364258552036,28.97168653364274,356.1594082307487
2024-10-29 10:00:00,325.36219284387005,67.5388785098568,139.00810160757342,392.9010713537269,28.26595682394372,566.26053981988
2024-10-29 11:00:00,323.96538514671784,60.24772937246492,139.28179461025798,384.21311451918274,25.9867969494608,497.8750519545401
2024-10-29 12:00:00,284.81954659158134,78.93352502800757,132.42197787591806,363.7530716195889,25.856444806233476,667.8310323062095
2024-10-29 13:00:00,192.0894321152324,76.22109321094774,88.32184143947342,268.31052532618014,26.24269656047959,643.875084928456
2024-10-29 14:00:00,141.02492604338232,59.207292950312905,51.62786568907056,200.23221899369523,26.93326061480412,488.5866708453199
2024-10-29 15:00:00,328.28218594190645,38.98849761911448,140.7590083929438,367.2706835610209,27.318378849658384,315.3870504797383
2024-10-29 16:00:00,331.88852388007183,44.24534837295909,138.13424989477895,376.1338722530309,26.516901140734582,366.9582275159097
2024-10-29 17:00:00,366.1237728205458,18.7404988781065,142.0232208941713,384.8642716986523,27.195041576198513,152.53432833601366
2024-10-29 18:00:00,421.96037525922316,4.385554182263169e-15,159.39009491697576,421.96037525922316,27.586805920419316,6.555522000625638e-14
2024-10-29 19:00:00,345.9499518554233,0.0,123.76837494411254,345.9499518554233,29.165975341145874,0.0
2024-10-29 20:00:00,315.1010606802989,0.0,108.42360784571684,315.1010606802989,30.519503591308602,0.0
2024-10-29 21:00:00,267.13934346550224,0.0,80.41966310178299,267.13934346550224,31.289115825610484,0.0
2024-10-29 22:00:00,36.984591413517265,0.0,0.0,36.984591413517265,31.49073849273393,0.0
2024-10-29 23:00:00,33.42616383818286,0.0,0.0,33.42616383818286,31.81084668064694,0.0
2024-10-30 00:00:00,30.45970808685204,0.0,0.0,30.45970808685204,31.71784919455614,0.0
2024-10-30 01:00:00,30.41545426319271,0.0,0.0,30.41545426319271,32.75379552338422,0.0
2024-10-30 02:00:00,37.9999679415584,0.0,0.0,37.9999679415584,31.982403229982385,0.0
2024-10-30 03:00:00,33.81283391760793,0.0,0.0,33.81283391760793,31.155687656493555,0.0
2024-10-30 04:00:00,35.576960939602785,0.0,0.0,35.576960939602785,31.5337460657425,0.0
2024-10-30 05:00:00,33.09159625683933,0.0,0.0,33.09159625683933,31.01802263656444,0.0
2024-10-30 06:00:00,206.2422362628525,0.0,50.43755554989601,206.2422362628525,29.522012698520946,0.0
2024-10-30 07:00:00,271.21368521649237,20.139138932115966,99.57212419646868,291.3528241486083,29.704547103013677,161.59836400574557
2024-10-30 08:00:00,388.75510978161066,41.33833436900868,167.38549702465488,430.09344415061935,28.935664110783392,338.7564717965966
2024-10-30 09:00:00,360.0644074374595,44.92913264409623,150.4758708534945,404.99354008155575,28.706741428706025,369.1017081237462
2024-10-30 10:00:00,341.8642057097394,63.289905607445164,152.00698811564737,405.1541113171846,26.266473300734138,525.1270740981433
2024-10-30 11:00:00,304.1180690707386,69.09284432574428,138.43208350048513,373.2109133964829,26.57304876064716,576.7942927446558
2024-10-30 12:00:00,322.194993236643,67.73238816243749,148.49664798935132,389.92738139908045,26.134990941498096,564.9108704633572
2024-10-30 13:00:00,214.1686754361481,52.906259347673114,81.88642460949146,267.0749347838212,25.56173185261161,432.99958943087023
2024-10-30 14:00:00,180.0886190018316,49.71527061799502,61.641629383224,229.8038896198266,24.679260962733633,403.02573927058387
2024-10-30 15:00:00,337.3013000293952,44.32528540373667,145.19418381200933,381.6265854331319,24.7694580467727,357.0470697975899
2024-10-30 16:00:00,345.52844647098124,25.228004930115333,141.97951337464514,370.75645140109657,25.700171242052065,200.86553890468858
2024-10-30 17:00:00,364.1977199477078,21.13616922585743,143.05472535639888,385.33388917356524,26.252876874925924,173.74671895168188
2024-10-30 18:00:00,418.2397554811264,3.640059951723101e-15,163.38265576776533,418.2397554811264,26.65294486684134,7.252859007330933e-14
2024-10-30 19:00:00,389.7335590595167,0.0,144.88446596973301,389.7335590595167,28.4226136280635,0.0
2024-10-30 20:00:00,349.2221049020122,0.0,127.82806884707082,349.2221049020122,28.482285987909663,0.0
2024-10-30 21:00:00,272.4995886181136,0.0,88.37443237818226,272.4995886181136,28.641678064955,0.0
2024-10-30 22:00:00,35.04415576830988,0.0,0.0,35.04415576830988,30.320633521903275,0.0
2024-10-30 23:00:00,36.99066223420545,0.0,0.0,36.99066223420545,31.39767218743146,0.0
2024-10-31 00:00:00,29.871691795178968,0.0,0.0,29.871691795178968,33.32141262717448,0.0
2024-10-31 01:00:00,27.492814374344178,0.0,0.0,27.492814374344178,33.66719482348014,0.0
2024-10-31 02:00:00,33.03891534714099,0.0,0.0,33.03891534714099,34.36633764507676,0.0
2024-10-31 03:00:00,32.22638378641069,0.0,0.0,32.22638378641069,32.9426882440591,0.0
2024-10-31 04:00:00,27.53264147209234,0.0,0.0,27.53264147209234,32.93857787696862,0.0
2024-10-31 05:00:00,37.75440862792371,0.0,0.0,37.75440862792371,33.366743891056544,0.0
2024-10-31 06:00:00,223.77540263923296,0.0,59.78753174772928,223.77540263923296,30.88566819441628,0.0
2024-10-31 07:00:00,354.12320293608576,22.016382175447283,140.43788457119496,376.13958511153305,30.99836257215586,178.17984625640858
2024-10-31 08:00:00,345.2243572086223,35.52878559734622,141.75753275881996,380.7531428059685,30.73380369551694,292.0615465921368
2024-10-31 09:00:00,305.33428808124495,56.26802519457567,127.3064203202942,361.6023132758206,29.82048460550663,469.2306051362284
2024-10-31 10:00:00,318.7389640298777,55.5915793556001,143.8833279617063,374.3305433854778,28.6994013243216,457.76525195383255
2024-10-31 11:00:00,298.2867059632871,77.905304002424,125.19364081034013,376.19200996571107,27.987189054626356,664.1396292806835
2024-10-31 12:00:00,302.3396892569802,70.94336678058953,138.9264484871272,373.28305603756974,26.56774266312532,601.4563716442708
2024-10-31 13:00:00,189.01928566282265,69.7650103028913,79.77729027307718,258.78429596571397,27.425191287851277,592.7930826427978
2024-10-31 14:00:00,159.3547145603582,61.24847139158978,62.60256541620268,220.60318595194798,26.019312282255527,511.5304850184967
2024-10-31 15:00:00,381.17728154139957,46.792178891311096,164.58669061213692,427.96946043271066,26.168396236199996,383.42483382637255
2024-10-31 16:00:00,307.2191733076749,35.325994771334805,126.19337836378028,342.5451680790097,27.28219129023476,290.26640259101123
2024-10-31 17:00:00,363.2067173262536,17.451035631893653,142.4341590339051,380.6577529581473,27.39796215588691,141.5801880963331
2024-10-31 18:00:00,380.94005197847554,2.7118445161898636e-15,138.07737900896137,380.94005197847554,28.472691487418302,8.00412247234333e-14
2024-10-31 19:00:00,392.1072712956212,0.0,149.11824736867035,392.1072712956212,29.428860019679714,0.0
2024-10-31 20:00:00,386.3691715129061,0.0,143.8714436459737,386.3691715129061,31.008398007586198,0.0
2024-10-31 21:00:00,267.75841437390847,0.0,82.18793995506927,267.75841437390847,31.24207208854045,0.0
2024-10-31 22:00:00,35.26455525414249,0.0,0.0,35.26455525414249,31.560075985819193,0.0
2024-10-31 23:00:00,37.50975976161749,0.0,0.0,37.50975976161749,32.932460851144405,0.0
2024-11-01 00:00:00,35.80638952642049,0.0,0.0,35.80638952642049,30.559854857184792,0.0
2024-11-01 01:00:00,37.342291443250794,0.0,0.0,37.342291443250794,31.78196119818007,0.0
2024-11-01 02:00:00,37.445517999252075,0.0,0.0,37.445517999252075,31.476957003764937,0.0
2024-11-01 03:00:00,34.65914688730892,0.0,0.0,34.65914688730892,31.525655344070522,0.0
2024-11-01 04:00:00,35.2326322276275,0.0,0.0,35.2326322276275,30.085404968668506,0.0
2024-11-01 05:00:00,34.5416222832141,0.0,0.0,34.5416222832141,29.294143980542483,0.0
2024-11-01 06:00:00,227.90073260318428,0.0,57.534377976927324,227.90073260318428,28.943930927773593,0.0
2024-11-01 07:00:00,365.55431330582104,16.40073435292732,139.44121957438773,381.95504765874836,29.723395129688367,131.24741662224133
2024-11-01 08:00:00,406.01688937470004,34.83107349638218,165.14516807596493,440.84796287108225,27.370565632556765,282.00221694494115
2024-11-01 09:00:00,291.99834752889313,56.087693286317254,131.19055358242164,348.08604081521037,27.404931287115954,464.1152558437156
2024-11-01 10:00:00,320.7498354874259,68.48463636058062,146.16918556843913,389.23447184800654,25.873689144524956,571.4619094986543
2024-11-01 11:00:00,358.3828065182936,50.939167883618744,149.76227697630333,409.3219744019123,25.349754260217775,413.51009978710084
2024-11-01 12:00:00,340.0167688251074,61.22474838544836,148.74830037455035,401.2415172105558,24.891194003200145,505.1174729532908
2024-11-01 13:00:00,219.69658023897526,48.916366875947375,82.95304453247054,268.61294711492263,25.38579186587432,398.6104168800545
2024-11-01 14:00:00,169.17813180848407,66.9143562567931,64.79916142602538,236.09248806527717,24.736895809376023,560.4984495095629
2024-11-01 15:00:00,270.9263528623452,52.03536931957362,112.73340786274473,322.96172218191884,24.75641922212875,430.39727783332654
2024-11-01 16:00:00,316.19115148226456,34.3475233736856,126.91140813505761,350.53867485595015,25.561903346790373,279.1706375513314
2024-11-01 17:00:00,372.85068820380377,17.525624139221854,151.955871671493,390.37631234302563,25.153170877946604,140.88033220108298
2024-11-01 18:00:00,351.21548262765145,2.975060049834702e-15,129.9584665910936,351.21548262765145,26.728814532456028,7.79640228839166e-14
2024-11-01 19:00:00,337.9185219989213,0.0,129.12623327271936,337.9185219989213,27.489427683700853,0.0
2024-11-01 20:00:00,370.06106557172984,0.0,135.8424629242948,370.06106557172984,28.389592725602075,0.0
2024-11-01 21:00:00,258.30460457097274,0.0,78.78274956305997,258.30460457097274,28.773001350383378,0.0
2024-11-01 22:00:00,29.749679894297067,0.0,0.0,29.749679894297067,29.475985596091597,0.0
2024-11-01 23:00:00,35.63535970331893,0.0,0.0,35.63535970331893,29.984604955548516,0.0
2024-11-02 00:00:00,22.549367438016084,0.0,0.0,22.549367438016084,28.847897444507286,0.0
2024-11-02 01:00:00,34.38982383403439,0.0,0.0,34.38982383403439,29.14263353022751,0.0
2024-11-02 02:00:00,34.8609418495408,0.0,0.0,34.8609418495408,29.903823594658057,0.0
2024-11-02 03:00:00,43.87271660841209,0.0,0.0,43.87271660841209,29.48697194912172,0.0
2024-11-02 04:00:00,40.020599272631344,0.0,0.0,40.020599272631344,29.467188725830564,0.0
2024-11-02 05:00:00,37.66361068555952,0.0,0.0,37.66361068555952,28.939214457724333,0.0
2024-11-02 06:00:00,185.04607334326974,0.0,51.536696256246906,185.04607334326974,27.44052168660085,0.0
2024-11-02 07:00:00,312.2941010741585,24.92429031600595,132.07960294977752,337.21839139016447,26.581382105549224,198.9194034297097
2024-11-02 08:00:00,271.1678068812169,47.49982461494487,122.19471944000772,318.6676314961618,26.10606952215836,389.43808325471036
2024-11-02 09:00:00,288.07251229697863,60.132345064287165,133.89916191906465,348.2048573612658,24.926972694079303,496.52670435424403
2024-11-02 10:00:00,180.4160628146205,89.25472301019909,104.33181211634209,269.6707858248196,24.030193643981875,766.4690377895963
2024-11-02 11:00:00,223.15163055475028,88.25729144485945,122.04418985844939,311.40892199960973,24.59336948412954,747.6013623295967
2024-11-02 12:00:00,248.5050488292395,93.5133929921464,137.45208659730702,342.0184418213859,22.422633414560774,782.2797817242885
2024-11-02 13:00:00,122.30256554783365,97.59074349712681,79.77429955248655,219.89330904496046,23.851191535372283,845.7355142939713
2024-11-02 14:00:00,0.0,73.42134826433985,0.0,58.81684828530021,22.86483790542456,612.9433005680976
2024-11-02 15:00:00,0.0,62.762720298914644,0.0,61.741117319297416,23.332778463242242,519.8463935229615
2024-11-02 16:00:00,13.74161523673719,39.434987525757684,0.0,53.17660276249487,23.623477209164598,323.32107663744125
2024-11-02 17:00:00,31.38599077733439,22.918787618153242,0.0,54.30477839548763,24.05400556822512,188.62628655172526
2024-11-02 18:00:00,59.604385190472975,3.1098789306784923e-15,0.0,59.604385190472975,25.30131561331661,7.699797146606884e-14
2024-11-02 19:00:00,60.57903513875194,0.0,0.0,60.57903513875194,24.773324711647803,0.0
2024-11-02 20:00:00,61.46864303794408,0.0,0.0,61.46864303794408,26.142210524855813,0.0
2024-11-02 21:00:00,63.83073731601404,0.0,0.0,63.83073731601404,26.699842915353468,0.0
2024-11-02 22:00:00,31.438974342399078,0.0,0.0,31.438974342399078,27.122359948228826,0.0
2024-11-02 23:00:00,32.0098147633472,0.0,0.0,32.0098147633472,28.36465288861882,0.0
2024-11-03 00:00:00,20.054177654311935,0.0,0.0,20.054177654311935,32.017300258305625,0.0
2024-11-03 01:00:00,15.08941709398762,0.0,0.0,15.08941709398762,31.34394449925106,0.0
2024-11-03 02:00:00,17.51047629939154,0.0,0.0,17.51047629939154,32.541695312614955,0.0
2024-11-03 03:00:00,13.879281452149726,0.0,0.0,13.879281452149726,32.47359142968152,0.0
2024-11-03 04:00:00,13.306540826295288,0.0,0.0,13.306540826295288,32.578591551041754,0.0
2024-11-03 05:00:00,10.144377296280776,0.0,0.0,10.144377296280776,31.477557699650248,0.0
2024-11-03 06:00:00,9.66032537633242,0.0,0.0,9.66032537633242,30.979003388615084,0.0
2024-11-03 07:00:00,0.0,22.567438251193916,0.0,15.358057706505537,29.118387884334865,181.97642986625934
2024-11-03 08:00:00,0.0,53.9702181421893,0.0,19.089786971366863,28.164101572791516,450.1476987360416
2024-11-03 09:00:00,0.0,60.108935859638905,0.0,13.85074487947009,27.291490478697032,497.5058053819221
2024-11-03 10:00:00,0.0,68.36198809996208,0.0,20.12411218904591,26.29996855825336,576.8649130376488
2024-11-03 11:00:00,0.0,89.39915478015101,0.0,18.691037080594278,25.649895289379035,774.3396741629066
2024-11-03 12:00:00,0.0,87.76217978256301,0.0,10.116834273071134,25.39493982527935,760.0792309644596
2024-11-03 13:00:00,0.0,77.21785320829352,0.0,19.652903409818922,24.436288136288173,654.0966293644942
2024-11-03 14:00:00,0.0,85.76028458006985,0.0,14.440999716277858,23.861125337043823,720.0850653009028
2024-11-03 15:00:00,0.0,54.348971474682564,0.0,17.817341812620988,24.851006462722705,452.6662349536845
2024-11-03 16:00:00,0.0,42.84929280728251,0.0,8.138117715917556,24.672446125540233,356.3831717648623
2024-11-03 17:00:00,0.0,23.427592623351693,0.0,15.708574399131418,25.280426973059594,193.54593503494112
2024-11-03 18:00:00,23.147481525351512,2.2496404134716916e-15,0.0,23.147481525351516,26.228560840791094,1.0439986100418456e-13
2024-11-03 19:00:00,18.735788538883703,0.0,0.0,18.735788538883703,26.957999188322418,0.0
2024-11-03 20:00:00,19.44059599032029,0.0,0.0,19.44059599032029,28.604958702206524,0.0
2024-11-03 21:00:00,16.720360275530844,0.0,0.0,16.720360275530844,28.87243334404533,0.0
2024-11-03 22:00:00,15.31932983882259,0.0,0.0,15.31932983882259,30.380162274886537,0.0
2024-11-03 23:00:00,16.64934860711896,0.0,0.0,16.64934860711896,30.62781931457217,0.0
2024-11-04 00:00:00,36.51700273578641,0.0,0.0,36.51700273578641,31.290957246124222,0.0
2024-11-04 01:00:00,30.482898245458067,0.0,0.0,30.482898245458067,31.76398346900166,0.0
2024-11-04 02:00:00,32.2995007896324,0.0,0.0,32.2995007896324,31.158317901836156,0.0
2024-11-04 03:00:00,26.72609803335145,0.0,0.0,26.72609803335145,31.85391182059361,0.0
2024-11-04 04:00:00,37.45565200790203,0.0,0.0,37.45565200790203,31.759816395249537,0.0
2024-11-04 05:00:00,33.845054671071864,0.0,0.0,33.845054671071864,31.27443178142255,0.0
2024-11-04 06:00:00,247.95203367910665,0.0,67.53112248668783,247.95203367910665,29.37804579115759,0.0
2024-11-04 07:00:00,376.67964521377354,23.46758513433021,149.4558128689309,400.14723034810373,28.450509390583857,188.7020692531048
2024-11-04 08:00:00,337.49319818270493,53.13313084794472,140.97411629049256,390.62632903064963,28.035723571306104,443.9793299455199
2024-11-04 09:00:00,321.21111405771757,65.38842336250156,140.19139675660625,386.5995374202191,28.09059735498414,554.0582131615436
2024-11-04 10:00:00,247.2983172036673,74.28488084118932,112.62926575367152,321.5831980448566,26.664620530636647,629.1772875889234
2024-11-04 11:00:00,281.23507581563956,103.67120464848189,145.47441963268545,384.90628046412144,25.441911479819506,900.6780695138516
2024-11-04 12:00:00,254.57029133791258,97.60324915947068,134.9394450205474,352.17354049738327,24.546574187135793,851.364996341509
2024-11-04 13:00:00,189.56549040099833,88.59603578722759,85.94865995943981,278.16152618822593,24.581397789607976,760.4809889453387
2024-11-04 14:00:00,135.68916614135338,74.47137201313238,57.172669476619255,210.16053815448578,24.428357269589984,631.5454355790737
2024-11-04 15:00:00,214.91806985277705,78.57120076286245,94.36693688156306,293.4892706156395,25.391201301157412,671.7514421272202
2024-11-04 16:00:00,347.8465322033927,48.530386237375915,149.48200206588115,396.37691844076863,25.779316045294504,407.23320188886805
2024-11-04 17:00:00,325.5668832296873,28.694451485660316,145.19281532605498,354.2613347153476,25.30430816359814,238.76617894521485
2024-11-04 18:00:00,385.5258179856673,2.3267982456162343e-15,147.1065975824411,385.5258179856673,26.930715864637325,1.0828827773193896e-13
2024-11-04 19:00:00,381.5154921970642,0.0,139.88626888250434,381.5154921970642,27.723644625325413,0.0
2024-11-04 20:00:00,368.4964711708969,0.0,143.19715804599193,368.4964711708969,27.714292426465057,0.0
2024-11-04 21:00:00,268.9660306704735,0.0,86.97751195602808,268.9660306704735,29.168090142291394,0.0
2024-11-04 22:00:00,29.04830995864505,0.0,0.0,29.04830995864505,30.224542827925234,0.0
2024-11-04 23:00:00,23.629236441919115,0.0,0.0,23.629236441919115,30.860624277358117,0.0
2024-11-05 00:00:00,40.00696763401223,0.0,0.0,40.00696763401223,29.018670071776853,0.0
2024-11-05 01:00:00,31.152433459662905,0.0,0.0,31.152433459662905,30.28918331620564,0.0
2024-11-05 02:00:00,41.59630842551147,0.0,0.0,41.59630842551147,30.660984142651433,0.0
2024-11-05 03:00:00,35.116280815647,0.0,0.0,35.116280815647,31.013389173381093,0.0
2024-11-05 04:00:00,33.8273692178231,0.0,0.0,33.8273692178231,29.539545010107556,0.0
2024-11-05 05:00:00,34.134068024983,0.0,0.0,34.134068024983,29.04499885282406,0.0
2024-11-05 06:00:00,223.4438535962829,0.0,58.56329957816415,223.4438535962829,28.488418313999286,0.0
2024-11-05 07:00:00,380.7281919777495,24.323938514940362,149.27710337309998,405.05213049268986,27.89432631545286,195.16545024279242
2024-11-05 08:00:00,333.649177602122,47.58394949622954,146.5293688419806,381.23312709835153,26.891360580747023,393.30658285646695
2024-11-05 09:00:00,389.5752949449486,61.04549609692607,168.8586357975601,450.62079104187467,26.239139033060315,505.48409656520784
2024-11-05 10:00:00,273.3082420672762,93.71756687738782,132.15428655179383,367.025808944664,24.530258425828023,789.4749392817952
2024-11-05 11:00:00,264.9246727380955,92.19092235676192,137.1568968773579,357.11559509485744,24.566404807430953,801.2693353387226
2024-11-05 12:00:00,320.9714630894927,105.64139735584929,166.62462913822807,426.612860445342,23.44065509357723,928.4323213882813
2024-11-05 13:00:00,179.41893714680174,88.47814641586349,84.17814779851173,267.8970835626652,23.390444353896065,753.3057056063994
2024-11-05 14:00:00,151.24290361807275,76.79042745890595,62.31033579316134,228.0333310769787,24.196858510563697,649.8113312996682
2024-11-05 15:00:00,311.5035685351514,77.8113566262512,144.4309444226161,389.3149251614026,22.762989900540852,654.5582241336921
2024-11-05 16:00:00,324.44247627815946,45.30296556653348,139.253681331447,369.74544184469295,23.67202904947037,374.05649550041113
2024-11-05 17:00:00,370.0082304208859,24.45933946085254,156.55403718148523,394.4675698817385,23.730655076627365,201.4894198840625
2024-11-05 18:00:00,383.02978426701185,2.243972012054106e-15,149.88752144286516,383.02978426701185,25.16938568421148,1.0369931100953e-13
2024-11-05 19:00:00,337.62709242071344,0.0,120.64035981541349,337.62709242071344,26.46110149677178,0.0
2024-11-05 20:00:00,381.6898884439513,0.0,144.9722776504552,381.6898884439513,26.927679256357727,0.0
2024-11-05 21:00:00,249.64927410642602,0.0,76.99222268410433,249.64927410642602,27.690360428126585,0.0
2024-11-05 22:00:00,28.96852006944628,0.0,0.0,28.96852006944628,29.25705286146162,0.0
2024-11-05 23:00:00,24.419726440305105,0.0,0.0,24.419726440305105,29.48297664847458,0.0
2024-11-06 00:00:00,38.96928151287836,0.0,0.0,38.96928151287836,29.210360344629592,0.0
2024-11-06 01:00:00,37.251464521208504,0.0,0.0,37.251464521208504,29.507857488662452,0.0
2024-11-06 02:00:00,36.03993222150557,0.0,0.0,36.03993222150557,27.83136820114977,0.0
2024-11-06 03:00:00,30.573202672682722,0.0,0.0,30.573202672682722,29.111894392429413,0.0
2024-11-06 04:00:00,36.22591168161875,0.0,0.0,36.22591168161875,28.261540082033008,0.0
2024-11-06 05:00:00,33.440935572609604,0.0,0.0,33.440935572609604,27.829703690302633,0.0
2024-11-06 06:00:00,230.58731651780846,0.0,64.24556982714235,230.58731651780846,28.256781456890796,0.0
2024-11-06 07:00:00,429.8592603601265,25.57407244403771,167.4886580915762,455.4333328041642,26.487952288425674,205.40503080950222
2024-11-06 08:00:00,403.47787148950255,41.59590457321543,169.2041038498712,445.07377606271797,26.715772501131152,342.26551053119886
2024-11-06 09:00:00,337.5347739438879,63.13652036318419,147.5945677383468,400.67129430707206,24.159777535233896,527.5527387096728
2024-11-06 10:00:00,324.61214424786243,54.97865924069904,135.92266101094947,379.59080348856145,23.477653013089466,448.98580389747246
2024-11-06 11:00:00,316.47283198259305,72.95671597215348,147.08505642801265,389.4295479547465,23.67578999955122,610.6194188653604
2024-11-06 12:00:00,284.98328545925835,63.92687598940128,129.10892535229937,348.91016144865966,22.567713730103357,527.7051234300336
2024-11-06 13:00:00,229.84517414281572,82.75062006520851,105.55401474378158,312.59579420802424,22.542411679516935,704.5814473480522
2024-11-06 14:00:00,164.41943767392593,58.30260466580971,63.807835075635914,222.72204233973562,22.213334990043272,478.50984526923355
2024-11-06 15:00:00,354.79319287225,49.45002654643031,146.83950050306115,404.2432194186803,22.31745989223341,405.17991038984934
2024-11-06 16:00:00,368.4785554267115,42.97714227473407,156.70795103611113,411.4556977014456,22.586281455616575,354.595536174994
2024-11-06 17:00:00,349.8136791802788,23.583165504613575,135.49293122072558,373.3968446848924,23.384361349279104,194.3275009041879
2024-11-06 18:00:00,351.15978659839345,2.6947748965932226e-15,126.71159720036502,351.15978659839345,24.3403075469921,8.058709646169603e-14
2024-11-06 19:00:00,317.6367628832406,0.0,110.96113918290362,317.6367628832406,25.670832820855562,0.0
2024-11-06 20:00:00,373.0095032161282,0.0,143.68355884994477,373.0095032161282,25.66823213555674,0.0
2024-11-06 21:00:00,266.86850799615524,0.0,83.72027967693899,266.86850799615524,26.478535913269035,0.0
2024-11-06 22:00:00,35.322917929291094,0.0,0.0,35.322917929291094,27.25825762499858,0.0
2024-11-06 23:00:00,38.22527979440689,0.0,0.0,38.22527979440689,28.97925406489731,0.0
2024-11-07 00:00:00,39.10948528625171,0.0,0.0,39.10948528625171,30.996606638970373,0.0
2024-11-07 01:00:00,34.17129106050356,0.0,0.0,34.17129106050356,30.05157895596058,0.0
2024-11-07 02:00:00,36.405835313093476,0.0,0.0,36.405835313093476,30.148794925769735,0.0
2024-11-07 03:00:00,32.91740617399252,0.0,0.0,32.91740617399252,30.586066729430623,0.0
2024-11-07 04:00:00,30.228277008874187,0.0,0.0,30.228277008874187,30.76651691244065,0.0
2024-11-07 05:00:00,39.29019163216785,0.0,0.0,39.29019163216785,30.078493941711496,0.0
2024-11-07 06:00:00,221.81661131383495,0.0,59.959948902230984,221.81661131383495,29.62774455308977,0.0
2024-11-07 07:00:00,357.8544040200081,22.86468721253978,142.68628598134057,380.71909123254784,28.43850021393511,185.04721114176843
2024-11-07 08:00:00,359.64166266953333,41.291238990000565,149.2528649726988,400.9329016595339,28.3190646628574,342.4501496837273
2024-11-07 09:00:00,343.49426522736564,67.36546515165207,154.05793845706,410.8597303790177,27.10054430869611,569.1587137429176
2024-11-07 10:00:00,285.1997987358781,65.0741996257737,121.6924192725111,350.2739983616518,25.90914358072577,545.2349801938526
2024-11-07 11:00:00,324.2033657642873,74.70995271813786,154.88182086783223,398.91331848242515,25.718151258282067,639.3027545728606
2024-11-07 12:00:00,293.7381102424165,83.44514968094316,136.7062313896555,377.1832599233596,23.76481325176478,712.3731056900748
2024-11-07 13:00:00,176.53832261655532,95.80239690527243,89.92529920220491,272.34071952182774,24.197077528823577,830.7009527164348
2024-11-07 14:00:00,140.06882154913382,83.62023227675643,62.82669290151879,223.68905382589023,24.18911143023192,707.9629215412076
2024-11-07 15:00:00,343.9630772383931,52.280742823377594,157.1645929345488,396.2438200617707,24.540633135132445,433.2131724506153
2024-11-07 16:00:00,339.01988635654794,50.30024726889086,144.34042763266754,389.3201336254388,23.731683362508083,420.0311118351562
2024-11-07 17:00:00,356.8138980720572,26.19936516776366,145.0432805301018,383.01326323982084,25.015278089577773,217.38620051259673
2024-11-07 18:00:00,393.69331640161136,2.8150559074520167e-15,155.209749306339,393.69331640161136,26.070585675343466,7.937367129710074e-14
2024-11-07 19:00:00,343.9169054771446,0.0,121.10823971413375,343.9169054771446,26.953069682507774,0.0
2024-11-07 20:00:00,347.9570024351506,0.0,128.93999846700515,347.9570024351506,28.21342019789503,0.0
2024-11-07 21:00:00,269.38481179158924,0.0,83.11235497541259,269.38481179158924,28.90697460123012,0.0
2024-11-07 22:00:00,32.15563874347741,0.0,0.0,32.15563874347741,29.33993225248191,0.0
2024-11-07 23:00:00,39.14979347927516,0.0,0.0,39.14979347927516,30.43271588579522,0.0
2024-11-08 00:00:00,33.48175396878542,0.0,0.0,33.48175396878542,29.229393533088796,0.0
2024-11-08 01:00:00,36.1246360081542,0.0,0.0,36.1246360081542,29.75311380601374,0.0
2024-11-08 02:00:00,31.99566188031129,0.0,0.0,31.99566188031129,30.19638761269426,0.0
2024-11-08 03:00:00,37.5030036435883,0.0,0.0,37.5030036435883,29.657076433038295,0.0
2024-11-08 04:00:00,28.315668901000496,0.0,0.0,28.315668901000496,29.511070190632033,0.0
2024-11-08 05:00:00,38.55224411605848,0.0,0.0,38.55224411605848,29.254514556432,0.0
2024-11-08 06:00:00,207.50094983327375,0.0,49.40307375748557,207.50094983327375,28.405068867990103,0.0
2024-11-08 07:00:00,369.7023092117292,23.33331896121429,138.62803611245025,393.03562817294346,27.821589023420085,189.20684284431243
2024-11-08 08:00:00,342.5621800539469,53.983081157211906,137.8495275033227,396.54526121115885,27.463210586597032,449.6199770885798
2024-11-08 09:00:00,304.74159042008614,72.60702857186219,143.7412688584967,377.34861899194834,25.744583666440224,616.8573973436414
2024-11-08 10:00:00,313.69599549855275,72.14557213679959,141.68941113522558,385.84156763535236,24.3183401619182,611.9916558375189
2024-11-08 11:00:00,338.4154180512171,76.92299104270703,157.73821654405594,415.33840909392416,24.080024227377564,653.5336846091737
2024-11-08 12:00:00,300.88084002489404,104.39655303866793,150.66531689652683,405.277393063562,23.502306732620248,912.5680938020205
2024-11-08 13:00:00,178.8061741289776,92.43907110031546,84.89268259500797,271.24524522929306,23.22500139236403,792.052764665378
2024-11-08 14:00:00,130.5525779388254,75.28097401296944,55.10040457544815,205.83355195179485,23.546494561239264,637.4008188884518
2024-11-08 15:00:00,323.9035478613462,69.23526818007859,141.82229693377565,393.13881604142483,22.076190291116838,578.3142397575234
2024-11-08 16:00:00,330.3650072433588,51.23437762431889,142.07448013855182,381.59938486767766,24.02481652003991,430.67401496252245
2024-11-08 17:00:00,428.15370163214914,25.82550474232629,178.3922771451139,453.97920637447544,24.749321137496718,214.14279430553842
2024-11-08 18:00:00,334.0517710143185,2.0727242240950526e-15,121.73023721829551,334.0517710143185,24.833021769255684,8.765164047183219e-14
2024-11-08 19:00:00,354.8478887925698,0.0,129.3005806358489,354.8478887925698,25.68918732037332,0.0
2024-11-08 20:00:00,359.91853438943576,0.0,127.21080543059632,359.91853438943576,26.17816403399083,0.0
2024-11-08 21:00:00,269.6001606983615,0.0,87.80227289672025,269.6001606983615,27.208015090387754,0.0
2024-11-08 22:00:00,34.77167498957438,0.0,0.0,34.77167498957438,28.397962517194653,0.0
2024-11-08 23:00:00,31.325570392334427,0.0,0.0,31.325570392334427,29.090636368158656,0.0
2024-11-09 00:00:00,32.3901152716422,0.0,0.0,32.3901152716422,32.236508973920586,0.0
2024-11-09 01:00:00,39.125864610033894,0.0,0.0,39.125864610033894,32.53913987348674,0.0
2024-11-09 02:00:00,39.54801816326578,0.0,0.0,39.54801816326578,32.794260182744544,0.0
2024-11-09 03:00:00,34.866043054371445,0.0,0.0,34.866043054371445,32.61912992267792,0.0
2024-11-09 04:00:00,39.375247237121506,0.0,0.0,39.375247237121506,31.363979776288826,0.0
2024-11-09 05:00:00,37.22819030651235,0.0,0.0,37.22819030651235,31.736072951580212,0.0
2024-11-09 06:00:00,185.7049715445599,0.0,49.56276736443302,185.7049715445599,31.52435850388147,0.0
2024-11-09 07:00:00,286.00150098777186,18.065130701344856,114.18366790130408,304.0666316891167,29.737618477554477,146.4078817358317
2024-11-09 08:00:00,303.7870625513659,34.935612898416174,131.9792252430024,338.7226754497821,29.594805169664596,288.46917074426216
2024-11-09 09:00:00,287.6277977741925,35.57253945615884,125.6024687706052,323.20033723035135,27.480550887858737,288.7191793513117
2024-11-09 10:00:00,271.0386122848775,53.53320773254038,132.48774006146343,324.5718200174179,27.080183885868138,446.69877410330326
2024-11-09 11:00:00,274.82017146698763,68.22306428020208,135.70184084963344,343.0432357471897,26.04961238561551,575.9116078411023
2024-11-09 12:00:00,201.10503362149308,68.0857045336192,95.3127188190442,269.1907381551123,26.50358690863972,575.929804810046
2024-11-09 13:00:00,183.6278665052854,47.06076562571504,77.65771917844951,230.68863213100045,26.284563080866043,383.9257482169759
2024-11-09 14:00:00,0.5881349200382999,60.61777856316376,0.0,61.20591348320206,25.295467135629575,499.6255835073406
2024-11-09 15:00:00,11.86242425558531,49.94882067394472,0.0,61.81124492953003,26.049855564992544,416.50987753178845
2024-11-09 16:00:00,17.52675035978198,39.35060670402691,0.0,56.87735706380889,26.639289596379488,329.3706802305684
2024-11-09 17:00:00,49.56582136147199,16.373622433171207,0.0,65.9394437946432,26.353732032539607,132.3543355092165
2024-11-09 18:00:00,56.0369034045577,5.054770598210862e-15,0.0,56.036903404557705,27.15994100157185,4.785653034853904e-14
2024-11-09 19:00:00,62.013357365575565,0.0,0.0,62.013357365575565,28.306006222628024,0.0
2024-11-09 20:00:00,57.09575581260453,0.0,0.0,57.09575581260453,28.423796204913213,0.0
2024-11-09 21:00:00,59.88989613743585,0.0,0.0,59.88989613743585,29.80598065113946,0.0
2024-11-09 22:00:00,31.995097721481894,0.0,0.0,31.995097721481894,31.666458748774325,0.0
2024-11-09 23:00:00,32.316619965179406,0.0,0.0,32.316619965179406,31.069932169701122,0.0
2024-11-10 00:00:00,21.2070392279148,0.0,0.0,21.2070392279148,30.46939001708688,0.0
2024-11-10 01:00:00,15.2852952169138,0.0,0.0,15.2852952169138,30.654030598568333,0.0
2024-11-10 02:00:00,24.700300717095875,0.0,0.0,24.700300717095875,30.429505029136614,0.0
2024-11-10 03:00:00,20.439700154495373,0.0,0.0,20.439700154495373,30.502955921954523,0.0
2024-11-10 04:00:00,18.001454163967917,0.0,0.0,18.001454163967917,30.91878685900334,0.0
2024-11-10 05:00:00,15.833348578703085,0.0,0.0,15.833348578703085,29.763060290930653,0.0
2024-11-10 06:00:00,17.37535585831552,0.0,0.0,17.37535585831552,29.11629729511872,0.0
2024-11-10 07:00:00,0.0,25.27282149733046,0.0,20.88441317031334,28.71768578947279,206.19383773705297
2024-11-10 08:00:00,0.0,42.533460588453856,0.0,12.964528070614627,26.866682764989005,351.9216729517406
2024-11-10 09:00:00,0.0,67.1977138465046,0.0,16.553094223251687,25.582063870710343,563.1980865063322
2024-11-10 10:00:00,0.0,71.55452157317612,0.0,13.316048236477544,26.14556167928323,607.717483730217
2024-11-10 11:00:00,0.0,98.86633807293029,0.0,22.331870751743615,24.60477514064439,849.0730604931449
2024-11-10 12:00:00,0.0,108.15901243177724,0.0,22.27813001180404,24.42709949531706,950.0
2024-11-10 13:00:00,0.0,92.53374102692239,0.0,16.70211221708859,23.24948299866667,797.470758567196
2024-11-10 14:00:00,0.0,76.8424421055026,0.0,10.161378750669726,23.70565113611117,641.3498659869014
2024-11-10 15:00:00,0.0,51.26008885937028,0.0,12.884233044876032,23.082181199045422,421.62297377594626
2024-11-10 16:00:00,0.0,40.07993338617702,0.0,16.759467905691356,24.0121689901066,330.4018440671975
2024-11-10 17:00:00,0.0,28.202566449577287,0.0,8.501918727268162,24.212552656746034,234.74692241178482
2024-11-10 18:00:00,21.763834022130244,2.107964005337833e-15,0.0,21.763834022130247,24.822560816031814,8.70239380346813e-14
2024-11-10 19:00:00,18.56173318279958,0.0,0.0,18.56173318279958,25.953959990946302,0.0
2024-11-10 20:00:00,21.07845854776786,0.0,0.0,21.07845854776786,25.864692662003986,0.0
2024-11-10 21:00:00,16.369328604286235,0.0,0.0,16.369328604286235,27.337303422458145,0.0
2024-11-10 22:00:00,18.435482468811244,0.0,0.0,18.435482468811244,29.152595061618253,0.0
2024-11-10 23:00:00,20.499957525669423,0.0,0.0,20.499957525669423,29.660094912414866,0.0
2024-11-11 00:00:00,31.412548389293747,0.0,0.0,31.412548389293747,32.06351676755619,0.0
2024-11-11 01:00:00,36.74558792709297,0.0,0.0,36.74558792709297,33.22419850453623,0.0
2024-11-11 02:00:00,37.85604764578106,0.0,0.0,37.85604764578106,32.63041479171602,0.0
2024-11-11 03:00:00,39.072360371374614,0.0,0.0,39.072360371374614,33.31124365501041,0.0
2024-11-11 04:00:00,34.09606559527925,0.0,0.0,34.09606559527925,32.54279070430658,0.0
2024-11-11 05:00:00,37.17314926043776,0.0,0.0,37.17314926043776,31.88183348674871,0.0
2024-11-11 06:00:00,210.16833858252383,0.0,48.838224784574045,210.16833858252383,31.27398951592823,0.0
2024-11-11 07:00:00,377.5572841794674,26.689290702912597,142.24555129451974,404.24657488238,31.755152213983635,222.23255476216812
2024-11-11 08:00:00,397.84427001337787,41.34884320791708,168.21257561990328,439.19311322129494,29.190120568030782,344.8679606309112
2024-11-11 09:00:00,378.0616063920786,67.0929808394578,176.15323531336176,445.1545872315364,28.776934003066323,573.5099494973641
2024-11-11 10:00:00,264.4649262876984,71.6229370808873,119.43325627393772,336.0878633685857,28.21020568253814,620.2534670646079
2024-11-11 11:00:00,264.20507397386154,87.95603207958797,132.46033013438762,352.16110605344954,26.613441169094575,773.9075406776506
2024-11-11 12:00:00,275.5374144256236,94.12430023224736,135.05207638602346,369.66171465787096,25.741303495843454,823.4807041495085
2024-11-11 13:00:00,214.75480047326022,86.74367901719152,104.78070813910398,301.49847949045176,25.888231864299133,748.5380630798729
2024-11-11 14:00:00,122.7086862018446,93.45569726126514,56.610538196548084,216.16438346310974,26.44925292834639,822.7241335952168
2024-11-11 15:00:00,43.40347460623826,72.22266499353908,0.0,115.62613959977735,26.01777920991608,622.0277336818154
2024-11-11 16:00:00,75.85131433712098,50.625520734643736,0.0,126.47683507176471,26.42287944886591,430.3121199938959
2024-11-11 17:00:00,348.3297452428321,25.47358786007626,125.41122183224827,373.8033331029083,27.55003241928508,214.62293551532485
2024-11-11 18:00:00,346.1818903729379,2.376884766691128e-15,115.99782003151398,346.1818903729379,27.416349788044528,1.1085123391607859e-13
2024-11-11 19:00:00,378.7861387993453,0.0,133.76344256934425,378.7861387993453,28.619277014360076,0.0
2024-11-11 20:00:00,449.59967826775903,0.0,175.51544341022375,449.59967826775903,28.81260080713355,0.0
2024-11-11 21:00:00,273.57462627509716,0.0,87.70259337342176,273.57462627509716,30.635747516013677,0.0
2024-11-11 22:00:00,37.51508289535245,0.0,0.0,37.51508289535245,31.434274865076162,0.0
2024-11-11 23:00:00,32.874176939590185,0.0,0.0,32.874176939590185,32.442163211028486,0.0
2024-11-12 00:00:00,30.28577686060069,0.0,0.0,30.28577686060069,27.40947044638724,0.0
2024-11-12 01:00:00,37.7942801208934,0.0,0.0,37.7942801208934,28.235806200602926,0.0
2024-11-12 02:00:00,35.25084057593054,0.0,0.0,35.25084057593054,27.811774418748303,0.0
2024-11-12 03:00:00,35.753470086511044,0.0,0.0,35.753470086511044,28.208696647911236,0.0
2024-11-12 04:00:00,32.264719696760736,0.0,0.0,32.264719696760736,28.722992549943545,0.0
2024-11-12 05:00:00,37.29693933928427,0.0,0.0,37.29693933928427,27.26550695514332,0.0
2024-11-12 06:00:00,113.03571360908164,0.0,0.0,113.03571360908164,26.018049686854944,0.0
2024-11-12 07:00:00,101.7343277834771,25.620153543440622,0.0,127.35448132691772,25.516936624348812,208.3863868002603
2024-11-12 08:00:00,361.4222519260631,43.50041264603316,137.86558770299337,404.92266457209627,24.14553368226879,358.69993414071814
2024-11-12 09:00:00,352.70940117838813,57.87836268432099,153.59852591177386,410.5877638627091,23.397256501714963,477.1133458237902
2024-11-12 10:00:00,286.2670379619985,76.66314429982617,126.95087084156026,362.93018226182465,23.536503072725097,648.2680792718309
2024-11-12 11:00:00,303.0158649789664,79.9085835756071,141.58846467350722,382.92444855457353,21.75299424614343,677.9020125485629
2024-11-12 12:00:00,246.19936278628188,93.61409179536041,129.96333283377572,339.8134545816423,22.0760849809093,808.8085817719046
2024-11-12 13:00:00,193.56421427272883,91.5131201284834,92.56601398252087,285.0773344012122,21.583140544906946,780.1091700781371
2024-11-12 14:00:00,138.28541803271622,75.77821521842048,59.271544311025224,214.0636332511367,21.18524547443073,639.1908460299529
2024-11-12 15:00:00,319.09038145506287,76.36984485241807,152.23824221696614,395.4602263074809,21.683944196994545,653.4595645360793
2024-11-12 16:00:00,367.07220088171647,43.452932079247475,154.91281926015859,410.52513296096396,21.45108993105823,358.6904006597702
2024-11-12 17:00:00,345.49170473126117,24.01533246041053,139.25563405432067,369.5070371916717,22.896558065238004,197.78900605583712
2024-11-12 18:00:00,409.1886247375879,2.1978451094373896e-15,156.79605203732095,409.1886247375879,22.85183944969123,1.0064773927014855e-13
2024-11-12 19:00:00,354.61051765037223,0.0,134.09466385977734,354.61051765037223,23.85195949681513,0.0
2024-11-12 20:00:00,396.124114205463,0.0,151.41651144546253,396.124114205463,24.698334096278842,0.0
2024-11-12 21:00:00,227.0771436627118,0.0,68.64834945517804,227.0771436627118,26.2016130390401,0.0
2024-11-12 22:00:00,32.3146045130914,0.0,0.0,32.3146045130914,26.973231555731846,0.0
2024-11-12 23:00:00,32.92374363603971,0.0,0.0,32.92374363603971,26.11503275016841,0.0
2024-11-13 00:00:00,33.706687411533764,0.0,0.0,33.706687411533764,30.819965106358804,0.0
2024-11-13 01:00:00,40.745985790641086,0.0,0.0,40.745985790641086,30.170198701073126,0.0
2024-11-13 02:00:00,33.91961455194346,0.0,0.0,33.91961455194346,30.991093868879595,0.0
2024-11-13 03:00:00,32.81753701254754,0.0,0.0,32.81753701254754,30.988408106112566,0.0
2024-11-13 04:00:00,30.994779230889492,0.0,0.0,30.994779230889492,30.516814523453796,0.0
2024-11-13 05:00:00,33.158066109211376,0.0,0.0,33.158066109211376,30.38703807017655,0.0
2024-11-13 06:00:00,233.77030241873896,0.0,52.745769721051495,233.77030241873896,29.771793008013944,0.0
2024-11-13 07:00:00,439.4147637211445,23.06390646209016,175.50019565103818,462.47867018323467,28.180888486423356,189.25306313481374
2024-11-13 08:00:00,363.37286016164904,45.96087501747009,151.20657809840944,409.3337351791191,27.256856223725517,387.18517631589896
2024-11-13 09:00:00,351.2047614923931,54.473624839807556,151.2116931330473,405.67838633220066,26.737903290289097,459.63404313025075
2024-11-13 10:00:00,304.0103906788635,67.7656585869156,130.75948297708416,371.7760492657791,25.139888684691098,572.5560475242163
2024-11-13 11:00:00,291.0496111752827,69.76332020368478,126.90750100223725,360.81293137896745,24.948392003227422,591.3308830347925
2024-11-13 12:00:00,309.07016354540536,77.05687734109581,138.73286765959287,386.12704088650116,25.30470472842232,654.1876352374275
2024-11-13 13:00:00,189.8451858443553,74.65603618357764,84.92605145643326,264.50122202793295,23.52786405035708,634.0240629586572
2024-11-13 14:00:00,167.80101888076848,66.47127230656791,67.91246296654718,234.2722911873364,23.99169604531747,555.9270634606722
2024-11-13 15:00:00,359.4109747467208,53.88711956361203,157.01988676268545,413.29809431033283,23.98486392649738,450.9656050499249
2024-11-13 16:00:00,337.7073603529493,40.456470688872905,144.052222165507,378.1638310418222,25.63329975242252,336.6144263427481
2024-11-13 17:00:00,366.0204458627072,21.13158147279177,143.43640745609648,387.152027335499,24.917950387486435,174.00644802356453
2024-11-13 18:00:00,401.15524044552575,2.211321923561106e-15,153.30350584077016,401.15524044552575,25.67184928229493,1.0241222024130482e-13
2024-11-13 19:00:00,352.9691934257155,0.0,123.70715891650559,352.9691934257155,26.240505603214487,0.0
2024-11-13 20:00:00,332.35967131049335,0.0,115.12076378059326,332.35967131049335,27.666415626757804,0.0
2024-11-13 21:00:00,280.2513514419963,0.0,91.85596809158507,280.2513514419963,28.702704910344842,0.0
2024-11-13 22:00:00,38.418279336931626,0.0,0.0,38.418279336931626,28.96884480116438,0.0
2024-11-13 23:00:00,30.839173718238595,0.0,0.0,30.839173718238595,30.630989859488075,0.0
2024-11-14 00:00:00,35.26205988132455,0.0,0.0,35.26205988132455,32.38189187351138,0.0
2024-11-14 01:00:00,32.909114551864505,0.0,0.0,32.909114551864505,33.02196119451591,0.0
2024-11-14 02:00:00,33.66138366195516,0.0,0.0,33.66138366195516,32.55120340420162,0.0
2024-11-14 03:00:00,34.30213604346947,0.0,0.0,34.30213604346947,32.71760372557899,0.0
2024-11-14 04:00:00,42.61716418730618,0.0,0.0,42.61716418730618,32.13981183393008,0.0
2024-11-14 05:00:00,29.457507454953774,0.0,0.0,29.457507454953774,32.418985677020075,0.0
2024-11-14 06:00:00,218.26040854541674,0.0,57.41047218397421,218.26040854541674,31.023403236807116,0.0
2024-11-14 07:00:00,333.73572347125236,20.564300634962994,123.80234137484575,354.30002410621535,30.125514800137907,170.05398262149393
2024-11-14 08:00:00,283.251776546237,44.87198531240218,112.64794791842321,328.12376185863917,28.98615016861113,379.44083769277336
2024-11-14 09:00:00,363.5710900236116,53.55876097434861,155.23760185496192,417.1298509979602,28.05142269502668,454.78289026047395
2024-11-14 10:00:00,316.47689372886293,67.51604673168978,135.06783891962218,383.99294046055275,27.5841322055335,583.278418594984
2024-11-14 11:00:00,305.53726051503423,86.86007924784842,148.2037147399811,392.39733976288267,27.150191163655027,760.879625065454
2024-11-14 12:00:00,299.0229384484482,82.15943752847708,138.74141962560162,381.1823759769253,25.841903205921003,711.9236645824046
2024-11-14 13:00:00,206.3320998778014,69.82854877095713,85.20725677993256,276.1606486487585,25.89782041469791,598.2521616370942
2024-11-14 14:00:00,130.21606825148655,69.33906710339052,53.624170874439095,199.55513535487705,25.80735591363114,596.8653626460479
2024-11-14 15:00:00,325.4046806538167,51.678886139652846,141.40973215271782,377.0835667934695,26.013712534297653,434.32582273255315
2024-11-14 16:00:00,364.79053627907274,42.46238729969783,150.72329361859371,407.25292357877055,25.33043405394569,354.53991341586965
2024-11-14 17:00:00,349.1834962302953,22.267179230407237,138.5708685884008,371.45067546070254,26.278031084113177,185.38924679268624
2024-11-14 18:00:00,389.73504101130436,3.910751141512135e-15,137.75726425899887,389.73504101130436,26.782348908060634,7.019908829071996e-14
2024-11-14 19:00:00,408.75512473289115,0.0,151.15741495354237,408.75512473289115,28.325846723588636,0.0
2024-11-14 20:00:00,407.43037233170054,0.0,152.1070635578626,407.43037233170054,28.76478448317643,0.0
2024-11-14 21:00:00,269.85642095573917,0.0,75.77445867134293,269.85642095573917,29.873017266767036,0.0
2024-11-14 22:00:00,30.83209168286782,0.0,0.0,30.83209168286782,30.36813090616616,0.0
2024-11-14 23:00:00,35.80263704689269,0.0,0.0,35.80263704689269,31.4885266336906,0.0
2024-11-15 00:00:00,38.29865397317515,0.0,0.0,38.29865397317515,28.900671933571395,0.0
2024-11-15 01:00:00,31.91866274899456,0.0,0.0,31.91866274899456,30.191329433963457,0.0
2024-11-15 02:00:00,31.632176005853335,0.0,0.0,31.632176005853335,30.171248805833034,0.0
2024-11-15 03:00:00,35.42512205895883,0.0,0.0,35.42512205895883,29.88748985368416,0.0
2024-11-15 04:00:00,30.71126488414721,0.0,0.0,30.71126488414721,29.311752769340497,0.0
2024-11-15 05:00:00,40.445991520593104,0.0,0.0,40.445991520593104,27.887665171936796,0.0
2024-11-15 06:00:00,214.77186517268674,0.0,56.83521960144891,214.77186517268674,27.95253150818782,0.0
2024-11-15 07:00:00,347.59431572822024,24.611598849684352,135.03637995987341,372.2059145779046,26.95677320695038,203.09658279800087
2024-11-15 08:00:00,341.420365048188,36.46086440161111,142.6954811574016,377.8812294497991,26.555271929568004,302.33115804674105
2024-11-15 09:00:00,351.94063528103976,58.60231009895754,162.93402815689203,410.5429453799973,25.83562174747861,498.7153616240203
2024-11-15 10:00:00,321.6167273491933,79.3697057906286,147.61528412493635,400.9864331398219,24.843951152181788,684.3472265074976
2024-11-15 11:00:00,369.40470462496273,76.04942463448589,173.34048995262899,445.4541292594486,24.588280241345622,653.1668203266098
2024-11-15 12:00:00,306.0249481687812,90.98431747538055,145.6292220487255,397.00926564416176,23.11638879049716,785.5791109354317
2024-11-15 13:00:00,178.1147347761601,80.93240422681988,84.07677974935619,259.04713900298,22.746006488263184,687.8762346619399
2024-11-15 14:00:00,127.36994566575133,75.64537921019392,56.88780994345529,203.01532487594525,23.450573935386533,651.2356593797589
2024-11-15 15:00:00,329.8258515857608,66.61381326737744,144.53247535891268,396.43966485313825,23.134002626192572,565.4786715427906
2024-11-15 16:00:00,65.50636168176163,49.48740711248404,0.0,114.99376879424568,23.2770465374186,413.44408589880896
2024-11-15 17:00:00,108.82863661887987,23.823084928110298,0.0,132.65172154699016,24.88002165922972,197.09200245395675
2024-11-15 18:00:00,391.7837580315474,2.26574734753334e-15,139.17746727158226,391.7837580315474,24.970500094626587,8.482036184162022e-14
2024-11-15 19:00:00,370.6425806804619,0.0,132.17735542914141,370.6425806804619,25.430496076109378,0.0
2024-11-15 20:00:00,415.91126404698264,0.0,157.17211421929724,415.91126404698264,26.088662414111592,0.0
2024-11-15 21:00:00,235.4413036480862,0.0,69.03553325781883,235.4413036480862,28.000757814586002,0.0
2024-11-15 22:00:00,36.68761078483431,0.0,0.0,36.68761078483431,28.285133331380077,0.0
2024-11-15 23:00:00,27.86261785081315,0.0,0.0,27.86261785081315,28.918767014857373,0.0
2024-11-16 00:00:00,34.3186941134939,0.0,0.0,34.3186941134939,30.678186004220642,0.0
2024-11-16 01:00:00,33.149921523806256,0.0,0.0,33.149921523806256,31.129743197686285,0.0
2024-11-16 02:00:00,32.50953610261579,0.0,0.0,32.50953610261579,31.083893869493007,0.0
2024-11-16 03:00:00,30.228973550563754,0.0,0.0,30.228973550563754,31.13168705707527,0.0
2024-11-16 04:00:00,32.68915771399863,0.0,0.0,32.68915771399863,30.565734969944437,0.0
2024-11-16 05:00:00,32.97969892964763,0.0,0.0,32.97969892964763,30.061277903115588,0.0
2024-11-16 06:00:00,58.46337386178186,0.0,0.0,58.46337386178186,28.69313994982584,0.0
2024-11-16 07:00:00,25.81886111322958,27.312015735945778,0.0,53.13087684917536,29.12000247591516,227.8572376292265
2024-11-16 08:00:00,12.17990128206501,49.65634927774747,0.0,61.836250559812484,26.692120547752207,421.6700500787619
2024-11-16 09:00:00,0.0,63.039357370373416,0.0,59.8240916135139,26.55778102663747,541.9152717911924
2024-11-16 10:00:00,0.0,73.5387658058994,0.0,54.599553191308445,24.890575348158254,629.0333401264664
2024-11-16 11:00:00,0.0,88.92761296389183,0.0,58.057837860298676,24.785020773676667,776.8025671329876
2024-11-16 12:00:00,0.0,93.0080634264168,0.0,58.554756137976646,23.992223145067978,816.8825250759503
2024-11-16 13:00:00,0.0,89.24260825417117,0.0,60.49044287040347,23.99609642090781,777.8912011019472
2024-11-16 14:00:00,0.0,78.68148215336038,0.0,59.90926801428729,23.97983771792638,679.276230195223
2024-11-16 15:00:00,0.0,60.15005637595343,0.0,55.1467598084425,23.450051633738525,506.12534670447815
2024-11-16 16:00:00,8.381355136633289,49.497269812398095,0.0,57.87862494903138,24.263162736526233,415.08758537153
2024-11-16 17:00:00,30.750413448377373,26.038499305987735,0.0,56.78891275436511,25.530922254322785,215.8125860922673
2024-11-16 18:00:00,66.05825578583011,2.1571545725122004e-15,0.0,66.05825578583011,24.90282632849683,9.960215811539637e-14
2024-11-16 19:00:00,64.35744500136664,0.0,0.0,64.35744500136664,25.976065334807704,0.0
2024-11-16 20:00:00,66.79098174656822,0.0,0.0,66.79098174656822,27.739336201205226,0.0
2024-11-16 21:00:00,56.32991181932594,0.0,0.0,56.32991181932594,28.253602941729593,0.0
2024-11-16 22:00:00,38.80453929558734,0.0,0.0,38.80453929558734,29.13453634215984,0.0
2024-11-16 23:00:00,37.35453698660232,0.0,0.0,37.35453698660232,30.294983785746638,0.0
2024-11-17 00:00:00,17.137551252159493,0.0,0.0,17.137551252159493,29.650411705109537,0.0
2024-11-17 01:00:00,14.167159434684041,0.0,0.0,14.167159434684041,30.137429919726088,0.0
2024-11-17 02:00:00,16.92384271568146,0.0,0.0,16.92384271568146,30.19503620952973,0.0
2024-11-17 03:00:00,17.933033606114346,0.0,0.0,17.933033606114346,30.222996011107107,0.0
2024-11-17 04:00:00,18.69409715462171,0.0,0.0,18.69409715462171,30.717207098482525,0.0
2024-11-17 05:00:00,15.61150019704213,0.0,0.0,15.61150019704213,28.640690829153808,0.0
2024-11-17 06:00:00,17.14323269194913,0.0,0.0,17.14323269194913,28.169247737308112,0.0
2024-11-17 07:00:00,0.0,20.422491183747443,0.0,20.24974283141399,27.239382266975383,168.3126629854967
2024-11-17 08:00:00,0.0,37.99764168295504,0.0,18.982408833475844,27.71720411810613,317.1865871776187
2024-11-17 09:00:00,0.0,41.900065991677714,0.0,19.114091478535688,25.803290517554444,342.1047565800026
2024-11-17 10:00:00,0.0,57.50562984536359,0.0,15.768335742247432,25.10302031972065,479.46344778120914
2024-11-17 11:00:00,0.0,66.58293723517616,0.0,15.123251790365217,23.734166319649766,559.9356139672864
2024-11-17 12:00:00,0.0,62.944144150688366,0.0,12.730000890776607,23.85407521143465,525.6423082428657
2024-11-17 13:00:00,0.0,82.41264919688695,0.0,13.20727923926475,24.068877611172393,718.0818510618274
2024-11-17 14:00:00,0.0,60.436304718790595,0.0,25.775464427921932,23.64283566689963,504.0083399703681
2024-11-17 15:00:00,0.0,47.89410471840416,0.0,11.920032869390946,23.581684725102097,395.64217554602146
2024-11-17 16:00:00,0.0,39.807486691127515,0.0,17.0128104742926,23.20282546679174,327.36246818811344
2024-11-17 17:00:00,4.120046547566609,17.283272610103985,0.0,21.403319157670595,24.377507364956248,138.84710755324497
2024-11-17 18:00:00,20.06992820522513,2.9294451597898707e-15,0.0,20.069928205225132,25.33981452472609,7.847349996669453e-14
2024-11-17 19:00:00,20.332713638417005,0.0,0.0,20.332713638417005,25.61457805638767,0.0
2024-11-17 20:00:00,22.753048287796815,0.0,0.0,22.753048287796815,27.343802721752088,0.0
2024-11-17 21:00:00,18.49955883715794,0.0,0.0,18.49955883715794,28.364758073944508,0.0
2024-11-17 22:00:00,23.001119399122956,0.0,0.0,23.001119399122956,28.5020327884361,0.0
2024-11-17 23:00:00,21.4251235803609,0.0,0.0,21.4251235803609,29.854146973801914,0.0
2024-11-18 00:00:00,39.58140731480507,0.0,0.0,39.58140731480507,29.65569794392078,0.0
2024-11-18 01:00:00,33.89742934332268,0.0,0.0,33.89742934332268,30.633788212218406,0.0
2024-11-18 02:00:00,35.34598041998361,0.0,0.0,35.34598041998361,31.1965541594463,0.0
2024-11-18 03:00:00,32.217113576139894,0.0,0.0,32.217113576139894,29.513386480462373,0.0
2024-11-18 04:00:00,35.68656915221949,0.0,0.0,35.68656915221949,30.095309944436128,0.0
2024-11-18 05:00:00,38.27452549702048,0.0,0.0,38.27452549702048,29.80683484665154,0.0
2024-11-18 06:00:00,227.32133672798633,0.0,57.89434720328948,227.32133672798633,27.944138659241343,0.0
2024-11-18 07:00:00,335.7429158023926,20.471356526771633,120.86608052865992,356.2142723291642,27.297785153166753,169.3188024295454
2024-11-18 08:00:00,365.102974475978,44.753567003426774,148.6593915744691,409.85654147940477,26.386290280302656,376.91832909646246
2024-11-18 09:00:00,319.89175495660606,51.94763185944883,136.8156051159362,371.8393868160549,25.707221552290374,432.3674236076448
2024-11-18 10:00:00,251.47531517315758,73.68259731078741,116.61067743072311,325.157912483945,24.75129607630695,632.6279564993691
2024-11-18 11:00:00,337.8905941492508,73.15394908104481,155.92678542650552,411.0445432302956,24.105462801236804,625.2251434851385
2024-11-18 12:00:00,214.73951097877722,101.51651719727903,106.64148250312587,316.25602817605625,24.06738408031081,877.7153981999692
2024-11-18 13:00:00,175.78134975234724,100.60968569844353,85.23136339982378,276.39103545079075,22.350832576462444,886.3633571834833
2024-11-18 14:00:00,154.0256532099366,68.35420961487311,60.93978590432235,222.3798628248097,22.69253211859657,582.5380967123599
2024-11-18 15:00:00,359.2600200120676,64.46400962517573,162.11842691108959,423.72402963724335,23.633702475510454,546.3062396775696
2024-11-18 16:00:00,291.80936075829135,40.96120514906915,119.55526563439338,332.7705659073605,23.92477799048216,340.0446750232114
2024-11-18 17:00:00,345.4022742139602,23.051789338303546,135.1466600791533,368.45406355226373,23.67533399824765,188.8271407766733
2024-11-18 18:00:00,395.64889606909577,2.357947661165844e-15,157.94205564388486,395.64889606909577,25.209329804569094,1.090111636173723e-13
2024-11-18 19:00:00,410.6512984440102,0.0,158.90518001716865,410.6512984440102,26.437045649968326,0.0
2024-11-18 20:00:00,408.4545817998747,0.0,160.7505951721292,408.4545817998747,26.654965572184505,0.0
2024-11-18 21:00:00,319.6289193157045,0.0,107.40152066371553,319.6289193157045,27.08136497624414,0.0
2024-11-18 22:00:00,30.690195762664153,0.0,0.0,30.690195762664153,28.866955957574383,0.0
2024-11-18 23:00:00,40.74703946667027,0.0,0.0,40.74703946667027,30.01587527905561,0.0
2024-11-19 00:00:00,29.50230157798765,0.0,0.0,29.50230157798765,30.38156593086289,0.0
2024-11-19 01:00:00,31.34883487893046,0.0,0.0,31.34883487893046,31.193913598323892,0.0
2024-11-19 02:00:00,37.35017181574061,0.0,0.0,37.35017181574061,31.838624986780648,0.0
2024-11-19 03:00:00,40.29260911812964,0.0,0.0,40.29260911812964,31.23196691883047,0.0
2024-11-19 04:00:00,34.18520533654772,0.0,0.0,34.18520533654772,29.95098791607863,0.0
2024-11-19 05:00:00,34.03652154269341,0.0,0.0,34.03652154269341,30.49012976288295,0.0
2024-11-19 06:00:00,206.7084811269647,0.0,54.10045057983587,206.7084811269647,29.05414285117569,0.0
2024-11-19 07:00:00,370.0473744664078,21.118974352400993,147.80644221898038,391.1663488188088,28.064052527698955,176.9099207280366
2024-11-19 08:00:00,323.6588923272209,52.10315499989451,137.57143087118564,375.7620473271154,26.92967317384424,444.81552394504024
2024-11-19 09:00:00,276.9256551213382,65.46559649778338,114.35462899116659,342.3912516191216,27.482884158061154,567.8647430193162
2024-11-19 10:00:00,303.2267719733776,75.18096626395365,141.21745848472543,378.4077382373313,25.626191509828423,652.4755186825887
2024-11-19 11:00:00,232.3987799218412,84.52195685786016,114.08030603689157,316.9207367797014,25.485341525308158,734.666984346224
2024-11-19 12:00:00,282.80364766102934,89.39001517753515,135.07819352793587,372.1936628385645,25.051935471381302,789.1481439925327
2024-11-19 13:00:00,159.82355435705887,89.57064766633648,72.94724809087546,249.39420202339537,24.493716272233,780.018790024215
2024-11-19 14:00:00,154.42687306906288,73.15281512215752,59.50148566812163,227.5796881912204,24.441832559324123,625.0654272592221
2024-11-19 15:00:00,271.68688424875023,64.23666654885103,131.406000430993,335.92355079760125,24.60333082102515,547.2410248990287
2024-11-19 16:00:00,280.39407417581333,43.6510524979337,117.06078551753829,324.045126673747,24.8315070994143,366.5619907701097
2024-11-19 17:00:00,385.0831133931199,22.062254258870347,154.83563595059087,407.1453676519902,24.938593678026212,181.00544912229395
2024-11-19 18:00:00,347.13790790728393,1.997384551711512e-15,133.8965408148817,347.13790790728393,25.618878588261342,8.934771096269149e-14
2024-11-19 19:00:00,372.31092084787826,0.0,136.34254489782032,372.31092084787826,26.83518973939035,0.0
2024-11-19 20:00:00,349.5361763007415,0.0,128.56695899388825,349.5361763007415,27.73046514531263,0.0
2024-11-19 21:00:00,295.1162571485467,0.0,95.32460139870275,295.1162571485467,28.91407369340925,0.0
2024-11-19 22:00:00,29.690038480640013,0.0,0.0,29.690038480640013,30.09437220291972,0.0
2024-11-19 23:00:00,35.395918555344046,0.0,0.0,35.395918555344046,30.4403735837748,0.0
2024-11-20 00:00:00,36.63359679287652,0.0,0.0,36.63359679287652,28.57114113248803,0.0
2024-11-20 01:00:00,33.071490186701034,0.0,0.0,33.071490186701034,28.235656563447506,0.0
2024-11-20 02:00:00,27.371179564564883,0.0,0.0,27.371179564564883,29.061025475861413,0.0
2024-11-20 03:00:00,30.540895688316418,0.0,0.0,30.540895688316418,28.65398929004955,0.0
2024-11-20 04:00:00,35.169502698402695,0.0,0.0,35.169502698402695,28.611396890866214,0.0
2024-11-20 05:00:00,31.851259391886604,0.0,0.0,31.851259391886604,28.541506307386598,0.0
2024-11-20 06:00:00,221.25876181239383,0.0,58.54195830286527,221.25876181239383,27.737689332720414,0.0
2024-11-20 07:00:00,358.10290435111983,16.141524895532214,133.76348938106236,374.24442924665203,27.780449545129002,131.3217758244556
2024-11-20 08:00:00,305.67543009419467,36.68617291589382,115.2249933861179,342.36160301008846,26.187034854842167,305.28865895234185
2024-11-20 09:00:00,407.2427837472651,36.74125396989437,178.27653738273403,443.9840377171595,25.994211062599604,297.7931132308819
2024-11-20 10:00:00,370.4934867041949,63.610741539883875,170.70598568638357,434.10422824407874,24.55306378079604,539.5134306298227
2024-11-20 11:00:00,350.1884447240681,65.16833297712044,163.06420370666504,415.35677770118855,24.013473716300677,543.0207594355327
2024-11-20 12:00:00,293.75395515232526,63.38102405501209,132.479803367143,357.1349792073373,22.73495402974506,526.9209245985825
2024-11-20 13:00:00,189.7873344977597,64.19159231919122,81.21690136946866,253.97892681695092,22.027499045124692,527.6515838502273
2024-11-20 14:00:00,153.8704541125688,57.83235507433525,59.28379277519778,211.70280918690406,22.221014133400637,477.9063552006257
2024-11-20 15:00:00,295.56883576103644,56.293615834358555,129.76258573406116,351.862451595395,22.55881892145034,468.48138279660714
2024-11-20 16:00:00,309.79066596495073,48.805504490223235,128.40106117897685,358.596170455174,22.600325723553027,404.841578940316
2024-11-20 17:00:00,397.1503591690474,20.974162237792164,163.28445950314472,418.12452140683956,22.970049132412736,169.95296228694656
2024-11-20 18:00:00,368.5951818791158,4.598680929202858e-15,141.7142498660925,368.5951818791158,24.403912925011454,6.380077696236694e-14
2024-11-20 19:00:00,344.7075039823384,0.0,126.54186693327618,344.7075039823384,24.536928837843625,0.0
2024-11-20 20:00:00,404.31789002733933,0.0,156.0755095504113,404.31789002733933,25.17874810474181,0.0
2024-11-20 21:00:00,244.96149877650484,0.0,80.5931693726482,244.96149877650484,26.2903176797111,0.0
2024-11-20 22:00:00,38.64723985315085,0.0,0.0,38.64723985315085,27.578316334669452,0.0
2024-11-20 23:00:00,32.57056893083258,0.0,0.0,32.57056893083258,27.924908259071728,0.0
2024-11-21 00:00:00,28.888450963982855,0.0,0.0,28.888450963982855,30.28388142399001,0.0
2024-11-21 01:00:00,33.13575655629362,0.0,0.0,33.13575655629362,31.047800007055073,0.0
2024-11-21 02:00:00,31.881948011723736,0.0,0.0,31.881948011723736,31.154058985835405,0.0
2024-11-21 03:00:00,35.39119899843588,0.0,0.0,35.39119899843588,30.417164899870812,0.0
2024-11-21 04:00:00,35.42905030035466,0.0,0.0,35.42905030035466,29.745955582129792,0.0
2024-11-21 05:00:00,28.303501844239506,0.0,0.0,28.303501844239506,29.55389946398204,0.0
2024-11-21 06:00:00,200.60828137925557,0.0,45.71767903990177,200.60828137925557,29.444659867295506,0.0
2024-11-21 07:00:00,333.2376504651871,28.80301746875559,126.32892189799189,362.04066793394264,28.717302234784835,245.8780928473947
2024-11-21 08:00:00,341.06733150544517,38.99591667307833,135.13996861752938,380.0632481785235,27.543282422920406,332.1451414666531
2024-11-21 09:00:00,342.11690813180013,52.04998569290402,145.63442134975864,394.1668938247042,27.061688830042616,443.3285627395524
2024-11-21 10:00:00,298.57772410108873,76.74086097276941,144.94726106511797,375.3185850738582,26.481438522213416,672.6422233187689
2024-11-21 11:00:00,339.71019092288554,77.59224983911454,159.99572547053717,417.30244076200006,24.65034976418605,671.278682199196
2024-11-21 12:00:00,291.37757009327674,88.76823141205625,139.12228143329702,380.145801505333,25.079030176151438,778.2322781771836
2024-11-21 13:00:00,179.17665595841748,85.57590984378886,81.51866622917603,264.75256580220633,23.85582230999612,749.147406769107
2024-11-21 14:00:00,148.72140493717473,76.19142140172056,64.09676585075117,224.9128263388953,24.376761811033763,663.6342870334278
2024-11-21 15:00:00,344.5541629958692,59.63501838607571,156.4464804634878,404.18918138194493,24.340383304728373,507.10478903499654
2024-11-21 16:00:00,329.58852283031007,48.644527678682984,139.45822879900908,378.2330505089931,23.347219339531883,407.02978812032546
2024-11-21 17:00:00,359.35282416003815,23.925591879705564,146.66142152898132,383.2784160397437,24.40885016078742,195.94156904127757
2024-11-21 18:00:00,362.66981078067704,2.2932229147344896e-15,135.7266580125076,362.66981078067704,25.00619350424855,1.0593883539557573e-13
2024-11-21 19:00:00,342.2261114090271,0.0,125.93919346614076,342.2261114090271,25.569947288731964,0.0
2024-11-21 20:00:00,441.17196660351993,0.0,173.8106149365981,441.17196660351993,27.80649495410156,0.0
2024-11-21 21:00:00,257.13055674996457,0.0,80.8668541510377,257.13055674996457,29.307090047822587,0.0
2024-11-21 22:00:00,37.521237783417895,0.0,0.0,37.521237783417895,28.988001210054204,0.0
2024-11-21 23:00:00,36.667739911439234,0.0,0.0,36.667739911439234,30.268789529239836,0.0
2024-11-22 00:00:00,30.856087389666936,0.0,0.0,30.856087389666936,31.892594657312397,0.0
2024-11-22 01:00:00,26.183622149848087,0.0,0.0,26.183622149848087,31.604099327324608,0.0
2024-11-22 02:00:00,35.6961754796973,0.0,0.0,35.6961754796973,31.60653655276397,0.0
2024-11-22 03:00:00,38.74649189512992,0.0,0.0,38.74649189512992,31.377089513362183,0.0
2024-11-22 04:00:00,36.26935292104248,0.0,0.0,36.26935292104248,31.419061439569514,0.0
2024-11-22 05:00:00,37.23154714592016,0.0,0.0,37.23154714592016,31.031413844390695,0.0
2024-11-22 06:00:00,215.33351442388582,0.0,58.681458467668335,215.33351442388582,30.10009553824108,0.0
2024-11-22 07:00:00,331.90358217846654,19.325971560883556,120.90629885209704,351.2295537393501,29.238791280988746,163.1802821797273
2024-11-22 08:00:00,388.0505701385594,34.10931427028822,152.994435507761,422.15988440884763,28.09359163461751,286.0835630593402
2024-11-22 09:00:00,292.2631934820254,44.13119477662525,125.31652694817305,336.3943882586506,26.416849164826278,367.8684535812219
2024-11-22 10:00:00,365.2385782344148,59.78487843233659,166.4109097857287,425.0234566667514,26.81805127959979,508.8545111811659
2024-11-22 11:00:00,381.42330663282195,52.63594659939327,168.11309336050368,434.0592532322152,25.002006791261152,429.35036550596595
2024-11-22 12:00:00,348.5657951451875,54.354209370979035,150.56035654529168,402.92000451616656,25.397796993018865,448.10303907434786
2024-11-22 13:00:00,217.19554260290715,57.15165807239897,86.48223721323254,274.3472006753061,25.11632101820623,470.6509893777276
2024-11-22 14:00:00,132.95051535880597,61.6249594893762,55.93173381502235,194.57547484818218,24.048977032976126,518.707624620246
2024-11-22 15:00:00,321.1387866345758,48.89245228196535,141.82249791721748,370.03123891654116,24.434552297907175,404.56426372742953
2024-11-22 16:00:00,349.909229186202,39.05621669084094,148.33160052374072,388.96544587704295,26.148841447670826,326.05516262715975
2024-11-22 17:00:00,373.1691397649777,16.29140953116845,143.77886726387922,389.4605492961461,25.604578232133886,130.0484619604993
2024-11-22 18:00:00,404.0125009129966,3.2940064951653925e-15,156.4892936467331,404.0125009129966,25.75908624750423,7.544591609063958e-14
2024-11-22 19:00:00,355.04519471233624,0.0,129.41425170822993,355.04519471233624,27.613766047219187,0.0
2024-11-22 20:00:00,411.3788340035025,0.0,164.27517421534336,411.3788340035025,27.7328554824349,0.0
2024-11-22 21:00:00,270.06832319588955,0.0,81.88626759251899,270.06832319588955,28.064797731853265,0.0
2024-11-22 22:00:00,33.23963136713318,0.0,0.0,33.23963136713318,30.129077859244724,0.0
2024-11-22 23:00:00,25.907543935972544,0.0,0.0,25.907543935972544,30.13575791148284,0.0
2024-11-23 00:00:00,28.912019254415135,0.0,0.0,28.912019254415135,30.433570630692785,0.0
2024-11-23 01:00:00,33.96599439107916,0.0,0.0,33.96599439107916,30.21628291929658,0.0
2024-11-23 02:00:00,37.23132691930196,0.0,0.0,37.23132691930196,31.09548964347087,0.0
2024-11-23 03:00:00,34.046677777232,0.0,0.0,34.046677777232,30.714377100650733,0.0
2024-11-23 04:00:00,33.89511512773298,0.0,0.0,33.89511512773298,28.978372165102073,0.0
2024-11-23 05:00:00,34.620520111714086,0.0,0.0,34.620520111714086,29.907767550841236,0.0
2024-11-23 06:00:00,56.03822194782959,0.0,0.0,56.03822194782959,28.84702188212083,0.0
2024-11-23 07:00:00,47.67411855746959,14.178588257812327,0.0,61.85270681528192,28.856113025290252,115.27160412555136
2024-11-23 08:00:00,27.764723753825542,30.60332551000338,0.0,58.36804926382892,27.439491470843954,252.31354181985466
2024-11-23 09:00:00,15.942270644706696,48.54514097801871,0.0,64.4874116227254,26.714099810353712,409.2071413722731
2024-11-23 10:00:00,2.2448348634808397,55.41536507996529,0.0,57.66019994344613,25.136617145825564,465.0789365091992
2024-11-23 11:00:00,0.0,56.24654430105567,0.0,54.45661949803087,24.37197993677413,466.1108534006709
2024-11-23 12:00:00,0.0,58.263316450115944,0.0,57.551757263430005,24.19797396756021,479.4979713935503
2024-11-23 13:00:00,0.0,65.51146559621148,0.0,62.609544225618734,23.680839090927364,551.7774778625538
2024-11-23 14:00:00,24.096376308552905,36.748366118242494,0.0,60.8447424267954,24.41089207244107,295.1140507752971
2024-11-23 15:00:00,9.667608683873162,50.02599068859332,0.0,59.69359937246648,23.784487624962626,412.61095671540807
2024-11-23 16:00:00,37.871102384274835,24.049741709963186,0.0,61.92084409423802,23.598387758098628,190.24753644840084
2024-11-23 17:00:00,45.17124430985191,13.66649568541827,0.0,58.83773999527018,24.35322335533878,107.50030164186273
2024-11-23 18:00:00,58.00942254259021,4.8920176197862146e-15,0.0,58.009422542590215,25.97441308864303,5.92528292742014e-14
2024-11-23 19:00:00,56.958861344156205,0.0,0.0,56.958861344156205,26.25239221634574,0.0
2024-11-23 20:00:00,55.04354683782153,0.0,0.0,55.04354683782153,27.131531662361148,0.0
2024-11-23 21:00:00,61.67687183739515,0.0,0.0,61.67687183739515,28.677847988803748,0.0
2024-11-23 22:00:00,31.60778515168719,0.0,0.0,31.60778515168719,28.534505951903256,0.0
2024-11-23 23:00:00,30.096294458399186,0.0,0.0,30.096294458399186,28.599173131275275,0.0
2024-11-24 00:00:00,21.470275242352724,0.0,0.0,21.470275242352724,28.904410550084283,0.0
2024-11-24 01:00:00,19.2530357627833,0.0,0.0,19.2530357627833,29.80153989630198,0.0
2024-11-24 02:00:00,20.728791161554632,0.0,0.0,20.728791161554632,29.674999199848024,0.0
2024-11-24 03:00:00,16.948705249374264,0.0,0.0,16.948705249374264,28.90028054198659,0.0
2024-11-24 04:00:00,15.637591358330173,0.0,0.0,15.637591358330173,29.83887363893838,0.0
2024-11-24 05:00:00,18.23421179050041,0.0,0.0,18.23421179050041,28.85637716721221,0.0
2024-11-24 06:00:00,18.34499962860388,0.0,0.0,18.34499962860388,28.244262307373816,0.0
2024-11-24 07:00:00,0.0,20.62080368489439,0.0,15.491440361452876,27.415426747767576,175.62642433930097
2024-11-24 08:00:00,0.0,36.03953983798341,0.0,22.02505209404261,25.65049283709212,303.0280695535867
2024-11-24 09:00:00,0.0,53.65429958285304,0.0,21.77989882774028,25.54532776037299,453.77531524997966
2024-11-24 10:00:00,0.0,70.0572255394937,0.0,18.876088187281166,25.003481851618073,602.7702532741537
2024-11-24 11:00:00,0.0,67.18540719614725,0.0,15.513223022392374,24.39503634104948,567.9181475062838
2024-11-24 12:00:00,0.0,78.6582710438213,0.0,15.97139594856689,23.62929770927801,685.3491706819881
2024-11-24 13:00:00,0.0,74.2101642828073,0.0,20.340979914112403,23.175579397301345,634.3522983772307
2024-11-24 14:00:00,0.0,64.15607756340799,0.0,11.792294353371243,21.931044327631863,539.2419122058892
2024-11-24 15:00:00,0.0,54.02457498529934,0.0,17.20293883848725,22.911547241616596,450.5005722674094
2024-11-24 16:00:00,0.0,40.12789679121502,0.0,18.67245882631543,22.79037887205331,330.56079218201717
2024-11-24 17:00:00,0.0,19.802478044048808,0.0,15.621723582460994,24.465965166837332,159.04739691563412
2024-11-24 18:00:00,19.377400359220974,2.4833082338562002e-15,0.0,19.377400359220978,25.114944706205595,8.246853697447383e-14
2024-11-24 19:00:00,19.576841558805135,0.0,0.0,19.576841558805135,24.91862389679815,0.0
2024-11-24 20:00:00,14.943192682093962,0.0,0.0,14.943192682093962,26.276765868164063,0.0
2024-11-24 21:00:00,19.975836115808832,0.0,0.0,19.975836115808832,27.329876339629447,0.0
2024-11-24 22:00:00,17.679747855551167,0.0,0.0,17.679747855551167,28.500150588761585,0.0
2024-11-24 23:00:00,16.01658305775689,0.0,0.0,16.01658305775689,27.936819569236256,0.0
2024-11-25 00:00:00,33.65955420358868,0.0,0.0,33.65955420358868,30.662500234648522,0.0
2024-11-25 01:00:00,36.02792486638134,0.0,0.0,36.02792486638134,32.13603712575395,0.0
2024-11-25 02:00:00,40.96546054080429,0.0,0.0,40.96546054080429,30.970514067134083,0.0
2024-11-25 03:00:00,30.205146094144276,0.0,0.0,30.205146094144276,32.19624907523957,0.0
2024-11-25 04:00:00,41.49237630387861,0.0,0.0,41.49237630387861,32.06341527835871,0.0
2024-11-25 05:00:00,29.153232690180424,0.0,0.0,29.153232690180424,31.829136166638605,0.0
2024-11-25 06:00:00,196.70818857513112,0.0,52.74848987263369,196.70818857513112,30.174938352693808,0.0
2024-11-25 07:00:00,384.699509451711,18.80217076206766,147.6672053739006,403.5016802137786,29.722679959248204,160.27132034375924
2024-11-25 08:00:00,356.9116525521668,35.498617659666586,148.57837307882622,392.4102702118334,29.061977398151967,301.5167937832851
2024-11-25 09:00:00,281.0920708634031,69.43712864693866,117.75245116891199,350.52919951034175,27.2424958162558,615.994079626141
2024-11-25 10:00:00,314.4455342632122,59.72632767060652,135.64418553634601,374.1718619338187,27.443896377197603,516.0624124096518
2024-11-25 11:00:00,259.2882601550076,56.94989557468503,111.54828786740086,316.2381557296926,26.398519906782713,472.37332184239966
2024-11-25 12:00:00,299.4411129118369,62.38127600187425,132.8711740120235,361.82238891371117,25.40241039972336,524.6614670670738
2024-11-25 13:00:00,173.85503257473079,78.48041059136723,80.09090001923336,252.33544316609803,25.42617237242286,679.9763285444774
2024-11-25 14:00:00,144.1384834399973,74.21662339061984,58.69552761482212,218.35510683061713,25.166555235731934,647.6369210648501
2024-11-25 15:00:00,296.4994618334777,50.09190716408151,131.273910473712,346.59136899755924,25.745519061434,420.33235017073366
2024-11-25 16:00:00,316.0570548828261,44.20594052433832,134.64756948800678,360.2629954071644,25.524903520002802,371.7282358761202
2024-11-25 17:00:00,383.84937440534384,22.308228101286026,161.08039987025714,406.15760250662987,26.374893990858318,181.85069643166116
2024-11-25 18:00:00,438.3856994142909,3.0449046066164547e-15,171.9147378423746,438.3856994142909,26.675756669245146,7.738001914488793e-14
2024-11-25 19:00:00,331.17260185272096,0.0,129.37711189835937,331.17260185272096,27.361434401117116,0.0
2024-11-25 20:00:00,402.4595352042809,0.0,157.02440851068158,402.4595352042809,28.821988874276727,0.0
2024-11-25 21:00:00,256.8966627982088,0.0,88.81575235323982,256.8966627982088,29.19370530267134,0.0
2024-11-25 22:00:00,37.03820615349374,0.0,0.0,37.03820615349374,30.886512624046215,0.0
2024-11-25 23:00:00,36.55229368228343,0.0,0.0,36.55229368228343,31.50721247856328,0.0
2024-11-26 00:00:00,32.6527196095267,0.0,0.0,32.6527196095267,31.024840039013814,0.0
2024-11-26 01:00:00,37.28532221467745,0.0,0.0,37.28532221467745,31.86393896188855,0.0
2024-11-26 02:00:00,35.64986360092268,0.0,0.0,35.64986360092268,31.491458403773212,0.0
2024-11-26 03:00:00,36.25108415958312,0.0,0.0,36.25108415958312,30.95489234305112,0.0
2024-11-26 04:00:00,30.967858984537003,0.0,0.0,30.967858984537003,31.10878468346224,0.0
2024-11-26 05:00:00,30.108623732145716,0.0,0.0,30.108623732145716,30.82602367345678,0.0
2024-11-26 06:00:00,208.4216527899076,0.0,47.08890422285383,208.4216527899076,30.38701271639699,0.0
2024-11-26 07:00:00,349.8385855229047,22.249557291989795,131.22582384014987,372.08814281489447,29.356914977034215,194.40044200627852
2024-11-26 08:00:00,256.007073698914,42.14106891847799,99.35338394325112,298.14814261739195,28.830145661454335,368.7603763312061
2024-11-26 09:00:00,330.21012121433336,57.43615991533681,147.11081955539373,387.6462811296702,26.97985861037311,497.06767479169775
2024-11-26 10:00:00,300.8491984739303,63.767238664790135,127.15572828100223,364.6164371387204,26.437959159984143,545.7501489708185
2024-11-26 11:00:00,300.5027122105387,77.92718516374512,144.40845885358908,378.4298973742838,26.723617970670468,687.9385669999403
2024-11-26 12:00:00,365.4181111034012,78.32407308983747,179.13606488448954,443.74218419323864,24.37967941421927,677.811339607226
2024-11-26 13:00:00,224.32396128631927,74.11673305824682,99.12132995341602,298.4406943445661,24.769590808965486,637.0053769182147
2024-11-26 14:00:00,121.08169027160766,88.1331938615268,52.628063969463,209.21488413313446,24.340561380058897,767.723654238967
2024-11-26 15:00:00,294.1637833814368,48.0686305116998,128.12485338285646,342.2324138931366,24.897868759801444,400.17721400107837
2024-11-26 16:00:00,374.0245356648333,45.12281980672229,160.92498693233617,419.1473554715556,25.127995696976626,377.8754600335845
2024-11-26 17:00:00,332.34333035576196,19.839921380975923,128.1815791363629,352.1832517367379,26.202512338832346,159.77959544451627
2024-11-26 18:00:00,399.86292104787714,2.2464325927471734e-15,156.623499430307,399.86292104787714,26.754068683644974,8.48526905991774e-14
2024-11-26 19:00:00,443.76883530759716,0.0,181.48608344042927,443.76883530759716,26.817632910126257,0.0
2024-11-26 20:00:00,416.86153117954586,0.0,152.12470974616892,416.86153117954586,28.08222731735068,0.0
2024-11-26 21:00:00,283.9279154105733,0.0,95.62331729131841,283.9279154105733,29.282116487236202,0.0
2024-11-26 22:00:00,31.567997196549275,0.0,0.0,31.567997196549275,30.49599879595973,0.0
2024-11-26 23:00:00,32.465073834772284,0.0,0.0,32.465073834772284,32.0676602304331,0.0
2024-11-27 00:00:00,32.49583282605992,0.0,0.0,32.49583282605992,29.633062202158758,0.0
2024-11-27 01:00:00,35.846916833284986,0.0,0.0,35.846916833284986,29.125065826172506,0.0
2024-11-27 02:00:00,36.836341692663524,0.0,0.0,36.836341692663524,29.703652766735914,0.0
2024-11-27 03:00:00,36.241731145899024,0.0,0.0,36.241731145899024,29.721803883964153,0.0
2024-11-27 04:00:00,44.63480576105074,0.0,0.0,44.63480576105074,29.021968872509287,0.0
2024-11-27 05:00:00,27.067714092310567,0.0,0.0,27.067714092310567,28.9605780315557,0.0
2024-11-27 06:00:00,233.77859956055576,0.0,63.08777094389529,233.77859956055576,26.86488685023527,0.0
2024-11-27 07:00:00,346.7144225756496,27.49164289942672,134.5613488367719,374.20606547507634,27.433016862958333,241.14869309465902
2024-11-27 08:00:00,355.24288212626413,40.832569609236,146.63521547821463,396.07545173550017,26.012381683220276,350.0367499480779
2024-11-27 09:00:00,304.6991678477034,59.976904464053604,128.87079197996746,364.676072311757,25.289856120728928,521.4731328649524
2024-11-27 10:00:00,331.07123599607667,82.76130210314584,160.8814760058623,413.8325380992225,25.23343686394876,734.1935404826165
2024-11-27 11:00:00,262.02022273485613,85.74427345432716,127.03694087355397,347.76449618918326,23.144943072478135,745.4773127914096
2024-11-27 12:00:00,327.44903434710943,80.19329181848103,152.48908602926204,407.6423261655905,23.35584612049189,700.9410794638378
2024-11-27 13:00:00,192.21503549640698,103.33224681956091,95.17618904413202,295.5472823159679,23.266795791926995,917.6295349746149
2024-11-27 14:00:00,134.52884480461444,75.19968131153702,54.197638454471495,209.72852611615147,22.83574362357866,641.0444712986971
2024-11-27 15:00:00,296.0827817021932,66.84014309463221,132.22581311811155,362.9229247968254,22.062738849663685,566.6916179613106
2024-11-27 16:00:00,335.48562012436963,47.89941205277029,140.08187555239718,383.3850321771399,23.89468479484064,400.2199668228587
2024-11-27 17:00:00,330.41774277334923,27.931935539422103,129.78284986780685,358.34967831277135,23.670024635079418,225.25592468804615
2024-11-27 18:00:00,383.0782784320389,2.263910666874762e-15,144.72866572203338,383.0782784320389,24.2368049693965,1.0427590138995496e-13
2024-11-27 19:00:00,348.71389811071793,0.0,129.43317547027857,348.71389811071793,25.189467295480227,0.0
2024-11-27 20:00:00,356.36713142383996,0.0,130.46507741800792,356.36713142383996,26.05950219893272,0.0
2024-11-27 21:00:00,278.3990816289666,0.0,90.17601977497895,278.3990816289666,26.561352215919445,0.0
2024-11-27 22:00:00,38.042703680523644,0.0,0.0,38.042703680523644,28.08305068747417,0.0
2024-11-27 23:00:00,32.55095515523839,0.0,0.0,32.55095515523839,28.426832624631427,0.0
2024-11-28 00:00:00,39.45875506544769,0.0,0.0,39.45875506544769,29.313603971293404,0.0
2024-11-28 01:00:00,33.729654271774216,0.0,0.0,33.729654271774216,29.58660906079228,0.0
2024-11-28 02:00:00,39.50668796157606,0.0,0.0,39.50668796157606,30.259905627854856,0.0
2024-11-28 03:00:00,35.99373548967266,0.0,0.0,35.99373548967266,29.22199474229835,0.0
2024-11-28 04:00:00,35.90109685267502,0.0,0.0,35.90109685267502,28.57653495969608,0.0
2024-11-28 05:00:00,38.75266922278198,0.0,0.0,38.75266922278198,27.68707348854951,0.0
2024-11-28 06:00:00,220.93921125659605,0.0,60.52008156635749,220.93921125659605,28.79374261501036,0.0
2024-11-28 07:00:00,361.51550134317387,23.677573049322998,138.31742083088255,385.19307439249684,27.18399157808984,208.0481366448768
2024-11-28 08:00:00,297.1159780039611,44.162046924162986,119.03846130434046,341.2780249281241,25.600860961383056,380.4592324180686
2024-11-28 09:00:00,347.2574518881376,70.91677511492396,159.1847638839343,418.17422700306156,25.887781808747697,628.0393673711801
2024-11-28 10:00:00,295.60305160983364,76.53387398956247,136.1102805333229,372.13692559939614,24.875152113915966,671.8737934139388
2024-11-28 11:00:00,355.8597285059453,85.04346583918753,171.88798901712988,440.9031943451329,22.796558436592466,741.241655164775
2024-11-28 12:00:00,291.5868771966632,91.69583475847979,140.613344576975,383.282711955143,22.539244571185428,805.4541733492692
2024-11-28 13:00:00,166.91829351069896,99.95241194288593,86.66089666223128,266.8707054535849,22.50016810738103,879.7416370985499
2024-11-28 14:00:00,124.52460803873333,85.44496985280182,54.53901684526919,209.96957789153515,21.91202837397197,737.5508782666341
2024-11-28 15:00:00,308.4182085612615,68.7497430696223,145.96858065944923,377.1679516308838,22.518040798505787,585.3029731674716
2024-11-28 16:00:00,414.23598039322064,43.815773619988754,192.04108480950674,458.0517540132094,23.271962981947308,363.204202252281
2024-11-28 17:00:00,356.6983134971026,24.241662265821773,137.52719187631067,380.9399757629244,22.785566758658888,193.71931666535335
2024-11-28 18:00:00,425.0258163234356,1.9865169533466985e-15,160.6876813814101,425.0258163234356,24.34357119595992,9.039860792129553e-14
2024-11-28 19:00:00,387.3292864247133,0.0,143.79153047566533,387.3292864247133,25.625453251830482,0.0
2024-11-28 20:00:00,408.6312155862297,0.0,159.22655468820082,408.6312155862297,26.147181041608214,0.0
2024-11-28 21:00:00,230.04313838598424,0.0,68.98236750077244,230.04313838598424,26.81512940244173,0.0
2024-11-28 22:00:00,33.53937807705561,0.0,0.0,33.53937807705561,27.363020042184825,0.0
2024-11-28 23:00:00,30.879751422967338,0.0,0.0,30.879751422967338,28.83736559217554,0.0
2024-11-29 00:00:00,35.9014729191215,0.0,0.0,35.9014729191215,28.800319558028928,0.0
2024-11-29 01:00:00,37.366108609842165,0.0,0.0,37.366108609842165,29.85982699836671,0.0
2024-11-29 02:00:00,28.747548986213705,0.0,0.0,28.747548986213705,29.87044856733407,0.0
2024-11-29 03:00:00,39.76374103836205,0.0,0.0,39.76374103836205,30.301236605924004,0.0
2024-11-29 04:00:00,33.99877486329818,0.0,0.0,33.99877486329818,29.0974052335185,0.0
2024-11-29 05:00:00,33.659873154636934,0.0,0.0,33.659873154636934,28.583696529013768,0.0
2024-11-29 06:00:00,249.7847543845875,0.0,68.08586201527321,249.7847543845875,27.486758265491698,0.0
2024-11-29 07:00:00,381.1691133985813,22.976307708179768,147.3596126081977,404.1454211067611,27.482199495966437,203.1653435431333
2024-11-29 08:00:00,333.1725002392554,49.013059842063115,138.68448785660894,382.1855600813185,26.145782779291284,431.2624029618043
2024-11-29 09:00:00,335.3282923103961,63.97784405558138,155.37216605639753,399.30613636597747,25.02078705431366,559.0254788594741
2024-11-29 10:00:00,288.1591174009301,91.2244294474709,144.55071896437417,379.383546848401,24.22428256746877,814.9244304289521
2024-11-29 11:00:00,258.5999310690844,91.31783580606353,126.14276259039568,349.9177668751479,24.15136971488595,818.9292363273781
2024-11-29 12:00:00,216.62569740470815,94.01858086189736,107.96826319730432,310.6442782666055,22.775121537700343,837.0320859531895
2024-11-29 13:00:00,228.26293250121267,91.44850333469452,101.11280208655774,319.7114358359072,22.46986732630583,798.5793903965985
2024-11-29 14:00:00,106.64040421407307,93.6009242725317,55.72975714047944,200.24132848660477,23.305871413566102,822.1637694144547
2024-11-29 15:00:00,309.4328354341589,59.31342647538079,133.76575754099778,368.74626190953967,22.893890020880935,500.72187975591464
2024-11-29 16:00:00,297.5340319341906,56.4453767958611,134.87316269001278,353.97940873005166,23.804324330554028,474.99999999999994
2024-11-29 17:00:00,397.0339015391804,26.00398167432249,163.36869092731447,423.03788321350294,23.703139058999913,207.81746058536197
2024-11-29 18:00:00,365.9930811781016,2.1118061982206526e-15,135.51591188525413,365.9930811781016,24.607127751109093,8.697752340497147e-14
2024-11-29 19:00:00,403.45552377381455,0.0,151.68220991888202,403.45552377381455,25.529973678916697,0.0
2024-11-29 20:00:00,370.6760396985284,0.0,137.73152084650727,370.6760396985284,27.051333834380824,0.0
2024-11-29 21:00:00,254.2654611237596,0.0,74.77138033842662,254.2654611237596,27.916493771771368,0.0
2024-11-29 22:00:00,33.341070626691106,0.0,0.0,33.341070626691106,28.68430921990358,0.0
2024-11-29 23:00:00,40.92449015710759,0.0,0.0,40.92449015710759,28.51815499999263,0.0
2024-11-30 00:00:00,44.939142094984184,0.0,0.0,44.939142094984184,30.692001927138584,0.0
2024-11-30 01:00:00,39.55358398337583,0.0,0.0,39.55358398337583,31.91546392212685,0.0
2024-11-30 02:00:00,39.60197833432723,0.0,0.0,39.60197833432723,32.34270764973507,0.0
2024-11-30 03:00:00,38.77549408953993,0.0,0.0,38.77549408953993,32.11647755665577,0.0
2024-11-30 04:00:00,37.65368846059979,0.0,0.0,37.65368846059979,31.191941340496903,0.0
2024-11-30 05:00:00,29.623586519529493,0.0,0.0,29.623586519529493,30.99310580517465,0.0
2024-11-30 06:00:00,55.588104109351534,0.0,0.0,55.588104109351534,30.277021625127226,0.0
2024-11-30 07:00:00,40.62969947991328,18.3728578849041,0.0,59.00255736481738,29.134665852133185,160.08952547607896
2024-11-30 08:00:00,30.49454706374025,34.53859967749337,0.0,65.03314674123362,28.25051461095316,296.08482489446465
2024-11-30 09:00:00,11.173966114193647,51.823450171137395,0.0,62.99741628533104,27.29755880912724,449.3082370123785
2024-11-30 10:00:00,0.7490517034727446,64.87087512250255,0.0,65.6199268259753,26.01027953194521,561.6536722289535
2024-11-30 11:00:00,0.0,68.12381719678321,0.0,59.4843544466827,25.33642784565377,586.132139691748
2024-11-30 12:00:00,0.0,77.4725856843112,0.0,61.2722562844849,24.7724937045843,678.9424394173456
2024-11-30 13:00:00,0.0,65.02982566319704,0.0,59.59252148139179,23.97396901818167,546.9032727768091
2024-11-30 14:00:00,1.622999309710167,58.75908828916781,0.0,60.38208759887798,24.725757762258866,490.0149072712189
2024-11-30 15:00:00,2.603623834945843,55.533537131591025,0.0,58.13716096653687,24.753300720154144,471.49370718497136
2024-11-30 16:00:00,19.17459799023478,33.630282782898455,0.0,52.804880773133235,25.504220953180972,274.9205836339227
2024-11-30 17:00:00,36.150681117400936,22.438061147780182,0.0,58.58874226518112,26.309812705921303,179.6367880603143
2024-11-30 18:00:00,60.17604094136333,2.9554220940970633e-15,0.0,60.17604094136333,27.066474981007925,7.808012609549138e-14
2024-11-30 19:00:00,65.13737609879549,0.0,0.0,65.13737609879549,27.957693869880714,0.0
2024-11-30 20:00:00,64.11544628727529,0.0,0.0,64.11544628727529,27.775787284940158,0.0
2024-11-30 21:00:00,62.323433980540216,0.0,0.0,62.323433980540216,28.344214817449902,0.0
2024-11-30 22:00:00,44.20322770917293,0.0,0.0,44.20322770917293,30.369699587617376,0.0
2024-11-30 23:00:00,34.811456993303246,0.0,0.0,34.811456993303246,31.320268251838026,0.0
2024-12-01 00:00:00,22.744348665928186,0.0,0.0,22.744348665928186,30.639772615605807,0.0
2024-12-01 01:00:00,16.152364437860125,0.0,0.0,16.152364437860125,30.453925975612982,0.0
2024-12-01 02:00:00,11.49514815418407,0.0,0.0,11.49514815418407,29.332335504953242,0.0
2024-12-01 03:00:00,14.570322592784303,0.0,0.0,14.570322592784303,30.39423260248359,0.0
2024-12-01 04:00:00,21.345152990999985,0.0,0.0,21.345152990999985,30.139496825955298,0.0
2024-12-01 05:00:00,15.94339497613222,0.0,0.0,15.94339497613222,29.931598723537267,0.0
2024-12-01 06:00:00,19.10495871177157,0.0,0.0,19.10495871177157,29.295501825746673,0.0
2024-12-01 07:00:00,0.0,22.360535670046197,0.0,16.709965528206855,28.191370838306547,200.73794640254263
2024-12-01 08:00:00,0.0,47.962017112620195,0.0,15.590213274566892,26.537048029607128,423.6578051044995
2024-12-01 09:00:00,0.0,60.76762750815506,0.0,21.975471582956583,25.410262163619905,533.6629854339685
2024-12-01 10:00:00,0.0,75.30389247404067,0.0,22.037284203734238,25.34766805466321,660.5358070173863
2024-12-01 11:00:00,0.0,84.7988026216867,0.0,17.804229148328023,23.95960618938936,747.5262563018242
2024-12-01 12:00:00,0.0,96.55635507112856,0.0,20.492327245473888,24.537167118930704,860.4727693041043
2024-12-01 13:00:00,0.0,87.85815699354198,0.0,23.323715444760918,22.59766761806736,772.7979042321215
2024-12-01 14:00:00,0.0,70.90857271873931,0.0,20.032079925886293,23.61413078495239,602.769623684241
2024-12-01 15:00:00,0.0,73.89050544670216,0.0,15.058280128246608,23.609714574114562,636.1746765290126
2024-12-01 16:00:00,0.0,45.54849980440951,0.0,15.759567918346342,23.69621523174394,377.06090158405925
2024-12-01 17:00:00,0.0,24.18825871449041,0.0,18.727220047902463,23.89325560744977,191.98064475772483
2024-12-01 18:00:00,19.580369906898586,4.116804308863589e-15,0.0,19.58036990689859,24.049799327533524,6.874351247694146e-14
2024-12-01 19:00:00,11.205212777433555,0.0,0.0,11.205212777433555,25.65910647785989,0.0
2024-12-01 20:00:00,15.882552184082304,0.0,0.0,15.882552184082304,26.573745888138063,0.0
2024-12-01 21:00:00,13.487572096696294,0.0,0.0,13.487572096696294,28.292422466038108,0.0
2024-12-01 22:00:00,21.723052679598908,0.0,0.0,21.723052679598908,28.189259659614994,0.0
2024-12-01 23:00:00,15.599555438878047,0.0,0.0,15.599555438878047,29.531946519689868,0.0
2024-12-02 00:00:00,31.76821293448312,0.0,0.0,31.76821293448312,29.833068266459495,0.0
2024-12-02 01:00:00,35.24921128087357,0.0,0.0,35.24921128087357,31.068963743988387,0.0
2024-12-02 02:00:00,37.695573719521875,0.0,0.0,37.695573719521875,29.829249078842523,0.0
2024-12-02 03:00:00,35.72258082511984,0.0,0.0,35.72258082511984,31.87648773591194,0.0
2024-12-02 04:00:00,37.83666308228589,0.0,0.0,37.83666308228589,30.408654404781466,0.0
2024-12-02 05:00:00,37.377031903905774,0.0,0.0,37.377031903905774,28.525722626888268,0.0
2024-12-02 06:00:00,242.8793194164665,0.0,62.137323928818155,242.8793194164665,28.839224517154918,0.0
2024-12-02 07:00:00,395.3506678948128,23.05679267030423,158.21781483034235,418.407460565117,27.916134796250745,207.5151934712224
2024-12-02 08:00:00,329.87081933711147,38.92215425381411,132.8197083191864,368.79297359092556,27.120190189001704,341.69209369320623
2024-12-02 09:00:00,321.0537879638372,64.03246597465898,141.96196180266338,385.08625393849616,26.359911899176613,568.7854847977746
2024-12-02 10:00:00,313.7138404416148,66.53135823603904,143.88237521455275,380.24519867765383,25.36679067827206,579.7968329621172
2024-12-02 11:00:00,304.81050478602214,77.6521687250089,148.84302805294166,382.462673511031,24.565019482247834,684.4456770487081
2024-12-02 12:00:00,353.9927835157117,73.73925154641718,170.5908906558526,427.7320350621289,23.8376688656899,633.2770082814825
2024-12-02 13:00:00,183.8216785452763,84.88238297531666,82.73090897574365,268.704061520593,24.478253574889663,747.0360870106806
2024-12-02 14:00:00,106.06406965282487,89.1353562183731,55.11874754526027,195.19942587119797,24.54866706255298,787.2428273423685
2024-12-02 15:00:00,312.93716816335825,64.728981548551,140.0017597571064,377.66614971190927,23.940071951304976,549.9874627454318
2024-12-02 16:00:00,306.23515993341607,50.69637208231365,129.07344047931767,356.9315320157297,24.408192016673183,417.80502201443176
2024-12-02 17:00:00,300.91619349646106,30.91048285860294,117.95919619318978,331.826676355064,24.410060090685654,245.87809284739495
2024-12-02 18:00:00,372.0725265345758,2.160140086344287e-15,144.40612422876092,372.0725265345758,25.73360960410307,1.00103339614472e-13
2024-12-02 19:00:00,403.67008259299865,0.0,150.01369504717462,403.67008259299865,26.657214478152945,0.0
2024-12-02 20:00:00,369.83472403257645,0.0,142.53494752319966,369.83472403257645,27.338399950077946,0.0
2024-12-02 21:00:00,265.9927216478373,0.0,84.963860021929,265.9927216478373,28.552003401678405,0.0
2024-12-02 22:00:00,32.11649048516985,0.0,0.0,32.11649048516985,29.35245364596037,0.0
2024-12-02 23:00:00,39.139530910200094,0.0,0.0,39.139530910200094,29.39590329454248,0.0
2024-12-03 00:00:00,34.989531898948115,0.0,0.0,34.989531898948115,29.736232408449276,0.0
2024-12-03 01:00:00,33.68203114389254,0.0,0.0,33.68203114389254,29.385537000436212,0.0
2024-12-03 02:00:00,34.57200510788953,0.0,0.0,34.57200510788953,30.446405539297754,0.0
2024-12-03 03:00:00,38.46365303172522,0.0,0.0,38.46365303172522,29.69957042506061,0.0
2024-12-03 04:00:00,29.829944921259596,0.0,0.0,29.829944921259596,30.125175216770714,0.0
2024-12-03 05:00:00,34.242809032512035,0.0,0.0,34.242809032512035,29.1711280571454,0.0
2024-12-03 06:00:00,219.7447170697162,0.0,51.87723908137132,219.7447170697162,27.972214552409692,0.0
2024-12-03 07:00:00,373.3244452613395,27.164960569357984,146.09673479722224,400.4894058306975,26.652932962888272,245.8780928473947
2024-12-03 08:00:00,345.78528108251453,44.621751993470994,144.9204934278349,390.4070330759855,25.757836000954512,394.64887804175754
2024-12-03 09:00:00,320.7039868971872,62.9912909941487,149.2672087022385,383.6952778913359,25.469270222971698,560.8018232975841
2024-12-03 10:00:00,294.4565806149455,84.55453160858548,147.11238297519478,379.011112223531,24.43018278023472,752.940021150237
2024-12-03 11:00:00,300.4656705186846,85.2185028625341,148.11188270161253,385.68417338121867,23.339232886190803,746.5065560131969
2024-12-03 12:00:00,300.80915138524654,92.22470596726039,161.29263388353223,393.0338573525069,23.494060798898744,813.9758251277182
2024-12-03 13:00:00,199.91452666921379,87.39350044893526,90.3922846554354,287.308027118149,22.74726501150554,766.1202347177302
2024-12-03 14:00:00,163.04484800725766,64.29813620526335,59.7394755290564,227.342984212521,23.028124645989624,541.6497245373747
2024-12-03 15:00:00,259.3073798610759,69.47847303445545,117.66921255157348,328.7858528955313,22.240144312976746,589.765700374804
2024-12-03 16:00:00,367.4791036664426,48.970756613292046,157.51233049100134,416.44986027973465,23.57726665909781,405.41474684699267
2024-12-03 17:00:00,353.3925060945696,30.237013069145664,138.25556489022705,383.6295191637153,23.884243788859987,238.4506297859378
2024-12-03 18:00:00,374.0678470235425,2.1872374889919313e-15,143.6287576123258,374.0678470235425,24.957404570570212,1.0104636638153492e-13
2024-12-03 19:00:00,346.55010768586163,0.0,124.3611531855455,346.55010768586163,25.691468330838607,0.0
2024-12-03 20:00:00,441.3747074362167,0.0,172.28069773479564,441.3747074362167,26.066143037985306,0.0
2024-12-03 21:00:00,228.92030658417153,0.0,64.34545566500381,228.92030658417153,26.931799125876427,0.0
2024-12-03 22:00:00,30.427305019260036,0.0,0.0,30.427305019260036,28.750135234634733,0.0
2024-12-03 23:00:00,37.25902376531035,0.0,0.0,37.25902376531035,28.438209237801196,0.0
2024-12-04 00:00:00,34.385175276559266,0.0,0.0,34.385175276559266,28.79562467766433,0.0
2024-12-04 01:00:00,43.01554152983461,0.0,0.0,43.01554152983461,28.58036581091674,0.0
2024-12-04 02:00:00,33.78078747815657,0.0,0.0,33.78078747815657,27.959377374931044,0.0
2024-12-04 03:00:00,38.328532040881264,0.0,0.0,38.328532040881264,28.157389758108632,0.0
2024-12-04 04:00:00,33.36032080037015,0.0,0.0,33.36032080037015,28.6243682706764,0.0
2024-12-04 05:00:00,29.053882562450692,0.0,0.0,29.053882562450692,28.21575849895534,0.0
2024-12-04 06:00:00,248.134215043363,0.0,65.482240968014,248.134215043363,27.34492561960995,0.0
2024-12-04 07:00:00,378.91866473162133,21.38606787189183,148.55853807374123,400.3047326035132,26.869160323555445,194.0050787107866
2024-12-04 08:00:00,275.9299653842161,46.19491496802718,115.34956346784575,322.1248803522432,25.585948992616935,408.9570316598251
2024-12-04 09:00:00,388.8496702168448,54.801707687919965,171.5186626329005,443.6513779047648,24.096834903974006,475.7359836024432
2024-12-04 10:00:00,316.0725567953502,79.16553467521707,149.82115818306804,395.23809147056727,23.937470005736753,694.754195779743
2024-12-04 11:00:00,245.2459185972525,70.23388678460543,108.89399031186619,315.47980538185794,23.000249161311938,600.2332949573448
2024-12-04 12:00:00,302.2342561469642,72.55765399103277,136.47999281708866,374.791910137997,22.071450999279563,618.6201914430659
2024-12-04 13:00:00,205.19455232176756,83.69300300946198,90.07010117407432,288.8875553312295,22.245838173721562,732.1482462379176
2024-12-04 14:00:00,178.52550255629316,60.830137615678524,66.76545573272772,239.3556401719717,21.930003998008594,507.84301627612956
2024-12-04 15:00:00,316.8814907061425,62.84270341129988,136.6682138924362,379.7241941174424,21.70707824754446,526.2975182730855
2024-12-04 16:00:00,247.92534037340667,43.39131775358376,104.78152087109329,291.31665812699043,22.270297114972845,354.23335157403966
2024-12-04 17:00:00,400.00339198256694,25.89386000108066,163.29104380904457,425.8972519836476,23.622228748618024,202.45542838631374
2024-12-04 18:00:00,381.65082141103505,2.234367583084068e-15,149.59938076146892,381.65082141103505,24.330762823034693,8.526593040869968e-14
2024-12-04 19:00:00,317.83664800233066,0.0,110.68610654495583,317.83664800233066,24.578524326776318,0.0
2024-12-04 20:00:00,377.09394702427693,0.0,147.3834200615115,377.09394702427693,25.418952493943515,0.0
2024-12-04 21:00:00,268.3676025645414,0.0,89.33524336297522,268.3676025645414,25.579662579226774,0.0
2024-12-04 22:00:00,29.31843807182587,0.0,0.0,29.31843807182587,28.000001471683014,0.0
2024-12-04 23:00:00,32.65385935777156,0.0,0.0,32.65385935777156,28.38336359283677,0.0
2024-12-05 00:00:00,14.154270790830214,0.0,0.0,14.154270790830214,31.0096804846951,0.0
2024-12-05 01:00:00,21.661755056072757,0.0,0.0,21.661755056072757,29.845990819563816,0.0
2024-12-05 02:00:00,13.368834738870534,0.0,0.0,13.368834738870534,31.123077111425296,0.0
2024-12-05 03:00:00,16.428783770670876,0.0,0.0,16.428783770670876,30.919791823949595,0.0
2024-12-05 04:00:00,15.132623269095777,0.0,0.0,15.132623269095777,30.975112418493236,0.0
2024-12-05 05:00:00,23.871054996834562,0.0,0.0,23.871054996834562,29.851974113477414,0.0
2024-12-05 06:00:00,54.583998521733434,0.0,0.0,54.583998521733434,29.236760677870638,0.0
2024-12-05 07:00:00,25.73166022335386,20.324756824620525,0.0,46.056417047974385,28.818188913433573,187.27067330735468
2024-12-05 08:00:00,0.0,43.29976287385587,0.0,36.85263870556,27.215826602553058,388.3501447853387
2024-12-05 09:00:00,0.0,63.25337145353002,0.0,47.79681902426116,26.409727786533917,558.8464292351701
2024-12-05 10:00:00,0.0,71.27379166600186,0.0,50.56618976975241,25.94927910597788,636.5301270855762
2024-12-05 11:00:00,0.0,86.52169869808557,0.0,37.56450752649168,25.796984903619272,772.1809014807011
2024-12-05 12:00:00,0.0,87.34062247249206,0.0,47.58895806868308,24.975761741463536,782.3506532593062
2024-12-05 13:00:00,0.0,88.08654789750811,0.0,44.84178790086829,24.75957742855191,783.7148922441464
2024-12-05 14:00:00,0.0,79.49567196860141,0.0,51.68730242124978,24.134274189205044,694.1922324361376
2024-12-05 15:00:00,0.0,69.48087805774844,0.0,58.64221729588719,24.969414405977147,598.2798554136223
2024-12-05 16:00:00,13.702255048220358,43.39179170982824,0.0,57.0940467580486,23.700935660601207,356.94023102868636
2024-12-05 17:00:00,21.59456320950437,20.61534020019278,0.0,42.20990340969715,26.138861661145157,162.00020603590767
2024-12-05 18:00:00,42.5981389823188,2.043977192064903e-15,0.0,42.5981389823188,26.928495273687417,9.518197001802303e-14
2024-12-05 19:00:00,53.17802381566839,0.0,0.0,53.17802381566839,26.92505730300702,0.0
2024-12-05 20:00:00,42.93490277799225,0.0,0.0,42.93490277799225,28.018747104815155,0.0
2024-12-05 21:00:00,34.045081641749064,0.0,0.0,34.045081641749064,28.489482511953582,0.0
2024-12-05 22:00:00,19.614223254884394,0.0,0.0,19.614223254884394,29.24783160456073,0.0
2024-12-05 23:00:00,20.05249143663194,0.0,0.0,20.05249143663194,29.772054332568146,0.0
2024-12-06 00:00:00,36.041620110446594,0.0,0.0,36.041620110446594,28.84244468897193,0.0
2024-12-06 01:00:00,31.843851430733093,0.0,0.0,31.843851430733093,29.494568913673195,0.0
2024-12-06 02:00:00,37.83131660411955,0.0,0.0,37.83131660411955,29.545803707440314,0.0
2024-12-06 03:00:00,31.04929354076484,0.0,0.0,31.04929354076484,30.20990371171596,0.0
2024-12-06 04:00:00,34.163585379279525,0.0,0.0,34.163585379279525,28.917087970005415,0.0
2024-12-06 05:00:00,39.071700219648285,0.0,0.0,39.071700219648285,27.566321237339004,0.0
2024-12-06 06:00:00,230.49916682235136,0.0,55.14911701360411,230.49916682235136,28.408017094470313,0.0
2024-12-06 07:00:00,346.5265451523256,20.667557318668926,130.71122066713562,367.1941024709945,26.131251302587543,189.3710807679094
2024-12-06 08:00:00,322.81739108165107,45.28815346875934,133.811328599795,368.1055445504104,25.55616632110589,405.06616954229514
2024-12-06 09:00:00,329.6991732565333,44.61773660418388,137.86370839288878,374.3169098607172,25.065866696675233,376.25935075711647
2024-12-06 10:00:00,314.5510640467517,73.98022408691321,147.55476592851406,388.53128813366493,24.294449324990218,652.5590759302358
2024-12-06 11:00:00,310.7951646967838,91.70901822061644,153.73412897728554,402.5041829174002,22.638268890240415,802.1627885571127
2024-12-06 12:00:00,216.30622873025004,98.10076806567764,111.89340138026019,314.4069967959277,22.431536752426258,881.1944912315864
2024-12-06 13:00:00,189.3425592298279,87.07671915441281,87.6885590509294,276.4192783842407,21.7147301612106,767.6211250136079
2024-12-06 14:00:00,142.79135401437816,85.89154387503413,59.78129493822497,228.6828978894123,22.646718315519884,750.9496059664851
2024-12-06 15:00:00,328.63612125012446,62.817158055707836,144.91026467540712,391.45327930583227,23.04681133419831,531.6806176040695
2024-12-06 16:00:00,326.0807768656657,45.493179778267276,136.73080599502163,371.573956643933,22.19385384848981,369.6441801796854
2024-12-06 17:00:00,390.21612821779314,25.977761108830414,162.73229806049963,416.19388932662355,23.85881802622962,201.69933660128794
2024-12-06 18:00:00,419.8979509265232,1.983719072541733e-15,161.65773699003233,419.8979509265232,24.551251156020935,9.048033931908957e-14
2024-12-06 19:00:00,369.1075265829524,0.0,137.28147044613345,369.1075265829524,24.60045973104403,0.0
2024-12-06 20:00:00,392.56715859938396,0.0,141.31613866009693,392.56715859938396,24.84457226592469,0.0
2024-12-06 21:00:00,284.2805502543284,0.0,92.099234088699,284.2805502543284,26.206100432120063,0.0
2024-12-06 22:00:00,32.10532375048409,0.0,0.0,32.10532375048409,27.288232990404207,0.0
2024-12-06 23:00:00,30.26399184326452,0.0,0.0,30.26399184326452,29.081570941416118,0.0
2024-12-07 00:00:00,35.40359022945753,0.0,0.0,35.40359022945753,29.6957952927622,0.0
2024-12-07 01:00:00,36.823145868182856,0.0,0.0,36.823145868182856,29.60118407104136,0.0
2024-12-07 02:00:00,35.36304133634495,0.0,0.0,35.36304133634495,30.297781944500745,0.0
2024-12-07 03:00:00,40.67519417377467,0.0,0.0,40.67519417377467,29.45692422360372,0.0
2024-12-07 04:00:00,25.90518945185772,0.0,0.0,25.90518945185772,30.012116605373485,0.0
2024-12-07 05:00:00,31.677535516680933,0.0,0.0,31.677535516680933,28.709899371541805,0.0
2024-12-07 06:00:00,58.35543831739038,0.0,0.0,58.35543831739038,28.057595796929487,0.0
2024-12-07 07:00:00,41.71045082721674,17.85806422609381,0.0,59.56851505331055,27.817470349099544,160.4919645974075
2024-12-07 08:00:00,14.683317378132315,42.63615959605229,0.0,57.3194769741846,27.598974508425883,383.1062297808345
2024-12-07 09:00:00,0.0,66.32238476519645,0.0,57.59944220296206,26.9168847892839,599.2649072565481
2024-12-07 10:00:00,0.0,82.02419708675092,0.0,59.116852513370965,24.453924914135,734.099688252358
2024-12-07 11:00:00,0.0,84.96031178345581,0.0,64.1029248215451,23.9506807695142,754.0806905940439
2024-12-07 12:00:00,0.0,87.34395006169594,0.0,62.57420348725501,23.950534896297917,778.4729833556414
2024-12-07 13:00:00,0.0,99.01560473678025,0.0,62.26278991390343,23.92751194916739,865.226538923436
2024-12-07 14:00:00,3.421149867431467,57.66718956494911,0.0,61.08833943238058,22.141815822230914,473.87991225783435
2024-12-07 15:00:00,6.2872978409158975,57.932055348379365,0.0,64.21935318929526,23.386785684466187,487.4185675693433
2024-12-07 16:00:00,15.682460631901968,47.96426890825798,0.0,63.646729540159946,23.44919726549729,394.54442036049096
2024-12-07 17:00:00,39.24306323975901,23.513393125164963,0.0,62.75645636492397,23.286973333356702,180.9066567462279
2024-12-07 18:00:00,55.70192143548051,2.1760842518060778e-15,0.0,55.70192143548051,24.30527377702859,1.0027733890080831e-13
2024-12-07 19:00:00,62.363093991719765,0.0,0.0,62.363093991719765,25.53410377934548,0.0
2024-12-07 20:00:00,63.55193865664448,0.0,0.0,63.55193865664448,26.753265177016,0.0
2024-12-07 21:00:00,58.23935490081452,0.0,0.0,58.23935490081452,28.13377575501567,0.0
2024-12-07 22:00:00,38.91904626506059,0.0,0.0,38.91904626506059,28.651031724565808,0.0
2024-12-07 23:00:00,37.137760701561916,0.0,0.0,37.137760701561916,29.672501119761517,0.0
2024-12-08 00:00:00,21.811682230979976,0.0,0.0,21.811682230979976,27.684541274230718,0.0
2024-12-08 01:00:00,13.90958854801177,0.0,0.0,13.90958854801177,27.66835761160479,0.0
2024-12-08 02:00:00,9.340270534930792,0.0,0.0,9.340270534930792,28.048215216126263,0.0
2024-12-08 03:00:00,15.6198885830111,0.0,0.0,15.6198885830111,28.368589258807894,0.0
2024-12-08 04:00:00,16.050487075757445,0.0,0.0,16.050487075757445,28.187460190970477,0.0
2024-12-08 05:00:00,9.643841719036505,0.0,0.0,9.643841719036505,27.04102658499254,0.0
2024-12-08 06:00:00,14.251189971678157,0.0,0.0,14.251189971678157,25.925532561870032,0.0
2024-12-08 07:00:00,0.0,19.054384296632687,0.0,18.906660755108625,25.71378593066399,174.51100019373897
2024-12-08 08:00:00,0.0,49.86096904489623,0.0,20.983452681084398,24.87908067498266,447.442846146607
2024-12-08 09:00:00,0.0,60.85136669065509,0.0,18.38419975177221,24.350583078229285,545.0440678170532
2024-12-08 10:00:00,0.0,63.41645875855964,0.0,15.71215780058737,22.55070875658175,547.7081764453643
2024-12-08 11:00:00,0.0,78.00604574107369,0.0,23.209115634557996,21.83131783177579,682.7547868429526
2024-12-08 12:00:00,0.0,83.8527744243638,0.0,16.88745502994164,21.987081378585803,729.8734506284104
2024-12-08 13:00:00,0.0,65.59775187075152,0.0,19.153239754027798,21.055633015545258,551.1373198415334
2024-12-08 14:00:00,0.0,79.13967916303598,0.0,19.217206958968838,20.915248101721996,674.3466256647517
2024-12-08 15:00:00,0.0,56.133235345840085,0.0,20.23748449524855,21.886419736119933,468.0004701084109
2024-12-08 16:00:00,0.0,41.53398482271429,0.0,21.9556142852539,20.923498476675427,333.8425507362465
2024-12-08 17:00:00,0.0,22.791926034526153,0.0,19.530679827303683,23.19331802879639,175.0611851787379
2024-12-08 18:00:00,18.287494896669752,2.0377582199344813e-15,0.0,18.287494896669756,22.583772486507637,9.326443385952618e-14
2024-12-08 19:00:00,20.474780584818916,0.0,0.0,20.474780584818916,24.167587736603082,0.0
2024-12-08 20:00:00,18.050723857311255,0.0,0.0,18.050723857311255,24.585690362098862,0.0
2024-12-08 21:00:00,18.87796864038996,0.0,0.0,18.87796864038996,25.68163799335644,0.0
2024-12-08 22:00:00,16.03618750559694,0.0,0.0,16.03618750559694,26.25869694318067,0.0
2024-12-08 23:00:00,16.523977919474667,0.0,0.0,16.523977919474667,27.543252253230953,0.0
2024-12-09 00:00:00,32.5435790168561,0.0,0.0,32.5435790168561,28.673654467048394,0.0
2024-12-09 01:00:00,29.744608940101394,0.0,0.0,29.744608940101394,28.910494646901828,0.0
2024-12-09 02:00:00,32.58340008644984,0.0,0.0,32.58340008644984,30.222898403747635,0.0
2024-12-09 03:00:00,34.212978210478454,0.0,0.0,34.212978210478454,29.211659231331225,0.0
2024-12-09 04:00:00,40.44518137302916,0.0,0.0,40.44518137302916,28.509468623548408,0.0
2024-12-09 05:00:00,36.50035949596622,0.0,0.0,36.50035949596622,27.545957930009607,0.0
2024-12-09 06:00:00,252.08265426572564,0.0,64.31097957007118,252.08265426572564,28.49901650633063,0.0
2024-12-09 07:00:00,346.08193768682395,19.353662959645565,130.87878998399586,365.43560064646954,26.446131460443837,179.81723350717868
2024-12-09 08:00:00,330.4006553512062,44.08685379909712,127.59166283456781,374.4875091503033,26.847146610063213,400.3872458757176
2024-12-09 09:00:00,345.09539008638137,57.16089488522489,146.40680661552577,402.25628497160625,25.109788008660257,511.50542174423526
2024-12-09 10:00:00,284.53192854478743,82.32976109690954,126.48899478271359,366.86168964169696,24.137670090963866,743.6471860322483
2024-12-09 11:00:00,235.38155543311197,75.52675428892277,114.78378571929653,310.90830972203474,23.426275662823723,664.2822424011958
2024-12-09 12:00:00,265.75948229948506,93.85304207396776,130.80964285255556,359.6125243734528,23.89311404720545,834.9992111923959
2024-12-09 13:00:00,38.12645036237535,86.63159740233068,0.0,124.75804776470603,21.339377814090472,746.7922223932555
2024-12-09 14:00:00,53.453829396760185,73.90519939841832,0.0,127.3590287951785,22.423398250566393,628.3798524990214
2024-12-09 15:00:00,311.75181054776385,64.76233051677947,132.40010355016148,376.5141410645433,22.302885295035875,543.9653765053547
2024-12-09 16:00:00,355.192103608003,45.851977214966986,140.72920316419098,401.04408082297,22.678591885025572,373.9568443450618
2024-12-09 17:00:00,365.237771722287,25.538228650835627,144.71651702331528,390.7760003731226,23.416009682730678,195.4368882127459
2024-12-09 18:00:00,363.6558881155489,2.101787652320919e-15,133.25745895277353,363.6558881155489,23.933100416064576,8.723592597929267e-14
2024-12-09 19:00:00,366.0120217156956,0.0,132.13791498543324,366.0120217156956,25.00442616654797,0.0
2024-12-09 20:00:00,399.28456058647646,0.0,147.2735355468502,399.28456058647646,25.804438759735113,0.0
2024-12-09 21:00:00,256.6265593502751,0.0,75.26195973079469,256.6265593502751,26.065315059579138,0.0
2024-12-09 22:00:00,28.62952171715386,0.0,0.0,28.62952171715386,27.75691050971808,0.0
2024-12-09 23:00:00,37.08791964419609,0.0,0.0,37.08791964419609,28.649128450815347,0.0
2024-12-10 00:00:00,20.13397551835283,0.0,0.0,20.13397551835283,30.47133168962131,0.0
2024-12-10 01:00:00,23.015539960373175,0.0,0.0,23.015539960373175,32.02596401625359,0.0
2024-12-10 02:00:00,19.867957218143967,0.0,0.0,19.867957218143967,31.87906145796186,0.0
2024-12-10 03:00:00,15.493914325036407,0.0,0.0,15.493914325036407,31.51399212672714,0.0
2024-12-10 04:00:00,20.576613820728298,0.0,0.0,20.576613820728298,31.15827487038936,0.0
2024-12-10 05:00:00,16.636039994593663,0.0,0.0,16.636039994593663,30.201197795587674,0.0
2024-12-10 06:00:00,30.93286014554764,0.0,0.0,30.93286014554764,30.031961637497027,0.0
2024-12-10 07:00:00,30.065111348956485,19.857932396969403,0.0,49.92304374592589,29.40251954901969,189.80516941420623
2024-12-10 08:00:00,11.93707580640806,32.76095023246076,0.0,44.69802603886882,28.11528759153579,284.3719196123579
2024-12-10 09:00:00,0.0,40.16287532651737,0.0,33.0807743996983,26.52026725636481,336.2109163526265
2024-12-10 10:00:00,0.0,67.79322917644186,0.0,38.22271501628157,25.941434865986515,599.970224197725
2024-12-10 11:00:00,0.0,66.07378392000275,0.0,50.47551788704647,25.523236867464945,570.2658186276093
2024-12-10 12:00:00,0.0,59.11322682606159,0.0,33.178849223578894,25.099059123907352,497.5520782016897
2024-12-10 13:00:00,0.0,69.87595378067884,0.0,33.7286765271981,24.291796585846303,598.0570534230978
2024-12-10 14:00:00,0.0,72.8321449116064,0.0,35.021722909838644,23.92787131157628,627.6290221586488
2024-12-10 15:00:00,7.734445190688774,46.200269840310234,0.0,53.93471503099901,25.122638686806994,378.43928166435364
2024-12-10 16:00:00,0.0,49.33299790909789,0.0,29.308880474847754,24.1440268146248,404.3684280591089
2024-12-10 17:00:00,25.49490797758877,19.098028433483567,0.0,44.59293641107234,24.765735973160442,146.8855441555406
2024-12-10 18:00:00,39.37424542683159,2.9723652431827026e-15,0.0,39.37424542683159,25.29771168037911,7.810968595068542e-14
2024-12-10 19:00:00,48.52818107265059,0.0,0.0,48.52818107265059,26.33363351745883,0.0
2024-12-10 20:00:00,47.922985872736525,0.0,0.0,47.922985872736525,28.334948023689318,0.0
2024-12-10 21:00:00,41.18296593558218,0.0,0.0,41.18296593558218,29.25755862124524,0.0
2024-12-10 22:00:00,15.769529189587058,0.0,0.0,15.769529189587058,29.42425281789723,0.0
2024-12-10 23:00:00,14.848498048509885,0.0,0.0,14.848498048509885,30.43430651706112,0.0
2024-12-11 00:00:00,40.58752200366577,0.0,0.0,40.58752200366577,28.666307144429748,0.0
2024-12-11 01:00:00,37.187654000882205,0.0,0.0,37.187654000882205,28.42522249903143,0.0
2024-12-11 02:00:00,31.83257531081913,0.0,0.0,31.83257531081913,30.249524023833388,0.0
2024-12-11 03:00:00,32.0825954333679,0.0,0.0,32.0825954333679,29.708580894542898,0.0
2024-12-11 04:00:00,34.74903573421942,0.0,0.0,34.74903573421942,28.84876913590656,0.0
2024-12-11 05:00:00,28.106319867314433,0.0,0.0,28.106319867314433,27.68739929295295,0.0
2024-12-11 06:00:00,219.58077916553395,0.0,52.625741671205816,219.58077916553395,27.27800333141128,0.0
2024-12-11 07:00:00,367.39843353283703,15.42722477928909,139.6131227136651,382.8256583121261,26.20012440214501,132.91689188088054
2024-12-11 08:00:00,357.8134612086628,40.151674003910045,147.09507155958727,397.9651352125728,25.689261640460405,362.53266465650796
2024-12-11 09:00:00,291.330895101652,44.51240685961628,120.90773626540727,335.84330196126825,24.889565449437022,376.36567684377894
2024-12-11 10:00:00,317.07667831637684,59.84788321628686,140.63585982376205,376.9245615326637,23.71990777309099,515.7115829997391
2024-12-11 11:00:00,279.73883569546297,72.63653926455649,124.10530581015927,352.3753749600195,22.438390409389754,633.9298066011462
2024-12-11 12:00:00,292.6318691698899,78.75900998979304,132.7501386360533,371.390879159683,23.675411099608578,690.3562417792338
2024-12-11 13:00:00,207.85051894892263,71.90673067151975,92.24275795320446,279.7572496204424,22.378493501400108,615.009524803582
2024-12-11 14:00:00,134.88363272693823,77.07400511244836,56.579080549760775,211.9576378393866,22.368766520093384,668.5595761891502
2024-12-11 15:00:00,372.59945284626775,60.459102667307945,166.2842485996765,433.0585555135757,22.04852543494694,503.1078546476442
2024-12-11 16:00:00,328.78239562803975,43.705504692268384,141.47118530562975,372.48790032030814,21.828376049086028,352.7674122206983
2024-12-11 17:00:00,396.8166755486573,19.13463685807746,156.29418272450567,415.95131240673476,23.123946520394338,145.74133418324354
2024-12-11 18:00:00,405.16074531917985,2.0926547793387773e-15,153.82553959530838,405.16074531917985,23.72885951550272,9.621899310320742e-14
2024-12-11 19:00:00,380.3420403372774,0.0,142.31161103591313,380.3420403372774,25.089371052497135,0.0
2024-12-11 20:00:00,352.7509683569217,0.0,123.75194967273022,352.7509683569217,26.093509306684258,0.0
2024-12-11 21:00:00,123.61375266992906,0.0,0.0,123.61375266992906,26.92885191770968,0.0
2024-12-11 22:00:00,38.585869708080395,0.0,0.0,38.585869708080395,27.884606687954747,0.0
2024-12-11 23:00:00,31.964408571926256,0.0,0.0,31.964408571926256,29.017177157887385,0.0
2024-12-12 00:00:00,38.25494856122243,0.0,0.0,38.25494856122243,30.703419368755114,0.0
2024-12-12 01:00:00,30.022383047578007,0.0,0.0,30.022383047578007,31.407752888158452,0.0
2024-12-12 02:00:00,40.98075664811034,0.0,0.0,40.98075664811034,31.22433487265966,0.0
2024-12-12 03:00:00,30.489618609370854,0.0,0.0,30.489618609370854,29.908127277764578,0.0
2024-12-12 04:00:00,42.639279105373326,0.0,0.0,42.639279105373326,30.43123335764348,0.0
2024-12-12 05:00:00,35.15432461822359,0.0,0.0,35.15432461822359,29.518422566442823,0.0
2024-12-12 06:00:00,197.93761998129148,0.0,53.963207107116204,197.93761998129148,29.34312125109398,0.0
2024-12-12 07:00:00,364.92226389488,17.206135465149607,134.35728001256354,382.1283993600296,27.987766163943803,158.16853429996453
2024-12-12 08:00:00,372.52732965194764,26.37490059970098,144.72044911197338,398.90223025164863,27.780245030756966,218.29793720006427
2024-12-12 09:00:00,292.10649004212786,52.57847380399709,121.84361414669034,344.68496384612496,27.062051976952773,470.6821986830964
2024-12-12 10:00:00,301.57765156874217,65.05276949499512,130.04772279872375,366.6304210637373,26.32918960875188,579.90439949718
2024-12-12 11:00:00,298.2129630408186,61.9099004009617,128.0780803861398,360.1228634417803,25.812161632351017,525.1516119912249
2024-12-12 12:00:00,308.02870759704916,71.44029736264731,138.87729983806415,379.46900495969646,23.608303630460814,619.3458036078779
2024-12-12 13:00:00,188.9674624853672,65.28346556064785,78.93222072989006,254.25092804601508,23.49716417625665,544.0377558398646
2024-12-12 14:00:00,154.89337061398447,60.99538053621609,52.9961560186197,215.88875115020056,25.441312178858357,517.9818065678008
2024-12-12 15:00:00,341.77721575122484,42.952466583543774,144.43035365275136,384.7296823347686,24.601426053659832,348.2763352236525
2024-12-12 16:00:00,332.3072497962374,38.907371278828855,136.1489905692042,371.21462107506625,24.558539658019768,313.5191361298001
2024-12-12 17:00:00,374.3996978792251,15.28140673373318,142.56848958806762,389.6811046129583,25.01854960674483,117.76234339450886
2024-12-12 18:00:00,351.1247603188815,5.095834901438301e-15,126.60130185741488,351.1247603188815,25.69897451219434,5.3964568276334235e-14
2024-12-12 19:00:00,357.8768360640982,0.0,130.6949824235774,357.8768360640982,25.604664649115264,0.0
2024-12-12 20:00:00,442.90585663037933,0.0,171.58180536845765,442.90585663037933,27.09124003343005,0.0
2024-12-12 21:00:00,253.2666376656202,0.0,79.53718937903668,253.2666376656202,28.32734744634829,0.0
2024-12-12 22:00:00,37.535232983852225,0.0,0.0,37.535232983852225,28.869474648011604,0.0
2024-12-12 23:00:00,26.16559222366829,0.0,0.0,26.16559222366829,29.659710324620004,0.0
2024-12-13 00:00:00,36.78642867684661,0.0,0.0,36.78642867684661,28.01323098881001,0.0
2024-12-13 01:00:00,29.78562601714687,0.0,0.0,29.78562601714687,26.957690235802705,0.0
2024-12-13 02:00:00,23.00283662323519,0.0,0.0,23.00283662323519,27.341836368707533,0.0
2024-12-13 03:00:00,29.550787970687015,0.0,0.0,29.550787970687015,27.204784899087766,0.0
2024-12-13 04:00:00,34.07519268017656,0.0,0.0,34.07519268017656,27.028595027131246,0.0
2024-12-13 05:00:00,35.04860826748799,0.0,0.0,35.04860826748799,25.93900871579203,0.0
2024-12-13 06:00:00,199.3796902141662,0.0,44.99335806909801,199.3796902141662,26.076266988593506,0.0
2024-12-13 07:00:00,370.9244994500326,18.452424057461062,147.37532703285007,389.3769235074937,24.83042411923636,172.8995786590635
2024-12-13 08:00:00,332.81641663735513,37.73447592066168,132.4114416741565,370.5508925580168,23.059194177711834,335.451482248109
2024-12-13 09:00:00,326.7582979164399,63.595747916359095,145.97481832803933,390.354045832799,22.74315770710053,566.3380288574333
2024-12-13 10:00:00,305.8366990147074,76.71952731033034,141.22412635511023,382.5562263250377,21.866702204238273,685.6151396344912
2024-12-13 11:00:00,310.14308009390675,92.47111693545956,150.33573642137313,402.6141970293663,21.11881990275594,821.7796856404087
2024-12-13 12:00:00,288.58145651807854,90.92814253674679,141.08037499653173,379.50959905482534,20.92633585244017,808.2246705066837
2024-12-13 13:00:00,155.90096892119928,93.08660947698007,83.56297814820066,248.98757839817935,20.63939856715204,821.930550572696
2024-12-13 14:00:00,152.8023773333211,73.29322157811934,63.543146438838924,226.09559891144042,20.46110290598116,616.6431224267923
2024-12-13 15:00:00,251.57254312203844,68.66265354573403,110.89147405112443,320.23519666777247,20.49149365160121,569.8480201514777
2024-12-13 16:00:00,303.6083222562038,44.24112928819417,123.61180001506331,347.84945154439794,20.714506305156718,352.3915369279728
2024-12-13 17:00:00,319.58663437913697,29.19513976832833,130.74239734853828,348.7817741474653,20.152299128365097,216.39979131864192
2024-12-13 18:00:00,120.47253004696302,2.63338974234255e-15,0.0,120.47253004696302,22.341722679043254,8.131088013123948e-14
2024-12-13 19:00:00,396.2889169985908,0.0,135.66873770684444,396.2889169985908,23.041086754268584,0.0
2024-12-13 20:00:00,387.4229931976037,0.0,134.26236239053438,387.4229931976037,23.210395726238545,0.0
2024-12-13 21:00:00,110.44606071688034,0.0,0.0,110.44606071688034,24.74893416163131,0.0
2024-12-13 22:00:00,29.295522689469568,0.0,0.0,29.295522689469568,25.77674560511428,0.0
2024-12-13 23:00:00,32.975437841064384,0.0,0.0,32.975437841064384,26.76327363133961,0.0
2024-12-14 00:00:00,35.02377348447705,0.0,0.0,35.02377348447705,29.114969643260658,0.0
2024-12-14 01:00:00,37.03804439105713,0.0,0.0,37.03804439105713,29.3702713038481,0.0
2024-12-14 02:00:00,42.12279964405468,0.0,0.0,42.12279964405468,29.80211616717855,0.0
2024-12-14 03:00:00,30.035526917290966,0.0,0.0,30.035526917290966,29.05620039034286,0.0
2024-12-14 04:00:00,33.57911794490082,0.0,0.0,33.57911794490082,29.06582053147124,0.0
2024-12-14 05:00:00,36.821443839610495,0.0,0.0,36.821443839610495,27.99304714547918,0.0
2024-12-14 06:00:00,62.589597641597436,0.0,0.0,62.589597641597436,28.13387836223883,0.0
2024-12-14 07:00:00,40.02127219216351,17.77126371244749,0.0,57.79253590461099,25.929741109158666,166.9856014026957
2024-12-14 08:00:00,23.234399763061887,34.01235233968887,0.0,57.246752102750754,26.23709859550334,299.2389787274601
2024-12-14 09:00:00,10.590513381398864,47.267350176606165,0.0,57.85786355800503,24.93171783149336,409.13589071110766
2024-12-14 10:00:00,12.512106499982593,53.04038477304978,0.0,65.55249127303237,24.561423673791325,448.4538597274211
2024-12-14 11:00:00,0.0,64.30980103210373,0.0,52.76107245679576,22.963584089079614,546.6532870919829
2024-12-14 12:00:00,0.0,59.656388395768026,0.0,58.26596189564764,22.842632884590788,498.9607048374535
2024-12-14 13:00:00,2.224792549767841,61.790699206193565,0.0,64.0154917559614,22.478304661282078,516.9157874844742
2024-12-14 14:00:00,0.0,62.81179619338225,0.0,58.468352547335186,22.545671788453404,524.9340449137745
2024-12-14 15:00:00,11.412315679666776,51.423034817784725,0.0,62.8353504974515,21.92420864109245,417.49699987205065
2024-12-14 16:00:00,2.222398681554182,51.32336950606048,0.0,53.54576818761466,23.11574863922482,416.15125650112265
2024-12-14 17:00:00,41.85329600747998,16.96860200569707,0.0,58.82189801317705,22.430909210239083,128.65965045723308
2024-12-14 18:00:00,59.35701141603173,3.714631765260739e-15,0.0,59.35701141603174,23.744808979869497,7.223893625974099e-14
2024-12-14 19:00:00,59.40370768533105,0.0,0.0,59.40370768533105,24.141498346999754,0.0
2024-12-14 20:00:00,54.77446364837043,0.0,0.0,54.77446364837043,26.242839708270992,0.0
2024-12-14 21:00:00,59.371148920224535,0.0,0.0,59.371148920224535,26.934662055041517,0.0
2024-12-14 22:00:00,33.27168566215717,0.0,0.0,33.27168566215717,27.806749331877544,0.0
2024-12-14 23:00:00,36.900651586798915,0.0,0.0,36.900651586798915,29.04019844070537,0.0
2024-12-15 00:00:00,21.290518264173993,0.0,0.0,21.290518264173993,29.167492503610877,0.0
2024-12-15 01:00:00,13.471760810364765,0.0,0.0,13.471760810364765,29.97990765766431,0.0
2024-12-15 02:00:00,14.575345110012062,0.0,0.0,14.575345110012062,29.82738559853448,0.0
2024-12-15 03:00:00,16.02082956964059,0.0,0.0,16.02082956964059,29.631997539623676,0.0
2024-12-15 04:00:00,18.68946630436332,0.0,0.0,18.68946630436332,29.978776254231224,0.0
2024-12-15 05:00:00,15.802545649258814,0.0,0.0,15.802545649258814,29.810187840800175,0.0
2024-12-15 06:00:00,19.832483053759674,0.0,0.0,19.832483053759674,27.828641093514534,0.0
2024-12-15 07:00:00,8.950794506647672,17.241269701193094,0.0,26.192064207840765,27.617100878565005,162.96951875193866
2024-12-15 08:00:00,0.0,35.069656544324694,0.0,13.091513037434478,26.453932881269647,314.1649034585243
2024-12-15 09:00:00,0.0,43.05822330914388,0.0,22.678196714529406,25.55406397831264,365.37155114504316
2024-12-15 10:00:00,0.0,67.22664846730186,0.0,17.93705034663853,24.667963289462985,596.2715036554151
2024-12-15 11:00:00,0.0,66.31585123160802,0.0,9.442143354860939,23.652961695062746,574.3462225902834
2024-12-15 12:00:00,0.0,80.95221989219262,0.0,20.211139821453273,21.470795231239855,704.276569085094
2024-12-15 13:00:00,0.0,81.94322737156529,0.0,21.756312618926348,23.68103869523375,722.0726731300243
2024-12-15 14:00:00,0.0,65.13033911171948,0.0,18.454056506068305,22.447008131110042,548.37911640688
2024-12-15 15:00:00,0.0,49.41808927346994,0.0,17.49651915114864,22.792855460459197,402.85538252469394
2024-12-15 16:00:00,0.0,40.49858745847701,0.0,17.870850358100213,23.15313906169166,323.11305419253614
2024-12-15 17:00:00,0.0,23.467286006424246,0.0,15.947507000024183,23.427598994166637,174.44314472324302
2024-12-15 18:00:00,22.628317389697223,3.1940131282521476e-15,0.0,22.628317389697227,24.66449449594405,7.635864852631447e-14
2024-12-15 19:00:00,17.36733018761183,0.0,0.0,17.36733018761183,25.366351549376375,0.0
2024-12-15 20:00:00,12.804073040427888,0.0,0.0,12.804073040427888,25.93610643553147,0.0
2024-12-15 21:00:00,18.725783111413477,0.0,0.0,18.725783111413477,27.27489209113074,0.0
2024-12-15 22:00:00,14.522466024022178,0.0,0.0,14.522466024022178,28.02785107846706,0.0
2024-12-15 23:00:00,24.38265050444802,0.0,0.0,24.38265050444802,29.233167444743206,0.0
2024-12-16 00:00:00,34.67997836632773,0.0,0.0,34.67997836632773,30.951945883415558,0.0
2024-12-16 01:00:00,32.20792743529259,0.0,0.0,32.20792743529259,31.569094095576734,0.0
2024-12-16 02:00:00,29.492135328402973,0.0,0.0,29.492135328402973,32.45369716942959,0.0
2024-12-16 03:00:00,29.434938668578226,0.0,0.0,29.434938668578226,31.651917284298513,0.0
2024-12-16 04:00:00,40.77832653862328,0.0,0.0,40.77832653862328,31.17043614598388,0.0
2024-12-16 05:00:00,33.36994049401956,0.0,0.0,33.36994049401956,30.770776627659497,0.0
2024-12-16 06:00:00,235.36686709781586,0.0,56.49684960263105,235.36686709781586,30.290559005666196,0.0
2024-12-16 07:00:00,359.73896029104117,22.348091766559463,139.46458905335876,382.0870520576006,29.44832555383619,223.756130139439
2024-12-16 08:00:00,323.121809395215,44.19291398929912,137.0873009941987,367.31472338451414,28.48606914595972,412.5117565442252
2024-12-16 09:00:00,303.3936824337616,52.33066453071825,127.5090590887693,355.7243469644799,27.17089913192774,470.8182656286122
2024-12-16 10:00:00,337.51380887854924,86.11743117853312,155.1938129991298,423.6312400570824,27.227627827637654,790.821383016793
2024-12-16 11:00:00,321.64788540273577,90.00259132168863,159.74359686549704,411.6504767244244,26.779284510986813,818.468979362325
2024-12-16 12:00:00,268.99582463412634,81.42176076947952,125.22663449054289,350.41758540360587,24.604745107571986,724.6514469729744
2024-12-16 13:00:00,219.02090102820557,82.67601903095687,99.35147754748172,301.69692005916244,24.433537663287385,730.465685642985
2024-12-16 14:00:00,119.18097144506149,83.43540159944973,53.17539928565893,202.61637304451122,25.59247685139838,721.9852491639701
2024-12-16 15:00:00,293.3239224244197,71.47026966759105,131.77663817650813,364.79419209201075,25.995206142312018,613.6041527134397
2024-12-16 16:00:00,344.7156804857233,48.04953602308546,149.23730982173083,392.76521650880875,24.49536996491298,389.5092694613527
2024-12-16 17:00:00,366.51639595785537,30.261729082568593,150.5091289954907,396.77812504042396,26.52389288049739,227.46147350214179
2024-12-16 18:00:00,372.6677868471424,2.3794359920946318e-15,141.48448621620915,372.6677868471424,27.659988307235277,8.325803355034375e-14
2024-12-16 19:00:00,373.4686998081883,0.0,137.56544240771552,373.4686998081883,27.25397557323566,0.0
2024-12-16 20:00:00,409.42922471563475,0.0,159.2060285822242,409.42922471563475,29.380882277457495,0.0
2024-12-16 21:00:00,259.2456310650711,0.0,80.17079121707242,259.2456310650711,29.407917881429707,0.0
2024-12-16 22:00:00,29.503383588335197,0.0,0.0,29.503383588335197,30.49836690929745,0.0
2024-12-16 23:00:00,38.625346579241146,0.0,0.0,38.625346579241146,30.706305440890258,0.0
2024-12-17 00:00:00,32.211493693476946,0.0,0.0,32.211493693476946,28.62872772023889,0.0
2024-12-17 01:00:00,34.68815204491935,0.0,0.0,34.68815204491935,28.895090994802132,0.0
2024-12-17 02:00:00,34.17003271262167,0.0,0.0,34.17003271262167,29.45947922184757,0.0
2024-12-17 03:00:00,30.789552201522657,0.0,0.0,30.789552201522657,29.19816862054951,0.0
2024-12-17 04:00:00,39.06016646484243,0.0,0.0,39.06016646484243,28.123638435119577,0.0
2024-12-17 05:00:00,37.85999934173584,0.0,0.0,37.85999934173584,29.126187585726523,0.0
2024-12-17 06:00:00,225.6893834054537,0.0,56.608016335220555,225.6893834054537,27.52252086821951,0.0
2024-12-17 07:00:00,434.97460237151165,18.049327845780574,166.63647144765014,453.0239302172922,26.27324921936431,176.70714431440024
2024-12-17 08:00:00,311.17802179210634,38.59057023291722,123.44656344581252,349.76859202502357,24.598547345155854,352.64602522867654
2024-12-17 09:00:00,320.48621336628804,59.88549592920034,135.96424423919714,380.37170929548836,23.42624152151002,539.6785046914069
2024-12-17 10:00:00,334.8784496758181,76.14465228404971,157.10817748101385,411.0231019598678,22.62461061544433,678.735939296996
2024-12-17 11:00:00,310.40697093453167,79.01925635098554,150.02400059173146,389.4262272855172,22.15541806636747,690.3642224309303
2024-12-17 12:00:00,25.027381577252086,86.89773187314776,0.0,111.92511345039985,22.754686958682235,768.067235928379
2024-12-17 13:00:00,171.5074933857702,89.41832936138456,74.18933913008001,260.92582274715477,21.959928608639682,780.8750579436727
2024-12-17 14:00:00,130.91172884614662,91.99329513415081,58.830355605512196,222.90502398029741,21.29043795229843,789.1988018697562
2024-12-17 15:00:00,315.53213220239337,63.75357594165564,138.4358046534085,379.285708144049,21.648449646522568,532.1850885811484
2024-12-17 16:00:00,389.63377380812506,47.564441117302664,174.8819418177744,437.19821492542775,21.93716242927318,379.5396734176737
2024-12-17 17:00:00,376.6937270778146,30.866468575267692,154.03363373671152,407.56019565308225,23.022276145091574,227.3218856954001
2024-12-17 18:00:00,386.759378835365,2.0588105654070947e-15,142.18195978370187,386.759378835365,22.907725662764744,8.823351639012084e-14
2024-12-17 19:00:00,385.72810125538837,0.0,146.57405357635946,385.72810125538837,24.366101079181956,0.0
2024-12-17 20:00:00,387.55403200630906,0.0,143.27360049826467,387.55403200630906,25.247167431956008,0.0
2024-12-17 21:00:00,290.48673987922166,0.0,91.47657831673774,290.48673987922166,25.578557196765026,0.0
2024-12-17 22:00:00,32.152077354601154,0.0,0.0,32.152077354601154,27.641127558587833,0.0
2024-12-17 23:00:00,29.42405225583042,0.0,0.0,29.42405225583042,27.42421267487401,0.0
2024-12-18 00:00:00,29.865778833347576,0.0,0.0,29.865778833347576,29.839905805503925,0.0
2024-12-18 01:00:00,31.9516708688562,0.0,0.0,31.9516708688562,31.112372336308344,0.0
2024-12-18 02:00:00,43.491597190037595,0.0,0.0,43.491597190037595,30.832439743113827,0.0
2024-12-18 03:00:00,34.452227365859365,0.0,0.0,34.452227365859365,30.890146502877773,0.0
2024-12-18 04:00:00,39.27612029866745,0.0,0.0,39.27612029866745,29.743940967686274,0.0
2024-12-18 05:00:00,37.80213969429062,0.0,0.0,37.80213969429062,30.186273814510407,0.0
2024-12-18 06:00:00,217.6207936972838,0.0,52.11908672690409,217.6207936972838,30.141406136798786,0.0
2024-12-18 07:00:00,401.03448369075903,19.159381770962252,161.95434709263424,420.19386546172126,27.5796417475031,193.46389545109514
2024-12-18 08:00:00,322.11358985339484,40.74697798833026,123.62263611108078,362.8605678417251,27.482296357531272,381.16807113740805
2024-12-18 09:00:00,334.061118098484,59.01432622040822,145.42187451395844,393.0754443188922,26.006670449002677,538.4899487357291
2024-12-18 10:00:00,288.0476009475553,63.25364911520199,130.75401284479017,351.3012500627573,26.89999498433524,566.7334344739654
2024-12-18 11:00:00,306.10035598640314,66.3830462635982,143.11029129280115,372.48340225000135,25.450134459458717,582.9847093854005
2024-12-18 12:00:00,329.47674790197414,84.38555115153352,156.5792671015805,413.8622990535077,24.415156712805956,748.586465115695
2024-12-18 13:00:00,169.73999276922945,76.66023309060547,70.85944665122685,246.4002258598349,23.310517824590058,666.6772691643355
2024-12-18 14:00:00,128.68051009278443,86.09096121683694,56.033973619371416,214.77147130962138,23.31216391714838,752.0189485789874
2024-12-18 15:00:00,270.20102421171975,72.47289911572202,121.98346282751339,342.67392332744174,24.297588815365664,616.5035494168745
2024-12-18 16:00:00,324.576781175777,54.78960469652881,138.5187995616605,379.36638587230584,23.592856942432224,439.96868415672924
2024-12-18 17:00:00,320.8104844705461,23.114625694241578,121.94589720203699,343.92511016478767,24.164761298012557,170.0949745762481
2024-12-18 18:00:00,369.05176271470884,2.0407213608057026e-15,144.80544648991966,369.05176271470884,25.559607587120446,9.45325676560763e-14
2024-12-18 19:00:00,372.1484278072776,0.0,136.42707892548358,372.1484278072776,26.46603363144947,0.0
2024-12-18 20:00:00,416.215982293796,0.0,153.1464961634572,416.215982293796,27.495207658133655,0.0
2024-12-18 21:00:00,287.65463594088834,0.0,96.00417184910124,287.65463594088834,27.991295963486774,0.0
2024-12-18 22:00:00,33.732669825669376,0.0,0.0,33.732669825669376,29.51526522760205,0.0
2024-12-18 23:00:00,38.830659200236646,0.0,0.0,38.830659200236646,29.34915833220121,0.0
2024-12-19 00:00:00,35.79589889986642,0.0,0.0,35.79589889986642,31.112729227522312,0.0
2024-12-19 01:00:00,34.97152092422593,0.0,0.0,34.97152092422593,31.256118868844354,0.0
2024-12-19 02:00:00,34.52894385566246,0.0,0.0,34.52894385566246,31.56864268031282,0.0
2024-12-19 03:00:00,33.12963894515088,0.0,0.0,33.12963894515088,31.74005755547306,0.0
2024-12-19 04:00:00,41.90192652291401,0.0,0.0,41.90192652291401,30.57174087819165,0.0
2024-12-19 05:00:00,40.09116317621843,0.0,0.0,40.09116317621843,29.912653105741754,0.0
2024-12-19 06:00:00,211.02346138375614,0.0,57.060694218136504,211.02346138375614,28.674121259422762,0.0
2024-12-19 07:00:00,386.10840164979743,16.75222954680499,155.23458354227716,402.8606311966024,27.66468374739596,162.1425083490896
2024-12-19 08:00:00,384.8598709431574,37.195549279333356,162.20003566935236,422.05542022249074,27.680331058463814,344.8631783781843
2024-12-19 09:00:00,303.59359722717505,49.00372357438546,129.36003136265057,352.5973208015605,26.808690039204922,434.7497156562455
2024-12-19 10:00:00,372.0776269859011,52.719705401679505,162.94854431022748,424.7973323875806,25.47527657552664,449.7700969055679
2024-12-19 11:00:00,309.4052822368665,73.39278259796356,141.97361749795272,382.7980648348301,24.857894553411416,650.2471666448829
2024-12-19 12:00:00,295.2987885605183,66.64008568924793,128.5581323401832,361.93887424976623,25.49895615290098,568.4603570288896
2024-12-19 13:00:00,197.78746890934346,60.89028228661661,88.05185341618052,258.67775119596007,24.82549763563822,511.26538685423077
2024-12-19 14:00:00,142.59148624541717,57.40099809428734,56.589057743152125,199.9924843397045,23.637514700137743,478.2662388834476
2024-12-19 15:00:00,279.51391995858694,55.931433556642695,122.45008176631056,335.4453535152296,24.166403719927363,460.6645382894642
2024-12-19 16:00:00,317.43171628250457,39.03204548934107,126.81004464911621,356.4637617718456,24.94023057008122,311.3046739434827
2024-12-19 17:00:00,407.7581975886331,15.942803872323545,165.8317292110492,423.70100146095666,24.980218891165368,121.09130275160061
2024-12-19 18:00:00,396.59362823907816,3.524513793529865e-15,146.46969170475109,396.59362823907816,25.61397047979584,7.357517849772022e-14
2024-12-19 19:00:00,413.1077559335052,0.0,163.61556802190805,413.1077559335052,26.693328587748464,0.0
2024-12-19 20:00:00,380.5634919869661,0.0,136.56383272999057,380.5634919869661,28.31364858016479,0.0
2024-12-19 21:00:00,248.35526492165727,0.0,78.64607196100667,248.35526492165727,29.264885446616745,0.0
2024-12-19 22:00:00,26.333383019976743,0.0,0.0,26.333383019976743,29.150594728602417,0.0
2024-12-19 23:00:00,31.491390589062615,0.0,0.0,31.491390589062615,30.473467418968625,0.0
2024-12-20 00:00:00,36.31901420781149,0.0,0.0,36.31901420781149,28.66209546011353,0.0
2024-12-20 01:00:00,38.49246294789319,0.0,0.0,38.49246294789319,28.510835069075583,0.0
2024-12-20 02:00:00,29.276339995000985,0.0,0.0,29.276339995000985,28.985675166681848,0.0
2024-12-20 03:00:00,26.30545556892949,0.0,0.0,26.30545556892949,28.38283572131979,0.0
2024-12-20 04:00:00,37.72492073396773,0.0,0.0,37.72492073396773,29.246828955128954,0.0
2024-12-20 05:00:00,30.775545877782644,0.0,0.0,30.775545877782644,28.885322178787437,0.0
2024-12-20 06:00:00,206.85055397853188,0.0,47.405106876075024,206.85055397853188,27.178925882519824,0.0
2024-12-20 07:00:00,403.6141391501602,20.7118013409795,156.293670986562,424.3259404911397,26.215539424893535,211.427181243873
2024-12-20 08:00:00,357.7563470787304,42.36598865615136,148.3515100110841,400.12233573488174,26.161509642131158,397.7074995995845
2024-12-20 09:00:00,315.31784948025427,66.60164761523572,136.69248059028033,381.91949709549,25.336420235938057,612.3698584549195
2024-12-20 10:00:00,283.1262784725329,84.82221977001677,131.20460127689603,367.94849824254965,23.32700672236061,777.7235920490438
2024-12-20 11:00:00,331.0356468737556,87.58440466761552,158.5578917149932,418.6200515413711,23.085316354777632,782.1187781304287
2024-12-20 12:00:00,301.37958549050387,90.08949089597381,139.9737438878601,391.4690763864777,22.573654316125715,798.0494847789461
2024-12-20 13:00:00,169.627434592528,93.8336289605882,84.07616665768394,263.4610635531162,21.868083894467674,826.900124568539
2024-12-20 14:00:00,125.3523621025922,80.21732029793637,53.57560703569348,205.56968240052856,22.327203270350594,690.1030104191057
2024-12-20 15:00:00,295.30111814876796,67.47803442557917,136.69370222837466,362.7791525743471,21.903499363753156,558.9712032361405
2024-12-20 16:00:00,337.8111243053666,56.5336495272126,150.3392503909205,394.3447738325792,22.332993137383145,447.58277580001743
2024-12-20 17:00:00,303.8021036076621,32.530933014316325,122.31572672792306,336.3330366219784,23.108667324236436,236.06533456338852
2024-12-20 18:00:00,99.10090626533737,2.3989212771694268e-15,0.0,99.10090626533737,23.13968128219419,1.1006203648818164e-13
2024-12-20 19:00:00,439.4531603740635,0.0,156.1170870884772,439.4531603740635,23.700119130459726,0.0
2024-12-20 20:00:00,377.8055550578242,0.0,141.29218820345366,377.8055550578242,26.093348606626034,0.0
2024-12-20 21:00:00,303.81195712713543,0.0,94.51363452842244,303.81195712713543,26.16991753660977,0.0
2024-12-20 22:00:00,35.03071341436242,0.0,0.0,35.03071341436242,28.45164446481939,0.0
2024-12-20 23:00:00,31.70963213248593,0.0,0.0,31.70963213248593,29.095005120001616,0.0
2024-12-21 00:00:00,34.03834863403161,0.0,0.0,34.03834863403161,28.829620863858782,0.0
2024-12-21 01:00:00,38.1613342048085,0.0,0.0,38.1613342048085,30.602038151275824,0.0
2024-12-21 02:00:00,38.94696950026284,0.0,0.0,38.94696950026284,30.02055852616656,0.0
2024-12-21 03:00:00,45.250502546997936,0.0,0.0,45.250502546997936,29.10985475201297,0.0
2024-12-21 04:00:00,35.60778539467894,0.0,0.0,35.60778539467894,27.791940304812172,0.0
2024-12-21 05:00:00,33.200914501237136,0.0,0.0,33.200914501237136,28.87072256442585,0.0
2024-12-21 06:00:00,187.03070866250332,0.0,54.94520286056281,187.03070866250332,27.817419198913345,0.0
2024-12-21 07:00:00,325.06666553406336,21.159976002961965,132.06964115620198,346.22664153702533,27.173318712203447,218.81521140140305
2024-12-21 08:00:00,255.74948245008227,44.56253630900915,114.61748949583681,300.3120187590914,25.937353173220547,421.1905203808508
2024-12-21 09:00:00,243.0862948809554,63.69060972403771,120.6957528889961,306.7769046049931,24.573976138314517,589.2337712725036
2024-12-21 10:00:00,237.7684285364674,76.29206597969083,125.31314137278108,314.06049451615826,24.088257929262188,689.27982261749
2024-12-21 11:00:00,200.21198592464037,87.74672958746628,115.43515631707066,287.95871551210666,23.93021617029238,799.7075507804191
2024-12-21 12:00:00,180.10866724217834,98.06238377967661,115.03112763071476,278.17105102185496,22.84349466454013,877.2486252463218
2024-12-21 13:00:00,112.27686148048167,89.47928427375933,68.5811202349381,201.756145754241,22.490821940789733,777.7592680563332
2024-12-21 14:00:00,0.0,65.46530073064025,0.0,65.21163632155547,21.79207771744395,548.4249186366841
2024-12-21 15:00:00,2.555401490579932,62.7735656300847,0.0,65.32896712066463,22.71663111035017,518.1151015630982
2024-12-21 16:00:00,12.925135506080657,52.216774413105846,0.0,65.1419099191865,22.464716377483473,412.9090263095664
2024-12-21 17:00:00,28.950068894018273,26.054533910569063,0.0,55.004602804587336,24.036160627168915,187.70453601819898
2024-12-21 18:00:00,57.26598679128704,2.3841111326358807e-15,0.0,57.26598679128704,23.934720811357682,1.0973104666325222e-13
2024-12-21 19:00:00,66.47338477055598,0.0,0.0,66.47338477055598,24.998052558366073,0.0
2024-12-21 20:00:00,51.80092429690518,0.0,0.0,51.80092429690518,27.13376304434496,0.0
2024-12-21 21:00:00,60.94289165727287,0.0,0.0,60.94289165727287,26.8043508079813,0.0
2024-12-21 22:00:00,44.853947647699485,0.0,0.0,44.853947647699485,27.581483853406233,0.0
2024-12-21 23:00:00,36.25461144846831,0.0,0.0,36.25461144846831,28.819455988575154,0.0
2024-12-22 00:00:00,17.029724560019268,0.0,0.0,17.029724560019268,28.808412540706993,0.0
2024-12-22 01:00:00,21.192960674623286,0.0,0.0,21.192960674623286,30.676099581475285,0.0
2024-12-22 02:00:00,18.195759812607065,0.0,0.0,18.195759812607065,30.66692455030208,0.0
2024-12-22 03:00:00,20.715932443613664,0.0,0.0,20.715932443613664,30.312920793023384,0.0
2024-12-22 04:00:00,22.308001457445805,0.0,0.0,22.308001457445805,28.012494695081664,0.0
2024-12-22 05:00:00,10.567544066734474,0.0,0.0,10.567544066734474,29.015122413489312,0.0
2024-12-22 06:00:00,19.558976719060176,0.0,0.0,19.558976719060176,27.783521415571617,0.0
2024-12-22 07:00:00,2.77152341210153,14.710666973601327,0.0,17.482190385702857,28.137874578412877,132.85476836054502
2024-12-22 08:00:00,0.0,37.339146202202386,0.0,18.57543306116874,27.19623507220229,350.12385862382075
2024-12-22 09:00:00,0.0,54.38252383765678,0.0,18.252199854372982,25.95809281563085,500.31544679285196
2024-12-22 10:00:00,0.0,61.85701449812489,0.0,15.38595759118388,24.318398930004278,543.0538227212135
2024-12-22 11:00:00,0.0,72.78350151632772,0.0,17.848592405723707,24.942227899683832,649.277486633115
2024-12-22 12:00:00,0.0,79.90473876780054,0.0,20.461848110681768,23.507735045819004,698.387272284302
2024-12-22 13:00:00,0.0,66.3180927376419,0.0,17.31775995524663,24.191899670012827,560.1383952539883
2024-12-22 14:00:00,0.0,60.79955726023355,0.0,18.12194436047566,23.30264806200561,509.24984092060294
2024-12-22 15:00:00,0.0,56.24583887551191,0.0,16.828929322002878,23.54261814602087,463.9827739329103
2024-12-22 16:00:00,0.0,45.08761168811132,0.0,15.061274961747818,23.40871342304748,355.23115146811887
2024-12-22 17:00:00,0.0,19.32936162485854,0.0,18.180527595403685,24.898558583312273,143.1628600578419
2024-12-22 18:00:00,11.811839391347135,3.1383319040360194e-15,0.0,11.811839391347139,25.22417147072109,7.674953607665201e-14
2024-12-22 19:00:00,21.283854079151666,0.0,0.0,21.283854079151666,26.48553371697277,0.0
2024-12-22 20:00:00,18.305127082082926,0.0,0.0,18.305127082082926,26.758725127847804,0.0
2024-12-22 21:00:00,16.418004374223464,0.0,0.0,16.418004374223464,27.552301856805208,0.0
2024-12-22 22:00:00,19.19411788970195,0.0,0.0,19.19411788970195,28.71751961002369,0.0
2024-12-22 23:00:00,15.783286734022086,0.0,0.0,15.783286734022086,29.866098517272803,0.0
2024-12-23 00:00:00,40.605912195338654,0.0,0.0,40.605912195338654,28.261674106234086,0.0
2024-12-23 01:00:00,36.29130107040042,0.0,0.0,36.29130107040042,28.17207033495784,0.0
2024-12-23 02:00:00,36.02552677685855,0.0,0.0,36.02552677685855,27.293608785555016,0.0
2024-12-23 03:00:00,39.945072641185114,0.0,0.0,39.945072641185114,28.508151451066365,0.0
2024-12-23 04:00:00,32.94235842212097,0.0,0.0,32.94235842212097,27.033954553887504,0.0
2024-12-23 05:00:00,29.87961632178505,0.0,0.0,29.87961632178505,27.21459465159805,0.0
2024-12-23 06:00:00,250.01637250274518,0.0,63.36462558436502,250.01637250274518,26.414334945683677,0.0
2024-12-23 07:00:00,416.7453847674326,17.24625567044724,161.49838254807045,433.9916404378798,24.91920045569498,175.00327734854034
2024-12-23 08:00:00,298.1003367471082,41.976172974703125,125.58137973865237,340.0765097218113,24.90846958430588,396.476177065648
2024-12-23 09:00:00,369.3003256004743,46.81767534118456,159.240960164626,416.11800094165886,24.89351025161378,408.3179739260327
2024-12-23 10:00:00,300.02724165584857,52.79068948922894,123.44365156551866,352.8179311450775,22.815915273779005,442.72074523266394
2024-12-23 11:00:00,340.50438407017344,63.285549386010594,151.50695730797796,403.78993345618403,22.630284136422613,535.5518364691901
2024-12-23 12:00:00,314.9276325357504,68.48450296870827,138.39643070704392,383.41213550445866,22.868974045494483,580.8085478496635
2024-12-23 13:00:00,232.21602096272937,64.69620395529172,96.92497064306164,296.9122249180211,21.772784256861662,541.1476191484129
2024-12-23 14:00:00,138.7369349938922,66.6345480131246,58.4203913661662,205.3714830070168,20.8997963855401,555.4724281103692
2024-12-23 15:00:00,343.3504036825196,63.16798816320958,155.77342239733485,406.5183918457292,21.459985045418602,515.8258127372887
2024-12-23 16:00:00,362.6888455437653,47.79961631580778,160.13803254029492,410.4884618595731,21.931519217678087,375.6500884592889
2024-12-23 17:00:00,337.65139689133093,24.45383001160592,138.3528008779227,362.10522690293686,22.964250871853032,174.08519246692057
2024-12-23 18:00:00,379.6756175088903,2.1236173153769356e-15,142.08812847596832,379.6756175088903,23.57924320968801,9.760713911665547e-14
2024-12-23 19:00:00,335.4980880022564,0.0,126.66566004560474,335.4980880022564,22.431409572267857,0.0
2024-12-23 20:00:00,106.26330474743725,0.0,0.0,106.26330474743725,24.294115763270877,0.0
2024-12-23 21:00:00,109.53244632809461,0.0,0.0,109.53244632809461,25.593071335920985,0.0
2024-12-23 22:00:00,30.477788165742215,0.0,0.0,30.477788165742215,25.964574508100117,0.0
2024-12-23 23:00:00,30.636106811032796,0.0,0.0,30.636106811032796,25.347045993976558,0.0
2024-12-24 00:00:00,39.78181097276569,0.0,0.0,39.78181097276569,28.62215581513657,0.0
2024-12-24 01:00:00,35.153933155559685,0.0,0.0,35.153933155559685,29.33281123403428,0.0
2024-12-24 02:00:00,33.84591812928709,0.0,0.0,33.84591812928709,29.191233804360653,0.0
2024-12-24 03:00:00,31.4435004724067,0.0,0.0,31.4435004724067,28.83614491023994,0.0
2024-12-24 04:00:00,40.93740542432842,0.0,0.0,40.93740542432842,29.005697371404324,0.0
2024-12-24 05:00:00,31.8740985392769,0.0,0.0,31.8740985392769,28.60029396754535,0.0
2024-12-24 06:00:00,228.68514584223834,0.0,61.30796013538327,228.68514584223834,27.469577588783636,0.0
2024-12-24 07:00:00,355.2242143812621,18.32648955221106,127.61445655061046,373.55070393347313,27.545614714862033,193.7126664417404
2024-12-24 08:00:00,402.0524073550509,37.84608005031145,165.74805757609667,439.89848740536235,25.98273335370611,358.3662567144553
2024-12-24 09:00:00,338.05359213739877,57.796343822274785,148.04329529323442,395.84993595967353,24.61225265309011,530.3415750525916
2024-12-24 10:00:00,330.9407766666681,79.20992411055984,154.33354885295557,410.15070077722794,23.641607484591454,728.6415600002609
2024-12-24 11:00:00,298.5343229215232,89.03773996627535,149.4900356170193,387.57206288779855,23.372517509984128,809.1166629969606
2024-12-24 12:00:00,311.5565090780141,84.82549868386369,148.48155763816183,396.38200776187773,23.479497559289563,750.706896789037
2024-12-24 13:00:00,163.864535362048,72.89317778000122,68.41954664679514,236.75771314204923,22.161291399183067,621.6000450321998
2024-12-24 14:00:00,140.78598960243053,84.41638845648063,63.309668470720915,225.20237805891117,22.751815887764725,730.4633352447291
2024-12-24 15:00:00,248.7058442433925,63.661845394816794,110.37571983446517,312.3676896382093,22.62041420876179,525.6063821541034
2024-12-24 16:00:00,355.5880334609419,54.25983534139825,156.9778321447617,409.84786880234014,23.919403717273173,431.9570924197346
2024-12-24 17:00:00,349.0215038639633,27.58220885066848,143.91882394609476,376.6037127146318,23.674128143443742,195.1705511720444
2024-12-24 18:00:00,399.1166819897888,1.9920565102522916e-15,154.4053659428447,399.1166819897888,23.854763026053444,9.019095073287326e-14
2024-12-24 19:00:00,378.3207074344418,0.0,144.75721246528357,378.3207074344418,25.41619425228989,0.0
2024-12-24 20:00:00,405.1080255310914,0.0,157.37346500262703,405.1080255310914,26.338887141214357,0.0
2024-12-24 21:00:00,265.5814128221115,0.0,85.63806585054981,265.5814128221115,26.66123729747729,0.0
2024-12-24 22:00:00,35.65575985552215,0.0,0.0,35.65575985552215,27.121878293601366,0.0
2024-12-24 23:00:00,33.494937985415426,0.0,0.0,33.494937985415426,28.696767475532575,0.0
2024-12-25 00:00:00,35.27002464523418,0.0,0.0,35.27002464523418,31.094180950763736,0.0
2024-12-25 01:00:00,36.57679627812017,0.0,0.0,36.57679627812017,30.65379979527866,0.0
2024-12-25 02:00:00,39.34958826065937,0.0,0.0,39.34958826065937,31.658594948631006,0.0
2024-12-25 03:00:00,33.00863315813796,0.0,0.0,33.00863315813796,31.093578392136834,0.0
2024-12-25 04:00:00,42.08897165517052,0.0,0.0,42.08897165517052,30.304622341449996,0.0
2024-12-25 05:00:00,33.643293797424825,0.0,0.0,33.643293797424825,30.330150011594462,0.0
2024-12-25 06:00:00,221.8956520138983,0.0,58.60128207468694,221.8956520138983,30.422793816239132,0.0
2024-12-25 07:00:00,392.8724906514913,14.989158187368002,148.26783138471464,407.8616488388593,29.54123185703855,141.5762186122726
2024-12-25 08:00:00,410.82553304928484,34.69512477427674,169.2706524791439,445.5206578235616,28.50471050013938,324.13127349726415
2024-12-25 09:00:00,340.7836707757113,60.43354962623664,151.0539198425508,401.21722040194794,27.260084236322935,566.499394467636
2024-12-25 10:00:00,282.66533552782005,64.5664359574368,123.73484698927768,347.23177148525684,26.579233050813247,584.4952326633319
2024-12-25 11:00:00,296.7657808720121,68.08745494928334,134.4632882402469,364.8532358212954,25.605783005721783,600.8215240643227
2024-12-25 12:00:00,327.5092627451513,62.57162859649055,151.02155716591386,390.08089134164186,24.44772012278293,531.3159738133063
2024-12-25 13:00:00,189.44652266373527,84.56230229838826,96.2708278177864,274.0088249621235,24.197843107697743,743.6011702463625
2024-12-25 14:00:00,144.53401019291442,67.89155709189264,52.883596251134335,212.42556728480704,24.227743986356845,571.2329328444793
2024-12-25 15:00:00,391.90629313829913,46.35796471891672,174.41825603270306,438.26425785721585,25.351273595442127,375.76896817922636
2024-12-25 16:00:00,341.9800759250044,37.93160425589763,145.00235421980153,379.91168018090207,25.538590901450384,297.34257606807176
2024-12-25 17:00:00,365.32995968432454,20.114370571180334,148.493085486716,385.4443302555049,25.01652193331937,146.96688896804318
2024-12-25 18:00:00,364.3399392317076,2.714214298567163e-15,124.629452709643,364.3399392317076,26.308030006843797,8.02041806938957e-14
2024-12-25 19:00:00,412.7093285391707,0.0,158.39554129069202,412.7093285391707,26.92416421990051,0.0
2024-12-25 20:00:00,364.29988403458907,0.0,136.1475755145474,364.29988403458907,27.953784179485357,0.0
2024-12-25 21:00:00,265.6924409002542,0.0,79.1227017917461,265.6924409002542,28.66917969751841,0.0
2024-12-25 22:00:00,38.10075371897971,0.0,0.0,38.10075371897971,30.48418026053884,0.0
2024-12-25 23:00:00,38.10425672528141,0.0,0.0,38.10425672528141,30.496754914851795,0.0
2024-12-26 00:00:00,32.38526185198734,0.0,0.0,32.38526185198734,30.26635308858348,0.0
2024-12-26 01:00:00,31.927133863121664,0.0,0.0,31.927133863121664,30.620055268115703,0.0
2024-12-26 02:00:00,35.50489971273135,0.0,0.0,35.50489971273135,30.113300685556794,0.0
2024-12-26 03:00:00,37.48950881425421,0.0,0.0,37.48950881425421,30.562203013969306,0.0
2024-12-26 04:00:00,36.765074812077934,0.0,0.0,36.765074812077934,30.689433097176263,0.0
2024-12-26 05:00:00,35.611111338317,0.0,0.0,35.611111338317,30.33840499993057,0.0
2024-12-26 06:00:00,210.15495159533063,0.0,55.19200036048394,210.15495159533063,28.303278289177584,0.0
2024-12-26 07:00:00,415.28500967438845,14.726151800368948,162.20457954094508,430.0111614747574,27.273751812201763,135.65765528155478
2024-12-26 08:00:00,370.205322139846,21.906913680663205,149.1368338127182,392.11223582050917,27.158253063058066,178.47553423162734
2024-12-26 09:00:00,311.27215767005305,42.231192683963314,129.83053538166925,353.50335035401633,26.775912903046,363.4819795646368
2024-12-26 10:00:00,308.6237424712352,41.98206372281053,134.94209965545483,350.6058061940457,25.55698400017915,345.59525100679366
2024-12-26 11:00:00,359.41536578840464,54.44530951677673,162.58632369349536,413.86067530518136,24.992460076924292,456.6664093459794
2024-12-26 12:00:00,297.4754225410952,64.49054756874771,139.1315705332269,361.96597010984294,23.415972349338507,547.6992252842393
2024-12-26 13:00:00,195.80320420819095,75.23015908735663,90.29152738036746,271.0333632955476,23.460451638890568,653.7975389877816
2024-12-26 14:00:00,192.74029629282168,45.012364603462935,61.58934950329339,237.75266089628462,22.529129620140854,363.5800810832599
2024-12-26 15:00:00,254.37413063538565,43.166031500902776,93.7822758362798,297.5401621362884,23.67520135640259,346.7156883794729
2024-12-26 16:00:00,395.3419654355622,28.672993765982426,160.51757101018424,424.0149592015446,23.013987139370133,223.3742478336194
2024-12-26 17:00:00,326.7676353732595,14.918534363886971,130.35399130253037,341.6861697371465,25.31864288980463,112.75296678556423
2024-12-26 18:00:00,367.04598607207896,5.0668521019670975e-15,137.3616188628164,367.04598607207896,26.154596506991773,5.4792679501688055e-14
2024-12-26 19:00:00,425.60969310442334,0.0,164.43530019526716,425.60969310442334,26.291640861209363,0.0
2024-12-26 20:00:00,416.64415051017033,0.0,163.11867692158432,416.64415051017033,26.37089921919834,0.0
2024-12-26 21:00:00,270.1574364819734,0.0,89.7132681752802,270.1574364819734,28.220908757852715,0.0
2024-12-26 22:00:00,39.654666341053826,0.0,0.0,39.654666341053826,29.806752052267775,0.0
2024-12-26 23:00:00,37.97314366857489,0.0,0.0,37.97314366857489,29.839927257033683,0.0
2024-12-27 00:00:00,25.993689486533825,0.0,0.0,25.993689486533825,29.935479361111106,0.0
2024-12-27 01:00:00,29.84889077881134,0.0,0.0,29.84889077881134,29.450056188783737,0.0
2024-12-27 02:00:00,38.4229711159738,0.0,0.0,38.4229711159738,29.376293428703416,0.0
2024-12-27 03:00:00,37.534459208455914,0.0,0.0,37.534459208455914,29.65720784005052,0.0
2024-12-27 04:00:00,32.465166695588955,0.0,0.0,32.465166695588955,28.37963468839528,0.0
2024-12-27 05:00:00,39.458924280357834,0.0,0.0,39.458924280357834,29.91881646743,0.0
2024-12-27 06:00:00,231.87549764811968,0.0,61.152102004254246,231.87549764811968,28.131723475860355,0.0
2024-12-27 07:00:00,393.935916008708,18.12753768517848,156.43595454956758,412.06345369388646,27.651151587662437,196.949507056028
2024-12-27 08:00:00,381.8579821009075,40.18166090566275,162.8790382085047,422.03964300657026,26.081144188422005,386.08154348673975
2024-12-27 09:00:00,374.54225652627997,54.68611147353866,164.6932151515707,429.2283679998186,24.634488609832143,500.28285318063064
2024-12-27 10:00:00,328.8862238105894,63.67631862239576,144.03475680058685,392.56254243298514,25.27480586796055,572.3928012012869
2024-12-27 11:00:00,280.4853443239739,78.62113185068253,131.99297542230667,359.10647617465645,23.27497457782888,702.8399339028396
2024-12-27 12:00:00,313.3945053113541,67.88228816827886,138.86407381974817,381.276793479633,23.455228921159193,580.2598335499334
2024-12-27 13:00:00,202.54391382926067,60.98276136845632,86.58756056213264,263.526675197717,23.152700466268097,509.08920882613313
2024-12-27 14:00:00,137.1220420848337,71.447300637387,56.69751598198975,208.5693427222207,22.84887410445955,606.5870007838064
2024-12-27 15:00:00,285.29341442899073,51.75262597765215,128.07583756098316,337.0460404066429,22.538865942517273,417.7659842124782
2024-12-27 16:00:00,77.37962912938741,42.40485384036965,0.0,119.78448296975706,23.205993420861457,331.13928441508347
2024-12-27 17:00:00,329.54888253985155,25.062217757878926,120.15902566312786,354.61110029773045,23.361999305446005,175.04799935815018
2024-12-27 18:00:00,395.96391003665406,2.3333245964672266e-15,143.71677152610596,395.96391003665406,24.96648729889958,8.402289038009253e-14
2024-12-27 19:00:00,391.7647922778868,0.0,144.63037745812633,391.7647922778868,25.691805258510392,0.0
2024-12-27 20:00:00,391.7697680238798,0.0,144.142180476642,391.7697680238798,26.30119723607116,0.0
2024-12-27 21:00:00,278.8670199008288,0.0,92.77788653466614,278.8670199008288,26.933589374631417,0.0
2024-12-27 22:00:00,35.36267536022239,0.0,0.0,35.36267536022239,29.11555740251112,0.0
2024-12-27 23:00:00,30.40047901809786,0.0,0.0,30.40047901809786,28.135740193696357,0.0
2024-12-28 00:00:00,32.95695806719133,0.0,0.0,32.95695806719133,28.894469199018896,0.0
2024-12-28 01:00:00,32.03440116515763,0.0,0.0,32.03440116515763,29.975424235901507,0.0
2024-12-28 02:00:00,40.21451469621777,0.0,0.0,40.21451469621777,30.00666317091833,0.0
2024-12-28 03:00:00,35.68907553786319,0.0,0.0,35.68907553786319,30.56521845359271,0.0
2024-12-28 04:00:00,39.531419279438474,0.0,0.0,39.531419279438474,29.989833974922654,0.0
2024-12-28 05:00:00,33.2811307672189,0.0,0.0,33.2811307672189,29.125323361847716,0.0
2024-12-28 06:00:00,58.85456021549282,0.0,0.0,58.85456021549282,28.635855725613517,0.0
2024-12-28 07:00:00,38.6063925180528,17.06448544990043,0.0,55.67087796795323,27.782636366187432,185.6060174404373
2024-12-28 08:00:00,23.960622276835757,37.43299479077898,0.0,61.393617067614734,27.687465194294756,358.8323365364384
2024-12-28 09:00:00,10.327032396650381,52.23555854361286,0.0,62.56259094026324,25.856501871592677,477.7762225236655
2024-12-28 10:00:00,0.0,70.85216867301202,0.0,59.06385485681608,24.545148267864036,639.0785330655085
2024-12-28 11:00:00,0.0,81.4822949103953,0.0,58.58068354079219,24.260063649964973,730.234084554977
2024-12-28 12:00:00,0.0,78.28592310772892,0.0,59.312762669950054,22.295258214323123,680.8613967896368
2024-12-28 13:00:00,0.0,74.19998723104888,0.0,59.617608754968096,23.238622671481863,628.4654780498696
2024-12-28 14:00:00,0.0,74.56169072342965,0.0,62.71057964895601,23.682178069756777,629.8890924470375
2024-12-28 15:00:00,14.687476905158476,51.4220948665652,0.0,66.10957177172368,23.556038501627253,417.6401438474754
2024-12-28 16:00:00,22.132911487447494,39.031491391461415,0.0,61.16440287890891,23.753875942781082,302.3904487961628
2024-12-28 17:00:00,37.365679844466875,24.188474382353682,0.0,61.55415422682056,24.485432677836112,169.60283984158926
2024-12-28 18:00:00,57.734800511602835,4.512010257384923e-15,0.0,57.73480051160284,25.43731510664264,6.453922207865724e-14
2024-12-28 19:00:00,59.75534556264957,0.0,0.0,59.75534556264957,26.44243687999405,0.0
2024-12-28 20:00:00,58.212618728374515,0.0,0.0,58.212618728374515,26.85941478434851,0.0
2024-12-28 21:00:00,57.84905019327868,0.0,0.0,57.84905019327868,27.38349777480626,0.0
2024-12-28 22:00:00,34.9355430804873,0.0,0.0,34.9355430804873,27.228925838923892,0.0
2024-12-28 23:00:00,32.64677304681306,0.0,0.0,32.64677304681306,29.599647281860562,0.0
2024-12-29 00:00:00,21.77950940869294,0.0,0.0,21.77950940869294,30.485776608683214,0.0
2024-12-29 01:00:00,17.429003054678212,0.0,0.0,17.429003054678212,30.654156574405363,0.0
2024-12-29 02:00:00,18.522802473516112,0.0,0.0,18.522802473516112,30.353060691038607,0.0
2024-12-29 03:00:00,13.378285087466551,0.0,0.0,13.378285087466551,31.06040283231774,0.0
2024-12-29 04:00:00,20.531168978462283,0.0,0.0,20.531168978462283,30.099557138967196,0.0
2024-12-29 05:00:00,14.185587479410364,0.0,0.0,14.185587479410364,29.65474911726565,0.0
2024-12-29 06:00:00,14.306670180234477,0.0,0.0,14.306670180234477,28.919092144051604,0.0
2024-12-29 07:00:00,0.29570222106100275,16.18882379508133,0.0,16.484526016142333,28.327878955577297,172.05613262714493
2024-12-29 08:00:00,0.0,34.339777262992236,0.0,17.315703284086908,26.62277043312066,322.3859202627131
2024-12-29 09:00:00,0.0,54.25950151985588,0.0,13.410245558450136,26.572495711730575,503.6271552824628
2024-12-29 10:00:00,0.0,56.77295631414471,0.0,22.148662794119552,25.086642260231713,493.5322439990143
2024-12-29 11:00:00,0.0,70.35900720006028,0.0,18.005658160514074,24.37931085103323,620.5344299524423
2024-12-29 12:00:00,0.0,75.88599672276115,0.0,24.99597355587966,24.608617549169065,672.6288606054053
2024-12-29 13:00:00,0.0,84.70548451864724,0.0,13.42693431371415,23.3188318160762,735.7783451320703
2024-12-29 14:00:00,0.0,71.50143209960196,0.0,17.3993760802404,24.138807639140957,611.1145135998133
2024-12-29 15:00:00,0.0,51.81719412286349,0.0,18.202493060515177,23.86702940897844,417.52045947839554
2024-12-29 16:00:00,0.0,41.506268566850544,0.0,20.07826825879258,23.341859150955152,321.67998488292824
2024-12-29 17:00:00,0.0,27.912954664700692,0.0,14.218460555747104,25.40445063030606,193.53145004507434
2024-12-29 18:00:00,21.079624560672094,3.696779027312195e-15,0.0,21.079624560672098,25.602213302267472,7.214998174197973e-14
2024-12-29 19:00:00,15.294328871331075,0.0,0.0,15.294328871331075,26.488282713721837,0.0
2024-12-29 20:00:00,21.173825368175407,0.0,0.0,21.173825368175407,27.700707593928104,0.0
2024-12-29 21:00:00,16.571716452161464,0.0,0.0,16.571716452161464,28.852563468775198,0.0
2024-12-29 22:00:00,8.812296414397903,0.0,0.0,8.812296414397903,29.04759988674379,0.0
2024-12-29 23:00:00,19.54868089421357,0.0,0.0,19.54868089421357,29.980603834036675,0.0
2024-12-30 00:00:00,27.367308092200307,0.0,0.0,27.367308092200307,30.643574056046386,0.0
2024-12-30 01:00:00,30.584780206049317,0.0,0.0,30.584780206049317,30.636198716153032,0.0
2024-12-30 02:00:00,33.812603296460516,0.0,0.0,33.812603296460516,30.135174026044563,0.0
2024-12-30 03:00:00,34.579596051919125,0.0,0.0,34.579596051919125,30.91509359905598,0.0
2024-12-30 04:00:00,35.379503821526384,0.0,0.0,35.379503821526384,31.147450006059948,0.0
2024-12-30 05:00:00,36.354591522791615,0.0,0.0,36.354591522791615,30.193432393323878,0.0
2024-12-30 06:00:00,233.979471898709,0.0,61.096054540741115,233.979471898709,28.643180582003914,0.0
2024-12-30 07:00:00,426.02340599350003,15.795685118650288,174.1731663377169,441.8190911121503,28.88151958817341,167.48963347182007
2024-12-30 08:00:00,345.06566643138217,41.944730605302766,135.1226070805515,387.01039703668494,27.272157251563964,406.45069650514574
2024-12-30 09:00:00,325.1515227572739,53.02420246906497,146.48049759343036,378.17572522633884,25.47501258338581,489.3185065287588
2024-12-30 10:00:00,329.60179505791075,55.020677357688186,145.56712401386196,384.62247241559896,26.185844085083396,476.8945582606107
2024-12-30 11:00:00,287.77820783467934,92.34700892792256,144.89665569684422,380.1252167626019,24.479328131292664,838.6863568037083
2024-12-30 12:00:00,276.1585904532096,75.55125375627699,124.47582715759742,351.7098442094866,25.286167450805554,673.1456955875178
2024-12-30 13:00:00,168.26174346799957,79.65828835841288,75.3812809754382,247.92003182641244,24.620038485779105,691.0045863627001
2024-12-30 14:00:00,119.91685057652083,86.04032595765744,57.03685887885549,205.95717653417827,23.812992540660556,743.7545978486188
2024-12-30 15:00:00,288.7343842395843,62.38620683917392,120.04351166690114,351.1205910787582,24.27583170835763,511.47334478127937
2024-12-30 16:00:00,339.19919019175546,46.229608578422926,137.73757369067053,385.4287987701784,25.607762547074152,360.84567918646707
2024-12-30 17:00:00,338.87020665606497,23.682982846784036,133.27256069297545,362.553189502849,25.452021962257714,165.84187194169644
2024-12-30 18:00:00,370.64398353931625,3.3848003355633994e-15,138.2538214848647,370.64398353931625,25.79599218988443,7.468601320196267e-14
2024-12-30 19:00:00,409.13433479621904,0.0,158.6356591173049,409.13433479621904,27.965602516736446,0.0
2024-12-30 20:00:00,331.7075661980846,0.0,127.13371751366995,331.7075661980846,27.485682682970378,0.0
2024-12-30 21:00:00,278.214316344817,0.0,92.93678273728727,278.214316344817,28.62366624479038,0.0
2024-12-30 22:00:00,35.52826277822292,0.0,0.0,35.52826277822292,28.708785582962506,0.0
2024-12-30 23:00:00,35.382463811598164,0.0,0.0,35.382463811598164,29.064406478847605,0.0
