,E_grid,E_DG,Q_prod,T_amb,GHI,E_total
2024-01-01 00:00:00,26.103916295800985,0.0,0.0,27.048229845162425,0.0,26.103916295800985
2024-01-01 01:00:00,4.436912905012916,0.0,0.0,28.443448869258013,0.0,4.436912905012916
2024-01-01 02:00:00,14.995674149006046,0.0,0.0,28.45352210620877,0.0,14.995674149006046
2024-01-01 03:00:00,20.866253872007537,0.0,0.0,28.014717212794782,0.0,20.866253872007537
2024-01-01 04:00:00,18.172754793630304,0.0,0.0,26.90495698592903,0.0,18.172754793630304
2024-01-01 05:00:00,21.50557564095328,0.0,0.0,26.260109786374056,0.0,21.50557564095328
2024-01-01 06:00:00,49.268576039385415,0.0,0.0,25.882046107308142,0.0,49.268576039385415
2024-01-01 07:00:00,15.474526900484577,18.3456513503897,0.0,25.23159721228747,202.4384670528494,33.82017825087428
2024-01-01 08:00:00,12.163659647644934,37.42978521718881,0.0,23.411102072826914,355.0458109837674,49.59344486483374
2024-01-01 09:00:00,0.0,48.90761380689972,0.0,23.636827914520243,430.8162858562683,48.90761380689972
2024-01-01 10:00:00,0.0,60.6069656254996,0.0,23.189079137530676,522.7783931103065,60.6069656254996
2024-01-01 11:00:00,0.0,67.26116329208736,0.0,22.108711341368963,578.1739912264243,67.26116329208736
2024-01-01 12:00:00,0.0,68.05824415737374,0.0,20.926232690958784,572.6928472321068,68.05824415737374
2024-01-01 13:00:00,0.0,81.1880135134455,0.0,20.517405914894454,690.9779522311815,81.1880135134455
2024-01-01 14:00:00,0.0,82.30148434065208,0.0,20.945274177693477,686.3558468394931,82.30148434065208
2024-01-01 15:00:00,0.0,62.9370888261088,0.0,20.83795575592561,499.2262461579728,62.9370888261088
2024-01-01 16:00:00,4.35994124395873,35.04266509232965,0.0,21.485779679488857,267.6203031289114,39.40260633628838
2024-01-01 17:00:00,4.1383626314682544,26.572994265792563,0.0,22.12133495775634,179.24107472379123,30.711356897260817
2024-01-01 18:00:00,47.52700731103757,2.275892492778299e-15,0.0,23.091293270053768,8.507124156936742e-14,47.52700731103757
2024-01-01 19:00:00,54.22213441510252,0.0,0.0,22.823419633282853,0.0,54.22213441510252
2024-01-01 20:00:00,45.9754331162733,0.0,0.0,24.406157479531096,0.0,45.9754331162733
2024-01-01 21:00:00,40.9879883473243,0.0,0.0,25.0194771614846,0.0,40.9879883473243
2024-01-01 22:00:00,20.727283458944967,0.0,0.0,25.99603048363876,0.0,20.727283458944967
2024-01-01 23:00:00,20.570654279883883,0.0,0.0,27.202426166093726,0.0,20.570654279883883
2024-01-02 00:00:00,17.011307752382763,0.0,0.0,30.569852274605733,0.0,17.011307752382763
2024-01-02 01:00:00,23.850757964339145,0.0,0.0,31.13216264203814,0.0,23.850757964339145
2024-01-02 02:00:00,18.04109728578444,0.0,0.0,30.764995550018707,0.0,18.04109728578444
2024-01-02 03:00:00,16.292312008607276,0.0,0.0,30.377932421468415,0.0,16.292312008607276
2024-01-02 04:00:00,16.91416025041086,0.0,0.0,29.956850103354917,0.0,16.91416025041086
2024-01-02 05:00:00,17.485860464904093,0.0,0.0,28.659696657790153,0.0,17.485860464904093
2024-01-02 06:00:00,43.83298850930433,0.0,0.0,29.472067947283875,0.0,43.83298850930433
2024-01-02 07:00:00,26.80170475254502,17.815789539985296,0.0,27.797117875800563,200.1430601524246,44.61749429253032
2024-01-02 08:00:00,4.4450757646036365,39.28947054578896,0.0,27.305148954836028,380.9608751447888,43.734546310392595
2024-01-02 09:00:00,0.0,53.902153057725315,0.0,26.485832029846968,496.03481471361295,53.902153057725315
2024-01-02 10:00:00,0.0,71.49984105095963,0.0,24.679542670309505,646.5861332350474,71.49984105095963
2024-01-02 11:00:00,0.0,76.67719292495809,0.0,24.11565349445184,677.1375587908844,76.67719292495809
2024-01-02 12:00:00,0.0,75.93837819501626,0.0,24.794621465116784,666.8881362383244,75.93837819501626
2024-01-02 13:00:00,0.0,80.34900300605327,0.0,23.816677790664606,696.8794707817981,80.34900300605327
2024-01-02 14:00:00,0.0,69.6840326918793,0.0,23.261907592685315,575.4169836312512,69.6840326918793
2024-01-02 15:00:00,0.0,,0.0,23.608286527259065,546.5016493364719,
2024-01-02 16:00:00,0.5881961525156356,,0.0,24.564229964005456,330.46546976211863,
2024-01-02 17:00:00,18.589634483111627,,0.0,25.04448393054881,207.68874508460257,
2024-01-02 18:00:00,47.72811380252026,,0.0,24.56915954371475,8.064850605332358e-14,
2024-01-02 19:00:00,45.64893038815343,,0.0,26.963475688811698,0.0,
2024-01-02 20:00:00,51.7877515176892,,0.0,27.535274440333914,0.0,
2024-01-02 21:00:00,43.062236102645954,,0.0,27.881829458022604,0.0,
2024-01-02 22:00:00,18.807443733297355,,0.0,28.206339203291215,0.0,
2024-01-02 23:00:00,10.201601525189268,,0.0,30.054078479017953,0.0,
2024-01-03 00:00:00,32.521046511145364,,0.0,29.9629896771169,0.0,
2024-01-03 01:00:00,33.78661272956652,,0.0,29.34552821669691,0.0,
2024-01-03 02:00:00,24.58320950716983,,0.0,30.077647976044865,0.0,
2024-01-03 03:00:00,35.14733310211227,,0.0,31.637513877132037,0.0,
2024-01-03 04:00:00,31.715365804554185,0.0,0.0,29.733026805676804,0.0,31.715365804554185
2024-01-03 05:00:00,44.029158030926084,0.0,0.0,28.797575450709143,0.0,44.029158030926084
2024-01-03 06:00:00,201.2399980725873,0.0,50.59662100940635,27.939438701070735,0.0,201.2399980725873
2024-01-03 07:00:00,377.38833231861935,19.03980069250651,145.46392221264747,28.48560316329759,216.32028475968787,396.42813301112585
2024-01-03 08:00:00,335.9056202588015,33.194601548564705,140.81212035295044,27.1175667585129,307.96196602341627,369.1002218073662
2024-01-03 09:00:00,314.04432832581074,49.9207836047278,131.86875145405537,26.491539912823846,452.45966034763103,363.96511193053857
2024-01-03 10:00:00,255.82566126007924,73.8535675732527,130.30650691025542,25.067779655770135,678.7158339157239,329.67922883333193
2024-01-03 11:00:00,281.46870806199036,77.93359244965313,137.35943211563273,24.845822897237532,689.092239830792,359.4023005116435
2024-01-03 12:00:00,221.95787434927541,96.62218820168873,110.22209259212414,23.238437905704565,867.4453206351754,318.58006255096416
2024-01-03 13:00:00,156.86585641165647,82.92583758568101,74.86206771543473,23.394242112169845,718.4345212893502,239.79169399733746
2024-01-03 14:00:00,124.19595209409184,64.80763625098967,47.16841078971453,23.337213771210422,537.548086418575,189.0035883450815
2024-01-03 15:00:00,307.8850120617678,58.75045348642305,135.16001641341248,24.00417008764993,474.72486538719863,366.63546554819084
2024-01-03 16:00:00,336.7270577447544,36.38584407399135,149.69634921894004,23.822019620548748,279.37801160726906,373.11290181874574
2024-01-03 17:00:00,345.1180772084242,28.962946748553072,141.44164271295253,23.906057408703035,194.09820077854786,374.0810239569773
2024-01-03 18:00:00,338.6786292017053,2.0049947066325202e-15,128.0947774305602,24.97572393318424,9.22666297076781e-14,338.6786292017053
2024-01-03 19:00:00,341.19982570311976,0.0,125.46094260894776,24.949613754635113,0.0,341.19982570311976
2024-01-03 20:00:00,347.27989537709504,0.0,124.8228036245915,25.53320264708892,0.0,347.27989537709504
2024-01-03 21:00:00,284.52209143515023,0.0,97.19689870079442,28.01522435663702,0.0,284.52209143515023
2024-01-03 22:00:00,33.41353090643664,0.0,0.0,28.256315070570885,0.0,33.41353090643664
2024-01-03 23:00:00,39.16854969482585,0.0,0.0,29.037852098386836,0.0,39.16854969482585
2024-01-04 00:00:00,38.581905679386125,0.0,0.0,32.314955325948276,0.0,38.581905679386125
2024-01-04 01:00:00,34.76716319544039,0.0,0.0,32.94763865755346,0.0,34.76716319544039
2024-01-04 02:00:00,33.66929381533231,0.0,0.0,32.63563705043322,0.0,33.66929381533231
2024-01-04 03:00:00,30.25154452111226,0.0,0.0,33.21316988014007,0.0,30.25154452111226
2024-01-04 04:00:00,35.76423870610297,0.0,0.0,32.150826553293605,0.0,35.76423870610297
2024-01-04 05:00:00,35.97970449952491,0.0,0.0,31.494373538962343,0.0,35.97970449952491
2024-01-04 06:00:00,219.7365075106182,0.0,54.36753640115038,30.73858748427173,0.0,219.7365075106182
2024-01-04 07:00:00,359.07605846700056,17.919472343055975,137.69663769389948,29.131511949811443,205.51952407762653,376.99553081005655
2024-01-04 08:00:00,292.4146223619766,32.57877872479062,106.49975005024133,29.346392375839493,304.4435486050951,324.9934010867672
2024-01-04 09:00:00,280.4947401909964,51.231843962490096,119.05732911068523,26.739793405152962,471.2339235630001,331.7265841534865
2024-01-04 10:00:00,273.2183906768247,80.07900650741288,134.40361209475338,26.82526664438154,738.1736743044429,353.2973971842376
2024-01-04 11:00:00,279.7732000997329,77.14564737017466,128.2748120608338,26.40498451415032,692.855828242288,356.9188474699075
2024-01-04 12:00:00,279.8598523935862,91.35286263552997,136.79628408296546,25.44242299806721,800.9596399756977,371.21271502911617
2024-01-04 13:00:00,170.01911292868039,83.89529317794008,81.97101885522325,25.26177471947128,729.4035599555199,253.91440610662045
2024-01-04 14:00:00,135.74386524024155,75.33552368420513,57.24244213391,26.288080856133043,631.4612991806792,211.07938892444668
2024-01-04 15:00:00,245.99907943794886,72.22304437803113,109.76631784011684,26.03966462389853,594.5199289912318,318.22212381598
2024-01-04 16:00:00,279.1760291720914,46.820761475761,120.07941412632267,25.494390319370524,359.56972565603024,325.9967906478524
2024-01-04 17:00:00,334.5953860502405,22.50639673800951,133.65523357274753,26.158736083380326,155.7545645411408,357.10178278825003
2024-01-04 18:00:00,341.29960385908936,2.452195524003462e-15,126.26005668772476,26.479891098743508,8.279583200952764e-14,341.29960385908936
2024-01-04 19:00:00,357.4892162290007,0.0,130.81125259155706,28.315023308163674,0.0,357.4892162290007
2024-01-04 20:00:00,361.2600242667482,0.0,136.47187018813537,28.743521847814193,0.0,361.2600242667482
2024-01-04 21:00:00,250.496509516842,0.0,74.96604239907299,28.79102649543098,0.0,250.496509516842
2024-01-04 22:00:00,36.44734571961309,0.0,0.0,30.668784868924458,0.0,36.44734571961309
2024-01-04 23:00:00,33.0908125349725,0.0,0.0,31.56275624897326,0.0,33.0908125349725
2024-01-05 00:00:00,40.22625726306833,0.0,0.0,30.02163497554792,0.0,40.22625726306833
2024-01-05 01:00:00,38.23385248055856,0.0,0.0,29.85303857043821,0.0,38.23385248055856
2024-01-05 02:00:00,35.64169883696217,0.0,0.0,29.822639994321666,0.0,35.64169883696217
2024-01-05 03:00:00,34.254429023162956,0.0,0.0,30.882848307971358,0.0,34.254429023162956
2024-01-05 04:00:00,32.62633192137038,0.0,0.0,29.54335756701017,0.0,32.62633192137038
2024-01-05 05:00:00,37.118356209185336,0.0,0.0,29.34363022566674,0.0,37.118356209185336
2024-01-05 06:00:00,212.42936367083647,0.0,55.03825866200397,27.989205754026727,0.0,212.42936367083647
2024-01-05 07:00:00,377.40120459218457,16.890174906187212,142.34379117315441,27.759797059391595,194.32888659965002,394.2913794983718
2024-01-05 08:00:00,338.64916382750255,40.76030688300061,135.87856741932274,25.781161079512806,395.6292168217773,379.4094707105032
2024-01-05 09:00:00,322.3320178203404,54.708131483456015,144.72982502076846,25.372075144996717,508.10181494525085,377.0401493037964
2024-01-05 10:00:00,238.7921823327468,66.87739001122073,105.66529132033195,24.15483845600183,600.5582613282664,305.6695723439675
2024-01-05 11:00:00,276.99495296699604,77.26498537961305,127.08852813841348,23.73161518062721,685.0030817567149,354.2599383466091
2024-01-05 12:00:00,288.6125796511064,82.50215753675307,147.0464672701987,24.103121682584856,732.3783854667513,371.1147371878595
2024-01-05 13:00:00,157.92813565463808,78.08573550414981,73.99874010893878,22.82207223905127,668.6140280656145,236.01387115878788
2024-01-05 14:00:00,132.25534559450514,81.76830411718763,48.599681077917715,23.3681036384519,686.7068006483652,214.02364971169277
2024-01-05 15:00:00,295.0167505331957,72.54888682697681,133.29537943627807,23.886867774731638,591.1996599248921,367.5656373601725
2024-01-05 16:00:00,317.77189508614094,43.51068087509705,134.7661930845161,23.464098005667662,330.0023575339578,361.28257596123797
2024-01-05 17:00:00,312.3121072991067,30.388195204146694,127.78159145077231,24.53098539409008,202.53469435312934,342.7003025032534
2024-01-05 18:00:00,396.4818785342652,2.037482348625132e-15,159.88824676559688,25.024518554784194,9.355187918899421e-14,396.4818785342652
2024-01-05 19:00:00,366.88536490647823,0.0,138.86762517633906,25.6613273831478,0.0,366.88536490647823
2024-01-05 20:00:00,339.5596522614542,0.0,122.81108110494682,26.88413337037332,0.0,339.5596522614542
2024-01-05 21:00:00,241.63052287918055,0.0,69.33998975274453,28.334811278569607,0.0,241.63052287918055
2024-01-05 22:00:00,37.670239226565585,0.0,0.0,27.94034111946058,0.0,37.670239226565585
2024-01-05 23:00:00,37.494921314820495,0.0,0.0,28.504248859779736,0.0,37.494921314820495
2024-01-06 00:00:00,35.722223154155955,0.0,0.0,27.89092841784257,0.0,35.722223154155955
2024-01-06 01:00:00,29.76620274318195,0.0,0.0,29.24675115430472,0.0,29.76620274318195
2024-01-06 02:00:00,39.8133097136272,0.0,0.0,29.433480588988882,0.0,39.8133097136272
2024-01-06 03:00:00,38.6093642522235,0.0,0.0,28.481018702769475,0.0,38.6093642522235
2024-01-06 04:00:00,35.21111862501728,0.0,0.0,27.33187891595057,0.0,35.21111862501728
2024-01-06 05:00:00,39.4648463988525,0.0,0.0,27.50629214161608,0.0,39.4648463988525
2024-01-06 06:00:00,59.32515042481491,0.0,0.0,27.392723866328204,0.0,59.32515042481491
2024-01-06 07:00:00,39.40889554982494,17.73992432880752,0.0,26.241301865792114,204.54216696493563,57.14881987863246
2024-01-06 08:00:00,19.47407479085217,35.24081381453442,0.0,25.45897065080239,338.08632514993565,54.71488860538659
2024-01-06 09:00:00,7.645830401560552,48.97602433847574,0.0,24.201257910428083,439.2490658971454,56.62185474003629
2024-01-06 10:00:00,0.0,81.80111330685764,0.0,24.125841339779587,754.3187602622692,81.80111330685764
2024-01-06 11:00:00,0.0,78.73177631112792,0.0,23.065518944149108,699.8156403996958,78.73177631112792
2024-01-06 12:00:00,0.0,88.25568141811652,0.0,22.63093960036107,764.74196147103,88.25568141811652
2024-01-06 13:00:00,0.0,78.65802346841721,0.0,22.06758922692631,670.3452465871078,78.65802346841721
2024-01-06 14:00:00,0.0,72.57099285725134,0.0,22.130980859230128,599.466577913353,72.57099285725134
2024-01-06 15:00:00,0.0,69.61685077930342,0.0,22.217342229503448,555.8922877001087,69.61685077930342
2024-01-06 16:00:00,6.325000835524456,49.333113614031255,0.0,21.873670550111278,371.95710546849074,55.65811444955571
2024-01-06 17:00:00,25.79513658191913,32.63922388458124,0.0,23.080454590959356,214.32491269031215,58.43436046650037
2024-01-06 18:00:00,61.34535810600125,2.2327157804701557e-15,0.0,24.014550863397965,1.0210553890028037e-13,61.34535810600125
2024-01-06 19:00:00,59.612430499380366,0.0,0.0,25.040500852663303,0.0,59.612430499380366
2024-01-06 20:00:00,62.46439701699085,0.0,0.0,25.576850351566563,0.0,62.46439701699085
2024-01-06 21:00:00,66.38721953561789,0.0,0.0,25.79203817591776,0.0,66.38721953561789
2024-01-06 22:00:00,46.210136715116846,0.0,0.0,26.713138112637704,0.0,46.210136715116846
2024-01-06 23:00:00,36.32917413874478,0.0,0.0,27.626096470951154,0.0,36.32917413874478
2024-01-07 00:00:00,20.916146944570635,0.0,0.0,29.564953106407216,0.0,20.916146944570635
2024-01-07 01:00:00,12.314439046388788,0.0,0.0,29.75875458045136,0.0,12.314439046388788
2024-01-07 02:00:00,18.122706887524608,0.0,0.0,29.377266206277962,0.0,18.122706887524608
2024-01-07 03:00:00,17.990994440516026,0.0,0.0,29.25501261394763,0.0,17.990994440516026
2024-01-07 04:00:00,22.045697836859304,0.0,0.0,28.42096026488561,0.0,22.045697836859304
2024-01-07 05:00:00,15.311617542668742,0.0,0.0,27.354268511312327,0.0,15.311617542668742
2024-01-07 06:00:00,19.376441946348532,0.0,0.0,28.123241327615954,0.0,19.376441946348532
2024-01-07 07:00:00,4.003476728483463,16.047880488480025,0.0,28.50511408452367,186.43171516663955,20.05135721696349
2024-01-07 08:00:00,0.0,36.32118554587227,0.0,27.337522000989132,353.84600021127164,36.32118554587227
2024-01-07 09:00:00,0.0,57.499820103545574,0.0,25.044149875173108,536.5282442193272,57.499820103545574
2024-01-07 10:00:00,0.0,69.00637273933765,0.0,24.764083887788722,621.5294904814492,69.00637273933765
2024-01-07 11:00:00,0.0,79.66065048248436,0.0,23.23196874991542,708.6272334464011,79.66065048248436
2024-01-07 12:00:00,0.0,84.77987594484655,0.0,22.75198856041882,742.834372441075,84.77987594484655
2024-01-07 13:00:00,0.0,77.87890102395967,0.0,22.45965554826649,661.9754685550297,77.87890102395967
2024-01-07 14:00:00,0.0,80.78908951114562,0.0,22.826382896872502,673.1638873939999,80.78908951114562
2024-01-07 15:00:00,0.0,81.849279566401,0.0,22.96716204197569,671.7514421272202,81.849279566401
2024-01-07 16:00:00,0.0,39.839015648480085,0.0,23.53439431125131,300.90494309377516,39.839015648480085
2024-01-07 17:00:00,0.0,29.940231544790535,0.0,24.295866699792644,197.0870334682626,29.940231544790535
2024-01-07 18:00:00,15.129050889755023,2.4348116881816037e-15,0.0,24.52069177739584,8.316410155465943e-14,15.129050889755025
2024-01-07 19:00:00,18.91812893417238,0.0,0.0,25.55136656656591,0.0,18.91812893417238
2024-01-07 20:00:00,16.621534079179312,0.0,0.0,25.892225985748315,0.0,16.621534079179312
2024-01-07 21:00:00,11.958157323452028,0.0,0.0,26.67275038482365,0.0,11.958157323452028
2024-01-07 22:00:00,12.797370969334086,0.0,0.0,27.439646066069262,0.0,12.797370969334086
2024-01-07 23:00:00,20.599046837002657,,0.0,29.238629873810446,0.0,
2024-01-08 00:00:00,30.682439269056115,,0.0,28.968775229182413,0.0,
2024-01-08 01:00:00,33.105177254494485,,0.0,28.551820500580533,0.0,
2024-01-08 02:00:00,31.52155896040038,,0.0,29.575095763639194,0.0,
2024-01-08 03:00:00,33.793912256062015,,0.0,28.862969966099694,0.0,
2024-01-08 04:00:00,32.54828943454051,,0.0,29.96791856271302,0.0,
2024-01-08 05:00:00,39.64022486222785,,0.0,28.2921031133405,0.0,
2024-01-08 06:00:00,214.6008972613014,,56.19011332681333,28.19739323289056,0.0,
2024-01-08 07:00:00,319.42677650876095,,122.49118697657987,27.556988411532313,178.14855268765544,
2024-01-08 08:00:00,388.2988109810861,,164.06036058257024,25.629176013702477,337.9634809417253,
2024-01-08 09:00:00,312.3626156748466,,140.77722785721832,25.23879714089953,494.08029505059875,
2024-01-08 10:00:00,306.2954941444826,,142.5596216135286,24.63337419067507,657.8718624051394,
2024-01-08 11:00:00,297.79698972849854,,138.357276775274,23.689539592033135,524.5606030411788,
2024-01-08 12:00:00,308.18968516556566,,150.14118738474178,23.25610170639037,751.2320909236134,
2024-01-08 13:00:00,149.7981811868524,,61.59767557503604,22.061085151189683,654.7540448205781,
2024-01-08 14:00:00,137.61702889016755,,47.50234181649813,22.88365834983826,573.0788183024916,
2024-01-08 15:00:00,334.7753629672929,,148.9608630947088,22.482817750882905,399.81025405459883,
2024-01-08 16:00:00,354.7532110422826,,155.25782880981296,23.25027693837753,357.7267701348698,
2024-01-08 17:00:00,308.1317167047642,,118.32369264659539,24.091760928603815,127.7918115854833,
2024-01-08 18:00:00,319.7570815268596,,110.44847925843008,24.691044493740133,8.897056379068905e-14,
2024-01-08 19:00:00,368.70631522453453,,137.26154412472917,25.37513344486691,0.0,
2024-01-08 20:00:00,370.6736476810441,,141.5530676531607,26.427704388073256,0.0,
2024-01-08 21:00:00,248.55831835546152,,82.1937972551425,27.356712424784213,0.0,
2024-01-08 22:00:00,32.09614217548864,,0.0,28.60439082067296,0.0,
2024-01-08 23:00:00,36.60228097474136,,0.0,28.564488624402525,0.0,
2024-01-09 00:00:00,30.480709503061146,,0.0,30.13471685249121,0.0,
2024-01-09 01:00:00,30.983116530646207,,0.0,30.86842323902427,0.0,
2024-01-09 02:00:00,33.12247177215791,,0.0,30.27645563764272,0.0,
2024-01-09 03:00:00,32.63774912869109,,0.0,29.734756098197224,0.0,
2024-01-09 04:00:00,26.805346638721403,,0.0,30.2993534430614,0.0,
2024-01-09 05:00:00,42.08071471034969,,0.0,29.39351133436942,0.0,
2024-01-09 06:00:00,202.37266234115324,,53.6780029898997,28.167885736657293,0.0,
2024-01-09 07:00:00,291.5729182319854,,109.99995684380136,28.17778706507322,211.76159633496687,
2024-01-09 08:00:00,325.72893787877024,,129.9373631223643,27.7372159500391,327.4569733075038,
2024-01-09 09:00:00,288.94891088324505,,131.9503360816463,25.30091151152111,598.0684207158107,
2024-01-09 10:00:00,277.2683137532148,,127.59875727957186,25.782811940132717,691.4651503929238,
2024-01-09 11:00:00,214.21799422328445,,109.09703123693524,23.27824195049872,917.6295349746149,
2024-01-09 12:00:00,295.0024220805905,,142.89394319988463,23.790417214188185,705.0496383168157,
2024-01-09 13:00:00,184.90986664053835,,88.01267610086289,24.56116700663403,754.2505432429341,
2024-01-09 14:00:00,102.50071755614874,,49.70891937224981,23.357487418268043,801.3591185891516,
2024-01-09 15:00:00,278.35086726044915,,132.48938329024102,23.685878248423236,621.6922086270166,
2024-01-09 16:00:00,301.9536121088514,,128.29169418966887,24.37199362966572,367.8739122398953,
2024-01-09 17:00:00,310.2323742363745,,128.4229044030564,23.688538951341236,208.5257074167756,
2024-01-09 18:00:00,375.71172309906314,,141.65773945569143,25.307696842944356,9.660159580394255e-14,
2024-01-09 19:00:00,375.07487186243515,,141.9838058514213,26.147889320646307,0.0,
2024-01-09 20:00:00,391.59516589500663,,149.50941171215683,27.95280992914885,0.0,
2024-01-09 21:00:00,264.831359005504,,89.53682506218439,27.309645684884387,0.0,
2024-01-09 22:00:00,27.045136251587813,,0.0,28.580879784299416,0.0,
2024-01-09 23:00:00,34.66568546113948,,0.0,29.032345281265584,0.0,
2024-01-10 00:00:00,40.71516805256489,,0.0,29.04615348547007,0.0,
2024-01-10 01:00:00,34.768462649810786,,0.0,30.47671222961425,0.0,
2024-01-10 02:00:00,39.39933220210611,,0.0,30.045596225070632,0.0,
2024-01-10 03:00:00,32.28750970121262,,0.0,29.6352272678687,0.0,
2024-01-10 04:00:00,32.22535983148119,,0.0,29.304436436744492,0.0,
2024-01-10 05:00:00,36.04982575007883,,0.0,28.72553066975044,0.0,
2024-01-10 06:00:00,214.95148508212412,,53.07224709660387,28.045368885366376,0.0,
2024-01-10 07:00:00,431.220383849418,,173.3684098875227,26.805914459784415,182.8656319993427,
2024-01-10 08:00:00,369.1548808511859,,155.9243514306884,26.402905702787624,371.32912582782507,
2024-01-10 09:00:00,281.95296922016513,,126.11511085713202,25.446800470385327,551.3423006177657,
2024-01-10 10:00:00,281.6269786454509,,136.70908361899484,24.403372120868553,791.5034008582783,
2024-01-10 11:00:00,221.1915262973385,,108.19152005516491,24.134919868069797,745.6823389421855,
2024-01-10 12:00:00,276.3654137312741,,135.36797804316367,23.621126300883766,869.2456594757566,
2024-01-10 13:00:00,204.614879936006,,94.55692757678348,22.87320647491263,753.1105271256729,
2024-01-10 14:00:00,147.5835668900841,,69.0190441399886,22.960203398687096,726.9706803547092,
2024-01-10 15:00:00,276.05592132807953,,133.3627398130779,24.230841945508914,572.6457338203569,
2024-01-10 16:00:00,312.5218201119031,,139.5209121979456,24.561398190125757,443.47086148690966,
2024-01-10 17:00:00,345.70499689341284,,143.17171239014164,23.53035164485244,201.86429910943053,
2024-01-10 18:00:00,413.49966262574543,,161.72599821556597,24.325046690775945,8.585720400079894e-14,
2024-01-10 19:00:00,337.0306683695945,,121.72984643703315,25.096702177715404,0.0,
2024-01-10 20:00:00,428.526430591179,,170.84942615771132,27.060797444056345,0.0,
2024-01-10 21:00:00,248.43379910652277,,78.4317177171812,27.2388724821412,0.0,
2024-01-10 22:00:00,32.872114182126104,,0.0,28.402107595868372,0.0,
2024-01-10 23:00:00,30.944906844556762,,0.0,30.00562787486358,0.0,
2024-01-11 00:00:00,28.60719963893292,,0.0,28.01392047482713,0.0,
2024-01-11 01:00:00,31.37268402462363,,0.0,28.721928711627225,0.0,
2024-01-11 02:00:00,35.5661421133641,,0.0,28.748274333387023,0.0,
2024-01-11 03:00:00,38.064911105841674,,0.0,28.07469567490059,0.0,
2024-01-11 04:00:00,34.544866998523716,,0.0,28.548733737853293,0.0,
2024-01-11 05:00:00,34.033700710955074,,0.0,27.03808728833965,0.0,
2024-01-11 06:00:00,199.4022364000385,,47.68116872982911,27.408003851958917,0.0,
2024-01-11 07:00:00,93.81923641743285,,0.0,25.60020513399109,187.1339505021269,
2024-01-11 08:00:00,329.62633795463415,,124.07033242309898,24.74908009846878,424.82612265948245,
2024-01-11 09:00:00,334.858035873796,,140.65995183693923,23.537953389064608,474.16457128644527,
2024-01-11 10:00:00,249.05102380093018,,112.69267914194195,22.775934253328504,627.6750128831239,
2024-01-11 11:00:00,292.1012865762434,,136.91214051382224,22.299808063419643,756.2477932734183,
2024-01-11 12:00:00,305.98158735135786,,143.963580681267,20.741300766535986,692.5708121840764,
2024-01-11 13:00:00,208.9444598739874,,93.01095533932745,21.49065739613729,638.359421730301,
2024-01-11 14:00:00,146.78889441854147,,57.67527287314598,21.234076840116067,460.79073648835475,
2024-01-11 15:00:00,339.26460923934894,,154.1872054664776,22.002329116031007,532.9793129655295,
2024-01-11 16:00:00,284.8837440543219,,126.82348641843893,22.168465414669704,348.21523952336594,
2024-01-11 17:00:00,347.8852162239175,,140.32156845929595,22.159371509034266,162.55578026460947,
2024-01-11 18:00:00,307.788094207567,,104.90543557477517,23.008788579023875,8.751970535872452e-14,
2024-01-11 19:00:00,348.5494940713115,,133.46116255549032,23.964888281617554,0.0,
2024-01-11 20:00:00,362.2617832540873,,140.2211423125295,25.73104223597475,0.0,
2024-01-11 21:00:00,255.62255907575306,,84.86558359506888,25.48277827636743,0.0,
2024-01-11 22:00:00,33.519269368279026,,0.0,26.3781836262615,0.0,
2024-01-11 23:00:00,27.978078819373152,,0.0,26.898645617081165,0.0,
2024-01-12 00:00:00,34.39913678512548,,0.0,26.827177227694623,0.0,
2024-01-12 01:00:00,36.216875292131974,,0.0,28.071350257991664,0.0,
2024-01-12 02:00:00,37.343293497166236,,0.0,28.138559719703782,0.0,
2024-01-12 03:00:00,32.80885694032787,,0.0,28.55922937259659,0.0,
2024-01-12 04:00:00,38.524264087915874,,0.0,28.088901471276177,0.0,
2024-01-12 05:00:00,33.943604272030875,,0.0,28.210540145585995,0.0,
2024-01-12 06:00:00,199.81521723986418,,45.49998327426546,26.25017167039663,0.0,
2024-01-12 07:00:00,335.3250848324508,,129.73276020284095,25.312709930127898,191.28226824351523,
2024-01-12 08:00:00,320.8709293357305,,131.61473323842398,23.886994881600497,368.17038688977755,
2024-01-12 09:00:00,295.3254145306904,,129.20748619962131,23.979530480046517,513.7716373267865,
2024-01-12 10:00:00,312.4336827189823,,144.78757892963392,22.846375174890348,633.1907821551645,
2024-01-12 11:00:00,284.13283240523646,,132.07282963292215,22.387867472519606,692.7586216656396,
2024-01-12 12:00:00,295.9794717698779,,136.34091396808077,20.936457031302442,623.8986242131048,
2024-01-12 13:00:00,162.95455597895597,,77.03408124592254,21.33216975666879,670.5787352728713,
2024-01-12 14:00:00,132.3491291672344,,59.750051985936466,21.13970786314415,695.4187770206162,
2024-01-12 15:00:00,331.4948965574924,,150.37966151524984,21.22588518210228,445.12060855331316,
2024-01-12 16:00:00,298.8946235047938,,130.83738645007418,21.16438618682638,359.54139462238027,
2024-01-12 17:00:00,406.50911878184667,,173.48295464823033,22.65689664429096,173.71616206643876,
2024-01-12 18:00:00,334.4650746490445,,124.65254973060397,23.812261843656184,9.086287019739649e-14,
2024-01-12 19:00:00,378.4849077347955,,148.5971583373835,23.076069383159545,0.0,
2024-01-12 20:00:00,350.3941973376427,,122.1614908930705,24.897330043963656,0.0,
2024-01-12 21:00:00,273.827556036533,,87.26149641092941,24.004049636355806,0.0,
2024-01-12 22:00:00,38.785658461913044,,0.0,26.621413028908407,0.0,
2024-01-12 23:00:00,27.48900700132142,,0.0,26.076904480049215,0.0,
2024-01-13 00:00:00,30.25066763120754,,0.0,29.584095082455526,0.0,
2024-01-13 01:00:00,31.1761285127792,,0.0,29.539717904294232,0.0,
2024-01-13 02:00:00,40.52553371543755,,0.0,30.20768409568492,0.0,
2024-01-13 03:00:00,31.49119030596001,,0.0,30.61562708435527,0.0,
2024-01-13 04:00:00,37.40253600662939,,0.0,28.917922124541644,0.0,
2024-01-13 05:00:00,35.53428981753437,,0.0,29.110623732554714,0.0,
2024-01-13 06:00:00,174.03963076757952,,49.09006833001091,28.30880545875159,0.0,
2024-01-13 07:00:00,41.451675852481074,,0.0,28.51188084295438,200.56047236460753,
2024-01-13 08:00:00,246.77165242864123,,113.25133098229867,27.03137034708476,390.9009014967554,
2024-01-13 09:00:00,270.77388680130986,,136.182310147033,25.321014628664084,642.2855290440879,
2024-01-13 10:00:00,213.7800473949864,,105.40588948140285,24.82984265364442,755.6754649197936,
2024-01-13 11:00:00,187.64557736303732,,119.36141220217871,25.118668228199468,917.6295349746149,
2024-01-13 12:00:00,186.32866046609098,,118.5996775951201,24.141583588301092,950.0,
2024-01-13 13:00:00,105.10534432725652,,68.55888185779604,22.975632719945168,721.020987023924,
2024-01-13 14:00:00,0.0,,0.0,23.181954573968074,718.9242352918301,
2024-01-13 15:00:00,0.0,,0.0,23.317194876943805,520.005707320166,
2024-01-13 16:00:00,9.060604898486638,,0.0,23.51540996633618,382.8461486798127,
2024-01-13 17:00:00,25.62633133222361,31.655145414734033,0.0,23.48551003084586,201.07757136844666,57.281476746957644
2024-01-13 18:00:00,64.53901463987427,1.9923786354951176e-15,0.0,24.726678985464634,9.116841181907319e-14,64.53901463987427
2024-01-13 19:00:00,60.433222005515816,0.0,0.0,26.604222838233483,0.0,60.433222005515816
2024-01-13 20:00:00,60.89107091090103,0.0,0.0,26.62491759962903,0.0,60.89107091090103
2024-01-13 21:00:00,57.07231843428915,0.0,0.0,27.66972968578798,0.0,57.07231843428915
2024-01-13 22:00:00,30.18640916885487,0.0,0.0,28.635752666586406,0.0,30.18640916885487
2024-01-13 23:00:00,32.42998134354903,0.0,0.0,30.399434274668597,0.0,32.42998134354903
2024-01-14 00:00:00,13.268673969626816,0.0,0.0,31.195263748237103,0.0,13.268673969626816
2024-01-14 01:00:00,12.279056253768026,0.0,0.0,32.08745051808658,0.0,12.279056253768026
2024-01-14 02:00:00,20.235372335806126,0.0,0.0,31.36064736325749,0.0,20.235372335806126
2024-01-14 03:00:00,17.18540688028722,0.0,0.0,31.410778211043578,0.0,17.18540688028722
2024-01-14 04:00:00,15.038572650933133,0.0,0.0,31.197102724083763,0.0,15.038572650933133
2024-01-14 05:00:00,19.062401019592752,0.0,0.0,30.247544712511306,0.0,19.062401019592752
2024-01-14 06:00:00,11.75687204641175,0.0,0.0,29.807878558981606,0.0,11.75687204641175
2024-01-14 07:00:00,3.248976647235713,14.562732269972303,0.0,29.509629575048542,165.57437991742447,17.811708917208016
2024-01-14 08:00:00,0.0,37.8420986409711,0.0,27.759555168737144,379.04897767523573,37.8420986409711
2024-01-14 09:00:00,0.0,50.43657100692913,0.0,27.25391530690608,464.46910892571253,50.43657100692913
2024-01-14 10:00:00,0.0,79.38136867449172,0.0,26.76410422511105,738.9156273062557,79.38136867449172
2024-01-14 11:00:00,0.0,86.58739240635647,0.0,25.272630690723798,776.2045408462245,86.58739240635647
2024-01-14 12:00:00,0.0,84.68154560114245,0.0,25.676355432345026,749.3406395684684,84.68154560114245
2024-01-14 13:00:00,0.0,65.0255549397253,0.0,24.81543879712701,537.9460406555489,65.0255549397253
2024-01-14 14:00:00,0.0,70.24087353175543,0.0,24.57717616761344,577.9400252138183,70.24087353175543
2024-01-14 15:00:00,0.0,70.26182947400554,0.0,23.77492315437124,561.6953052776798,70.26182947400554
2024-01-14 16:00:00,0.0,55.84940702607661,0.0,24.94184231503081,417.1332166071801,55.84940702607661
2024-01-14 17:00:00,0.0,33.478041473948,0.0,25.870659923202822,213.88396391978625,33.478041473948
2024-01-14 18:00:00,17.17172937496682,3.2176336789599124e-15,0.0,27.28240995868432,7.606211274486361e-14,17.171729374966823
2024-01-14 19:00:00,17.398194805332423,0.0,0.0,27.537815368480068,0.0,17.398194805332423
2024-01-14 20:00:00,16.595681406234434,0.0,0.0,28.72284556517226,0.0,16.595681406234434
2024-01-14 21:00:00,15.22702530576097,0.0,0.0,28.46105182033094,0.0,15.22702530576097
2024-01-14 22:00:00,12.634674390168913,0.0,0.0,29.84632620145661,0.0,12.634674390168913
2024-01-14 23:00:00,21.870767508400046,0.0,0.0,31.244984404600434,0.0,21.870767508400046
2024-01-15 00:00:00,38.75243244962475,0.0,0.0,29.18243959890764,0.0,38.75243244962475
2024-01-15 01:00:00,38.198868995644354,0.0,0.0,30.458569167360352,0.0,38.198868995644354
2024-01-15 02:00:00,38.23749386535774,0.0,0.0,30.46187639316223,0.0,38.23749386535774
2024-01-15 03:00:00,38.732373847966706,0.0,0.0,30.113319677098712,0.0,38.732373847966706
2024-01-15 04:00:00,34.45662967835635,0.0,0.0,29.461955061539612,0.0,34.45662967835635
2024-01-15 05:00:00,34.91306586747476,0.0,0.0,28.57694361772876,0.0,34.91306586747476
2024-01-15 06:00:00,240.04313346088446,0.0,62.41377362725086,29.23290710791372,0.0,240.04313346088446
2024-01-15 07:00:00,341.3402907455395,17.062524262796355,129.9319063724092,27.8170153775829,210.5146234373783,358.40281500833584
2024-01-15 08:00:00,323.36516217079486,42.46325162988611,130.10541928732013,26.765525523199788,425.00513689739756,365.82841380068095
2024-01-15 09:00:00,330.2765950331194,59.34841983572021,152.44600028290117,25.482925928902116,560.9105378037079,389.6250148688396
2024-01-15 10:00:00,306.18169779987005,74.14362946411124,138.33911963934085,24.864153275657053,680.0467992881634,380.3253272639813
2024-01-15 11:00:00,265.3416549363709,88.10462356714238,131.80792457075347,24.202702361694165,795.3458664510935,353.44627850351327
2024-01-15 12:00:00,300.16327312287365,78.98852473130425,140.58657126296958,23.764066389983313,670.3941134490633,379.1517978541779
2024-01-15 13:00:00,167.5657560264723,95.90680322295442,86.07047103687559,23.581647213086292,823.5854447540459,263.4725592494267
2024-01-15 14:00:00,129.35965535581738,85.05384466857144,53.360966015583905,22.703981697934516,706.9719821743361,214.41350002438884
2024-01-15 15:00:00,312.8802757760988,72.9690682161675,147.45145614769925,22.48117858610682,579.4036018601972,385.8493439922663
2024-01-15 16:00:00,261.83843412248405,59.756479474527076,117.84751600957945,23.606268973253275,444.6997655971382,321.5949135970111
2024-01-15 17:00:00,338.1989503376314,27.147474895116158,138.53443215224144,23.246735058046767,172.8832911786983,365.34642523274755
2024-01-15 18:00:00,386.91834539162454,2.5935173710379233e-15,145.80364073611085,24.683386963365244,8.160707651099774e-14,386.91834539162454
2024-01-15 19:00:00,388.5838981377586,0.0,143.39423391683601,25.434755887947357,0.0,388.5838981377586
2024-01-15 20:00:00,298.35793448294197,0.0,104.74583232139847,26.841091556962898,0.0,298.35793448294197
2024-01-15 21:00:00,263.64465437499985,0.0,79.97460030014884,28.49238263646404,0.0,263.64465437499985
2024-01-15 22:00:00,33.41197766785835,0.0,0.0,27.372922148910284,0.0,33.41197766785835
2024-01-15 23:00:00,24.56970917366635,0.0,0.0,30.207183710174178,0.0,24.56970917366635
2024-01-16 00:00:00,40.90597930027817,0.0,0.0,30.390508158390272,0.0,40.90597930027817
2024-01-16 01:00:00,33.116374753442685,0.0,0.0,31.030601557802274,0.0,33.116374753442685
2024-01-16 02:00:00,33.6646412798071,0.0,0.0,30.26854074589239,0.0,33.6646412798071
2024-01-16 03:00:00,35.98992869993318,0.0,0.0,31.355133001829145,0.0,35.98992869993318
2024-01-16 04:00:00,35.633031826044,0.0,0.0,30.527782006125648,0.0,35.633031826044
2024-01-16 05:00:00,35.32914657758619,0.0,0.0,29.92009685326302,0.0,35.32914657758619
2024-01-16 06:00:00,198.38227100971122,0.0,47.444200672362946,28.257264267252772,0.0,198.38227100971122
2024-01-16 07:00:00,390.83150023315375,14.457792473412958,152.35791800854935,28.418721889486786,164.73680472449587,405.2892927065667
2024-01-16 08:00:00,320.09485354235227,37.633780413511786,129.72590232304563,27.898870986612536,377.27766764679916,357.72863395586404
2024-01-16 09:00:00,348.6698956041976,57.90772413127263,150.8585020092873,26.45195084910383,543.5863717004215,406.57761973547025
2024-01-16 10:00:00,241.3338030675705,77.14706100652819,118.56990813633976,26.313056497526322,711.7143959775833,318.4808640740987
2024-01-16 11:00:00,299.2685588113503,70.52666552371339,140.2736775848803,25.567530676497014,615.0654474454306,369.7952243350637
2024-01-16 12:00:00,278.7817724391228,79.95302769412103,135.1071981277384,24.124320220088286,686.1364129494942,358.7348001332438
2024-01-16 13:00:00,226.91417848687885,85.74507901920262,103.38896100645073,24.892773362091205,734.2385072171298,312.6592575060815
2024-01-16 14:00:00,136.29168842397286,74.36730266383903,60.36080951319203,23.99860430686679,612.8949483278993,210.6589910878119
2024-01-16 15:00:00,341.1683684489973,55.84326764457729,150.03743764460577,24.120089058086425,437.2960916745889,397.01163609357457
2024-01-16 16:00:00,355.2561427313334,50.10107201777116,162.37540451662844,24.494358522760077,367.4288995184391,405.35721474910457
2024-01-16 17:00:00,334.3953556455284,30.766905282863306,138.8308624820885,25.035740966021898,193.42200643291255,365.16226092839173
2024-01-16 18:00:00,339.85729449953334,2.127881273383857e-15,133.6566654758469,24.410890146374992,8.69538589374823e-14,339.85729449953334
2024-01-16 19:00:00,354.7228615803376,0.0,132.1174276235672,26.477336967750563,0.0,354.7228615803376
2024-01-16 20:00:00,373.71092235779975,0.0,139.4255248785606,26.793983588873022,0.0,373.71092235779975
2024-01-16 21:00:00,219.17921717944836,0.0,58.56200679265473,29.19499133367091,0.0,219.17921717944836
2024-01-16 22:00:00,40.75553039221193,0.0,0.0,30.018998320564847,0.0,40.75553039221193
2024-01-16 23:00:00,37.25559465092108,0.0,0.0,30.376799725084958,0.0,37.25559465092108
2024-01-17 00:00:00,35.22424804964153,0.0,0.0,30.62722617962041,0.0,35.22424804964153
2024-01-17 01:00:00,39.56082757703357,0.0,0.0,30.592103908754208,0.0,39.56082757703357
2024-01-17 02:00:00,41.58947963292322,0.0,0.0,30.88658048440652,0.0,41.58947963292322
2024-01-17 03:00:00,33.24803626180154,0.0,0.0,32.06743233026907,0.0,33.24803626180154
2024-01-17 04:00:00,38.593233859960186,0.0,0.0,30.400361205029878,0.0,38.593233859960186
2024-01-17 05:00:00,37.94207054366625,0.0,0.0,29.012447042004204,0.0,37.94207054366625
2024-01-17 06:00:00,218.13248886434124,0.0,54.012561521625265,29.980453739287018,0.0,218.13248886434124
2024-01-17 07:00:00,366.4623979898747,14.348918178242922,138.06168575132173,29.37148919971209,165.64703635705703,380.8113161681176
2024-01-17 08:00:00,321.38874511189107,35.793737328950535,132.89601855526388,28.54497882862758,359.7507763276171,357.1824824408416
2024-01-17 09:00:00,274.603082776303,48.256787224673964,114.33274841763783,27.32867832931016,438.74530689889843,322.85987000097697
2024-01-17 10:00:00,286.0746295877133,65.46964752200755,132.97720608971846,26.56613082366171,594.7985829434002,351.54427710972084
2024-01-17 11:00:00,258.2178180021753,70.65396449790013,114.2950606749708,25.266964287918174,624.4586144909214,328.8717825000754
2024-01-17 12:00:00,317.49855421669105,83.28610531878157,158.94572948320572,23.646134260052953,720.3174981707936,400.7846595354726
2024-01-17 13:00:00,168.18063969526483,80.4208923717294,78.91546338430852,24.34857111378259,681.3124426976756,248.60153206699422
2024-01-17 14:00:00,115.72066697590427,65.17888615728538,42.861398112794284,24.52615737125403,534.0344347459383,180.89955313318964
2024-01-17 15:00:00,296.89346669882593,58.97676876712482,132.21210215380498,24.266995564749458,464.1585220435433,355.87023546595077
2024-01-17 16:00:00,318.27205565138286,50.93445770865203,147.0878782175781,24.593864012428977,374.28065422511094,369.2065133600349
2024-01-17 17:00:00,343.3015570562984,28.74257369815844,137.37705399919972,24.758438231382243,180.9490525397625,372.04413075445683
2024-01-17 18:00:00,337.9742028577353,4.09530712682167e-15,122.66294298973047,25.464501613408306,6.895590489575533e-14,337.9742028577353
2024-01-17 19:00:00,342.0652527609165,0.0,125.84364950463399,27.72857858456853,0.0,342.0652527609165
2024-01-17 20:00:00,345.62308178513473,0.0,131.12756219600507,28.65254416998439,0.0,345.62308178513473
2024-01-17 21:00:00,242.98128688609873,0.0,77.43872623317979,28.61991407728009,0.0,242.98128688609873
2024-01-17 22:00:00,29.95666842256619,0.0,0.0,29.606132787590784,0.0,29.95666842256619
2024-01-17 23:00:00,32.091476225368226,0.0,0.0,29.699815690678726,0.0,32.091476225368226
2024-01-18 00:00:00,31.802362464257715,0.0,0.0,30.17252655316887,0.0,31.802362464257715
2024-01-18 01:00:00,36.71371017580467,0.0,0.0,31.08071519277244,0.0,36.71371017580467
2024-01-18 02:00:00,31.388090288995027,0.0,0.0,29.555534824981258,0.0,31.388090288995027
2024-01-18 03:00:00,32.21048439587863,0.0,0.0,30.43283225681654,0.0,32.21048439587863
2024-01-18 04:00:00,32.34151046007834,0.0,0.0,30.12075024952166,0.0,32.34151046007834
2024-01-18 05:00:00,41.81304480136227,0.0,0.0,29.558827206551147,0.0,41.81304480136227
2024-01-18 06:00:00,198.3477883021571,0.0,47.19834283615458,29.391559048877838,0.0,198.3477883021571
2024-01-18 07:00:00,351.5171894983096,14.801191976141164,134.08743040672093,28.744025978898,183.26309313204172,366.3183814744508
2024-01-18 08:00:00,286.47464057299476,33.937510511521836,116.99458783380949,26.703408376017272,332.06654517583263,320.4121510845166
2024-01-18 09:00:00,332.431553022359,51.07730022640834,147.81210541941186,26.25087039317296,476.59346234110035,383.50885324876737
2024-01-18 10:00:00,321.0858483392709,60.180799719808334,149.45992896014477,25.11226706781663,533.425596286392,381.2666480590792
2024-01-18 11:00:00,244.64606733640392,87.80135666436935,121.45696960409965,24.02921883433084,782.7591034992308,332.44742400077325
2024-01-18 12:00:00,245.94966188993968,100.85589409127383,125.32530717330611,23.924468380148575,892.3823720850148,346.8055559812135
2024-01-18 13:00:00,152.68502702766227,96.86508365410766,77.57369890541663,23.77515958719199,833.8160221637995,249.55011068176992
2024-01-18 14:00:00,135.10773673557614,67.65998737778554,53.82980391070408,23.428614557662097,546.7412759997836,202.76772411336168
2024-01-18 15:00:00,295.8069727927981,72.79960696336545,138.46744453633352,22.998819218198808,572.7521242023732,368.60657975616357
2024-01-18 16:00:00,306.5541071574456,58.44290422502251,141.25121166385873,23.557280981780227,431.4924747404572,364.99701138246814
2024-01-18 17:00:00,344.02381250689945,29.884266882095705,140.9362451298119,24.11732277071336,186.39819144225348,373.90807938899513
2024-01-18 18:00:00,400.2264760541309,2.0365787273929676e-15,155.97718496330407,24.648928237488253,9.339338615068608e-14,400.2264760541309
2024-01-18 19:00:00,369.95336593606066,0.0,135.81491488629555,26.071053347897614,0.0,369.95336593606066
2024-01-18 20:00:00,323.8645979415432,0.0,117.41649955554561,27.029206263100143,0.0,323.8645979415432
2024-01-18 21:00:00,237.0580224871877,0.0,67.96563037779816,28.215775673256026,0.0,237.0580224871877
2024-01-18 22:00:00,32.13654974439464,0.0,0.0,28.141339040873287,0.0,32.13654974439464
2024-01-18 23:00:00,34.98875519624882,0.0,0.0,29.00628460599212,0.0,34.98875519624882
2024-01-19 00:00:00,38.54830206580097,0.0,0.0,29.330983853777465,0.0,38.54830206580097
2024-01-19 01:00:00,27.16373530900657,0.0,0.0,28.82110267454159,0.0,27.16373530900657
2024-01-19 02:00:00,32.47616722561419,0.0,0.0,29.037675729192127,0.0,32.47616722561419
2024-01-19 03:00:00,31.307075827861986,0.0,0.0,28.815798745880222,0.0,31.307075827861986
2024-01-19 04:00:00,33.61582955820307,0.0,0.0,29.120214537172668,0.0,33.61582955820307
2024-01-19 05:00:00,35.206923866083635,0.0,0.0,28.58338828907674,0.0,35.206923866083635
2024-01-19 06:00:00,225.17885649463295,0.0,62.83324912490313,27.829214264860735,0.0,225.17885649463295
2024-01-19 07:00:00,383.85787734761067,14.455862234725052,141.88035422407523,26.441760678103908,169.68191494805458,398.3137395823357
2024-01-19 08:00:00,347.5792459526164,40.325222000022315,137.78710647476802,25.086392225821808,403.9537382141107,387.90446795263875
2024-01-19 09:00:00,327.9069239777484,55.847463885338335,141.06165452337885,25.579350095587113,522.7501146900665,383.7543878630868
2024-01-19 10:00:00,305.911041020918,66.21001380222552,137.16363048590767,24.20076470304407,599.0489266267826,372.1210548231435
2024-01-19 11:00:00,289.1194854933864,80.62370472080576,140.84805019208778,22.8194069897172,706.4110639830767,369.74319021419217
2024-01-19 12:00:00,239.88567249720484,97.53995211019163,129.97005634947885,23.20343072479298,854.8971959071471,337.42562460739646
2024-01-19 13:00:00,182.95050222063531,92.39558549502813,89.54709237606338,21.874065364925023,791.384245264254,275.34608771566343
2024-01-19 14:00:00,121.1540247991768,81.03312370777937,51.16572767921738,22.727961916160638,661.2935950877808,202.18714850695616
2024-01-19 15:00:00,256.49696392406963,73.6677596402424,122.80562390262037,22.88101211724682,580.2023500431928,330.164723564312
2024-01-19 16:00:00,286.2557080976778,47.27660592214974,112.17359736170914,22.030779915480245,342.62437113155204,333.5323140198276
2024-01-19 17:00:00,316.1576757117145,32.48719945144974,131.7907164286878,23.338615631923876,200.82757844481213,348.6448751631642
2024-01-19 18:00:00,386.37662832539075,2.0995106815431665e-15,152.11128457893597,24.163705566546973,9.609491736607714e-14,386.37662832539075
2024-01-19 19:00:00,354.5866512454364,0.0,128.82577307640597,25.92419815650065,0.0,354.5866512454364
2024-01-19 20:00:00,330.76518298410707,0.0,116.38960368771893,25.15145965574938,0.0,330.76518298410707
2024-01-19 21:00:00,261.6527235290943,0.0,83.30710752065625,27.144748510922046,0.0,261.6527235290943
2024-01-19 22:00:00,37.07179808603019,0.0,0.0,27.281283223583088,0.0,37.07179808603019
2024-01-19 23:00:00,30.975141338985843,0.0,0.0,27.37680185692894,0.0,30.975141338985843
2024-01-20 00:00:00,33.11682006082436,0.0,0.0,29.70546503038307,0.0,33.11682006082436
2024-01-20 01:00:00,35.084806211384986,0.0,0.0,30.11634247461627,0.0,35.084806211384986
2024-01-20 02:00:00,42.02090220136985,0.0,0.0,29.704924605497034,0.0,42.02090220136985
2024-01-20 03:00:00,32.270133021799076,0.0,0.0,30.271196903492182,0.0,32.270133021799076
2024-01-20 04:00:00,34.445316318029434,0.0,0.0,30.244363243049506,0.0,34.445316318029434
2024-01-20 05:00:00,35.65733520287243,0.0,0.0,29.3283437632386,0.0,35.65733520287243
2024-01-20 06:00:00,55.52947174666037,0.0,0.0,28.21344765736474,0.0,55.52947174666037
2024-01-20 07:00:00,38.753238467652025,14.352745498570872,0.0,27.566000325710018,169.39757732170995,53.105983966222894
2024-01-20 08:00:00,13.2014016171103,40.40090594990435,0.0,26.732098023657954,407.83541639709506,53.60230756701465
2024-01-20 09:00:00,15.680326903379616,46.55362350689515,0.0,25.93716385793638,418.3184686472792,62.233950410274765
2024-01-20 10:00:00,0.0,77.29811382487178,0.0,25.539285083174693,713.1107091217863,77.29811382487178
2024-01-20 11:00:00,0.0,79.67902084339909,0.0,24.39546584459481,708.4469346682805,79.67902084339909
2024-01-20 12:00:00,0.0,76.38730268270679,0.0,23.001932474494286,647.0039509601982,76.38730268270679
2024-01-20 13:00:00,0.0,79.65101852240784,0.0,23.072468774048595,669.6853107392001,79.65101852240784
2024-01-20 14:00:00,0.0,69.95345720872002,0.0,23.317380227502998,571.8512499153464,69.95345720872002
2024-01-20 15:00:00,0.0,72.20390238475215,0.0,23.91569155252,568.1313860339746,72.20390238475215
2024-01-20 16:00:00,14.098521231768132,54.34052066690573,0.0,24.352204009577417,396.64525480789933,68.43904189867386
2024-01-20 17:00:00,40.420249628041674,24.239942937353423,0.0,25.146838638695492,157.09533107503822,64.66019256539509
2024-01-20 18:00:00,63.46159484781593,2.14620436694902e-15,0.0,25.049676900844332,8.657677225556445e-14,63.46159484781593
2024-01-20 19:00:00,54.910332763927286,0.0,0.0,26.2101576319471,0.0,54.910332763927286
2024-01-20 20:00:00,54.78923376137708,0.0,0.0,26.007138934853195,0.0,54.78923376137708
2024-01-20 21:00:00,62.503211512847926,0.0,0.0,27.855177146494242,0.0,62.503211512847926
2024-01-20 22:00:00,35.781233985415845,0.0,0.0,27.94673765132425,0.0,35.781233985415845
2024-01-20 23:00:00,29.21807357837547,0.0,0.0,29.177973838330217,0.0,29.21807357837547
2024-01-21 00:00:00,17.005695561287737,0.0,0.0,32.49449557280218,0.0,17.005695561287737
2024-01-21 01:00:00,22.365994374921954,0.0,0.0,31.481004975227528,0.0,22.365994374921954
2024-01-21 02:00:00,20.35306736719161,0.0,0.0,31.01658085553041,0.0,20.35306736719161
2024-01-21 03:00:00,17.814400125660537,0.0,0.0,31.533122360111264,0.0,17.814400125660537
2024-01-21 04:00:00,14.820881584641345,0.0,0.0,30.721038785071435,0.0,14.820881584641345
2024-01-21 05:00:00,18.968915541177804,0.0,0.0,29.942989142694714,0.0,18.968915541177804
2024-01-21 06:00:00,24.368037724806257,0.0,0.0,30.750057231815827,0.0,24.368037724806257
2024-01-21 07:00:00,7.937633932777365,15.60777727952234,0.0,29.387760136112774,200.2146120469219,23.545411212299705
2024-01-21 08:00:00,0.0,33.84406264737477,0.0,28.121255777618448,332.7040995814876,33.84406264737477
2024-01-21 09:00:00,0.0,55.77161150875814,0.0,26.84670916213798,526.9791380497236,55.77161150875814
2024-01-21 10:00:00,0.0,69.19489436751071,0.0,26.043092723634476,635.085397627157,69.19489436751071
2024-01-21 11:00:00,0.0,78.96457064308707,0.0,26.244854664389734,711.1270041247847,78.96457064308707
2024-01-21 12:00:00,0.0,106.4056299623427,0.0,25.07068732070732,950.0,106.4056299623427
2024-01-21 13:00:00,0.0,91.55073456160162,0.0,23.02634450163443,779.2244856595415,91.55073456160162
2024-01-21 14:00:00,0.0,84.91758230842565,0.0,25.658956722949995,711.070480599971,84.91758230842565
2024-01-21 15:00:00,0.0,60.51398701168154,0.0,24.65927825159498,471.93650048778335,60.51398701168154
2024-01-21 16:00:00,0.0,51.845493881883726,0.0,25.089083054742446,376.3620359671641,51.845493881883726
2024-01-21 17:00:00,0.0,34.06061330634526,0.0,26.01696113768506,211.91799817382014,34.06061330634526
2024-01-21 18:00:00,20.273444997370298,2.0226166378635275e-15,0.0,26.431188878776368,8.873313984802729e-14,20.2734449973703
2024-01-21 19:00:00,12.67996850085691,0.0,0.0,27.416075116120158,0.0,12.67996850085691
2024-01-21 20:00:00,15.830632166225996,0.0,0.0,27.736625731438114,0.0,15.830632166225996
2024-01-21 21:00:00,19.932616644344996,0.0,0.0,28.239456460996205,0.0,19.932616644344996
2024-01-21 22:00:00,17.220714063941074,0.0,0.0,29.838603855857173,0.0,17.220714063941074
2024-01-21 23:00:00,15.417538225670238,0.0,0.0,31.139168525410785,0.0,15.417538225670238
2024-01-22 00:00:00,30.887703588177082,0.0,0.0,29.843056293573873,0.0,30.887703588177082
2024-01-22 01:00:00,30.98650823351264,0.0,0.0,30.152597054121745,0.0,30.98650823351264
2024-01-22 02:00:00,38.03790063466471,0.0,0.0,31.246378289709867,0.0,38.03790063466471
2024-01-22 03:00:00,29.444180520526743,0.0,0.0,30.28798644896109,0.0,29.444180520526743
2024-01-22 04:00:00,34.031940114374294,0.0,0.0,29.96167761584823,0.0,34.031940114374294
2024-01-22 05:00:00,33.044496208684706,0.0,0.0,29.42417025719969,0.0,33.044496208684706
2024-01-22 06:00:00,210.277636988106,0.0,50.48423390012062,28.85337816902466,0.0,210.277636988106
2024-01-22 07:00:00,405.784686319468,14.25170668079608,155.90160579906632,27.2549162694277,169.82196421725126,420.03639300026407
2024-01-22 08:00:00,351.5859789311302,37.074876549278216,149.5070698330789,26.866198603249085,374.6969320484763,388.66085548040843
2024-01-22 09:00:00,282.0970241266521,50.892231188265654,117.84292026919383,26.345186011230936,474.4213555141617,332.9892553149178
2024-01-22 10:00:00,291.23378430464754,63.80146537777958,132.65242107454495,25.49748762760731,576.381063125536,355.0352496824271
2024-01-22 11:00:00,267.4055201431083,75.44754443591707,124.80383686184737,25.239991451656774,673.0696342041948,342.85306457902533
2024-01-22 12:00:00,229.67104991159462,92.79868264157065,119.33318808790492,25.024475857371762,817.7971056832176,322.4697325531653
2024-01-22 13:00:00,187.0564695158123,68.61982140869617,80.54693061634056,24.51136999084036,566.9882656194304,255.67629092450846
2024-01-22 14:00:00,129.58112010655964,78.78865557745503,58.418456924586664,24.093194851556863,647.2376315842455,208.36977568401466
2024-01-22 15:00:00,315.96682041203957,49.617099740559716,133.8969516142146,23.680760972124556,385.35587836454556,365.58392015259926
2024-01-22 16:00:00,295.68365523594036,48.502805618993555,128.0319581027642,23.793245211295922,352.6846389014042,344.1864608549339
2024-01-22 17:00:00,267.474138480963,33.98202722894049,105.21580703142027,24.669934141621184,209.27145508213235,301.4561657099035
2024-01-22 18:00:00,342.61997973399093,2.0223642362640912e-15,126.01149318370109,25.678658044406347,8.89087851737229e-14,342.61997973399093
2024-01-22 19:00:00,386.2637636804901,0.0,142.4493642795408,26.64097090078391,0.0,386.2637636804901
2024-01-22 20:00:00,311.9441049996901,0.0,134.59175303341218,27.447411526277822,0.0,311.9441049996901
2024-01-22 21:00:00,281.9997537319023,0.0,105.23419640611992,27.981147581690692,0.0,281.9997537319023
2024-01-22 22:00:00,35.42369500325226,0.0,0.0,29.27929977944103,0.0,35.42369500325226
2024-01-22 23:00:00,36.31775581726851,0.0,0.0,30.241178646214564,0.0,36.31775581726851
2024-01-23 00:00:00,32.519825691684545,0.0,0.0,30.869063516673695,0.0,32.519825691684545
2024-01-23 01:00:00,35.03273385110053,0.0,0.0,30.762628275824426,0.0,35.03273385110053
2024-01-23 02:00:00,43.307150501785124,0.0,0.0,30.48097006514138,0.0,43.307150501785124
2024-01-23 03:00:00,39.6179148126694,0.0,0.0,30.34985108871207,0.0,39.6179148126694
2024-01-23 04:00:00,36.511935815700554,0.0,0.0,30.08837451284383,0.0,36.511935815700554
2024-01-23 05:00:00,32.978981956245825,0.0,0.0,30.001305744884768,0.0,32.978981956245825
2024-01-23 06:00:00,209.50323757256479,0.0,58.55192629849355,29.407796288172204,0.0,209.50323757256479
2024-01-23 07:00:00,360.8211665034694,16.18175831138464,158.4639940279533,27.596494910281194,208.31901185220673,377.00292481485405
2024-01-23 08:00:00,313.0601084090327,42.504649434858685,149.2478489106225,27.14589685721261,430.31480915283163,355.56475784389136
2024-01-23 09:00:00,281.0442837354998,59.59383277548345,137.16642364545268,26.61367048618826,561.410682516818,340.63811651098325
2024-01-23 10:00:00,298.9539737906872,77.78455904472773,162.29708495882636,25.198054456345584,707.6029368141878,376.73853283541496
2024-01-23 11:00:00,262.35085473635536,87.3361197940847,146.15630850699407,25.139972753771275,782.7556748052917,349.68697453044007
2024-01-23 12:00:00,250.9143245844539,88.98022871990415,142.5028861426162,24.213091352690565,780.319619382501,339.89455330435806
2024-01-23 13:00:00,147.97800549450676,85.45426176091689,71.10883117008086,23.65544388354802,721.4830361735586,233.43226725542365
2024-01-23 14:00:00,115.08540969116324,98.19725060096637,70.28126811310098,23.924497127618835,822.7241335952168,213.2826602921296
2024-01-23 15:00:00,293.79063530686557,68.42247456241519,155.54815351968543,24.2132941841722,532.4007677638026,362.21310986928074
2024-01-23 16:00:00,332.97561003900944,50.95532868802622,172.65447512604865,23.942541041013886,368.3349774065657,383.93093872703565
2024-01-23 17:00:00,345.37494280893895,34.66712182030494,165.09361998153247,24.801714487334447,212.29927420819828,380.0420646292439
2024-01-23 18:00:00,368.03081733847887,2.1427444846263854e-15,172.65234590184306,25.88173360004794,9.875767282327185e-14,368.03081733847887
2024-01-23 19:00:00,341.13531081545295,0.0,146.68279352801366,26.11098266187718,0.0,341.13531081545295
2024-01-23 20:00:00,318.25608070641334,0.0,134.1173944875356,26.569015991182436,0.0,318.25608070641334
2024-01-23 21:00:00,253.23788308090195,0.0,100.38529582840894,27.535474146408333,0.0,253.23788308090195
2024-01-23 22:00:00,41.48005579084419,0.0,0.0,28.9388689793659,0.0,41.48005579084419
2024-01-23 23:00:00,33.49861772670714,0.0,0.0,29.213559007394732,0.0,33.49861772670714
2024-01-24 00:00:00,34.466641597703834,0.0,0.0,28.802172475627223,0.0,34.466641597703834
2024-01-24 01:00:00,37.13327840721253,0.0,0.0,30.158156327567887,0.0,37.13327840721253
2024-01-24 02:00:00,36.96165391338601,0.0,0.0,28.755645316125467,0.0,36.96165391338601
2024-01-24 03:00:00,32.67514531250468,0.0,0.0,29.184382476242696,0.0,32.67514531250468
2024-01-24 04:00:00,40.21027963959808,0.0,0.0,30.042185700351038,0.0,40.21027963959808
2024-01-24 05:00:00,26.47629227708365,0.0,0.0,28.623883285610578,0.0,26.47629227708365
2024-01-24 06:00:00,233.22251955663563,0.0,62.990617029591355,27.51108286623201,0.0,233.22251955663563
2024-01-24 07:00:00,334.9980354315385,15.442895057075239,148.20278438500534,26.772369850569014,198.4669934265469,350.44093048861373
2024-01-24 08:00:00,367.70593992427666,35.74974374539487,166.99824042170383,26.159625764166446,359.3845416784065,403.45568366967154
2024-01-24 09:00:00,314.49248132058125,61.03538565585821,160.24253892607672,25.886963817424704,574.9998070993556,375.52786697643944
2024-01-24 10:00:00,292.8319333900312,76.66067941788089,165.3850324122809,23.929517706231188,697.3008939800583,369.4926128079121
2024-01-24 11:00:00,244.06469102669715,84.40120213849352,139.55918550105864,23.091265634372753,743.8281662204098,328.46589316519066
2024-01-24 12:00:00,301.49058433698656,82.6785814685383,170.64986876188368,22.224451230334157,708.9129292805463,384.16916580552487
2024-01-24 13:00:00,171.86862874126393,89.47604236348786,93.22835075933912,22.615752134212972,752.2886895577999,261.3446711047518
2024-01-24 14:00:00,38.58577489612864,80.85008606295139,0.0,21.742100825060852,661.3378612678437,119.43586095908003
2024-01-24 15:00:00,342.76891380075756,60.97455360026288,170.50431632079565,22.332312805547172,472.07003363085977,403.74346740102044
2024-01-24 16:00:00,349.8638034513035,45.74606011998424,166.121248295849,22.459513876169094,328.54707673692303,395.60986357128775
2024-01-24 17:00:00,328.19258104873234,34.520386408493074,153.7250841394897,24.007132530933944,210.1361012582173,362.71296745722543
2024-01-24 18:00:00,378.03833598742943,4.0065424936758774e-15,166.48300555489047,23.940746316286404,6.995285144954943e-14,378.03833598742943
2024-01-24 19:00:00,396.2256267169557,0.0,172.72001651107132,25.237543016113793,0.0,396.2256267169557
2024-01-24 20:00:00,371.8574941093785,0.0,164.88438794853855,25.142898509125526,0.0,371.8574941093785
2024-01-24 21:00:00,246.74697820973722,0.0,95.16119846842498,26.916564645055054,0.0,246.74697820973722
2024-01-24 22:00:00,40.120431647508894,0.0,0.0,27.093364357039434,0.0,40.120431647508894
2024-01-24 23:00:00,35.770681345868084,0.0,0.0,28.206993994157795,0.0,35.770681345868084
2024-01-25 00:00:00,34.46049442563958,0.0,0.0,30.39386568867907,0.0,34.46049442563958
2024-01-25 01:00:00,34.7730153171177,0.0,0.0,30.1040030689376,0.0,34.7730153171177
2024-01-25 02:00:00,38.532133368188276,0.0,0.0,29.692969196889766,0.0,38.532133368188276
2024-01-25 03:00:00,39.84775383666661,0.0,0.0,31.237386835208756,0.0,39.84775383666661
2024-01-25 04:00:00,36.48017329022643,0.0,0.0,28.830677056364298,0.0,36.48017329022643
2024-01-25 05:00:00,32.34190802443029,0.0,0.0,29.31465741349602,0.0,32.34190802443029
2024-01-25 06:00:00,214.97458675516327,0.0,66.60737714083749,27.240838259881865,0.0,214.97458675516327
2024-01-25 07:00:00,332.4350571220549,16.981026574757923,147.2803581783907,27.04108076734027,219.54029208273533,349.41608369681285
2024-01-25 08:00:00,363.9742515706961,41.034784958156564,178.9879262413148,25.58328061321514,414.1403912896133,405.0090365288527
2024-01-25 09:00:00,249.78996513549995,68.20714728303952,129.30813078637436,25.479946787992034,653.2024359071631,317.9971124185395
2024-01-25 10:00:00,297.07423641590105,68.76263756621762,155.98736878251043,24.5351606150948,623.6219012232257,365.8368739821187
2024-01-25 11:00:00,273.74121938470626,75.04305872525784,149.14184948584563,23.628469354560714,650.3603606855581,348.7842781099641
2024-01-25 12:00:00,259.04419673387065,81.39477080342395,145.48974358788462,23.77211508762304,702.5484649575322,340.4389675372946
2024-01-25 13:00:00,158.20195453042828,94.66591077184074,96.11815193662817,22.592885609792287,800.0875359971484,252.86786530226902
2024-01-25 14:00:00,98.81084394800449,86.82223042627588,55.182704859106416,22.920601362209084,706.6421544696977,185.63307437428037
2024-01-25 15:00:00,341.2069451905549,71.77918753132677,188.90490864381974,23.28671256642935,555.7077518176376,412.9861327218817
2024-01-25 16:00:00,280.27688631813663,48.57203595952642,134.43374316511265,22.484475970611793,346.38659873550966,328.84892227766306
2024-01-25 17:00:00,284.6781234635092,35.751243381490355,140.66486378343484,23.408094583315314,216.4762098528529,320.42936684499955
2024-01-25 18:00:00,339.76997104357866,2.3644622431826425e-15,139.19714879645036,24.53410597196334,8.389324965317899e-14,339.76997104357866
2024-01-25 19:00:00,373.7884593392313,0.0,158.53827387407145,25.666385540160757,0.0,373.7884593392313
2024-01-25 20:00:00,379.374765152165,0.0,171.22391847803195,26.967794371266187,0.0,379.374765152165
2024-01-25 21:00:00,250.35371228897958,0.0,98.1776892945071,27.055102246800285,0.0,250.35371228897958
2024-01-25 22:00:00,26.27376146408094,0.0,0.0,27.848939966980478,0.0,26.27376146408094
2024-01-25 23:00:00,30.448936768323016,0.0,0.0,28.295751207351504,0.0,30.448936768323016
2024-01-26 00:00:00,35.83968080270855,0.0,0.0,29.553608186253612,0.0,35.83968080270855
2024-01-26 01:00:00,38.77882149198719,0.0,0.0,29.589708832082252,0.0,38.77882149198719
2024-01-26 02:00:00,33.51318737430117,0.0,0.0,29.720511095506698,0.0,33.51318737430117
2024-01-26 03:00:00,36.6750267864451,0.0,0.0,29.691323365987042,0.0,36.6750267864451
2024-01-26 04:00:00,37.9904476186771,0.0,0.0,29.664430171210263,0.0,37.9904476186771
2024-01-26 05:00:00,33.22435360632644,0.0,0.0,28.550535684482842,0.0,33.22435360632644
2024-01-26 06:00:00,221.52573366608902,0.0,71.3362160038384,27.721448182465107,0.0,221.52573366608902
2024-01-26 07:00:00,328.0556932789596,15.227890363741427,142.59247530237303,27.479255977845433,197.93932626362914,343.28358364270105
2024-01-26 08:00:00,362.13298016372204,38.480181358754564,165.69256405036933,24.844664775978266,387.56316329720187,400.6131615224766
2024-01-26 09:00:00,290.09882824337626,64.60657653254407,150.7340146453559,25.149821482229893,609.2222586697245,354.70540477592033
2024-01-26 10:00:00,290.1646847666046,74.37351991310372,158.998040465261,24.031872477215877,680.5287446581037,364.5382046797083
2024-01-26 11:00:00,300.64369722429603,90.13755559826183,172.68730212846708,24.484282604275037,800.3635008986387,390.78125282255786
2024-01-26 12:00:00,234.48544029357987,89.9473454585422,129.14579269600557,23.10597193240257,773.3682022238837,324.4327857521221
2024-01-26 13:00:00,188.33780838003764,88.14260732176909,111.84198563148892,22.696428777274203,736.2874985325465,276.48041570180675
2024-01-26 14:00:00,125.92304429430332,73.54198493880052,61.277885749551615,22.83321598429292,590.0569278600124,199.46502923310385
2024-01-26 15:00:00,253.7061336232849,58.98297103734982,130.4771322011576,22.679100620675364,451.1027309409291,312.6891046606347
2024-01-26 16:00:00,283.9976318596823,54.016235359430034,144.6820769904976,23.125114234597255,384.1929121895291,338.01386721911234
2024-01-26 17:00:00,330.84351400498656,33.93002219561343,157.04293076851323,23.931208697978224,205.12917655811958,364.7735362006
2024-01-26 18:00:00,343.4210420437129,2.305699629411333e-15,144.67852439354408,24.396507009666426,8.456414496614795e-14,343.4210420437129
2024-01-26 19:00:00,311.8404471923585,0.0,123.61754749533067,25.237051842924718,0.0,311.8404471923585
2024-01-26 20:00:00,366.15510662339676,0.0,156.95733593687817,25.852448390063902,0.0,366.15510662339676
2024-01-26 21:00:00,256.93439190618057,0.0,86.53967233076324,26.686502014518116,0.0,256.93439190618057
2024-01-26 22:00:00,30.58180122450163,0.0,0.0,28.137845675714697,0.0,30.58180122450163
2024-01-26 23:00:00,31.68730859192531,0.0,0.0,28.985701215965385,0.0,31.68730859192531
2024-01-27 00:00:00,34.395698713459815,0.0,0.0,28.755404988309408,0.0,34.395698713459815
2024-01-27 01:00:00,33.39942520403231,0.0,0.0,30.199105496658007,0.0,33.39942520403231
2024-01-27 02:00:00,33.51725355769356,0.0,0.0,30.32041821686822,0.0,33.51725355769356
2024-01-27 03:00:00,37.77846140982315,0.0,0.0,30.306479358106895,0.0,37.77846140982315
2024-01-27 04:00:00,33.724196062971906,0.0,0.0,29.619427852571683,0.0,33.724196062971906
2024-01-27 05:00:00,43.578320783040795,0.0,0.0,29.231809181253258,0.0,43.578320783040795
2024-01-27 06:00:00,57.49765248775564,0.0,0.0,29.280907319245006,0.0,57.49765248775564
2024-01-27 07:00:00,46.22735519002998,13.849644632703008,0.0,27.193500254376023,152.6198649651591,60.076999822732986
2024-01-27 08:00:00,30.587440866927224,34.11212227884188,0.0,25.91554864651107,336.53118050447284,64.6995631457691
2024-01-27 09:00:00,12.477144417944139,50.86371120644552,0.0,24.765497797486294,461.271180550716,63.34085562438966
2024-01-27 10:00:00,0.0,66.28431584894734,0.0,25.566231362072006,593.5242421671791,66.28431584894734
2024-01-27 11:00:00,0.0,71.89690174578007,0.0,24.84791429215226,625.4664016789472,71.89690174578007
2024-01-27 12:00:00,0.0,81.27675327177309,0.0,22.945005612743195,699.7341177342173,81.27675327177309
2024-01-27 13:00:00,0.0,74.81842495763003,0.0,22.69399359860483,622.7295693765756,74.81842495763003
2024-01-27 14:00:00,0.0,74.80992645633356,0.0,22.77639887819026,603.7447604487465,74.80992645633356
2024-01-27 15:00:00,1.3770732864402362,64.36474156576487,0.0,23.6697824410171,497.5843866713181,65.74181485220511
2024-01-27 16:00:00,14.99141398786584,39.854892156068765,0.0,22.763654384470154,288.1820168053629,54.846306143934605
2024-01-27 17:00:00,38.358780837279795,19.17673312980568,0.0,22.980210900358493,129.4325859022989,57.53551396708548
2024-01-27 18:00:00,62.60243582411479,2.0020261411417928e-15,0.0,25.772151635236927,9.243799545650904e-14,62.60243582411479
2024-01-27 19:00:00,54.433568694821965,0.0,0.0,25.688714382557063,0.0,54.433568694821965
2024-01-27 20:00:00,53.476163005345654,0.0,0.0,26.66560104991513,0.0,53.476163005345654
2024-01-27 21:00:00,64.50448540972089,0.0,0.0,27.241708052214673,0.0,64.50448540972089
2024-01-27 22:00:00,34.279045257434014,0.0,0.0,28.42128685881486,0.0,34.279045257434014
2024-01-27 23:00:00,35.105381905227134,0.0,0.0,28.15616518943827,0.0,35.105381905227134
2024-01-28 00:00:00,23.775630504869724,0.0,0.0,30.512178609030254,0.0,23.775630504869724
2024-01-28 01:00:00,17.161122195266984,0.0,0.0,31.33486931348787,0.0,17.161122195266984
2024-01-28 02:00:00,12.216152306455477,0.0,0.0,30.26610453276471,0.0,12.216152306455477
2024-01-28 03:00:00,23.844687935517733,0.0,0.0,31.131031564319454,0.0,23.844687935517733
2024-01-28 04:00:00,17.288015002025947,0.0,0.0,30.750556707293164,0.0,17.288015002025947
2024-01-28 05:00:00,21.436664285251755,0.0,0.0,30.225078597392564,0.0,21.436664285251755
2024-01-28 06:00:00,14.994565388632275,0.0,0.0,29.376009075304342,0.0,14.994565388632275
2024-01-28 07:00:00,1.7072728947960236,16.943975557797494,0.0,28.309470674136406,222.4659406606498,18.651248452593517
2024-01-28 08:00:00,0.0,39.54298715937715,0.0,26.990534054079372,402.6901369999036,39.54298715937715
2024-01-28 09:00:00,0.0,61.276266654831176,0.0,27.068056844939715,585.11776453253,61.276266654831176
2024-01-28 10:00:00,0.0,73.57267081670437,0.0,26.00148798581671,667.3491260354574,73.57267081670437
2024-01-28 11:00:00,0.0,86.04366721391136,0.0,24.739035471777576,767.962583239454,86.04366721391136
2024-01-28 12:00:00,0.0,92.52965387182155,0.0,24.90172777238618,798.4608965120882,92.52965387182155
2024-01-28 13:00:00,0.0,91.1233868444804,0.0,24.37333448966674,779.150310239672,91.1233868444804
2024-01-28 14:00:00,0.0,90.06120313411027,0.0,24.171038003383774,735.2567146075537,90.06120313411027
2024-01-28 15:00:00,0.0,76.15039285451594,0.0,23.442362143799368,588.6518081886392,76.15039285451594
2024-01-28 16:00:00,0.0,55.05289930313512,0.0,25.21184482212324,396.82439552421295,55.05289930313512
2024-01-28 17:00:00,0.0,31.244558086127167,0.0,24.81015072500735,188.62595453431604,31.244558086127167
2024-01-28 18:00:00,19.6997019796864,2.1107925999381983e-15,0.0,26.183185106635452,9.741224131714705e-14,19.699701979686402
2024-01-28 19:00:00,16.458731095488286,0.0,0.0,26.59154909963966,0.0,16.458731095488286
2024-01-28 20:00:00,21.693472102827787,0.0,0.0,27.707186720440838,0.0,21.693472102827787
2024-01-28 21:00:00,10.117549674007707,0.0,0.0,29.38356288294861,0.0,10.117549674007707
2024-01-28 22:00:00,14.781186540726168,0.0,0.0,29.917359079616517,0.0,14.781186540726168
2024-01-28 23:00:00,17.70352180629277,0.0,0.0,30.941443686512482,0.0,17.70352180629277
2024-01-29 00:00:00,36.974691018424764,0.0,0.0,26.879673186550523,0.0,36.974691018424764
2024-01-29 01:00:00,34.909590971557726,0.0,0.0,27.262203710176326,0.0,34.909590971557726
2024-01-29 02:00:00,33.16006253871023,0.0,0.0,26.29282202588111,0.0,33.16006253871023
2024-01-29 03:00:00,31.208844893179922,0.0,0.0,26.90536942107266,0.0,31.208844893179922
2024-01-29 04:00:00,33.693548832063755,0.0,0.0,26.60202597331543,0.0,33.693548832063755
2024-01-29 05:00:00,37.34010079513199,0.0,0.0,26.770097670323104,0.0,37.34010079513199
2024-01-29 06:00:00,212.30459108127732,0.0,57.516155741800006,25.180276862040735,0.0,212.30459108127732
2024-01-29 07:00:00,327.02474532763193,14.963373847737195,120.57677063279976,24.721687938381084,193.9267432305222,341.98811917536915
2024-01-29 08:00:00,390.72204064839366,39.74671390379231,165.53064894554075,23.796270197536575,397.337765161601,430.46875455218594
2024-01-29 09:00:00,337.47985258816584,57.495843090319184,141.93399256288652,23.35636244827574,533.5881715823392,394.975695678485
2024-01-29 10:00:00,276.6026276635631,78.5963755028311,137.65672498627444,21.866519484841135,715.3795487934083,355.1990031663942
2024-01-29 11:00:00,310.5417718952289,79.81398806559405,143.41216612315188,21.622411266187857,698.498692103907,390.355759960823
2024-01-29 12:00:00,233.25882182098883,84.15617465576396,110.40958346651296,19.7998700456799,705.1116133200502,317.4149964767528
2024-01-29 13:00:00,131.96355554286367,107.63751079035337,76.97463933744152,19.49564141751049,903.9706577334224,239.60106633321703
2024-01-29 14:00:00,138.33737140159815,83.06007991724388,63.62831216186415,19.041719353681938,658.4551211975697,221.39745131884203
2024-01-29 15:00:00,290.57367992332166,62.89970122974051,130.67820867628848,20.695643621549127,477.7749571002838,353.4733811530622
2024-01-29 16:00:00,303.0400677712486,48.15276697897551,134.15185146610844,20.989136081643032,338.79618782848064,351.19283475022405
2024-01-29 17:00:00,315.5894574416107,28.176702609899912,128.70225699058548,21.656931578790925,170.48740445581154,343.7661600515106
2024-01-29 18:00:00,404.360384228553,2.1661741109465107e-15,154.7708588454962,21.594710608141103,9.81598120385275e-14,404.360384228553
2024-01-29 19:00:00,357.354158913667,0.0,131.69743695136077,22.495751039368045,0.0,357.354158913667
2024-01-29 20:00:00,333.5713720389815,0.0,118.10022343329294,23.622867704663044,0.0,333.5713720389815
2024-01-29 21:00:00,316.4550306832796,0.0,101.88840249266703,25.31110783532685,0.0,316.4550306832796
2024-01-29 22:00:00,29.79058852220676,0.0,0.0,26.280305589805224,0.0,29.79058852220676
2024-01-29 23:00:00,40.6093201951346,0.0,0.0,26.555169505067795,0.0,40.6093201951346
2024-01-30 00:00:00,38.27563868663705,0.0,0.0,29.733244741145494,0.0,38.27563868663705
2024-01-30 01:00:00,39.38228977935495,0.0,0.0,30.585077706360007,0.0,39.38228977935495
2024-01-30 02:00:00,30.983817478166884,0.0,0.0,29.90872473692343,0.0,30.983817478166884
2024-01-30 03:00:00,29.755800607658504,0.0,0.0,29.721915592268797,0.0,29.755800607658504
2024-01-30 04:00:00,35.03141132313777,0.0,0.0,29.503223818436837,0.0,35.03141132313777
2024-01-30 05:00:00,38.90991707156419,0.0,0.0,28.522162514941332,0.0,38.90991707156419
2024-01-30 06:00:00,202.04436074192446,0.0,46.57487342400129,28.1991412833124,0.0,202.04436074192446
2024-01-30 07:00:00,349.62772858120024,15.479169720647315,133.68536690225633,26.88380860146506,203.47290816586514,365.10689830184754
2024-01-30 08:00:00,308.7334258896788,37.335765998756166,123.63577690592359,27.049149874947997,377.0277084575525,346.069191888435
2024-01-30 09:00:00,282.40073815978064,68.13773098989833,125.52838541189894,25.90262300315589,653.8502697851961,350.538469149679
2024-01-30 10:00:00,247.30667505918717,82.70108991946616,120.69226197067528,25.50142716427212,756.8507096556136,330.0077649786533
2024-01-30 11:00:00,265.5551816396283,93.82454886986913,127.71010582759251,23.247130829888196,842.0703555646888,359.37973050949745
2024-01-30 12:00:00,283.53930098739113,105.24958850963002,148.2844489038113,24.456405525713706,920.5839528008034,388.78888949702116
2024-01-30 13:00:00,114.3092670193628,107.12256284141563,65.59391159990578,22.369667866589747,917.6295349746149,221.43182986077844
2024-01-30 14:00:00,140.84491003910213,75.14953015361328,60.808360945793986,22.437491927956604,602.6624893356071,215.99444019271542
2024-01-30 15:00:00,315.8849632519351,71.47520925060638,149.6933739004902,22.845494800054922,544.2454273707932,387.3601725025415
2024-01-30 16:00:00,317.8244930222081,54.83183895033697,141.8722997806101,24.1594173982376,389.48328919835666,372.6563319725451
2024-01-30 17:00:00,321.6018730092926,33.04770441954392,136.7033014471988,24.174558979959578,196.99586986328086,354.64957742883655
2024-01-30 18:00:00,368.8915314426531,1.9920921497444923e-15,138.73462908961775,24.66473134023742,9.110142125625556e-14,368.8915314426531
2024-01-30 19:00:00,403.4290300135761,0.0,154.21606780873688,25.234465590316802,0.0,403.4290300135761
2024-01-30 20:00:00,326.81338398255326,0.0,111.43190608452882,25.848678390167855,0.0,326.81338398255326
2024-01-30 21:00:00,272.1058016589179,0.0,86.89104648766522,28.008826285203533,0.0,272.1058016589179
2024-01-30 22:00:00,33.70294154757313,0.0,0.0,28.685965596022527,0.0,33.70294154757313
2024-01-30 23:00:00,34.44362680987434,0.0,0.0,29.687744888197297,0.0,34.44362680987434
2024-01-31 00:00:00,29.873513860438056,0.0,0.0,29.634102325902273,0.0,29.873513860438056
2024-01-31 01:00:00,40.12777845095102,0.0,0.0,28.464293511900145,0.0,40.12777845095102
2024-01-31 02:00:00,33.590535064446975,0.0,0.0,29.282312882825448,0.0,33.590535064446975
2024-01-31 03:00:00,32.95932156398416,0.0,0.0,30.017780394101266,0.0,32.95932156398416
2024-01-31 04:00:00,37.449550623159894,0.0,0.0,29.2508347497937,0.0,37.449550623159894
2024-01-31 05:00:00,30.59566227928725,0.0,0.0,28.600057099855025,0.0,30.59566227928725
2024-01-31 06:00:00,211.12437295486708,0.0,49.97067145230878,27.60299096672141,0.0,211.12437295486708
2024-01-31 07:00:00,389.8020446011895,13.66018394724759,146.14759154910655,27.784265790732267,146.41871767039063,403.4622285484371
2024-01-31 08:00:00,302.50773632437,34.90640630870825,126.71639534196277,26.63270066787333,349.6570711907224,337.41414263307826
2024-01-31 09:00:00,330.826759675996,52.31349484555209,144.54274448221102,25.749333302761414,487.01238049376747,383.1402545215481
2024-01-31 10:00:00,254.67320095894456,64.73228392344248,114.09544797667652,24.337803224773644,573.6520729914376,319.40548488238704
2024-01-31 11:00:00,237.68867862854916,91.95084635026545,112.15025881030009,24.017874494463165,821.8358648716942,329.6395249788146
2024-01-31 12:00:00,278.7674502984032,87.0145393082468,133.47365165455173,22.7046329728224,739.7194089957908,365.78198960665003
2024-01-31 13:00:00,199.12217469809298,86.6633701622538,92.62779321268879,22.95894996673134,727.516193541249,285.78554486034676
2024-01-31 14:00:00,130.01023914395768,68.08592982124007,56.89593587431937,21.64063955986962,543.2015528136316,198.09616896519776
2024-01-31 15:00:00,309.9656219573632,57.6012375449572,142.1430452467414,22.23980588758716,439.8640455554319,367.5668595023204
2024-01-31 16:00:00,337.8548309765772,49.358546928799804,146.6126164823718,23.21235951379463,350.396964248657,387.213377905377
2024-01-31 17:00:00,323.67109189721344,30.65481808235899,129.6408183892993,25.117289688150723,184.05793535711254,354.32590997957243
2024-01-31 18:00:00,373.5937291905631,4.205315284267919e-15,143.24510961858525,23.754232812453743,6.820266599745602e-14,373.5937291905631
2024-01-31 19:00:00,358.16478309417465,0.0,127.17441485865561,24.87694739503742,0.0,358.16478309417465
2024-01-31 20:00:00,356.92039755668293,0.0,130.76079856712212,26.51299174751258,0.0,356.92039755668293
2024-01-31 21:00:00,250.58030330706214,0.0,79.46221899740023,28.1951824600323,0.0,250.58030330706214
2024-01-31 22:00:00,31.441420078118973,0.0,0.0,28.255690597660212,0.0,31.441420078118973
2024-01-31 23:00:00,44.12457666603865,0.0,0.0,29.23054900947117,0.0,44.12457666603865
2024-02-01 00:00:00,28.539234023252696,0.0,0.0,27.716485668174318,0.0,28.539234023252696
2024-02-01 01:00:00,43.3810091199564,0.0,0.0,27.97962822780907,0.0,43.3810091199564
2024-02-01 02:00:00,39.59141544728229,0.0,0.0,28.3952908063009,0.0,39.59141544728229
2024-02-01 03:00:00,30.045634327788477,0.0,0.0,27.905794326965708,0.0,30.045634327788477
2024-02-01 04:00:00,42.648258838266386,0.0,0.0,28.24742221287143,0.0,42.648258838266386
2024-02-01 05:00:00,33.992604738290694,0.0,0.0,26.525936414947143,0.0,33.992604738290694
2024-02-01 06:00:00,193.62156071833118,0.0,51.05415036833619,27.04919214655044,0.0,193.62156071833118
2024-02-01 07:00:00,348.8629001134592,16.884864537479707,134.10831764162722,25.77972179427722,222.0888170273399,365.7477646509389
2024-02-01 08:00:00,316.4756920655152,38.631290002463274,131.5634656603807,24.74683819596659,389.3309249059398,355.1069820679785
2024-02-01 09:00:00,273.94617157610475,65.87786005239775,125.44652274963217,23.126839692314988,616.4068922703527,339.8240316285025
2024-02-01 10:00:00,269.06509829257294,84.93202887785213,133.10187691949045,22.614304294268088,767.3933970024477,353.9971271704251
2024-02-01 11:00:00,286.79436007870123,98.24862638792503,137.0960921865869,22.978650632680694,878.8275740771144,385.04298646662625
2024-02-01 12:00:00,229.97172989783735,107.53321676064864,120.15183209116499,21.7188102180048,946.8134716502616,337.504946658486
2024-02-01 13:00:00,176.3900249565499,86.82830375347937,84.38139692434649,21.612657471191692,720.4004789388796,263.21832871002925
2024-02-01 14:00:00,109.03516941093494,87.67838775841693,51.33412735743415,20.914432623609347,703.8338682941671,196.71355716935187
2024-02-01 15:00:00,304.58961408052807,76.4419058226682,137.67575095607603,21.458930920142556,574.5371203477515,381.0315199031963
2024-02-01 16:00:00,294.114360467744,57.26120656692847,126.01848725997756,21.137033692961495,402.1037457655422,351.3755670346725
2024-02-01 17:00:00,348.3823814266196,33.427935026206605,149.18168794502716,22.429266023258048,197.3021841071082,381.8103164528262
2024-02-01 18:00:00,381.97730859340123,2.232770661527979e-15,147.90756209200725,23.289519078902124,8.557322018028896e-14,381.97730859340123
2024-02-01 19:00:00,329.7713497207645,0.0,120.83325157416932,24.108639336000707,0.0,329.7713497207645
2024-02-01 20:00:00,378.00966014244773,0.0,142.08748879366965,24.40240621502194,0.0,378.00966014244773
2024-02-01 21:00:00,288.19444963667394,0.0,92.71479961612113,25.589039796075593,0.0,288.19444963667394
2024-02-01 22:00:00,38.34667120440888,0.0,0.0,26.872795703257836,0.0,38.34667120440888
2024-02-01 23:00:00,31.374066272264567,0.0,0.0,27.223353566780887,0.0,31.374066272264567
2024-02-02 00:00:00,38.37764746123719,0.0,0.0,30.19355688198044,0.0,38.37764746123719
2024-02-02 01:00:00,32.54316628910294,0.0,0.0,31.638594856229474,0.0,32.54316628910294
2024-02-02 02:00:00,27.591220103362108,0.0,0.0,30.330626100471896,0.0,27.591220103362108
2024-02-02 03:00:00,37.71568196001628,0.0,0.0,31.22707028596119,0.0,37.71568196001628
2024-02-02 04:00:00,30.84486145516822,0.0,0.0,29.75986924139803,0.0,30.84486145516822
2024-02-02 05:00:00,35.81970101799562,0.0,0.0,30.10838493694358,0.0,35.81970101799562
2024-02-02 06:00:00,198.54887639355516,0.0,48.879834954436475,29.410196938966944,0.0,198.54887639355516
2024-02-02 07:00:00,337.66151094919525,13.704282715688452,123.26911614866574,27.95680474023526,151.2523353210285,351.3657936648837
2024-02-02 08:00:00,355.6762930568367,39.49391085536045,144.92330259922315,26.697382233473906,401.2470756640003,395.17020391219717
2024-02-02 09:00:00,297.9158185753334,47.95060884087345,117.35309058265443,25.415037400144428,432.7597092700175,345.8664274162068
2024-02-02 10:00:00,277.050354559169,59.67653867140248,124.50357527635646,25.248563905442293,522.0915240827632,336.7268932305715
2024-02-02 11:00:00,266.1757617129415,75.0226886971692,121.30201933216381,25.094356249728207,656.0834762871881,341.1984504101107
2024-02-02 12:00:00,294.92224931327206,80.91721177835662,145.09103797967595,23.73621766810963,675.3444899565459,375.83946109162866
2024-02-02 13:00:00,177.7087312218444,72.0916172104924,75.39131895386376,23.973854558355086,592.7004122131747,249.80034843233682
2024-02-02 14:00:00,124.52672175460953,71.56611986529964,52.46314161393558,23.067905760949536,570.7290564495969,196.09284161990917
2024-02-02 15:00:00,264.0996465220913,71.63539499403157,124.89762277728103,23.80843617184124,548.454412085471,335.73504151612286
2024-02-02 16:00:00,347.91558368621446,43.29615427325623,150.5049322595697,23.701509794560057,310.47179955100535,391.21173795947067
2024-02-02 17:00:00,322.76702133397254,23.380444483749287,123.39827605979015,24.79225667480483,149.15224049225756,346.1474658177218
2024-02-02 18:00:00,316.6822327268272,2.0024454869061858e-15,115.99739924873435,25.305580925101193,9.231831243892902e-14,316.6822327268272
2024-02-02 19:00:00,333.6795607737038,0.0,115.46830313078614,25.805070933927336,0.0,333.6795607737038
2024-02-02 20:00:00,375.0862943579281,0.0,144.36440506689524,26.97668392096049,0.0,375.0862943579281
2024-02-02 21:00:00,263.7705476671058,0.0,87.20350752462718,27.744908886642786,0.0,263.7705476671058
2024-02-02 22:00:00,35.2236925880678,0.0,0.0,28.39915830978625,0.0,35.2236925880678
2024-02-02 23:00:00,30.934371562390396,0.0,0.0,30.32236730670258,0.0,30.934371562390396
2024-02-03 00:00:00,28.020516309260113,0.0,0.0,28.481601250686165,0.0,28.020516309260113
2024-02-03 01:00:00,32.87051376018099,0.0,0.0,27.910227437140996,0.0,32.87051376018099
2024-02-03 02:00:00,33.15654963983975,0.0,0.0,28.81895936586875,0.0,33.15654963983975
2024-02-03 03:00:00,29.76890467141001,0.0,0.0,29.46869601858696,0.0,29.76890467141001
2024-02-03 04:00:00,35.82149037317674,0.0,0.0,28.28100936628294,0.0,35.82149037317674
2024-02-03 05:00:00,32.35569047539629,0.0,0.0,28.85434544288582,0.0,32.35569047539629
2024-02-03 06:00:00,56.3698941614336,0.0,0.0,26.952268742185296,0.0,56.3698941614336
2024-02-03 07:00:00,41.69013348982285,13.89461410838303,0.0,26.788170455433143,173.158267472043,55.58474759820588
2024-02-03 08:00:00,23.00633454318092,33.76872614142913,0.0,26.148919061961596,331.274216107278,56.77506068461005
2024-02-03 09:00:00,5.479641276072201,55.06454884286526,0.0,24.949830097962984,513.5215061696597,60.54419011893746
2024-02-03 10:00:00,0.0,67.06802829922775,0.0,23.193352782345574,593.8083018082442,67.06802829922775
2024-02-03 11:00:00,8.880101635991096,54.646169578185926,0.0,22.684491747052395,447.34578486024094,63.52627121417702
2024-02-03 12:00:00,0.0,70.2467318516844,0.0,23.184546351613847,584.1572900602843,70.2467318516844
2024-02-03 13:00:00,0.0,77.54453575823176,0.0,21.847553649488365,632.009231020666,77.54453575823176
2024-02-03 14:00:00,0.0,68.72994108288448,0.0,22.618438026617195,544.7144264623631,68.72994108288448
2024-02-03 15:00:00,0.0,63.6098359402302,0.0,22.03471701674688,480.9025640826317,63.6098359402302
2024-02-03 16:00:00,3.5784564807264445,50.11013668985501,0.0,22.67022951603013,351.89618553751853,53.688593170581456
2024-02-03 17:00:00,31.811384318185873,30.14047279266839,0.0,22.4626723970027,178.59623017427472,61.95185711085426
2024-02-03 18:00:00,60.561042736312565,3.166426174323159e-15,0.0,23.57646598230984,7.684849920312024e-14,60.561042736312565
2024-02-03 19:00:00,59.52167037458634,0.0,0.0,24.287079921587406,0.0,59.52167037458634
2024-02-03 20:00:00,65.19254321015521,0.0,0.0,25.743399594945178,0.0,65.19254321015521
2024-02-03 21:00:00,59.61228861887047,0.0,0.0,26.583065217382856,0.0,59.61228861887047
2024-02-03 22:00:00,38.03638320147836,0.0,0.0,27.61192471778891,0.0,38.03638320147836
2024-02-03 23:00:00,38.903350373038094,0.0,0.0,27.86021225227267,0.0,38.903350373038094
2024-02-04 00:00:00,16.969757743333496,0.0,0.0,28.637534698374456,0.0,16.969757743333496
2024-02-04 01:00:00,17.81797989839914,0.0,0.0,29.543665755560102,0.0,17.81797989839914
2024-02-04 02:00:00,12.748942092763471,0.0,0.0,29.056766369272694,0.0,12.748942092763471
2024-02-04 03:00:00,28.872971859032297,0.0,0.0,29.99151247599924,0.0,28.872971859032297
2024-02-04 04:00:00,12.228263707674905,0.0,0.0,29.04538854072719,0.0,12.228263707674905
2024-02-04 05:00:00,15.034203774638033,0.0,0.0,28.383367000076646,0.0,15.034203774638033
2024-02-04 06:00:00,14.89044042418185,0.0,0.0,28.052648632151314,0.0,14.89044042418185
2024-02-04 07:00:00,7.839078030447602,17.029639731098822,0.0,26.939245228919173,225.9000913896866,24.868717761546424
2024-02-04 08:00:00,0.0,38.85180457308387,0.0,25.24253496235861,389.97357659158735,38.85180457308387
2024-02-04 09:00:00,0.0,64.88433486686958,0.0,24.63497921322267,610.1678193063406,64.88433486686958
2024-02-04 10:00:00,0.0,75.86827485669778,0.0,24.850415172708516,692.8038577563913,75.86827485669778
2024-02-04 11:00:00,0.0,89.05395592759542,0.0,23.638629260545585,786.0536521333208,89.05395592759542
2024-02-04 12:00:00,0.0,94.88085257847179,0.0,22.199688006348953,806.520831052159,94.88085257847179
2024-02-04 13:00:00,0.0,95.12490734181844,0.0,22.866876462122054,803.5935296051259,95.12490734181844
2024-02-04 14:00:00,0.0,101.67493001672821,0.0,22.291931410841336,822.7241335952168,101.67493001672821
2024-02-04 15:00:00,0.0,78.91230014933329,0.0,22.25357045251008,602.9701824721922,78.91230014933329
2024-02-04 16:00:00,0.0,46.82531293954702,0.0,22.46803554471375,329.4131700347975,46.82531293954702
2024-02-04 17:00:00,0.0,35.57749348108367,0.0,24.096651822282638,210.38841214909877,35.57749348108367
2024-02-04 18:00:00,16.928188239696812,2.3231688884006473e-15,0.0,23.338811634773535,1.0601579560247157e-13,16.928188239696816
2024-02-04 19:00:00,16.981864292725632,0.0,0.0,24.746928125697643,0.0,16.981864292725632
2024-02-04 20:00:00,17.58839407865356,0.0,0.0,26.131624203731832,0.0,17.58839407865356
2024-02-04 21:00:00,25.98060283725026,0.0,0.0,27.766609013086782,0.0,25.98060283725026
2024-02-04 22:00:00,17.252283790548546,0.0,0.0,28.09848991895137,0.0,17.252283790548546
2024-02-04 23:00:00,4.653129951668426,0.0,0.0,28.123422247162722,0.0,4.653129951668426
2024-02-05 00:00:00,34.974171353307284,0.0,0.0,32.5143039296038,0.0,34.974171353307284
2024-02-05 01:00:00,36.546887154299306,0.0,0.0,31.421716981464105,0.0,36.546887154299306
2024-02-05 02:00:00,32.885795991792186,0.0,0.0,32.35120637198243,0.0,32.885795991792186
2024-02-05 03:00:00,32.42276764532733,0.0,0.0,32.3431710041927,0.0,32.42276764532733
2024-02-05 04:00:00,32.669719219845355,0.0,0.0,31.30906941095017,0.0,32.669719219845355
2024-02-05 05:00:00,42.21900510185111,0.0,0.0,31.542208549401895,0.0,42.21900510185111
2024-02-05 06:00:00,236.7710109651674,0.0,60.74219461023867,30.211593224834374,0.0,236.7710109651674
2024-02-05 07:00:00,320.2894127631131,14.103555496063693,117.97686022573454,29.971976160922658,187.80541155054303,334.39296825917677
2024-02-05 08:00:00,349.69069311564124,33.531020246167444,131.8786360547688,27.79874054301175,330.0341582692126,383.22171336180867
2024-02-05 09:00:00,365.84579819823546,62.42752233081813,167.76854200313306,27.98015967656047,597.2521896394138,428.2733205290536
2024-02-05 10:00:00,287.1285992825761,67.8274899632817,130.91872569764868,26.76248495295805,604.9791399108543,354.9560892458578
2024-02-05 11:00:00,266.39319906770197,86.03565033912301,127.3939834553473,26.818516446635847,768.5595400018723,352.42884940682495
2024-02-05 12:00:00,278.23204619473086,83.13971533594628,134.7163687735596,25.66545901117384,717.421128164352,361.37176153067713
2024-02-05 13:00:00,179.41068486356377,87.95269734850459,85.29260126574627,25.962412664153174,734.4514891162434,267.36338221206836
2024-02-05 14:00:00,111.94874166664842,77.5016295538254,56.771459393414645,25.47234467182138,622.477872838533,189.4503712204738
2024-02-05 15:00:00,274.69488022276045,73.86545907043273,126.70517849797966,25.274043667769035,566.8032255867122,348.5603392931932
2024-02-05 16:00:00,304.6267099655482,49.549040742816466,127.10202359376345,26.081284030866463,350.9022837034684,354.17575070836466
2024-02-05 17:00:00,315.45529814103446,31.996394619452936,130.99778921473134,26.640693787415497,190.29886420895465,347.4516927604874
2024-02-05 18:00:00,340.2059827540636,2.012030488354091e-15,125.14383030909383,27.20449329155046,8.883520277502356e-14,340.2059827540636
2024-02-05 19:00:00,320.8614631565717,0.0,118.33069846961196,26.66652094413344,0.0,320.8614631565717
2024-02-05 20:00:00,406.6412880365124,0.0,159.40734550155193,28.227258043922653,0.0,406.6412880365124
2024-02-05 21:00:00,254.86222110137095,0.0,77.70391062477186,30.316457870416638,0.0,254.86222110137095
2024-02-05 22:00:00,37.71542109518246,0.0,0.0,29.84056536158722,0.0,37.71542109518246
2024-02-05 23:00:00,33.02135725564735,0.0,0.0,31.63464259849067,0.0,33.02135725564735
2024-02-06 00:00:00,32.89594868185052,0.0,0.0,31.096283621082236,0.0,32.89594868185052
2024-02-06 01:00:00,31.628937231140114,0.0,0.0,30.729832590667588,0.0,31.628937231140114
2024-02-06 02:00:00,31.86892382238524,0.0,0.0,30.214352565888504,0.0,31.86892382238524
2024-02-06 03:00:00,37.84030762231279,0.0,0.0,30.80825247248464,0.0,37.84030762231279
2024-02-06 04:00:00,31.408719621586506,0.0,0.0,31.782064814508907,0.0,31.408719621586506
2024-02-06 05:00:00,28.479191829088673,0.0,0.0,29.755203467495104,0.0,28.479191829088673
2024-02-06 06:00:00,220.50777859105597,0.0,52.10868686646606,29.06483970714723,0.0,220.50777859105597
2024-02-06 07:00:00,360.2402043010661,13.762052430207104,130.6923308489346,28.119043832150776,169.37307351296297,374.00225673127323
2024-02-06 08:00:00,322.2412713619616,35.399397925130884,133.91311499537457,28.319360617721625,358.75125761804736,357.64066928709246
2024-02-06 09:00:00,331.25578247056563,45.78562291398748,140.86925688861828,26.684643865775488,405.1487402387849,377.0414053845531
2024-02-06 10:00:00,299.2107933704815,53.40636814684527,128.71991065061164,25.649015264972295,453.39610085387204,352.61716151732674
2024-02-06 11:00:00,319.34809777502915,73.45086029070384,150.3812726466503,25.943831653891625,638.8098513563668,392.798958065733
2024-02-06 12:00:00,294.41991788637245,75.10775307138378,143.07051436973757,24.970626510169097,638.9734282891568,369.52767095775624
2024-02-06 13:00:00,194.88457014886382,71.32847951122824,79.45372125394384,23.87158286658,583.5835870371917,266.21304966009205
2024-02-06 14:00:00,118.87102891722319,70.63260796842431,50.402333033119284,23.600176423915975,561.1511604307369,189.5036368856475
2024-02-06 15:00:00,297.34793130121244,78.14284375579678,149.64650823591742,24.910312969875115,602.350620998741,375.4907750570092
2024-02-06 16:00:00,308.47178658485234,50.05046970062266,132.8124304654917,24.689273548072187,352.475615662936,358.522256285475
2024-02-06 17:00:00,295.5512708060846,31.728802961258552,118.22285812022088,24.462562635365895,186.68337778649985,327.28007376734314
2024-02-06 18:00:00,390.57963812966085,2.1558038314600846e-15,148.78437106447686,25.07041053600009,8.641922125105685e-14,390.57963812966085
2024-02-06 19:00:00,345.7202192843351,0.0,125.19456594642162,26.248082363988164,0.0,345.7202192843351
2024-02-06 20:00:00,367.8211377445752,0.0,146.7247604737492,27.09222608539535,0.0,367.8211377445752
2024-02-06 21:00:00,229.3807068634846,0.0,60.634431871275375,27.59479655185497,0.0,229.3807068634846
2024-02-06 22:00:00,33.65391434373414,0.0,0.0,28.91221488612262,0.0,33.65391434373414
2024-02-06 23:00:00,39.61482901134307,0.0,0.0,29.727301832777854,0.0,39.61482901134307
2024-02-07 00:00:00,34.81720475207252,0.0,0.0,29.98913259602739,0.0,34.81720475207252
2024-02-07 01:00:00,31.675802724839418,0.0,0.0,31.416579741549732,0.0,31.675802724839418
2024-02-07 02:00:00,36.1651942068187,0.0,0.0,30.555962690925003,0.0,36.1651942068187
2024-02-07 03:00:00,34.175871465969884,0.0,0.0,30.48633730011377,0.0,34.175871465969884
2024-02-07 04:00:00,27.138571687049026,0.0,0.0,30.475100922119147,0.0,27.138571687049026
2024-02-07 05:00:00,28.23295340047277,0.0,0.0,29.545599025593773,0.0,28.23295340047277
2024-02-07 06:00:00,208.23712756734085,0.0,52.00922243929986,29.139460808917494,0.0,208.23712756734085
2024-02-07 07:00:00,398.69131394487556,15.982883255321873,150.65957610993664,28.235558423308827,213.28544563383738,414.67419720019745
2024-02-07 08:00:00,332.30198283155283,41.36097282899642,135.06926485629938,27.25067860977376,420.95845095161894,373.66295566054924
2024-02-07 09:00:00,329.15837343408344,54.9896851021233,143.07482638314158,27.666750711324795,521.0164970234551,384.14805853620675
2024-02-07 10:00:00,270.91792509751247,64.23538868752192,122.82393505431686,25.894947248996314,572.211592603495,335.15331378503436
2024-02-07 11:00:00,274.0488229109714,92.4534338113445,139.69402056196898,24.173649600467858,809.7441109920131,366.5022567223159
2024-02-07 12:00:00,274.33775542775754,98.04336409236325,135.0506556043732,24.343406506823186,851.5258839078308,372.3811195201208
2024-02-07 13:00:00,152.96633308379603,105.21119220343407,82.9710059270563,23.41277553163254,887.4991514510922,258.1775252872301
2024-02-07 14:00:00,116.96832720862686,100.12075969441493,65.0121114824461,23.912509709004066,819.5407510432768,217.0890869030418
2024-02-07 15:00:00,304.57217590058116,87.22997341861141,152.61196009620568,23.121050226408265,669.080352831065,391.80214931919255
2024-02-07 16:00:00,60.180444985943225,53.78924462454414,0.0,23.60440568968661,375.52641567040655,113.96968961048736
2024-02-07 17:00:00,61.631587744866266,35.16267308928066,0.0,24.886464374066286,207.0890072504166,96.79426083414693
2024-02-07 18:00:00,370.2920067966445,2.2929943471369873e-15,122.72639586340334,25.938218883773153,1.05736988142201e-13,370.2920067966445
2024-02-07 19:00:00,372.07365988563845,0.0,128.6384073337188,26.534839843491824,0.0,372.07365988563845
2024-02-07 20:00:00,326.74097994522475,0.0,114.31014653283306,27.616442994241748,0.0,326.74097994522475
2024-02-07 21:00:00,240.98568189458803,0.0,70.71635856471278,28.282160264214884,0.0,240.98568189458803
2024-02-07 22:00:00,40.90544685604468,0.0,0.0,29.025632376490304,0.0,40.90544685604468
2024-02-07 23:00:00,35.551613889274726,0.0,0.0,29.412411423997835,0.0,35.551613889274726
2024-02-08 00:00:00,39.136305460324515,0.0,0.0,30.39452213917722,0.0,39.136305460324515
2024-02-08 01:00:00,34.60403367306842,0.0,0.0,30.850112329998343,0.0,34.60403367306842
2024-02-08 02:00:00,28.91647227895041,0.0,0.0,30.425374475908395,0.0,28.91647227895041
2024-02-08 03:00:00,35.959215122868976,0.0,0.0,30.279209692695694,0.0,35.959215122868976
2024-02-08 04:00:00,40.82809306380081,0.0,0.0,30.78372414067994,0.0,40.82809306380081
2024-02-08 05:00:00,40.0244381329281,0.0,0.0,29.421595165818086,0.0,40.0244381329281
2024-02-08 06:00:00,203.8049887580127,0.0,49.2127173468477,28.744775256756267,0.0,203.8049887580127
2024-02-08 07:00:00,359.1102574895786,14.943083889565838,134.6068181349019,28.104911933308554,199.35273809992756,374.05334137914446
2024-02-08 08:00:00,302.55690401210416,34.35927885996887,118.46238258627726,26.908029193596207,339.3881895151985,336.916182872073
2024-02-08 09:00:00,308.47710246163126,55.92756660914758,134.47120248107527,25.640895502342914,519.8238917253577,364.4046690707788
2024-02-08 10:00:00,41.64920072647641,70.18448675484983,0.0,25.395915109335046,628.1390356155454,111.83368748132624
2024-02-08 11:00:00,256.25717791277555,78.74105068414357,119.68791137373017,24.46268108240921,686.8703729882699,334.99822859691915
2024-02-08 12:00:00,326.63833046109113,92.17838369523675,155.595422671161,24.846968286564994,791.967924081933,418.81671415632786
2024-02-08 13:00:00,154.1101082482026,72.81728655923371,70.27134181669862,23.970416204707735,594.4349157803689,226.92739480743631
2024-02-08 14:00:00,147.9379870566449,75.3857544862969,60.03355399433398,23.159191178351783,599.8169531833047,223.32374154294178
2024-02-08 15:00:00,230.9761826577382,73.56976502427592,104.56727100463485,23.940722039156732,554.2931719222281,304.5459476820141
2024-02-08 16:00:00,311.98281267795034,48.675154407436075,133.07985161675902,24.07977632569324,342.6157984700617,360.6579670853864
2024-02-08 17:00:00,303.55655771215925,25.550748739953093,118.83206475394711,25.136771738393126,157.78456103195035,329.1073064521123
2024-02-08 18:00:00,334.4957590936597,2.0869385390890757e-15,126.16486131246761,24.944705215158763,9.58546046660766e-14,334.4957590936597
2024-02-08 19:00:00,416.08433109248324,0.0,159.43708514974375,26.145403737894224,0.0,416.08433109248324
2024-02-08 20:00:00,359.382758385761,0.0,130.31593723714474,26.907385497027036,0.0,359.382758385761
2024-02-08 21:00:00,228.27235541890514,0.0,72.05315474374443,27.892038690961257,0.0,228.27235541890514
2024-02-08 22:00:00,31.767664417609637,0.0,0.0,28.26433284707131,0.0,31.767664417609637
2024-02-08 23:00:00,35.12368796366643,0.0,0.0,29.719761889682786,0.0,35.12368796366643
2024-02-09 00:00:00,30.411247931054813,0.0,0.0,29.542455024235874,0.0,30.411247931054813
2024-02-09 01:00:00,34.61309197643651,0.0,0.0,30.325736173538225,0.0,34.61309197643651
2024-02-09 02:00:00,27.730133416193667,0.0,0.0,29.797371047072197,0.0,27.730133416193667
2024-02-09 03:00:00,32.647583210709556,0.0,0.0,29.477204610953258,0.0,32.647583210709556
2024-02-09 04:00:00,40.97055629615396,0.0,0.0,29.728120075283144,0.0,40.97055629615396
2024-02-09 05:00:00,34.81002886286405,0.0,0.0,28.38015551641866,0.0,34.81002886286405
2024-02-09 06:00:00,200.95106905183655,0.0,56.63323368376159,28.59487624060757,0.0,200.95106905183655
2024-02-09 07:00:00,347.67496049801343,14.596175984583548,130.1974166335433,27.749671629631262,194.67387731555925,362.271136482597
2024-02-09 08:00:00,340.41038389851576,42.308021240737794,137.03462776158509,26.93102342363279,430.27894111082145,382.71840513925355
2024-02-09 09:00:00,283.71972045877715,61.216395852139065,122.65486348943152,25.58482880754651,570.941021954698,344.9361163109162
2024-02-09 10:00:00,275.1257079759511,71.06808469912086,123.3195781671533,24.309135781766706,634.8390807041447,346.19379267507196
2024-02-09 11:00:00,278.0086741038075,79.54070289923445,124.36630917552426,23.882104102065355,695.7099549204657,357.54937700304197
2024-02-09 12:00:00,301.5099824358531,78.49650943109177,145.77884742323354,23.461329507359654,660.8536572469792,380.0064918669449
2024-02-09 13:00:00,162.35103283142365,95.27984971582123,79.16267900583782,22.641572758459912,780.621744018435,257.6308825472449
2024-02-09 14:00:00,121.08660266004185,82.51086324232233,48.33939468478941,23.468942117528197,657.4126339708665,203.59746590236418
2024-02-09 15:00:00,303.6644301797596,56.838880993667274,137.18456282613533,23.21168566483812,428.3486822352668,360.5033111734269
2024-02-09 16:00:00,306.9724751917746,53.80448763740705,136.0729735290273,22.82518358215905,372.674522822055,360.7769628291817
2024-02-09 17:00:00,328.10273736902906,31.766674747534964,142.7436377735579,24.76894707714556,185.72461006350102,359.86941211656404
2024-02-09 18:00:00,343.53195980802207,2.4184384639841777e-15,128.49568335279056,24.601078610650678,1.1093032848144778e-13,343.53195980802207
2024-02-09 19:00:00,355.5593087201243,0.0,133.95278460365878,24.84946579378177,0.0,355.5593087201243
2024-02-09 20:00:00,362.7900803862073,0.0,140.69266156066539,25.88725691169195,0.0,362.7900803862073
2024-02-09 21:00:00,231.75320930417956,0.0,72.8242404989125,27.952142429507084,0.0,231.75320930417956
2024-02-09 22:00:00,29.106340369334482,0.0,0.0,28.964876431173998,0.0,29.106340369334482
2024-02-09 23:00:00,34.90033932979891,0.0,0.0,29.28200023395896,0.0,34.90033932979891
2024-02-10 00:00:00,31.28163945908405,0.0,0.0,32.58999595598323,0.0,31.28163945908405
2024-02-10 01:00:00,29.772254354439568,0.0,0.0,32.88830083985517,0.0,29.772254354439568
2024-02-10 02:00:00,40.201521786481095,0.0,0.0,32.677710794826154,0.0,40.201521786481095
2024-02-10 03:00:00,33.29192460887571,0.0,0.0,32.444514004361324,0.0,33.29192460887571
2024-02-10 04:00:00,32.73607406465678,0.0,0.0,32.20027322892796,0.0,32.73607406465678
2024-02-10 05:00:00,29.246709220948063,0.0,0.0,31.742134174168683,0.0,29.246709220948063
2024-02-10 06:00:00,58.069164307872626,0.0,0.0,30.278453715180923,0.0,58.069164307872626
2024-02-10 07:00:00,46.650658363664824,14.818873526294496,0.0,30.171098740959,199.46164038495604,61.46953188995932
2024-02-10 08:00:00,24.694178769988312,41.3353288707095,0.0,29.62856114209263,424.5786938751199,66.02950764069782
2024-02-10 09:00:00,0.0,68.76409468185675,0.0,27.89019984642078,652.7392094978228,68.76409468185675
2024-02-10 10:00:00,0.0,69.56087632982178,0.0,26.99262882578322,622.8012330240248,69.56087632982178
2024-02-10 11:00:00,0.0,83.40955521401344,0.0,26.662652138910538,735.7551795791475,83.40955521401344
2024-02-10 12:00:00,0.0,104.56148105006547,0.0,25.543335029994516,901.465599857431,104.56148105006547
2024-02-10 13:00:00,0.0,76.14203214596752,0.0,24.86010301811863,625.2459685341389,76.14203214596752
2024-02-10 14:00:00,0.0,88.93788915659235,0.0,25.97311223849671,728.4014655245775,88.93788915659235
2024-02-10 15:00:00,0.0,63.67482159443211,0.0,25.293036696420668,484.7905866674516,63.67482159443211
2024-02-10 16:00:00,2.138304912350989,54.74562660513469,0.0,25.87738809455869,385.38865146760736,56.88393151748568
2024-02-10 17:00:00,22.945256412394215,32.85422823243216,0.0,26.11931646378717,192.70381202389976,55.79948464482638
2024-02-10 18:00:00,58.439526250256385,2.2773853526612524e-15,0.0,27.78763012590062,8.452273663444174e-14,58.439526250256385
2024-02-10 19:00:00,55.01533396594681,0.0,0.0,28.419974139727305,0.0,55.01533396594681
2024-02-10 20:00:00,52.316024814757014,0.0,0.0,28.77888294786727,0.0,52.316024814757014
2024-02-10 21:00:00,60.66418526102903,0.0,0.0,29.215170693921568,0.0,60.66418526102903
2024-02-10 22:00:00,38.43195506300971,0.0,0.0,30.47578781601502,0.0,38.43195506300971
2024-02-10 23:00:00,37.77749749829263,0.0,0.0,31.659202802571894,0.0,37.77749749829263
2024-02-11 00:00:00,17.58602652490661,0.0,0.0,30.588007923013706,0.0,17.58602652490661
2024-02-11 01:00:00,18.701942241249277,0.0,0.0,30.89789057196602,0.0,18.701942241249277
2024-02-11 02:00:00,26.292452637815508,0.0,0.0,31.068450537463193,0.0,26.292452637815508
2024-02-11 03:00:00,15.24633502537247,0.0,0.0,31.222739665489105,0.0,15.24633502537247
2024-02-11 04:00:00,19.9560259655951,0.0,0.0,30.472760468941303,0.0,19.9560259655951
2024-02-11 05:00:00,15.948060817688821,0.0,0.0,30.162481617110952,0.0,15.948060817688821
2024-02-11 06:00:00,12.9085639959107,0.0,0.0,28.71914155385574,0.0,12.9085639959107
2024-02-11 07:00:00,7.025043812857273,16.14924052092781,0.0,29.64539320407477,217.14558475748794,23.17428433378508
2024-02-11 08:00:00,0.0,41.48971881122306,0.0,27.32067149807016,421.3983120626578,41.48971881122306
2024-02-11 09:00:00,0.0,56.01302206771095,0.0,26.65853100381145,523.1728101870443,56.01302206771095
2024-02-11 10:00:00,0.0,72.44658749683724,0.0,25.99583392012139,649.4362121748745,72.44658749683724
2024-02-11 11:00:00,0.0,89.3104506381851,0.0,24.782332167375102,793.6729024974693,89.3104506381851
2024-02-11 12:00:00,0.0,84.17191332383638,0.0,24.435424641607483,717.6483049921588,84.17191332383638
2024-02-11 13:00:00,0.0,87.25125590772247,0.0,24.079698403044937,723.8108423416344,87.25125590772247
2024-02-11 14:00:00,0.0,85.8032881006658,0.0,23.505582111441598,681.8683558536584,85.8032881006658
2024-02-11 15:00:00,0.0,78.71528760277234,0.0,24.30115547848637,605.45031536658,78.71528760277234
2024-02-11 16:00:00,0.0,52.583146271375334,0.0,23.606901325353384,367.297606229174,52.583146271375334
2024-02-11 17:00:00,0.0,27.38887807629528,0.0,25.864081644783678,165.77967757484313,27.38887807629528
2024-02-11 18:00:00,24.126490063940633,3.0235773054081608e-15,0.0,26.109086600217484,7.775078008790409e-14,24.126490063940636
2024-02-11 19:00:00,20.14532821324295,0.0,0.0,26.876295678696152,0.0,20.14532821324295
2024-02-11 20:00:00,15.920885307592144,0.0,0.0,26.594280101511664,0.0,15.920885307592144
2024-02-11 21:00:00,12.037231421333194,0.0,0.0,27.9722034789406,0.0,12.037231421333194
2024-02-11 22:00:00,18.41601961877452,0.0,0.0,29.907273718130813,0.0,18.41601961877452
2024-02-11 23:00:00,16.528428043127747,0.0,0.0,32.013095590401,0.0,16.528428043127747
2024-02-12 00:00:00,33.545346379420664,0.0,0.0,29.22897524901575,0.0,33.545346379420664
2024-02-12 01:00:00,31.42829343523877,0.0,0.0,29.49975220037891,0.0,31.42829343523877
2024-02-12 02:00:00,36.775258891501075,0.0,0.0,29.363027217298793,0.0,36.775258891501075
2024-02-12 03:00:00,39.416081289528194,0.0,0.0,28.557531897398352,0.0,39.416081289528194
2024-02-12 04:00:00,40.36362234738051,0.0,0.0,29.1292160580874,0.0,40.36362234738051
2024-02-12 05:00:00,35.007335168076104,0.0,0.0,27.524810168846148,0.0,35.007335168076104
2024-02-12 06:00:00,211.01242577128573,0.0,58.78560345512868,26.74524752067177,0.0,211.01242577128573
2024-02-12 07:00:00,363.4718330936495,15.121796341226572,135.22198898077067,25.869642098381277,199.79231330804237,378.59362943487605
2024-02-12 08:00:00,304.88548609584524,39.36104064206227,120.13632702320606,26.088401426492496,395.71316956576345,344.2465267379075
2024-02-12 09:00:00,292.00504256784944,52.55063163572474,120.03629887118069,24.665966417919126,479.454148322066,344.5556742035742
2024-02-12 10:00:00,286.3084402868362,72.59675223297602,133.65811935983987,23.900969153193888,649.3476031767194,358.9051925198122
2024-02-12 11:00:00,268.66503018434844,67.81290866369143,127.57195155954524,23.11796440056344,572.4331473594009,336.47793884803986
2024-02-12 12:00:00,294.76311316726446,90.12180552377016,145.1871893964476,22.00659291939705,763.1197371537183,384.8849186910346
2024-02-12 13:00:00,176.93205036134563,95.23627370814958,78.67730950863763,21.88443425822126,777.5247293207918,272.1683240694952
2024-02-12 14:00:00,134.5671913221367,79.55623702061342,55.636451444963406,21.79032700011497,628.5129778604485,214.12342834275012
2024-02-12 15:00:00,263.345245596076,82.30230541676676,123.5436149284042,21.51716398761728,625.8499881575167,345.64755101284277
2024-02-12 16:00:00,301.78834009288266,48.80140429941921,134.68955432258173,22.317346142345986,340.0276837758065,350.5897443923019
2024-02-12 17:00:00,368.42268467448974,34.39495254582308,152.7597352655134,22.585013140890663,197.6225659203194,402.8176372203128
2024-02-12 18:00:00,351.3384929069207,1.995863715595614e-15,133.00026805689177,24.139377917675194,9.115129509929192e-14,351.3384929069207
2024-02-12 19:00:00,351.4246106090827,0.0,127.53498378696972,25.02515897736629,0.0,351.4246106090827
2024-02-12 20:00:00,338.9510873400957,0.0,123.33863317474916,24.953720541921754,0.0,338.9510873400957
2024-02-12 21:00:00,246.8539337181337,0.0,80.84795870795429,26.358090878976522,0.0,246.8539337181337
2024-02-12 22:00:00,36.947426816958725,0.0,0.0,28.27857004390005,0.0,36.947426816958725
2024-02-12 23:00:00,38.45605829992176,0.0,0.0,27.585032388555465,0.0,38.45605829992176
2024-02-13 00:00:00,28.569627951666195,0.0,0.0,28.064285088281885,0.0,28.569627951666195
2024-02-13 01:00:00,30.101853117295892,0.0,0.0,28.253378625151996,0.0,30.101853117295892
2024-02-13 02:00:00,30.849942175483903,0.0,0.0,28.86632104505927,0.0,30.849942175483903
2024-02-13 03:00:00,37.877660122729175,0.0,0.0,28.348351078829257,0.0,37.877660122729175
2024-02-13 04:00:00,37.06030644666163,0.0,0.0,27.635318440422477,0.0,37.06030644666163
2024-02-13 05:00:00,32.68239372180894,0.0,0.0,27.328133061028172,0.0,32.68239372180894
2024-02-13 06:00:00,228.5561843438909,0.0,61.610299747962486,26.610562238115683,0.0,228.5561843438909
2024-02-13 07:00:00,304.50686762012424,13.733594714015402,116.59147520054827,25.679896332856224,146.06415747071998,318.24046233413964
2024-02-13 08:00:00,334.73539812108515,24.689786554070526,134.32611123489536,24.160321538476804,203.49681908447494,359.42518467515566
2024-02-13 09:00:00,280.619576823269,43.70712662979707,111.86272927442967,24.535554912078936,376.1619989353222,324.3267034530661
2024-02-13 10:00:00,291.1408294452316,65.4582886232472,129.4593001603908,23.603094060070976,577.8549775449638,356.5991180684788
2024-02-13 11:00:00,282.78105376830064,71.31686427412075,138.54738641349678,21.82290901855097,594.682646943893,354.0979180424214
2024-02-13 12:00:00,235.6924789541275,72.03088545650215,113.66493641874519,21.6384255368014,592.5443769696152,307.72336441062964
2024-02-13 13:00:00,179.60043963229532,78.41510820854143,77.39704267092458,21.32659403944997,628.1277893067106,258.01554784083675
2024-02-13 14:00:00,144.04804609141792,67.98011497571554,55.56880508364059,20.741617865889022,528.6612282263417,212.02816106713345
2024-02-13 15:00:00,296.11805130867856,63.606126185043394,136.77036423310938,20.505738740245942,471.05619366196595,359.724177493722
2024-02-13 16:00:00,321.26536101047105,46.45436503880667,139.57593660748452,21.45349202693711,321.75157144774187,367.7197260492777
2024-02-13 17:00:00,311.91708492358805,30.63753274154184,121.84294540500346,22.166802361860302,178.39780217038265,342.5546176651299
2024-02-13 18:00:00,378.4435567247538,3.590369133781475e-15,138.91645400087202,22.349260599456805,7.358846843789807e-14,378.4435567247538
2024-02-13 19:00:00,334.89728066518444,0.0,126.89988894170315,24.00249949032273,0.0,334.89728066518444
2024-02-13 20:00:00,378.9403764718411,0.0,144.63939620684025,25.401305417796983,0.0,378.9403764718411
2024-02-13 21:00:00,107.86990499121056,0.0,0.0,26.14680199708027,0.0,107.86990499121056
2024-02-13 22:00:00,33.02540416002783,0.0,0.0,26.506534439559456,0.0,33.02540416002783
2024-02-13 23:00:00,35.83413551392458,0.0,0.0,26.374545152031132,0.0,35.83413551392458
2024-02-14 00:00:00,40.70801050568305,0.0,0.0,30.569145685962184,0.0,40.70801050568305
2024-02-14 01:00:00,33.51591374272283,0.0,0.0,30.634142078931138,0.0,33.51591374272283
2024-02-14 02:00:00,29.310857531723727,0.0,0.0,30.892381156996134,0.0,29.310857531723727
2024-02-14 03:00:00,34.69006883753188,0.0,0.0,31.528997394550117,0.0,34.69006883753188
2024-02-14 04:00:00,44.32162170632473,0.0,0.0,29.798888700867334,0.0,44.32162170632473
2024-02-14 05:00:00,30.688358718460478,0.0,0.0,28.217671369979016,0.0,30.688358718460478
2024-02-14 06:00:00,215.95766958759006,0.0,52.43610935668251,28.403478313482243,0.0,215.95766958759006
2024-02-14 07:00:00,366.42694980020815,13.742679039709365,136.3348407802382,28.329094794379856,164.5649371663752,380.1696288399175
2024-02-14 08:00:00,370.0899134716994,39.27564755318821,153.21733268260405,27.193668553261144,393.82149929395206,409.3655610248876
2024-02-14 09:00:00,320.3416152106255,49.97194444514856,136.17176002280445,25.66652087972896,449.67756339051215,370.31355965577404
2024-02-14 10:00:00,316.1248909211976,53.046922146515506,137.54185764768067,24.720346910798906,446.3081748397742,369.1718130677131
2024-02-14 11:00:00,281.70123536918044,88.91191950130307,140.06911808451872,24.52802736032551,768.9352857699596,370.6131548704835
2024-02-14 12:00:00,317.47507818398316,83.7073366048055,151.916677207407,23.526069354200683,704.0505010881184,401.18241478878866
2024-02-14 13:00:00,186.5758132224464,76.55514454792588,77.90665526137334,24.059781919502647,624.8262109308288,263.1309577703723
2024-02-14 14:00:00,128.17806426816162,68.4081110239134,46.42325463036058,23.47449215807399,540.3660097672652,196.58617529207504
2024-02-14 15:00:00,255.21472781936433,69.2254204247909,113.47361177231961,23.48590626820953,519.332748990253,324.44014824415524
2024-02-14 16:00:00,338.50866411504114,43.42480692863957,143.9666360128364,23.76997848768008,305.4989659625777,381.9334710436807
2024-02-14 17:00:00,322.9218603941531,32.97489414196187,138.013294422316,24.836893231524506,191.38533686546967,355.89675453611494
2024-02-14 18:00:00,353.4034368870494,2.265380820361543e-15,131.53937666705602,25.45151021426714,8.49164594384222e-14,353.4034368870494
2024-02-14 19:00:00,337.21514628730125,0.0,127.08772476864772,26.375317579459598,0.0,337.21514628730125
2024-02-14 20:00:00,354.7527796939612,0.0,137.44124151800784,27.270270324290028,0.0,354.7527796939612
2024-02-14 21:00:00,265.71570890096046,0.0,82.69875813654868,28.04997449194759,0.0,265.71570890096046
2024-02-14 22:00:00,31.4070286777264,0.0,0.0,28.413640310658078,0.0,31.4070286777264
2024-02-14 23:00:00,30.076461427898778,0.0,0.0,29.289889273174406,0.0,30.076461427898778
2024-02-15 00:00:00,34.69193518651895,0.0,0.0,29.266708504821935,0.0,34.69193518651895
2024-02-15 01:00:00,40.23444028925673,0.0,0.0,30.846295055201765,0.0,40.23444028925673
2024-02-15 02:00:00,28.1411814504217,0.0,0.0,29.25853888393746,0.0,28.1411814504217
2024-02-15 03:00:00,31.510867903944053,0.0,0.0,29.604209184499158,0.0,31.510867903944053
2024-02-15 04:00:00,34.31978231440335,0.0,0.0,29.513179487446646,0.0,34.31978231440335
2024-02-15 05:00:00,39.50003574938995,0.0,0.0,28.756164401662534,0.0,39.50003574938995
2024-02-15 06:00:00,218.484374882833,0.0,56.591080963470766,28.719941814864736,0.0,218.484374882833
2024-02-15 07:00:00,326.11965308388875,14.024378148143542,120.03299643912717,27.184574736753255,179.09108174467215,340.1440312320323
2024-02-15 08:00:00,285.9563384373599,33.89744328181808,111.18187485392357,26.31568634457056,329.19829573614686,319.85378171917796
2024-02-15 09:00:00,296.7378922332843,52.21723213465396,122.66738713744813,25.934404643095203,474.9731583931923,348.95512436793825
2024-02-15 10:00:00,255.40420598861675,80.99806484271164,116.75976039905646,25.588312875605055,735.2433042014989,336.4022708313284
2024-02-15 11:00:00,252.60596639631785,65.24679391165746,116.06049988417465,24.661832496967115,544.3562312382799,317.8527603079753
2024-02-15 12:00:00,308.3493045135958,87.52775712553444,156.19144071669206,23.333541188845757,733.4011180207281,395.87706163913026
2024-02-15 13:00:00,151.10476144335104,67.97720613940886,62.637284014980914,23.027459546267927,548.457349197324,219.0819675827599
2024-02-15 14:00:00,132.77006647099796,75.72259027972102,56.53640543294775,22.95631666653797,595.1252862029924,208.492656750719
2024-02-15 15:00:00,312.07211481068197,62.23923770894543,147.2444758957725,23.12571635636542,468.43104241688764,374.3113525196274
2024-02-15 16:00:00,342.1495697999158,37.37934092313464,148.3307725602117,22.97819407372642,268.47753577328825,379.52891072305044
2024-02-15 17:00:00,331.2974538820913,32.36023262359882,138.74263223366717,24.42638020942067,187.6396870328248,363.6576865056901
2024-02-15 18:00:00,393.3206375464709,2.588770230062559e-15,152.81878089267528,24.78626160800726,8.162691329819083e-14,393.3206375464709
2024-02-15 19:00:00,414.15378790071173,0.0,159.07589636743597,25.504662291879384,0.0,414.15378790071173
2024-02-15 20:00:00,349.23009406772496,0.0,130.9198808372501,25.797384355866328,0.0,349.23009406772496
2024-02-15 21:00:00,246.88179295457937,0.0,84.62452077227888,27.369966806249995,0.0,246.88179295457937
2024-02-15 22:00:00,28.37995946719512,0.0,0.0,27.236350892535462,0.0,28.37995946719512
2024-02-15 23:00:00,33.40299960864492,0.0,0.0,28.617006106282666,0.0,33.40299960864492
2024-02-16 00:00:00,37.46189652077226,0.0,0.0,27.534814259670537,0.0,37.46189652077226
2024-02-16 01:00:00,33.703171803037726,0.0,0.0,28.309512188220147,0.0,33.703171803037726
2024-02-16 02:00:00,32.1185375140647,0.0,0.0,29.225199212137248,0.0,32.1185375140647
2024-02-16 03:00:00,28.268849186135956,0.0,0.0,28.451968324509057,0.0,28.268849186135956
2024-02-16 04:00:00,33.96357853296131,0.0,0.0,28.540564149227944,0.0,33.96357853296131
2024-02-16 05:00:00,31.615421296068188,0.0,0.0,27.582754020369304,0.0,31.615421296068188
2024-02-16 06:00:00,228.36312549851064,0.0,60.889288044715116,27.097800944508407,0.0,228.36312549851064
2024-02-16 07:00:00,348.3508441323787,14.025331907022057,123.36354962646563,26.619704533994977,176.6650268682898,362.3761760394008
2024-02-16 08:00:00,58.193435553659775,42.88435373432291,0.0,24.41935578351347,427.8917739927107,101.07778928798268
2024-02-16 09:00:00,268.9810097608685,72.79326789494307,126.55140876747943,23.480855324740023,671.7514421272201,341.7742776558116
2024-02-16 10:00:00,301.29345179885706,84.83628375317332,141.2232026798819,23.369679649903258,752.3572195389158,386.1297355520304
2024-02-16 11:00:00,210.169356927121,102.1752871059632,109.37566007998213,22.30856123848056,900.3312832664667,312.3446440330842
2024-02-16 12:00:00,303.409811124483,98.38823191028052,154.39446422276663,21.864362202822544,834.0136573440243,401.7980430347635
2024-02-16 13:00:00,178.43921414043518,95.77398048011052,85.32375217124051,21.28020036159918,786.7925106794421,274.2131946205457
2024-02-16 14:00:00,115.14513426591584,92.67487414879913,57.185682326100036,20.98714484115224,735.3324392592609,207.82000841471498
2024-02-16 15:00:00,217.26540788552398,72.24064571273173,103.09525895997642,22.214916142040373,536.0642358253831,289.50605359825573
2024-02-16 16:00:00,278.9832422676717,54.42189836892177,120.95812223505855,21.204254729509106,373.43261181221453,333.40514063659344
2024-02-16 17:00:00,373.32457331083145,41.061777587234396,155.12133379773212,22.653596595132456,237.16916435488366,414.38635089806587
2024-02-16 18:00:00,340.08866751017115,2.4806027417657346e-15,132.60502074935852,23.297388342529825,1.1320759385370565e-13,340.08866751017115
2024-02-16 19:00:00,313.4933319780294,0.0,111.72513717763417,23.089900893020655,0.0,313.4933319780294
2024-02-16 20:00:00,365.07765645910706,0.0,137.99189913134873,24.369884034667802,0.0,365.07765645910706
2024-02-16 21:00:00,255.31891689789995,0.0,86.50118064148383,25.359795577048487,0.0,255.31891689789995
2024-02-16 22:00:00,36.741339742609455,0.0,0.0,26.817566256322895,0.0,36.741339742609455
2024-02-16 23:00:00,35.40765308246429,0.0,0.0,27.076630380852237,0.0,35.40765308246429
2024-02-17 00:00:00,33.54512509044,0.0,0.0,30.00259740879403,0.0,33.54512509044
2024-02-17 01:00:00,35.72122203382636,0.0,0.0,29.66622011237327,0.0,35.72122203382636
2024-02-17 02:00:00,31.701631744796334,0.0,0.0,31.677259257211553,0.0,31.701631744796334
2024-02-17 03:00:00,30.004005951736968,0.0,0.0,30.430641600235383,0.0,30.004005951736968
2024-02-17 04:00:00,33.54518899056988,0.0,0.0,30.294892760747906,0.0,33.54518899056988
2024-02-17 05:00:00,36.86139979524634,0.0,0.0,29.2188643887242,0.0,36.86139979524634
2024-02-17 06:00:00,178.5798756912353,0.0,48.339550024685586,28.43798973531997,0.0,178.5798756912353
2024-02-17 07:00:00,275.69988610977924,16.45302310546318,113.02410016239448,28.876512384189486,217.90887523948223,292.1529092152424
2024-02-17 08:00:00,276.23817205936166,43.07702044579708,127.7805922361398,26.055942595350583,430.2081758241618,319.31519250515873
2024-02-17 09:00:00,241.1930928301764,52.90209610981537,106.69441246214167,26.247760275210464,483.6655819664426,294.0951889399918
2024-02-17 10:00:00,229.08482941002575,73.24623153328783,120.94752164597328,24.65855145329995,644.0658585055769,302.33106094331356
2024-02-17 11:00:00,186.21015766727356,98.54028931852734,116.29932745877282,24.33692908750248,869.6304663817331,284.7504469858009
2024-02-17 12:00:00,193.7361994007891,98.37681276758352,113.22283418596497,23.66416725177135,828.0322723123342,292.1130121683726
2024-02-17 13:00:00,112.56599301508845,78.62364333546617,66.24060741176574,23.140574165132534,638.2657111007383,191.18963635055462
2024-02-17 14:00:00,0.0,95.7742831847051,0.0,23.53202426370706,766.5524978166679,95.7742831847051
2024-02-17 15:00:00,0.0,73.58310869585226,0.0,22.349548433189128,540.8667223553995,73.58310869585226
2024-02-17 16:00:00,0.0,65.5075936907481,0.0,23.82547024464901,456.7443191243631,65.5075936907481
2024-02-17 17:00:00,20.694518769824768,35.84485182208517,0.0,24.494284677025995,206.93955322117483,56.539370591909936
2024-02-17 18:00:00,57.787471413041324,2.193897063470331e-15,0.0,24.58466512565089,1.0063979073319573e-13,57.787471413041324
2024-02-17 19:00:00,52.49317298489071,0.0,0.0,26.865046101719766,0.0,52.49317298489071
2024-02-17 20:00:00,58.47178894083337,0.0,0.0,26.71707421145524,0.0,58.47178894083337
2024-02-17 21:00:00,59.84465840425547,0.0,0.0,27.8014279354803,0.0,59.84465840425547
2024-02-17 22:00:00,34.93903451105233,0.0,0.0,28.468193816896544,0.0,34.93903451105233
2024-02-17 23:00:00,28.97310285243003,0.0,0.0,29.44839407279152,0.0,28.97310285243003
2024-02-18 00:00:00,20.84410508133867,0.0,0.0,29.862328367624738,0.0,20.84410508133867
2024-02-18 01:00:00,19.616258034261364,0.0,0.0,30.79441570159965,0.0,19.616258034261364
2024-02-18 02:00:00,25.53764193293659,0.0,0.0,30.049987009476503,0.0,25.53764193293659
2024-02-18 03:00:00,23.69077563282034,0.0,0.0,30.1019046831238,0.0,23.69077563282034
2024-02-18 04:00:00,17.793232500255296,0.0,0.0,30.066470061610254,0.0,17.793232500255296
2024-02-18 05:00:00,23.705875326315102,0.0,0.0,28.776476680162318,0.0,23.705875326315102
2024-02-18 06:00:00,17.00040965067117,0.0,0.0,28.71229284443211,0.0,17.00040965067117
2024-02-18 07:00:00,2.703089765625446,13.87119858367415,0.0,27.4792346316802,166.00285326410923,16.574288349299596
2024-02-18 08:00:00,0.0,36.09789461113562,0.0,26.249161087281962,356.33480227260895,36.09789461113562
2024-02-18 09:00:00,0.0,47.08425009133419,0.0,25.446471266993086,412.48889860253513,47.08425009133419
2024-02-18 10:00:00,0.0,74.82783251697462,0.0,23.516458925942263,665.0395032996258,74.82783251697462
2024-02-18 11:00:00,0.0,68.02698427483998,0.0,23.848353303696335,569.8330944835748,68.02698427483998
2024-02-18 12:00:00,0.0,72.14134667464187,0.0,22.37420473415749,590.045910445405,72.14134667464187
2024-02-18 13:00:00,0.0,89.8268780514169,0.0,21.983792439808884,732.9445762091649,89.8268780514169
2024-02-18 14:00:00,0.0,73.17634259170413,0.0,22.77360675213879,569.8723063463325,73.17634259170413
2024-02-18 15:00:00,0.0,56.3507259358099,0.0,22.23938771801441,424.2690240886728,56.3507259358099
2024-02-18 16:00:00,0.0,45.120031869267294,0.0,23.14252161872895,315.0853846980765,45.120031869267294
2024-02-18 17:00:00,0.0,33.375846802223414,0.0,23.771510933148193,192.76699591946308,33.375846802223414
2024-02-18 18:00:00,11.845073664056674,2.0068241251999236e-15,0.0,24.518692208034743,9.226394707270288e-14,11.845073664056676
2024-02-18 19:00:00,19.303850888123574,0.0,0.0,24.8192400462463,0.0,19.303850888123574
2024-02-18 20:00:00,21.649075465970515,0.0,0.0,26.626508598866774,0.0,21.649075465970515
2024-02-18 21:00:00,15.922408975063247,0.0,0.0,27.038416447251958,0.0,15.922408975063247
2024-02-18 22:00:00,19.548340882130624,0.0,0.0,28.147705247711755,0.0,19.548340882130624
2024-02-18 23:00:00,20.47363451982416,0.0,0.0,28.05382133480559,0.0,20.47363451982416
2024-02-19 00:00:00,35.03421033007525,0.0,0.0,30.07872304548051,0.0,35.03421033007525
2024-02-19 01:00:00,34.76779681350671,0.0,0.0,31.06618554427976,0.0,34.76779681350671
2024-02-19 02:00:00,31.435568003385033,0.0,0.0,31.121886726537316,0.0,31.435568003385033
2024-02-19 03:00:00,36.10159776273808,0.0,0.0,30.118891961182506,0.0,36.10159776273808
2024-02-19 04:00:00,40.528840217236734,0.0,0.0,29.89510772859108,0.0,40.528840217236734
2024-02-19 05:00:00,37.00931478188467,0.0,0.0,29.11732827975397,0.0,37.00931478188467
2024-02-19 06:00:00,223.0990419451,0.0,59.201371076919465,28.558591451502522,0.0,223.0990419451
2024-02-19 07:00:00,365.472671550834,15.128622276704668,137.23913923208028,27.343130798138525,198.00838732788876,380.60129382753865
2024-02-19 08:00:00,346.3563607200872,35.974461240869886,136.03625973318978,27.067709974428727,356.81405799766213,382.3308219609571
2024-02-19 09:00:00,289.756202547084,50.6189548894077,125.15894528792596,26.547500451865563,457.23979343132305,340.3751574364917
2024-02-19 10:00:00,292.5115324818164,64.45353917722159,128.01953542982028,24.994271478732426,560.8288879517577,356.965071659038
2024-02-19 11:00:00,275.7790900140349,91.09609711874951,137.96707854774957,24.61662103514946,801.9941786015634,366.87518713278445
2024-02-19 12:00:00,42.25685696311888,84.16717032266783,0.0,23.99545979357175,708.420976620494,126.4240272857867
2024-02-19 13:00:00,201.24714249983327,98.0055870567008,90.58298182552485,24.283616884420336,816.1840638861729,299.25272955653406
2024-02-19 14:00:00,127.39981773773542,74.97286162985455,51.545215113757266,23.331001992230753,589.999424593057,202.37267936758997
2024-02-19 15:00:00,289.42860847277666,70.14435056419046,129.68012977717316,23.4684494647958,524.984785943885,359.5729590369671
2024-02-19 16:00:00,263.167270273056,64.38567172341574,112.5261368032875,23.682698433241246,451.07621999238546,327.5529419964717
2024-02-19 17:00:00,353.4724635268724,27.795611597293373,143.68762616016141,24.093169416440805,165.63063100288767,381.26807512416576
2024-02-19 18:00:00,369.3389931835775,3.908430815427214e-15,142.4684540962431,25.651390406356448,7.054885359086809e-14,369.3389931835775
2024-02-19 19:00:00,386.9299296289068,0.0,148.19060559590844,26.1633758546089,0.0,386.9299296289068
2024-02-19 20:00:00,390.135091885336,0.0,148.95138963963652,27.164202840544615,0.0,390.135091885336
2024-02-19 21:00:00,273.2634826574456,0.0,87.39046696955916,28.679985146589484,0.0,273.2634826574456
2024-02-19 22:00:00,35.58343209220073,0.0,0.0,29.5528382735969,0.0,35.58343209220073
2024-02-19 23:00:00,28.824059048565893,0.0,0.0,28.788554490868478,0.0,28.824059048565893
2024-02-20 00:00:00,32.82391022897086,0.0,0.0,30.385094507290408,0.0,32.82391022897086
2024-02-20 01:00:00,35.49624024817911,0.0,0.0,30.52365211236442,0.0,35.49624024817911
2024-02-20 02:00:00,30.061405954689878,0.0,0.0,30.29929275792412,0.0,30.061405954689878
2024-02-20 03:00:00,34.35775920466919,0.0,0.0,30.574670493022797,0.0,34.35775920466919
2024-02-20 04:00:00,36.62809733854316,0.0,0.0,29.19798555313223,0.0,36.62809733854316
2024-02-20 05:00:00,35.02991739517334,0.0,0.0,30.236283163038202,0.0,35.02991739517334
2024-02-20 06:00:00,210.3094961458675,0.0,58.48802612982776,29.03756030603304,0.0,210.3094961458675
2024-02-20 07:00:00,368.6691962655964,16.03882253610032,143.23592829861585,27.503356042939583,209.1630277521943,384.7080188016967
2024-02-20 08:00:00,351.24378998597933,42.51170327534951,145.3152597662449,26.737383146587327,424.64352668398584,393.75549326132887
2024-02-20 09:00:00,254.85980631271002,62.384734298976234,110.13351688605796,25.272648361864544,572.6806886334797,317.24454061168626
2024-02-20 10:00:00,260.92256653144915,79.41986606143205,120.15282539128188,25.12310963257896,709.823781690607,340.3424325928812
2024-02-20 11:00:00,220.8791693949508,92.54578386361347,117.94688066750554,24.31384853472388,810.1664128061125,313.42495325856424
2024-02-20 12:00:00,306.1135229640484,93.5958596395677,152.14733564786283,23.336444150689672,790.4220131904954,399.7093826036161
2024-02-20 13:00:00,139.66976575532786,103.82075702547013,74.65802758512305,24.03769898234024,862.3585553640337,243.490522780798
2024-02-20 14:00:00,91.69151881333244,102.1670579075653,50.63654422075157,24.168486852344326,822.1983295797739,193.85857672089773
2024-02-20 15:00:00,29.266161329092924,75.72680916231548,0.0,23.63566762046311,569.1966389982426,104.9929704914084
2024-02-20 16:00:00,39.653266910231245,62.81663428847194,0.0,23.846175902828367,438.5667909638284,102.46990119870318
2024-02-20 17:00:00,361.69382903579543,36.84140748305736,140.1373545210995,24.77270682441007,212.76157810183355,398.5352365188528
2024-02-20 18:00:00,327.2657732432994,2.310889644412716e-15,106.2397322634243,25.270268776249566,1.0630369634358923e-13,327.2657732432994
2024-02-20 19:00:00,324.3397899096601,0.0,119.10388936152593,25.58313199152267,0.0,324.3397899096601
2024-02-20 20:00:00,371.58050429961224,0.0,137.6840185382752,26.703749264203456,0.0,371.58050429961224
2024-02-20 21:00:00,230.96878799044228,0.0,70.94274651458633,27.787736911981895,0.0,230.96878799044228
2024-02-20 22:00:00,36.77692453920346,0.0,0.0,28.904181554735437,0.0,36.77692453920346
2024-02-20 23:00:00,38.36220641736181,0.0,0.0,29.509630350588235,0.0,38.36220641736181
2024-02-21 00:00:00,36.82209380915842,0.0,0.0,28.906356777386485,0.0,36.82209380915842
2024-02-21 01:00:00,34.76521130886454,0.0,0.0,28.388409574517173,0.0,34.76521130886454
2024-02-21 02:00:00,39.466701457554265,0.0,0.0,29.60269204618986,0.0,39.466701457554265
2024-02-21 03:00:00,30.667396797507173,0.0,0.0,29.15253150816339,0.0,30.667396797507173
2024-02-21 04:00:00,30.10829631582673,0.0,0.0,30.077526614468006,0.0,30.10829631582673
2024-02-21 05:00:00,34.07672510544433,0.0,0.0,28.051139723212103,0.0,34.07672510544433
2024-02-21 06:00:00,236.26486291961294,0.0,61.01521075963997,27.68181242170208,0.0,236.26486291961294
2024-02-21 07:00:00,368.72327583400556,17.15817598461969,135.62477242155418,28.09055941311047,224.41280264786803,385.88145181862524
2024-02-21 08:00:00,358.22529146257096,33.117383785850016,150.28294678958204,25.867128988898983,312.06124725608737,391.34267524842096
2024-02-21 09:00:00,323.61840230602064,52.57531984849254,139.83187478651678,24.830401246650563,475.1918216169278,376.1937221545132
2024-02-21 10:00:00,289.43544388650486,69.02480494990691,134.83894810577837,23.52662222677207,598.2763511016177,358.4602488364118
2024-02-21 11:00:00,258.761410325224,85.80540030164413,121.54641090811663,24.059342623598972,738.4040901125071,344.5668106268681
2024-02-21 12:00:00,293.3183039181883,88.63831907576893,147.5434743520391,22.15944346781357,741.4699996397801,381.95662299395724
2024-02-21 13:00:00,172.0695752466564,102.22598274730709,84.57416273794286,22.60290324055972,845.7635333703529,274.2955579939635
2024-02-21 14:00:00,135.52323685567032,91.66889068536076,65.25709867380012,22.033305513493204,729.0158100570495,227.19212754103108
2024-02-21 15:00:00,295.81470111902826,75.99409214629891,146.18340496693614,22.294674650846645,570.5681523065675,371.80879326532715
2024-02-21 16:00:00,285.0862005402312,57.14535625064001,129.63505982014553,22.027028126596825,390.1661896195136,342.2315567908712
2024-02-21 17:00:00,343.2574999908536,35.716803168807765,138.90719123348939,23.966773050861427,206.8352239503589,378.97430315966136
2024-02-21 18:00:00,129.92643206366364,2.181607021526413e-15,0.0,23.881184521188256,8.61849858574731e-14,129.92643206366364
2024-02-21 19:00:00,405.8119180999879,0.0,150.69993699916574,24.256671686842054,0.0,405.8119180999879
2024-02-21 20:00:00,421.7530881811003,0.0,152.84524446485335,26.39642847266744,0.0,421.7530881811003
2024-02-21 21:00:00,261.511871109747,0.0,79.68800008409063,26.423881425487565,0.0,261.511871109747
2024-02-21 22:00:00,36.743858337786385,0.0,0.0,27.687386820012755,0.0,36.743858337786385
2024-02-21 23:00:00,32.932252366472774,0.0,0.0,28.665665099367494,0.0,32.932252366472774
2024-02-22 00:00:00,37.061391401522386,0.0,0.0,30.52751979584174,0.0,37.061391401522386
2024-02-22 01:00:00,34.51642720187355,0.0,0.0,29.541836334071263,0.0,34.51642720187355
2024-02-22 02:00:00,29.94859729729613,0.0,0.0,31.10709206779794,0.0,29.94859729729613
2024-02-22 03:00:00,37.40414015369862,0.0,0.0,30.58984722798822,0.0,37.40414015369862
2024-02-22 04:00:00,39.83110958475641,0.0,0.0,30.125988282152914,0.0,39.83110958475641
2024-02-22 05:00:00,34.60298518981059,0.0,0.0,29.67974997697435,0.0,34.60298518981059
2024-02-22 06:00:00,196.81395621526454,0.0,47.43618617623921,28.204397320338504,0.0,196.81395621526454
2024-02-22 07:00:00,315.6015425719471,15.233241207913986,109.97317864244448,28.261365832498768,197.9770837268091,330.8347837798611
2024-02-22 08:00:00,300.9525091429478,35.29315138210283,119.61608229379316,26.57721803045439,341.9757148369519,336.24566052505065
2024-02-22 09:00:00,292.66658919235556,58.30478425010799,127.01101798207495,26.210627204671905,537.3025461031452,350.9713734424636
2024-02-22 10:00:00,322.28017044622464,76.34643300716108,155.30852748812052,25.58754593307815,671.8117310816988,398.6266034533857
2024-02-22 11:00:00,326.41734114085136,86.23394274867397,155.51332409958113,25.321558527149936,752.7866890078005,412.6512838895253
2024-02-22 12:00:00,282.4917468070782,92.66902361142145,147.96216073109153,23.81851822413365,782.9130226930571,375.1607704184996
2024-02-22 13:00:00,174.9070728009173,98.42169977903544,90.96623087787701,24.6044670112203,820.6498075292985,273.3287725799527
2024-02-22 14:00:00,118.95568768129532,76.38959451722646,50.18007922758264,24.232840344066616,595.8848219769397,195.34528219852177
2024-02-22 15:00:00,246.30678066060702,73.98474400467663,114.54323707730357,23.66396845405204,554.3437047318442,320.29152466528365
2024-02-22 16:00:00,284.7654443852103,62.52801466479427,121.41186462412091,23.673950170862206,434.32090393718903,347.29345905000457
2024-02-22 17:00:00,274.8550627715204,27.7489017951959,107.5299493374837,24.06263189204092,165.32756957805003,302.6039645667163
2024-02-22 18:00:00,328.442705090239,2.084647231298911e-15,119.96160410157088,25.645290643075615,9.60441864279244e-14,328.442705090239
2024-02-22 19:00:00,344.0695113581911,0.0,128.16971581893188,25.984904984679815,0.0,344.0695113581911
2024-02-22 20:00:00,375.64667642093747,0.0,137.250499717021,27.859092119949903,0.0,375.64667642093747
2024-02-22 21:00:00,255.12995398276462,0.0,82.09720373297917,27.825518460253733,0.0,255.12995398276462
2024-02-22 22:00:00,30.904410995073434,0.0,0.0,28.55907822728306,0.0,30.904410995073434
2024-02-22 23:00:00,37.133349634799536,0.0,0.0,29.851100627084115,0.0,37.133349634799536
2024-02-23 00:00:00,38.749043370239164,0.0,0.0,28.590579385503943,0.0,38.749043370239164
2024-02-23 01:00:00,31.84676338235493,0.0,0.0,29.28752928953426,0.0,31.84676338235493
2024-02-23 02:00:00,35.4026670184716,0.0,0.0,29.89550856586738,0.0,35.4026670184716
2024-02-23 03:00:00,36.649165444206396,0.0,0.0,29.34186895868422,0.0,36.649165444206396
2024-02-23 04:00:00,36.92547120166296,0.0,0.0,28.994085044435018,0.0,36.92547120166296
2024-02-23 05:00:00,35.82050732948884,0.0,0.0,28.479960989445242,0.0,35.82050732948884
2024-02-23 06:00:00,209.7878176342165,0.0,50.275962211453034,26.805964405695423,0.0,209.7878176342165
2024-02-23 07:00:00,372.09288918419566,14.478029154284648,142.6807971686352,27.004299433662187,182.73975125945077,386.5709183384803
2024-02-23 08:00:00,322.08512925636774,38.5338787598091,125.949064260539,25.982479689201067,379.97843527025657,360.61900801617685
2024-02-23 09:00:00,292.4573851623505,72.28322471654911,135.13560345864772,25.443095906471008,671.7514421272201,364.7406098788996
2024-02-23 10:00:00,252.761389259167,85.62037577478618,120.01523973147289,24.45541930140668,765.2423120175547,338.3817650339532
2024-02-23 11:00:00,309.3844790727891,80.21519686794286,149.69700871259917,23.32666585088245,688.7099877528036,389.5996759407319
2024-02-23 12:00:00,268.5453501116441,97.3120499783959,135.28126744338408,23.387621433347928,827.0439515158985,365.85740009004
2024-02-23 13:00:00,178.96708218158406,85.2882895788575,86.49848262933588,22.37545816002002,690.2820739848305,264.25537176044156
2024-02-23 14:00:00,128.87560007110153,71.23419285584653,47.43255570955329,22.526092452876973,556.7022424993166,200.10979292694805
2024-02-23 15:00:00,302.6652658579881,80.52345871665538,137.35472631140365,22.366198793586705,604.7963137833885,383.1887245746435
2024-02-23 16:00:00,310.82554982808614,63.011466155646474,142.7265052832996,23.102303890054188,432.99768801406003,373.8370159837326
2024-02-23 17:00:00,269.1909648201654,38.48069574482975,107.40779128572267,23.239395275366324,221.89288955461748,307.67166056499514
2024-02-23 18:00:00,378.3248688335933,1.9888385948749857e-15,150.76930952164523,24.976289705308904,9.08833120001171e-14,378.3248688335933
2024-02-23 19:00:00,320.7579070023231,0.0,118.1327681144983,26.005328611592116,0.0,320.7579070023231
2024-02-23 20:00:00,360.4659962141353,0.0,137.8471529086672,26.339483027931124,0.0,360.4659962141353
2024-02-23 21:00:00,294.1798659442511,0.0,95.48039363644757,27.579028883403957,0.0,294.1798659442511
2024-02-23 22:00:00,31.990828942408726,0.0,0.0,26.882906660408597,0.0,31.990828942408726
2024-02-23 23:00:00,39.84597740566457,0.0,0.0,27.666698763353537,0.0,39.84597740566457
2024-02-24 00:00:00,26.728816030191627,0.0,0.0,28.850850382112764,0.0,26.728816030191627
2024-02-24 01:00:00,21.420698646563167,0.0,0.0,29.38189762682401,0.0,21.420698646563167
2024-02-24 02:00:00,11.61236877016162,0.0,0.0,29.381438043133002,0.0,11.61236877016162
2024-02-24 03:00:00,17.3814522186913,0.0,0.0,28.540214519378097,0.0,17.3814522186913
2024-02-24 04:00:00,13.468696317684874,0.0,0.0,29.587426518590195,0.0,13.468696317684874
2024-02-24 05:00:00,,0.0,0.0,29.532514603014217,0.0,
2024-02-24 06:00:00,,0.0,0.0,28.371035591769147,0.0,
2024-02-24 07:00:00,,14.620212628380768,0.0,27.429170044434894,185.58498695523025,
2024-02-24 08:00:00,,34.00445754880313,0.0,26.093601554755637,323.467885730049,
2024-02-24 09:00:00,,57.03706567709608,0.0,24.65317640896044,515.6768548429028,
2024-02-24 10:00:00,,81.34819822784083,0.0,24.266805778500817,725.208254583536,
2024-02-24 11:00:00,,82.20561059901617,0.0,24.55846203645067,703.8048426034892,
2024-02-24 12:00:00,,86.27606711551276,0.0,22.773458782683768,717.0773932594531,
2024-02-24 13:00:00,,76.6169041214336,0.0,22.372322736259125,609.8875564163534,
2024-02-24 14:00:00,,98.35872781395645,0.0,23.03419358173479,782.0433696913321,
2024-02-24 15:00:00,,78.96197827415837,0.0,23.186644385543893,588.7222020582689,
2024-02-24 16:00:00,,59.978001117044435,0.0,22.525501936049896,414.1683902247579,
2024-02-24 17:00:00,,37.77269222565567,0.0,23.37492571141121,218.28068789401084,
2024-02-24 18:00:00,,2.1771440825622654e-15,0.0,23.979589004232118,9.964394051829664e-14,
2024-02-24 19:00:00,,0.0,0.0,25.109519783854555,0.0,
2024-02-24 20:00:00,,0.0,0.0,26.53238508765858,0.0,
2024-02-24 21:00:00,,0.0,0.0,26.48439464947761,0.0,
2024-02-24 22:00:00,,0.0,0.0,28.275374158301304,0.0,
2024-02-24 23:00:00,,0.0,0.0,28.506241110796402,0.0,
2024-02-25 00:00:00,,0.0,0.0,30.05545929345702,0.0,
2024-02-25 01:00:00,,0.0,0.0,29.40143014625152,0.0,
2024-02-25 02:00:00,,0.0,0.0,29.31281502723971,0.0,
2024-02-25 03:00:00,,0.0,0.0,29.529372067624077,0.0,
2024-02-25 04:00:00,,0.0,0.0,28.723790106356276,0.0,
2024-02-25 05:00:00,,0.0,0.0,27.438511484531347,0.0,
2024-02-25 06:00:00,,0.0,0.0,27.491013724918798,0.0,
2024-02-25 07:00:00,,15.207173935250307,0.0,26.638994165378556,194.3286621101568,
2024-02-25 08:00:00,,37.39292789165264,0.0,25.065115581779438,364.3828020501613,
2024-02-25 09:00:00,,56.21562070411188,0.0,24.918890059298274,510.81877758184254,
2024-02-25 10:00:00,,71.05312267669763,0.0,23.077719199749644,621.1968709786988,
2024-02-25 11:00:00,,76.7852811411534,0.0,23.21255716032369,654.6627966414468,
2024-02-25 12:00:00,,83.35290810463744,0.0,22.951983394831146,687.4251440595326,
2024-02-25 13:00:00,,99.29708859886551,0.0,22.529032008611722,805.6157080607533,
2024-02-25 14:00:00,,79.05698752795797,0.0,22.155739575610937,617.7680506144086,
2024-02-25 15:00:00,,62.981590555061075,0.0,22.437768719068572,468.0094901213565,
2024-02-25 16:00:00,,49.90682661799893,0.0,22.438153180069893,341.17363368027765,
2024-02-25 17:00:00,,36.19439058637372,0.0,23.391808837612697,208.40473319481546,
2024-02-25 18:00:00,,2.0668164289030737e-15,0.0,24.14031751535023,9.465686860946026e-14,
2024-02-25 19:00:00,,0.0,0.0,24.505282665244767,0.0,
2024-02-25 20:00:00,,0.0,0.0,25.995123912308895,0.0,
2024-02-25 21:00:00,,0.0,0.0,26.897867297453395,0.0,
2024-02-25 22:00:00,,0.0,0.0,27.52816935526381,0.0,
2024-02-25 23:00:00,,0.0,0.0,29.546671564350667,0.0,
2024-02-26 00:00:00,,0.0,0.0,30.817907033270906,0.0,
2024-02-26 01:00:00,,0.0,0.0,31.098292582692753,0.0,
2024-02-26 02:00:00,,0.0,0.0,31.14597275876366,0.0,
2024-02-26 03:00:00,,0.0,0.0,30.752440093841063,0.0,
2024-02-26 04:00:00,33.6629548895829,0.0,0.0,31.231206906534762,0.0,33.6629548895829
2024-02-26 05:00:00,37.80831509280085,0.0,0.0,29.988919563510713,0.0,37.80831509280085
2024-02-26 06:00:00,207.84039843356146,0.0,59.156476266612685,29.32319523986865,0.0,207.84039843356146
2024-02-26 07:00:00,328.48215750915284,14.063509793262435,114.8858380866925,28.49391519145705,159.6984914838216,342.54566730241527
2024-02-26 08:00:00,335.6479075562676,28.300582866934313,132.59652611516185,27.364697555443268,245.64749638379746,363.9484904232019
2024-02-26 09:00:00,363.19656862177317,44.847171976015545,151.65130171589166,26.07576098923634,387.25772756712456,408.0437405977887
2024-02-26 10:00:00,282.6849470149956,57.56685164079721,123.97353728633986,25.875699379787928,492.0563447487186,340.2517986557928
2024-02-26 11:00:00,284.417942489963,65.29306123390974,130.14162348149094,25.818963235570756,544.7006919859568,349.71100372387275
2024-02-26 12:00:00,39.74235391698785,67.55071846973836,0.0,24.92457030285461,555.3057945530544,107.29307238672621
2024-02-26 13:00:00,202.66743676588615,71.55989906686264,85.61731529835187,25.25671655644985,576.0994349541683,274.2273358327488
2024-02-26 14:00:00,143.53134529988853,60.776081410526615,45.700246287014004,24.732647465862115,480.81285532481616,204.30742671041514
2024-02-26 15:00:00,330.7997462851928,44.89530964055335,143.45248793702675,24.73841132649281,342.7541197560364,375.69505592574615
2024-02-26 16:00:00,311.2422425735232,46.74248115801353,126.59221108476638,25.767404911448345,327.5721882594426,357.98472373153675
2024-02-26 17:00:00,91.38098943682127,28.33697809241978,0.0,25.333722781713004,169.03279550448156,119.71796752924105
2024-02-26 18:00:00,366.51350721966145,2.6623378166326267e-15,131.9642376242733,26.138707150120002,8.08212431715723e-14,366.51350721966145
2024-02-26 19:00:00,392.41313912792464,0.0,143.09685235089435,26.945570444678633,0.0,392.41313912792464
2024-02-26 20:00:00,371.3102219604458,0.0,134.71595791885758,28.6290626789593,0.0,371.3102219604458
2024-02-26 21:00:00,285.65920300745984,0.0,92.66751898254587,28.764293629455892,0.0,285.65920300745984
2024-02-26 22:00:00,32.54852603166576,0.0,0.0,29.283030626328973,0.0,32.54852603166576
2024-02-26 23:00:00,25.798919655638205,0.0,0.0,30.625880816501866,0.0,25.798919655638205
2024-02-27 00:00:00,38.09473999457373,0.0,0.0,28.78627214205179,0.0,38.09473999457373
2024-02-27 01:00:00,33.3391979522807,0.0,0.0,29.810789282653467,0.0,33.3391979522807
2024-02-27 02:00:00,33.62195925740952,0.0,0.0,29.870233601405687,0.0,33.62195925740952
2024-02-27 03:00:00,41.89863649120592,0.0,0.0,29.449352192443257,0.0,41.89863649120592
2024-02-27 04:00:00,33.40061111422924,0.0,0.0,29.47730783362372,0.0,33.40061111422924
2024-02-27 05:00:00,35.4213401185271,0.0,0.0,27.894291903333507,0.0,35.4213401185271
2024-02-27 06:00:00,223.14543318221666,0.0,59.342916935957845,27.99479419499726,0.0,223.14543318221666
2024-02-27 07:00:00,335.5571403485301,17.932805574121005,124.26314358449791,26.837797099860225,227.5341302776531,353.4899459226511
2024-02-27 08:00:00,370.04462420745915,37.15658733951709,153.4315198431885,27.59444492297703,364.8470337020027,407.20121154697625
2024-02-27 09:00:00,313.38499669839814,64.8405214178841,139.311984444243,25.33535901129605,595.9883990657091,378.2255181162823
2024-02-27 10:00:00,291.20705965959684,78.32378000255362,137.29342517543333,24.115117109443048,690.3902211725915,369.53083966215047
2024-02-27 11:00:00,292.70155256397146,94.34830005646249,146.45082220304283,22.99928853215531,818.6178925321582,387.04985262043397
2024-02-27 12:00:00,242.24497852999673,96.94818561049287,120.94449369676194,23.784927319486364,822.8976196249105,339.1931641404896
2024-02-27 13:00:00,131.24810844797202,105.53362411846201,69.82654999675805,22.607556382561143,865.7480414328601,236.78173256643402
2024-02-27 14:00:00,103.71132173008475,89.1780428982451,54.134683920971206,22.267637100797057,702.430511603941,192.88936462832984
2024-02-27 15:00:00,259.6494228165147,76.08018068144088,126.81492519987626,22.95072234932756,560.4585590577719,335.72960349795557
2024-02-27 16:00:00,344.4699923745441,64.20205795576366,162.99520071623982,23.457083636792056,444.3337031781642,408.6720503303078
2024-02-27 17:00:00,298.0648923200977,38.00714949046005,124.68164200810003,24.005415866786617,219.86072710075214,336.0720418105578
2024-02-27 18:00:00,354.6856640013905,2.2995836485920564e-15,135.54333919660186,24.42318834586445,1.0544017192962272e-13,354.6856640013905
2024-02-27 19:00:00,366.33315249706715,0.0,137.59152038492596,25.337041544919305,0.0,366.33315249706715
2024-02-27 20:00:00,404.15724201380783,0.0,151.62220115477825,26.27933167217512,0.0,404.15724201380783
2024-02-27 21:00:00,230.36822491044876,0.0,72.94405572143926,27.237377925008026,0.0,230.36822491044876
2024-02-27 22:00:00,28.95328883892544,0.0,0.0,28.12575573228551,0.0,28.95328883892544
2024-02-27 23:00:00,37.820613254404854,0.0,0.0,29.185413244140456,0.0,37.820613254404854
2024-02-28 00:00:00,39.023039347435706,0.0,0.0,31.206228160935567,0.0,39.023039347435706
2024-02-28 01:00:00,28.858109825648228,0.0,0.0,31.119270575773662,0.0,28.858109825648228
2024-02-28 02:00:00,33.00517011434241,0.0,0.0,31.574785965125088,0.0,33.00517011434241
2024-02-28 03:00:00,29.260328109300467,0.0,0.0,31.90456261805634,0.0,29.260328109300467
2024-02-28 04:00:00,30.758062666175725,0.0,0.0,30.284756750730217,0.0,30.758062666175725
2024-02-28 05:00:00,37.926273517618256,0.0,0.0,29.731429453144038,0.0,37.926273517618256
2024-02-28 06:00:00,196.84381725404126,0.0,45.29484684556994,30.356069877373265,0.0,196.84381725404126
2024-02-28 07:00:00,89.39177397405942,16.048760802163734,0.0,29.81285988296159,204.367345612664,105.44053477622316
2024-02-28 08:00:00,71.16795133046307,40.75183854392734,0.0,27.514331799167365,401.92033115828866,111.9197898743904
2024-02-28 09:00:00,46.86496405164068,59.29287055730788,0.0,27.291294794234727,543.3706378492468,106.15783460894856
2024-02-28 10:00:00,336.0889755242156,71.13201073254425,146.56541269956307,26.197159260218594,629.2783439844397,407.22098625675983
2024-02-28 11:00:00,331.2826722294401,77.68129078097368,148.90511577283667,25.541643026403378,659.3752697115688,408.96396301041375
2024-02-28 12:00:00,263.6121391636302,98.53138942145077,129.8988431773421,25.268608407809776,842.3500999781772,362.14352858508096
2024-02-28 13:00:00,179.47924499071138,87.64102424299313,75.74362523340623,24.11975631015999,709.6788675275548,267.1202692337045
2024-02-28 14:00:00,88.07759456417256,103.10374564631965,43.2202120058842,24.0933230664309,822.7241335952168,191.1813402104922
2024-02-28 15:00:00,277.73336778034496,67.67072583001682,121.56883061660461,24.615565838204752,503.2553314755392,345.40409361036177
2024-02-28 16:00:00,309.54946270171246,50.42859128657411,135.83903973887294,25.043155104484487,349.3455196446196,359.97805398828655
2024-02-28 17:00:00,305.3555169312988,36.91951384547538,125.53115071005968,25.109080529682103,215.6021267633936,342.27503077677414
2024-02-28 18:00:00,329.18156118085744,2.4087477471524085e-15,119.59783836055564,26.791755654071697,1.115016334153713e-13,329.18156118085744
2024-02-28 19:00:00,365.545115168042,0.0,135.68069105397657,27.032284672262765,0.0,365.545115168042
2024-02-28 20:00:00,382.2962102068759,0.0,153.12971758538325,27.93602301364368,0.0,382.2962102068759
2024-02-28 21:00:00,252.25265462328397,0.0,80.54627170275798,29.194127869650877,0.0,252.25265462328397
2024-02-28 22:00:00,39.24807084329678,0.0,0.0,29.832477678643354,0.0,39.24807084329678
2024-02-28 23:00:00,38.35662339006771,0.0,0.0,31.040543957282924,0.0,38.35662339006771
2024-02-29 00:00:00,30.406620217960537,0.0,0.0,31.204559488569437,0.0,30.406620217960537
2024-02-29 01:00:00,36.83496470963224,0.0,0.0,31.32222893770423,0.0,36.83496470963224
2024-02-29 02:00:00,36.03090569472661,0.0,0.0,31.985288062324926,0.0,36.03090569472661
2024-02-29 03:00:00,31.322406978486672,0.0,0.0,32.05104032270347,0.0,31.322406978486672
2024-02-29 04:00:00,29.698421442537793,0.0,0.0,31.05089278542101,0.0,29.698421442537793
2024-02-29 05:00:00,38.06839273179256,0.0,0.0,30.421178797527016,0.0,38.06839273179256
2024-02-29 06:00:00,213.4404933553498,0.0,47.88277420936636,30.48133073539322,0.0,213.4404933553498
2024-02-29 07:00:00,399.6974553693284,15.240978473922539,152.17773363783584,29.167158218425573,192.62138838498308,414.93843384325095
2024-02-29 08:00:00,307.8483439201666,40.2792245199664,124.54941444038433,27.91392598572077,394.46825252667776,348.127568440133
2024-02-29 09:00:00,349.346441267669,60.217172026352955,154.97151825912493,28.21698583252244,550.2626935231754,409.56361329402193
2024-02-29 10:00:00,272.88610696869347,78.66561762144543,131.44769643775373,26.574284507760684,699.4970085381917,351.5517245901389
2024-02-29 11:00:00,276.74280651366945,81.0751277923436,136.39225645233765,26.740213912003995,696.2992248851242,357.81793430601306
2024-02-29 12:00:00,331.50392106162747,89.2983157339957,156.07205652058394,25.62332832653341,744.0712848243278,420.8022367956232
2024-02-29 13:00:00,135.20123892400227,90.26336943556187,70.05287093884408,25.406820883240144,733.9904617598006,225.46460835956412
2024-02-29 14:00:00,110.58232285868196,79.9977404905781,48.329431532435414,25.034431971175803,633.7346221307763,190.58006334926006
2024-02-29 15:00:00,279.5599158686644,65.89668626041323,130.59160251844682,23.931860329939642,488.4842368852297,345.4566021290776
2024-02-29 16:00:00,312.7253921617585,50.41219256267277,133.11043330483952,25.040699685451845,347.87108387621913,363.1375847244313
2024-02-29 17:00:00,412.61272871394635,28.523999566790962,170.6679420360872,26.10245338021195,170.52897441941008,441.1367282807373
2024-02-29 18:00:00,341.8847158260883,1.984982193732374e-15,123.0111721530622,27.072546412870583,9.222211041663118e-14,341.8847158260883
2024-02-29 19:00:00,315.6982933885197,0.0,117.39265882214804,26.839478175171347,0.0,315.6982933885197
2024-02-29 20:00:00,334.8496558333033,0.0,122.366228861678,28.613380990294,0.0,334.8496558333033
2024-02-29 21:00:00,267.0310758310065,0.0,82.88027767271349,28.984916458476036,0.0,267.0310758310065
2024-02-29 22:00:00,35.26073825784024,0.0,0.0,30.507491926769056,0.0,35.26073825784024
2024-02-29 23:00:00,33.98190634412168,0.0,0.0,31.105355185527234,0.0,33.98190634412168
2024-03-01 00:00:00,33.04966164770413,0.0,0.0,33.01637675023498,0.0,33.04966164770413
2024-03-01 01:00:00,25.312559132152746,0.0,0.0,33.52768889288016,0.0,25.312559132152746
2024-03-01 02:00:00,34.91246855774875,0.0,0.0,33.34303198541168,0.0,34.91246855774875
2024-03-01 03:00:00,36.8354448160974,0.0,0.0,33.42447422227169,0.0,36.8354448160974
2024-03-01 04:00:00,39.60817806781992,0.0,0.0,32.469454711058276,0.0,39.60817806781992
2024-03-01 05:00:00,41.36249924540295,0.0,0.0,33.49996947556115,0.0,41.36249924540295
2024-03-01 06:00:00,218.79343424056688,0.0,56.65699312307663,30.75412748752722,0.0,218.79343424056688
2024-03-01 07:00:00,346.88754501663027,14.704879038415047,125.45432426639566,30.255525804678825,182.35090158841703,361.59242405504534
2024-03-01 08:00:00,345.10018172525946,37.40189213263568,135.2839879369818,30.06421632714811,369.3778967838993,382.50207385789514
2024-03-01 09:00:00,358.5964566019903,63.0414166945315,161.2602315771648,29.084031030346335,581.569088881591,421.63787329652183
2024-03-01 10:00:00,297.36379659339343,72.37470703190426,135.47477450512076,28.107231545345837,638.389713718996,369.7385036252977
2024-03-01 11:00:00,296.70907968733997,73.05101076828129,139.33336531391106,27.476322630618302,622.5326368263719,369.76009045562125
2024-03-01 12:00:00,309.92508412777755,92.87286616437946,160.50134088391883,25.540669545226105,776.9607643337869,402.797950292157
2024-03-01 13:00:00,178.04341629681903,82.11720913150047,75.34599170972437,27.02744599103184,674.9569884826113,260.1606254283195
2024-03-01 14:00:00,98.29331836149994,95.71872485124923,49.877592919682826,26.011591556341354,761.3301497992072,194.01204321274918
2024-03-01 15:00:00,289.7930694781968,68.9419187081623,128.65929164530883,26.85574373489835,520.1060382387795,358.7349881863591
2024-03-01 16:00:00,319.30481008016193,39.394833633733214,127.87320801229107,25.565684833045147,282.88170709048126,358.69964371389517
2024-03-01 17:00:00,273.799106072592,33.74691701568515,110.41632298334352,27.266947553362343,197.42350529015096,307.54602308827714
2024-03-01 18:00:00,367.27389491811834,2.3296182961030446e-15,136.8629209304466,27.581785896202238,1.0818720185620077e-13,367.27389491811834
2024-03-01 19:00:00,367.33245371875097,0.0,137.928707580392,28.99373045370649,0.0,367.33245371875097
2024-03-01 20:00:00,351.28602234330106,0.0,132.49090957726852,29.772072262009086,0.0,351.28602234330106
2024-03-01 21:00:00,257.8281271642978,0.0,83.00451382695542,30.702427592383074,0.0,257.8281271642978
2024-03-01 22:00:00,35.27696417164197,0.0,0.0,30.834066191658916,0.0,35.27696417164197
2024-03-01 23:00:00,35.135177779978314,0.0,0.0,32.059926209518274,0.0,35.135177779978314
2024-03-02 00:00:00,36.56776307804262,0.0,0.0,29.935811011644542,0.0,36.56776307804262
2024-03-02 01:00:00,35.64315871966658,0.0,0.0,30.623201035229133,0.0,35.64315871966658
2024-03-02 02:00:00,34.54360530613748,0.0,0.0,30.989454120080413,0.0,34.54360530613748
2024-03-02 03:00:00,33.52563331482426,0.0,0.0,30.450783975379725,0.0,33.52563331482426
2024-03-02 04:00:00,31.764515821766537,0.0,0.0,29.38780839141491,0.0,31.764515821766537
2024-03-02 05:00:00,33.723384360631,0.0,0.0,29.523468761299977,0.0,33.723384360631
2024-03-02 06:00:00,59.01284576710232,0.0,0.0,30.05034373656831,0.0,59.01284576710232
2024-03-02 07:00:00,49.464066723093964,11.205914457384639,0.0,28.723674943716393,93.9669146440715,60.6699811804786
2024-03-02 08:00:00,30.204589290686318,26.40908922909129,0.0,25.50760584098483,221.0038547388335,56.61367851977761
2024-03-02 09:00:00,28.797145336269125,35.48259941216249,0.0,26.120610541352278,289.1978019698133,64.27974474843163
2024-03-02 10:00:00,5.594142028334673,54.81451231864087,0.0,25.71086538499135,460.54162641428167,60.408654346975545
2024-03-02 11:00:00,0.0,64.4628179144356,0.0,24.428768381926773,536.3152034001382,64.4628179144356
2024-03-02 12:00:00,0.0,66.73725780521545,0.0,23.733671249046203,545.9776109961929,66.73725780521545
2024-03-02 13:00:00,9.462933787040996,49.68920124469788,0.0,23.480583122810195,394.38329434028157,59.15213503173887
2024-03-02 14:00:00,32.35840182243598,28.458299799358194,0.0,23.770900365081005,222.99096658018166,60.816701621794174
2024-03-02 15:00:00,32.692715340054235,30.257047482913933,0.0,23.039830243164435,234.33745158252947,62.94976282296817
2024-03-02 16:00:00,15.190784477989034,40.22673387224754,0.0,24.55806103492283,286.8679783960468,55.41751835023658
2024-03-02 17:00:00,39.7394051748483,16.09591964176606,0.0,24.49193539236173,112.63725413096579,55.83532481661436
2024-03-02 18:00:00,55.72092944383535,5.1544399595018866e-15,0.0,24.777293485307904,5.00436282430388e-14,55.72092944383536
2024-03-02 19:00:00,61.843990148646604,0.0,0.0,26.651114045204203,0.0,61.843990148646604
2024-03-02 20:00:00,67.43017064576316,0.0,0.0,26.222240169807858,0.0,67.43017064576316
2024-03-02 21:00:00,64.1394091199833,0.0,0.0,27.62306723172171,0.0,64.1394091199833
2024-03-02 22:00:00,31.291018390845764,0.0,0.0,28.458968089721097,0.0,31.291018390845764
2024-03-02 23:00:00,33.19677698243128,0.0,0.0,30.54165032563466,0.0,33.19677698243128
2024-03-03 00:00:00,16.00365079485421,0.0,0.0,34.44198998085134,0.0,16.00365079485421
2024-03-03 01:00:00,21.545283954456227,0.0,0.0,34.05666923368722,0.0,21.545283954456227
2024-03-03 02:00:00,13.196971496070727,0.0,0.0,34.96250389428596,0.0,13.196971496070727
2024-03-03 03:00:00,12.440848190820137,0.0,0.0,35.36192701763966,0.0,12.440848190820137
2024-03-03 04:00:00,17.950740664996353,0.0,0.0,35.17654263846286,0.0,17.950740664996353
2024-03-03 05:00:00,21.660391482997788,0.0,0.0,35.36655503279983,0.0,21.660391482997788
2024-03-03 06:00:00,14.946524777093202,0.0,0.0,34.20686023741847,0.0,14.946524777093202
2024-03-03 07:00:00,2.4911021734065084,12.57036981250464,0.0,32.753239406741926,115.22489118480355,15.06147198591115
2024-03-03 08:00:00,0.0,17.028807449156076,0.0,31.307703718138136,138.17939169127484,17.028807449156076
2024-03-03 09:00:00,0.0,26.44141495384171,0.0,31.659558509740382,216.26233915982758,26.44141495384171
2024-03-03 10:00:00,0.0,41.002185110962316,0.0,29.81912967676241,337.9275117802884,41.002185110962316
2024-03-03 11:00:00,0.0,58.08218958286347,0.0,28.949459099665308,490.646837284627,58.08218958286347
2024-03-03 12:00:00,0.0,57.41095000282347,0.0,28.513785637602954,476.2307852271425,57.41095000282347
2024-03-03 13:00:00,0.0,57.061523523750495,0.0,27.746526940465383,465.1839742085695,57.061523523750495
2024-03-03 14:00:00,0.0,66.54577478138225,0.0,28.020901406340037,533.3449690859993,66.54577478138225
2024-03-03 15:00:00,0.0,33.160810714486516,0.0,28.25611689492458,262.4293935557826,33.160810714486516
2024-03-03 16:00:00,0.0,30.737791946715873,0.0,29.087650841586047,232.74854167165844,30.737791946715873
2024-03-03 17:00:00,0.0,18.49622791181507,0.0,29.084493550222103,127.00745353305085,18.49622791181507
2024-03-03 18:00:00,12.981442918798402,5.042560871412778e-15,0.0,29.369681831006268,5.0409555882704986e-14,12.981442918798408
2024-03-03 19:00:00,12.056724989909156,0.0,0.0,30.045658716438354,0.0,12.056724989909156
2024-03-03 20:00:00,21.17472850195863,0.0,0.0,31.858196325687086,0.0,21.17472850195863
2024-03-03 21:00:00,13.761072607004518,0.0,0.0,32.69559103651896,0.0,13.761072607004518
2024-03-03 22:00:00,9.606608145916312,0.0,0.0,33.226255096318944,0.0,9.606608145916312
2024-03-03 23:00:00,15.947633309721606,0.0,0.0,33.99455695583241,0.0,15.947633309721606
2024-03-04 00:00:00,31.43137055366652,0.0,0.0,33.314966102812946,0.0,31.43137055366652
2024-03-04 01:00:00,35.348687500677535,0.0,0.0,34.16564724202424,0.0,35.348687500677535
2024-03-04 02:00:00,32.438243274849405,0.0,0.0,33.19956143109584,0.0,32.438243274849405
2024-03-04 03:00:00,37.075779515414396,0.0,0.0,33.514825533287286,0.0,37.075779515414396
2024-03-04 04:00:00,40.29816578131012,0.0,0.0,33.59985783841602,0.0,40.29816578131012
2024-03-04 05:00:00,37.423519188566814,0.0,0.0,32.176450312222116,0.0,37.423519188566814
2024-03-04 06:00:00,226.1234073651403,0.0,55.393787736269736,31.83181766588618,0.0,226.1234073651403
2024-03-04 07:00:00,319.70420530464725,13.19820153540708,117.23194841271804,30.976502579482823,125.91239729574754,332.9024068400543
2024-03-04 08:00:00,346.74907442627136,29.924644622030517,138.89663928607584,29.433986105646074,268.294208331966,376.6737190483019
2024-03-04 09:00:00,333.8936672572071,40.95511398040385,142.53991306287844,29.268016462691822,353.3584260148018,374.8487812376109
2024-03-04 10:00:00,257.3747533199521,69.68989883558514,113.43913022654218,28.35540606247005,624.2884952420873,327.06465215553726
2024-03-04 11:00:00,333.6946469738353,61.55461087801789,154.75206630197872,27.892302113812946,520.8969973040327,395.2492578518532
2024-03-04 12:00:00,250.78970600210494,79.2296985459537,118.31674991078444,26.46510157259194,663.5294357982217,330.0194045480586
2024-03-04 13:00:00,175.3085784597967,62.84228205474477,71.78027124347986,26.713878523786708,513.123459401409,238.15086051454148
2024-03-04 14:00:00,150.7615421137823,61.59476795508759,55.09055868404667,27.280500754995735,489.99514092207426,212.3563100688699
2024-03-04 15:00:00,330.8209974869873,40.02732698789284,142.21843367557457,27.747643247112237,315.13495180770127,370.84832447488014
2024-03-04 16:00:00,356.88447099046317,34.378828451840235,145.49856261204238,27.6986094444081,256.05713764366277,391.2632994423034
2024-03-04 17:00:00,339.7702593416601,22.554577190594863,142.5733965253145,27.026224236189798,145.4802252800133,362.32483653225495
2024-03-04 18:00:00,343.4367149431105,2.523110104442735e-15,127.98400930618058,28.565160064189644,8.163839485847724e-14,343.4367149431105
2024-03-04 19:00:00,372.8070042106856,0.0,136.46557746206122,28.942193777828454,0.0,372.8070042106856
2024-03-04 20:00:00,344.1041603867796,0.0,130.72494995982345,30.231584019732793,0.0,344.1041603867796
2024-03-04 21:00:00,258.0974619759614,0.0,82.41149819908968,30.609392028138192,0.0,258.0974619759614
2024-03-04 22:00:00,42.15732415812957,0.0,0.0,30.982897002241682,0.0,42.15732415812957
2024-03-04 23:00:00,31.59657166806741,0.0,0.0,32.392248837970826,0.0,31.59657166806741
2024-03-05 00:00:00,36.68817297725435,0.0,0.0,32.85296656579215,0.0,36.68817297725435
2024-03-05 01:00:00,33.49052533145906,0.0,0.0,32.985316573990254,0.0,33.49052533145906
2024-03-05 02:00:00,39.40124639990334,0.0,0.0,33.16205023419879,0.0,39.40124639990334
2024-03-05 03:00:00,30.14952399333616,0.0,0.0,32.94949185774304,0.0,30.14952399333616
2024-03-05 04:00:00,34.360811152463725,0.0,0.0,32.69392895491,0.0,34.360811152463725
2024-03-05 05:00:00,38.73121263574994,0.0,0.0,32.20020591793787,0.0,38.73121263574994
2024-03-05 06:00:00,215.28425997718878,0.0,54.36966596187251,31.073235589764302,0.0,215.28425997718878
2024-03-05 07:00:00,346.1309739281751,14.981237308046632,128.18373377072263,30.40788824281024,186.30161476353783,361.1122112362217
2024-03-05 08:00:00,324.0167140035598,34.99249383508942,130.31255813180007,30.332205491676454,338.5765229121988,359.0092078386492
2024-03-05 09:00:00,249.19425170353387,59.61585823732458,109.99524160841148,28.625725160883356,547.5227703803572,308.81010994085847
2024-03-05 10:00:00,321.8942860821695,51.55468712963076,146.20675526541783,27.731858052468567,439.2941092581443,373.44897321180025
2024-03-05 11:00:00,300.54717170554494,68.79023559227873,139.0170263443459,27.037144823701894,584.1157006858084,369.3374072978237
2024-03-05 12:00:00,240.3945421300185,70.80689237317813,103.85981798333455,26.320533131837962,589.7368145757916,311.20143450319665
2024-03-05 13:00:00,209.3892990848578,56.15542100825802,87.42459817674778,25.86215793036947,458.7071211860439,265.5447200931158
2024-03-05 14:00:00,125.88631400018912,76.22512923178323,53.713649833795024,26.064915566424325,610.9578058298233,202.11144323197234
2024-03-05 15:00:00,279.28733912228597,55.69729733254391,122.35290142912132,25.826978311250297,427.33171113158636,334.9846364548299
2024-03-05 16:00:00,298.43717256410554,48.141617291108815,121.15676007856838,26.356729926257465,340.5502056672125,346.5787898552144
2024-03-05 17:00:00,304.08527766573656,34.94325085940247,125.70900072190672,26.59044521682555,208.15032709453067,339.028528525139
2024-03-05 18:00:00,346.49393128102395,3.506529464664032e-15,122.42440799129426,27.764582206508766,7.323901220754996e-14,346.49393128102395
2024-03-05 19:00:00,342.1029707935609,0.0,124.23796199409686,28.8468071184708,0.0,342.1029707935609
2024-03-05 20:00:00,402.76322066231523,0.0,157.95856192081214,29.354618874286153,0.0,402.76322066231523
2024-03-05 21:00:00,264.7889846925581,0.0,84.00612055449982,29.362253743655774,0.0,264.7889846925581
2024-03-05 22:00:00,27.083127996774707,0.0,0.0,31.505762076269345,0.0,27.083127996774707
2024-03-05 23:00:00,31.60351769791997,0.0,0.0,31.995541959774403,0.0,31.60351769791997
2024-03-06 00:00:00,35.5652001885359,0.0,0.0,32.328011460855244,0.0,35.5652001885359
2024-03-06 01:00:00,38.00866569045531,0.0,0.0,33.560913785789815,0.0,38.00866569045531
2024-03-06 02:00:00,34.886730918546895,0.0,0.0,32.59432567225851,0.0,34.886730918546895
2024-03-06 03:00:00,36.421696367717416,0.0,0.0,33.69698247229041,0.0,36.421696367717416
2024-03-06 04:00:00,33.65137610530711,0.0,0.0,32.795943876038365,0.0,33.65137610530711
2024-03-06 05:00:00,29.08108061155767,0.0,0.0,31.13397946908069,0.0,29.08108061155767
2024-03-06 06:00:00,239.08829276007424,0.0,64.99445571651675,31.632703066248055,0.0,239.08829276007424
2024-03-06 07:00:00,373.13987069888213,14.40249710795971,138.04747131087274,30.496308746429794,169.8312563986977,387.54236780684187
2024-03-06 08:00:00,343.5426196568758,34.48158007395747,142.82008722113173,29.51511362670487,335.0673538746381,378.02419973083323
2024-03-06 09:00:00,292.83572445882106,55.898965647524314,123.11047989358585,28.518808734029506,512.6838514976439,348.7346901063454
2024-03-06 10:00:00,297.7654177902726,56.68962063877286,132.731616836983,27.979930377186502,490.0843844771952,354.45503842904543
2024-03-06 11:00:00,284.17673629295575,68.97835205983255,133.8973176896334,27.07607019787995,584.5943309906564,353.1550883527883
2024-03-06 12:00:00,285.22537313772017,81.67480679736893,143.3712480123566,25.834104237776707,689.8733579859669,366.9001799350891
2024-03-06 13:00:00,175.64072737358077,77.48483130573757,80.59918299590728,27.048831823943303,638.9998195811404,253.12555867931835
2024-03-06 14:00:00,140.82510153572906,77.1613814691133,55.8971684553534,26.171359444635534,617.1210585013994,217.98648300484234
2024-03-06 15:00:00,321.40147732997,52.87759720697677,139.25962634029733,26.046830372665568,407.07158645190793,374.2790745369468
2024-03-06 16:00:00,314.3666078127461,48.93301351766535,130.91142142097695,26.198237518098235,348.13525000648485,363.29962133041147
2024-03-06 17:00:00,305.95931899017774,32.30755035938536,129.52317063027036,27.704030572189982,194.65497640187428,338.2668693495631
2024-03-06 18:00:00,347.06318400222165,2.0937162254295694e-15,125.96859268161832,27.394322288068174,8.647560848608028e-14,347.06318400222165
2024-03-06 19:00:00,380.99726312982943,0.0,149.61109980188766,28.954665265686597,0.0,380.99726312982943
2024-03-06 20:00:00,345.00944213849175,0.0,130.91717324720145,29.501713771679647,0.0,345.00944213849175
2024-03-06 21:00:00,261.89731279076625,0.0,83.66406978613145,30.436695100194093,0.0,261.89731279076625
2024-03-06 22:00:00,38.344954411120355,0.0,0.0,30.991758507128488,0.0,38.344954411120355
2024-03-06 23:00:00,34.281949628286505,0.0,0.0,31.958252290508522,0.0,34.281949628286505
2024-03-07 00:00:00,35.357188996931086,0.0,0.0,33.03771852335973,0.0,35.357188996931086
2024-03-07 01:00:00,27.718695829713983,0.0,0.0,33.500619919547,0.0,27.718695829713983
2024-03-07 02:00:00,34.298196762677904,0.0,0.0,33.109427173719276,0.0,34.298196762677904
2024-03-07 03:00:00,36.414859374769875,0.0,0.0,33.337496605153795,0.0,36.414859374769875
2024-03-07 04:00:00,30.61313123992494,0.0,0.0,33.47753954309151,0.0,30.61313123992494
2024-03-07 05:00:00,41.95724974759334,0.0,0.0,31.64578287003914,0.0,41.95724974759334
2024-03-07 06:00:00,214.51565225251818,0.0,53.15460227286118,31.749088927564834,0.0,214.51565225251818
2024-03-07 07:00:00,383.82645926611104,14.918921552798599,149.34533480384385,30.4326980995185,183.49824294413318,398.74538081890967
2024-03-07 08:00:00,286.61483140402413,38.042904612521404,108.1608165896987,29.4758813283025,374.8052829675027,324.6577360165455
2024-03-07 09:00:00,317.4336472798909,54.60708896330877,139.09009291555623,29.22686251300099,507.07002688606457,372.0407362431997
2024-03-07 10:00:00,275.0840714445716,57.035344789951495,118.05870825394402,27.979597680026984,493.9963723999487,332.1194162345231
2024-03-07 11:00:00,316.972238185183,65.50295743111391,140.27447024281815,26.9189481170903,553.2353964486982,382.4751956162969
2024-03-07 12:00:00,276.52996846747124,74.81424752057272,133.0216215567182,27.63327609715022,635.6614138319164,351.34421598804397
2024-03-07 13:00:00,154.07758725299266,70.6831307661822,69.02527502135655,27.08152777951494,586.4432413118759,224.76071801917487
2024-03-07 14:00:00,126.93229052388149,60.39650633684141,55.82325484881018,25.536070436181177,480.56374475472614,187.3287968607229
2024-03-07 15:00:00,301.47623885922286,55.83997119802856,138.02645456538835,25.88426895834799,429.8158961689786,357.3162100572514
2024-03-07 16:00:00,309.6706245392181,41.69510840662242,131.87851437487382,27.267863036774568,302.678531543908,351.36573294584053
2024-03-07 17:00:00,329.8273416305759,23.79986072308588,133.58836470377724,27.384912763689112,152.7963125515234,353.6272023536618
2024-03-07 18:00:00,366.04833003792015,3.1905515995762423e-15,137.18039961372483,29.00251073653824,7.561214819551072e-14,366.04833003792015
2024-03-07 19:00:00,389.91463839079194,0.0,150.9059727430732,29.404524955772445,0.0,389.91463839079194
2024-03-07 20:00:00,345.2361058545137,0.0,130.75658727480806,30.15195617628776,0.0,345.2361058545137
2024-03-07 21:00:00,257.92246581006725,0.0,89.2055588468119,30.397158726306866,0.0,257.92246581006725
2024-03-07 22:00:00,33.503275275430184,0.0,0.0,31.997943561793,0.0,33.503275275430184
2024-03-07 23:00:00,33.467050941770715,0.0,0.0,31.839215171138445,0.0,33.467050941770715
2024-03-08 00:00:00,32.34891771373801,0.0,0.0,35.74034288878306,0.0,32.34891771373801
2024-03-08 01:00:00,33.89302798719096,0.0,0.0,35.64844139535335,0.0,33.89302798719096
2024-03-08 02:00:00,40.279280607386646,0.0,0.0,35.144216420453695,0.0,40.279280607386646
2024-03-08 03:00:00,32.70736722227976,0.0,0.0,35.83971081491038,0.0,32.70736722227976
2024-03-08 04:00:00,33.505685513128505,0.0,0.0,36.20848306664619,0.0,33.505685513128505
2024-03-08 05:00:00,28.66904685700517,0.0,0.0,34.42269689308068,0.0,28.66904685700517
2024-03-08 06:00:00,210.60508526298455,0.0,53.79776853884002,34.08183830367814,0.0,210.60508526298455
2024-03-08 07:00:00,388.0349156347633,13.644300009114001,152.49241743099384,32.74658370684581,140.48861938826218,401.6792156438773
2024-03-08 08:00:00,317.6817795724422,36.524150371487536,131.82558747578375,32.099307817641666,360.3914394709196,354.20592994392973
2024-03-08 09:00:00,289.5558362973346,57.71149324551472,126.00462307758369,30.39714777095794,536.3752564010662,347.2673295428493
2024-03-08 10:00:00,275.13637440898117,58.82571574242313,120.18136718818172,30.306366952079554,517.0729076246884,333.9620901514043
2024-03-08 11:00:00,296.9828966579711,72.8386479498962,134.54349091808737,29.603546639594878,638.9896822322414,369.8215446078673
2024-03-08 12:00:00,283.1453781273636,62.924242455754914,124.29216350150168,29.925041684009326,531.0828475900518,346.0696205831185
2024-03-08 13:00:00,223.82841683085138,66.15504872601275,92.376355562529,27.778389760469075,547.2360818175258,289.98346555686413
2024-03-08 14:00:00,117.65408889528656,79.01905966264107,49.29545227449612,28.4161899792786,642.4696228537576,196.67314855792762
2024-03-08 15:00:00,283.62742285734225,56.99992693191038,125.68468451217942,29.319949925736267,443.1877431541144,340.62734978925266
2024-03-08 16:00:00,337.79944103046165,39.276667830300156,142.84462197182017,28.90465704768757,288.97037270367315,377.0761088607618
2024-03-08 17:00:00,365.1470230033876,28.497310573198995,151.0081913521183,29.496087208187074,175.90604286163978,393.6443335765866
2024-03-08 18:00:00,377.6973392558439,3.1043857472765566e-15,144.86911253764788,29.8900021963914,7.62350502923809e-14,377.6973392558439
2024-03-08 19:00:00,384.4801547587183,0.0,149.29224313203522,30.684462360842286,0.0,384.4801547587183
2024-03-08 20:00:00,362.5759465285913,0.0,133.91708265084836,31.143704825915915,0.0,362.5759465285913
2024-03-08 21:00:00,260.06500908123985,0.0,80.46438637844427,32.64789074286924,0.0,260.06500908123985
2024-03-08 22:00:00,34.198028922568255,0.0,0.0,33.31195418127643,0.0,34.198028922568255
2024-03-08 23:00:00,37.07456247201772,0.0,0.0,34.59052485981394,0.0,37.07456247201772
2024-03-09 00:00:00,41.52257592768628,0.0,0.0,33.32914829921469,0.0,41.52257592768628
2024-03-09 01:00:00,35.8532575314439,0.0,0.0,33.832838386668506,0.0,35.8532575314439
2024-03-09 02:00:00,36.095638395807036,0.0,0.0,33.96579079065219,0.0,36.095638395807036
2024-03-09 03:00:00,31.967642505850993,0.0,0.0,34.04855128804757,0.0,31.967642505850993
2024-03-09 04:00:00,36.10617038140572,0.0,0.0,33.45872127222413,0.0,36.10617038140572
2024-03-09 05:00:00,45.779248309896,0.0,0.0,32.63587417636537,0.0,45.779248309896
2024-03-09 06:00:00,62.861796680425385,0.0,0.0,32.484776709154936,0.0,62.861796680425385
2024-03-09 07:00:00,44.82926687290019,15.430640845001415,0.0,32.131501753172145,191.31984648481358,60.259907717901605
2024-03-09 08:00:00,29.54190263413698,31.611294568887864,0.0,30.7561265850764,294.1728947334853,61.153197203024845
2024-03-09 09:00:00,4.687605527886774,60.077013078614904,0.0,29.481116610202882,559.4950332832676,64.76461860650167
2024-03-09 10:00:00,0.44299583707322654,67.11170005819389,0.0,28.8803202846342,591.6504637097503,67.55469589526712
2024-03-09 11:00:00,0.0,64.26200167238457,0.0,27.191703367849833,541.9051340753756,64.26200167238457
2024-03-09 12:00:00,0.0,71.6408465952508,0.0,27.591103199166046,598.5486091399631,71.6408465952508
2024-03-09 13:00:00,0.0,81.1808241215535,0.0,27.11097591062404,673.8380717943963,81.1808241215535
2024-03-09 14:00:00,0.0,77.29446732636556,0.0,26.72516330817776,622.0138342813145,77.29446732636556
2024-03-09 15:00:00,1.0497576688680255,58.58660885265862,0.0,26.935103919003293,447.50267247626175,59.63636652152665
2024-03-09 16:00:00,13.094910890659534,44.487445317974974,0.0,27.455687323165655,320.8163814692085,57.58235620863451
2024-03-09 17:00:00,18.95877459771663,29.3918432568711,0.0,28.713248891031345,180.10533136368701,48.350617854587725
2024-03-09 18:00:00,61.64519037075514,2.739175677645366e-15,0.0,29.487923695571062,7.938839178315982e-14,61.64519037075514
2024-03-09 19:00:00,59.300070354076624,0.0,0.0,29.32196424854329,0.0,59.300070354076624
2024-03-09 20:00:00,57.2742539225768,0.0,0.0,30.43285480055932,0.0,57.2742539225768
2024-03-09 21:00:00,57.9792721834897,0.0,0.0,31.35146516639555,0.0,57.9792721834897
2024-03-09 22:00:00,32.6970543766154,0.0,0.0,32.84666624495608,0.0,32.6970543766154
2024-03-09 23:00:00,36.82894376060176,0.0,0.0,33.23952049764974,0.0,36.82894376060176
2024-03-10 00:00:00,12.20249818651239,0.0,0.0,35.11780220069581,0.0,12.20249818651239
2024-03-10 01:00:00,22.700539343794638,0.0,0.0,35.68919005485209,0.0,22.700539343794638
2024-03-10 02:00:00,17.609481598213137,0.0,0.0,35.2421116519243,0.0,17.609481598213137
2024-03-10 03:00:00,10.561698577297022,0.0,0.0,36.103002035318525,0.0,10.561698577297022
2024-03-10 04:00:00,19.29551299652877,0.0,0.0,35.07053494066519,0.0,19.29551299652877
2024-03-10 05:00:00,21.20236318124064,0.0,0.0,34.08723586718672,0.0,21.20236318124064
2024-03-10 06:00:00,20.558980858779567,0.0,0.0,33.67549823423084,0.0,20.558980858779567
2024-03-10 07:00:00,4.162902042286367,15.699940496177556,0.0,33.56214917609252,194.62143321050783,19.862842538463923
2024-03-10 08:00:00,0.0,37.402178395296346,0.0,31.827747288137875,370.3543805828894,37.402178395296346
2024-03-10 09:00:00,0.0,59.349514992661454,0.0,31.609230597793356,550.7452052581455,59.349514992661454
2024-03-10 10:00:00,0.0,73.53125532231742,0.0,29.977645459744004,665.2064526542065,73.53125532231742
2024-03-10 11:00:00,0.0,81.22042612860507,0.0,29.182612773588193,719.6637270171038,81.22042612860507
2024-03-10 12:00:00,0.0,89.16304406275113,0.0,29.339028148181374,768.9126164568326,89.16304406275113
2024-03-10 13:00:00,0.0,84.9946316851837,0.0,28.222591683795155,698.7177414489706,84.9946316851837
2024-03-10 14:00:00,0.0,80.60465462929896,0.0,28.95158848121061,656.4381592531013,80.60465462929896
2024-03-10 15:00:00,0.0,60.989083580031,0.0,28.8353909636297,474.7675974302682,60.989083580031
2024-03-10 16:00:00,0.0,52.36071251693665,0.0,28.57243247565043,377.35370010695607,52.36071251693665
2024-03-10 17:00:00,0.0,32.93515415497045,0.0,29.529723249979682,201.20838287701605,32.93515415497045
2024-03-10 18:00:00,20.07213820384023,2.3765280793448375e-15,0.0,30.015931210849995,8.275109398842296e-14,20.072138203840233
2024-03-10 19:00:00,13.24104534343025,0.0,0.0,31.30893997660547,0.0,13.24104534343025
2024-03-10 20:00:00,18.146705508072017,0.0,0.0,32.98421747860747,0.0,18.146705508072017
2024-03-10 21:00:00,26.323902691742923,0.0,0.0,32.76083271254487,0.0,26.323902691742923
2024-03-10 22:00:00,23.894517447184576,0.0,0.0,34.05720649305901,0.0,23.894517447184576
2024-03-10 23:00:00,25.559806082865776,0.0,0.0,34.52741241111643,0.0,25.559806082865776
2024-03-11 00:00:00,32.41537409994554,0.0,0.0,34.136181907911315,0.0,32.41537409994554
2024-03-11 01:00:00,31.7085221198628,0.0,0.0,34.39120197478017,0.0,31.7085221198628
2024-03-11 02:00:00,34.28615357506254,0.0,0.0,34.16435541995842,0.0,34.28615357506254
2024-03-11 03:00:00,38.81234520894017,0.0,0.0,34.641374509787155,0.0,38.81234520894017
2024-03-11 04:00:00,30.962413070328285,0.0,0.0,33.979782181420035,0.0,30.962413070328285
2024-03-11 05:00:00,37.671321743263704,0.0,0.0,33.11553783541775,0.0,37.671321743263704
2024-03-11 06:00:00,246.4096046483774,0.0,64.86349248319642,33.35015077425834,0.0,246.4096046483774
2024-03-11 07:00:00,409.2423557951593,14.061655386509406,157.81862763730402,32.04843561234419,148.07036098407892,423.3040111816687
2024-03-11 08:00:00,354.49997496170096,33.277595419734155,144.64173187943044,30.979014664462575,315.3139035769536,387.7775703814351
2024-03-11 09:00:00,348.0246070291979,51.23089930160662,149.93918825859433,30.85722579264852,470.8184229200728,399.2555063308045
2024-03-11 10:00:00,328.69459379495026,59.04922119150565,146.59019083363046,28.425023375367697,514.1362621607288,387.7438149864559
2024-03-11 11:00:00,247.35930069932925,81.57439078082346,118.71934484223699,29.254600810845826,712.2367798302739,328.93369148015273
2024-03-11 12:00:00,297.7690212956018,73.02538726491214,134.46469651551274,27.621881255320552,620.5064102214671,370.79440856051394
2024-03-11 13:00:00,220.18982351695564,72.71323065035719,93.12387174101917,27.81809002083022,601.6635615889155,292.9030541673128
2024-03-11 14:00:00,148.8785837218651,57.25891578295561,57.889831562974486,27.29903226607384,461.8056561701724,206.1374995048207
2024-03-11 15:00:00,297.2563180719115,57.79136483462591,134.141539582337,27.250823230896245,448.40256883907364,355.0476829065374
2024-03-11 16:00:00,365.41118894974704,40.23085771789483,155.36823030311604,28.718918492872877,296.07249790390614,405.64204666764186
2024-03-11 17:00:00,348.8982128208007,21.5685260242189,139.98557575703776,29.546298692678924,143.93052500111634,370.4667388450196
2024-03-11 18:00:00,379.17128103619166,4.2067362193661496e-15,145.2003251169237,29.232451317808657,6.653738859858699e-14,379.17128103619166
2024-03-11 19:00:00,373.8206785802001,0.0,140.0561745179223,30.35493483637252,0.0,373.8206785802001
2024-03-11 20:00:00,375.1163453771211,0.0,142.3056905758598,31.121559768965447,0.0,375.1163453771211
2024-03-11 21:00:00,260.42972632225343,0.0,85.96262025190185,32.86418421966945,0.0,260.42972632225343
2024-03-11 22:00:00,30.99207824808464,0.0,0.0,31.786488919407425,0.0,30.99207824808464
2024-03-11 23:00:00,34.9880223737284,0.0,0.0,33.756499597922215,0.0,34.9880223737284
2024-03-12 00:00:00,43.0042317698054,0.0,0.0,32.79644888743299,0.0,43.0042317698054
2024-03-12 01:00:00,38.471591477900965,0.0,0.0,32.33168151253557,0.0,38.471591477900965
2024-03-12 02:00:00,39.461768028387944,0.0,0.0,33.448658082544796,0.0,39.461768028387944
2024-03-12 03:00:00,30.993315201115742,0.0,0.0,34.433687918726434,0.0,30.993315201115742
2024-03-12 04:00:00,33.29552864817344,0.0,0.0,32.831987449304755,0.0,33.29552864817344
2024-03-12 05:00:00,44.224690667813725,0.0,0.0,32.99917961869464,0.0,44.224690667813725
2024-03-12 06:00:00,230.2171274917388,0.0,61.01824001543885,32.4782592297911,0.0,230.2171274917388
2024-03-12 07:00:00,386.7029965398006,14.038885782282518,154.3044130476093,31.02844138780848,143.8007346679387,400.74188232208314
2024-03-12 08:00:00,328.32950725217074,29.707880164887285,128.91026989328896,30.189150940465066,267.5158514664831,358.037387417058
2024-03-12 09:00:00,329.9916824516892,55.18784983850288,139.79939966030378,28.36490752013004,499.37944015369834,385.17953229019207
2024-03-12 10:00:00,331.565517730778,66.68813800798304,152.15862040038942,28.020841199673097,586.8913390375945,398.25365573876104
2024-03-12 11:00:00,284.5875808197766,78.1305926126492,133.22394807282643,28.107553209271504,675.7383558498022,362.7181734324258
2024-03-12 12:00:00,248.62965574891788,74.52151970057506,117.32990175614316,27.128173766532417,628.3370489002814,323.15117544949294
2024-03-12 13:00:00,149.92268623939674,79.80216074999326,73.63994963833555,26.931853459969524,661.0667317054409,229.72484698939002
2024-03-12 14:00:00,134.30715188319127,52.48311960095803,49.466273190376015,26.695501921100945,425.64391787628614,186.7902714841493
2024-03-12 15:00:00,286.2439237988302,62.92706105707794,128.81458345029574,27.844184711395897,488.5711222387489,349.17098485590816
2024-03-12 16:00:00,302.61480217147425,44.43037031554551,124.92591782875412,26.88257430241958,319.40518148140853,347.0451724870198
2024-03-12 17:00:00,369.19349768488047,28.067487543469458,148.89293212349747,28.456754418599658,174.1876982623414,397.2609852283499
2024-03-12 18:00:00,357.9089115558169,2.668073970743258e-15,131.26287487085483,28.445674742362787,8.012019326409819e-14,357.9089115558169
2024-03-12 19:00:00,398.1073575695894,0.0,152.02487312079433,30.070155960690997,0.0,398.1073575695894
2024-03-12 20:00:00,329.0094242704552,0.0,119.7410397942649,29.516434086630344,0.0,329.0094242704552
2024-03-12 21:00:00,235.50446669029068,0.0,78.13808550153351,31.127115892933674,0.0,235.50446669029068
2024-03-12 22:00:00,33.05491312083149,0.0,0.0,31.682079739297684,0.0,33.05491312083149
2024-03-12 23:00:00,38.13064021227644,0.0,0.0,32.67353303333736,0.0,38.13064021227644
2024-03-13 00:00:00,36.20928267330858,0.0,0.0,33.67384840072749,0.0,36.20928267330858
2024-03-13 01:00:00,36.59062654622409,0.0,0.0,33.601716550839605,0.0,36.59062654622409
2024-03-13 02:00:00,41.18864190680624,0.0,0.0,34.141762701162364,0.0,41.18864190680624
2024-03-13 03:00:00,29.49749564020056,0.0,0.0,33.07720120152366,0.0,29.49749564020056
2024-03-13 04:00:00,33.48170325601849,0.0,0.0,32.65124304063257,0.0,33.48170325601849
2024-03-13 05:00:00,30.859018787466905,0.0,0.0,32.514497626870444,0.0,30.859018787466905
2024-03-13 06:00:00,206.55227126118214,0.0,54.56309771090632,31.76224526695335,0.0,206.55227126118214
2024-03-13 07:00:00,375.6978744680009,14.480837788798043,145.94393160399053,30.84450832959562,155.7775273141881,390.178712256799
2024-03-13 08:00:00,359.90883893568366,28.54675597554973,150.43896133028252,29.55225549331355,252.7988428892672,388.4555949112334
2024-03-13 09:00:00,305.56222961061945,46.70580159439435,127.73271655919747,29.725030493216014,414.73353420380397,352.2680312050138
2024-03-13 10:00:00,317.45648620342854,66.22891033380854,148.41114986351624,28.10015275583215,585.2364722849258,383.68539653723707
2024-03-13 11:00:00,257.78234580609745,56.66021784124575,112.29444687604668,28.269736683102316,479.4735983974335,314.4425636473432
2024-03-13 12:00:00,301.90942963263535,70.5682204390672,146.7629709841478,27.006854125505384,579.6329779605987,372.47765007170256
2024-03-13 13:00:00,157.7205760732806,80.28489646911392,70.13737323698628,26.975045429544174,650.2654848083105,238.0054725423945
2024-03-13 14:00:00,142.52192204246958,62.05955742083453,56.41187727876892,26.81042617763073,488.0351564771353,204.5814794633041
2024-03-13 15:00:00,340.0110695180744,51.02607781443567,150.24401813131593,26.238693593961727,390.1277528188527,391.0371473325101
2024-03-13 16:00:00,343.94403350808545,48.29040805081345,146.97760958201792,27.1840839036796,341.8742687435458,392.2344415588989
2024-03-13 17:00:00,301.5974446324347,22.899929511337188,112.87109820758653,28.52086409422953,148.05782235777164,324.4973741437719
2024-03-13 18:00:00,354.05854895686275,2.3918973666052927e-15,128.96236243778225,28.40737748269907,8.318590681637619e-14,354.05854895686275
2024-03-13 19:00:00,381.9530993751347,0.0,144.67859713668702,29.576343068069907,0.0,381.9530993751347
2024-03-13 20:00:00,365.9582053546918,0.0,144.29198134078692,30.378207278444982,0.0,365.9582053546918
2024-03-13 21:00:00,258.8845802925469,0.0,83.23504265583624,31.09096284319021,0.0,258.8845802925469
2024-03-13 22:00:00,31.056534051839556,0.0,0.0,31.874810715011265,0.0,31.056534051839556
2024-03-13 23:00:00,31.53755073210819,0.0,0.0,32.78010286986246,0.0,31.53755073210819
2024-03-14 00:00:00,36.556486529296954,0.0,0.0,34.58666068738286,0.0,36.556486529296954
2024-03-14 01:00:00,25.25161327224407,0.0,0.0,33.878588864385726,0.0,25.25161327224407
2024-03-14 02:00:00,29.498974709798038,0.0,0.0,34.79758194544775,0.0,29.498974709798038
2024-03-14 03:00:00,31.946680981100197,0.0,0.0,34.4626319525376,0.0,31.946680981100197
2024-03-14 04:00:00,34.93084105558748,0.0,0.0,34.009255992319204,0.0,34.93084105558748
2024-03-14 05:00:00,37.12481410340528,0.0,0.0,34.296786424566726,0.0,37.12481410340528
2024-03-14 06:00:00,190.43523203297212,0.0,42.111320837926186,32.5573573768676,0.0,190.43523203297212
2024-03-14 07:00:00,390.31291227519324,14.415654009262907,151.17365962422815,31.382412628603344,146.10764312206155,404.7285662844561
2024-03-14 08:00:00,362.7071081431493,39.28378348313196,153.5795152626792,31.57178861359245,378.21543198596214,401.99089162628127
2024-03-14 09:00:00,317.35978416382,64.66243529360068,137.21048798572352,29.557866914763757,590.0056296843134,382.02221945742065
2024-03-14 10:00:00,304.4062925909529,73.00973360563535,138.08580214614287,28.45995896192024,641.5016242747008,377.41602619658823
2024-03-14 11:00:00,298.4275947708147,86.1187649649387,141.79131513431045,29.15319061174159,746.7125644080827,384.5463597357534
2024-03-14 12:00:00,319.97400595497254,79.76633586919425,154.71597784623407,28.22220271293523,671.091114237203,399.74034182416676
2024-03-14 13:00:00,200.62739532239215,63.626013629951714,83.0294888874564,28.029549922572173,519.9854159901973,264.2534089523439
2024-03-14 14:00:00,143.97698676666056,57.11123414251159,52.967656915313334,27.452716713509712,454.18679347183564,201.08822090917215
2024-03-14 15:00:00,308.43549732478664,64.30732109472993,140.1505215320189,27.100987043083276,483.6533482408419,372.74281841951654
2024-03-14 16:00:00,320.08767884022114,43.11848967965128,134.8500166473117,27.54994798084515,309.8062499239639,363.20616851987245
2024-03-14 17:00:00,344.9276179661058,24.11344632072924,135.00336792189583,28.562962317030966,154.02194347799662,369.041064286835
2024-03-14 18:00:00,306.66747216567364,2.634777160849631e-15,111.16089849037671,28.787729071940504,8.080637690545927e-14,306.66747216567364
2024-03-14 19:00:00,375.86859077727877,0.0,142.05822654620863,30.421590296563526,0.0,375.86859077727877
2024-03-14 20:00:00,387.81152338758164,0.0,150.81464315843016,30.942701531882314,0.0,387.81152338758164
2024-03-14 21:00:00,270.4442776026072,0.0,89.26501938653188,32.172315182441,0.0,270.4442776026072
2024-03-14 22:00:00,41.56881823036252,0.0,0.0,33.00150456501274,0.0,41.56881823036252
2024-03-14 23:00:00,36.25289045583086,0.0,0.0,33.8422040122647,0.0,36.25289045583086
2024-03-15 00:00:00,30.642694667125276,0.0,0.0,34.76534093208929,0.0,30.642694667125276
2024-03-15 01:00:00,35.915469150042874,0.0,0.0,34.69330085182137,0.0,35.915469150042874
2024-03-15 02:00:00,35.41864366888362,0.0,0.0,35.076495388516165,0.0,35.41864366888362
2024-03-15 03:00:00,33.498973028613285,0.0,0.0,34.98325521142108,0.0,33.498973028613285
2024-03-15 04:00:00,33.806466141303964,0.0,0.0,33.301154513898105,0.0,33.806466141303964
2024-03-15 05:00:00,34.796637118602824,0.0,0.0,34.282647362281914,0.0,34.796637118602824
2024-03-15 06:00:00,207.95621061435557,0.0,59.13535393421358,33.30948185330938,0.0,207.95621061435557
2024-03-15 07:00:00,356.9385882980694,17.376163934991066,134.2844687983744,32.672401845679865,205.04514187353098,374.31475223306046
2024-03-15 08:00:00,340.2891100250738,34.614628376654785,136.96662860787606,30.841088957475616,321.3953889692068,374.90373840172856
2024-03-15 09:00:00,341.7315177957841,56.71487750427013,151.0839364119512,30.42075750975923,514.293348745454,398.44639530005423
2024-03-15 10:00:00,322.47450541502764,71.65460294280338,146.709282957684,29.18874602691646,629.7928689659963,394.129108357831
2024-03-15 11:00:00,304.9524556574611,83.73696438602846,155.06580941917514,29.381937709152773,719.0977472599229,388.6894200434896
2024-03-15 12:00:00,260.15431141347,86.90309998731884,125.91832798465512,27.750863570919467,733.2041620312344,347.05741140078885
2024-03-15 13:00:00,173.95091024887267,77.01913147939419,75.50045671791574,27.63944297222635,621.5403275557812,250.97004172826686
2024-03-15 14:00:00,142.6088090913695,65.79950503557656,52.204131045695604,28.25166781933524,523.9501595499186,208.40831412694604
2024-03-15 15:00:00,277.0318397770239,71.9127688176006,122.26905915561356,27.789083097048888,547.2256630244275,348.94460859462447
2024-03-15 16:00:00,264.25991971283173,50.82319771182029,117.16035604130772,27.989226513559185,360.85944127104875,315.083117424652
2024-03-15 17:00:00,72.69327955148103,34.08411814582126,0.0,29.462996735816425,205.74770674098178,106.77739769730229
2024-03-15 18:00:00,386.69997425081203,2.1220068103009943e-15,140.40743032521783,30.20836663349518,8.623910732342541e-14,386.69997425081203
2024-03-15 19:00:00,380.9725750931504,0.0,138.3240495451696,30.939679693610927,0.0,380.9725750931504
2024-03-15 20:00:00,372.20265446726626,0.0,139.77556078028175,31.908865592169395,0.0,372.20265446726626
2024-03-15 21:00:00,235.48966508742063,0.0,69.14393526688869,32.27458777358905,0.0,235.48966508742063
2024-03-15 22:00:00,29.772794865431553,0.0,0.0,33.13221426788095,0.0,29.772794865431553
2024-03-15 23:00:00,35.67032887675669,0.0,0.0,33.63534385008537,0.0,35.67032887675669
2024-03-16 00:00:00,37.621764819606454,0.0,0.0,34.81110471994457,0.0,37.621764819606454
2024-03-16 01:00:00,30.93998600581627,0.0,0.0,34.81294245118986,0.0,30.93998600581627
2024-03-16 02:00:00,32.95480108074144,0.0,0.0,34.97961811987756,0.0,32.95480108074144
2024-03-16 03:00:00,32.66312006266551,0.0,0.0,35.37684183184423,0.0,32.66312006266551
2024-03-16 04:00:00,33.93891896192169,0.0,0.0,35.31950975884377,0.0,33.93891896192169
2024-03-16 05:00:00,32.56989538415645,0.0,0.0,34.37015508412901,0.0,32.56989538415645
2024-03-16 06:00:00,61.266690945626074,0.0,0.0,34.34330915546233,0.0,61.266690945626074
2024-03-16 07:00:00,50.18546900855154,15.837575348227835,0.0,32.24926009468349,182.286048951714,66.02304435677938
2024-03-16 08:00:00,17.569155754865477,40.41920016417433,0.0,30.777163903236413,385.8025941388744,57.988355919039805
2024-03-16 09:00:00,15.218624100009158,43.786666623712634,0.0,31.147598509776998,376.617265498896,59.00529072372179
2024-03-16 10:00:00,0.0,72.78839724006478,0.0,29.560234446517676,639.6599726464298,72.78839724006478
2024-03-16 11:00:00,0.0,80.40112179036088,0.0,29.084431367800445,693.3252535730371,80.40112179036088
2024-03-16 12:00:00,0.0,81.85678193426597,0.0,27.780164054534943,679.3685162481485,81.85678193426597
2024-03-16 13:00:00,0.0,95.75753415795792,0.0,27.86580570715639,795.6954726774502,95.75753415795792
2024-03-16 14:00:00,0.0,77.82511995232268,0.0,27.445037514551423,620.7495280412753,77.82511995232268
2024-03-16 15:00:00,0.0,67.88509574770339,0.0,28.098259199119152,514.8345797154383,67.88509574770339
2024-03-16 16:00:00,11.341142938938717,50.600503209900864,0.0,28.46778656265403,356.4538377736841,61.94164614883958
2024-03-16 17:00:00,40.67519525337399,24.002212163397623,0.0,29.266257694462233,154.22931853539168,64.67740741677162
2024-03-16 18:00:00,59.32475671615398,2.6737845950766065e-15,0.0,30.56601270501863,8.02809083141905e-14,59.32475671615398
2024-03-16 19:00:00,63.35276469038937,0.0,0.0,31.128737697431127,0.0,63.35276469038937
2024-03-16 20:00:00,63.02525551924994,0.0,0.0,30.885066404735802,0.0,63.02525551924994
2024-03-16 21:00:00,57.70955115782073,0.0,0.0,32.9060255985063,0.0,57.70955115782073
2024-03-16 22:00:00,34.41213404300386,0.0,0.0,33.50202857156177,0.0,34.41213404300386
2024-03-16 23:00:00,32.31099566756033,0.0,0.0,34.12211174097591,0.0,32.31099566756033
2024-03-17 00:00:00,14.566611287610364,0.0,0.0,33.20589293462603,0.0,14.566611287610364
2024-03-17 01:00:00,17.961409850088614,0.0,0.0,33.66917039240398,0.0,17.961409850088614
2024-03-17 02:00:00,19.428617478182908,0.0,0.0,33.34021039084233,0.0,19.428617478182908
2024-03-17 03:00:00,22.520203409316167,0.0,0.0,33.47571874959853,0.0,22.520203409316167
2024-03-17 04:00:00,24.005872429995097,0.0,0.0,33.80921226154056,0.0,24.005872429995097
2024-03-17 05:00:00,19.556503873123393,0.0,0.0,32.30907462828926,0.0,19.556503873123393
2024-03-17 06:00:00,13.737367771701086,0.0,0.0,31.42120979826156,0.0,13.737367771701086
2024-03-17 07:00:00,0.6577520843822846,15.223306296713243,0.0,31.061166770271008,164.78101488091673,15.881058381095528
2024-03-17 08:00:00,0.0,32.76547337674033,0.0,29.620870557970935,294.68239328333067,32.76547337674033
2024-03-17 09:00:00,0.0,52.41914635664964,0.0,28.418895567763116,460.346450922131,52.41914635664964
2024-03-17 10:00:00,0.0,69.4331365553549,0.0,28.2639201978117,596.3531181023546,69.4331365553549
2024-03-17 11:00:00,0.0,71.57305888362238,0.0,28.435590994478154,608.4658761382129,71.57305888362238
2024-03-17 12:00:00,0.0,85.29927365488625,0.0,27.135762825165127,709.6315753338424,85.29927365488625
2024-03-17 13:00:00,0.0,73.99952975269127,0.0,26.89470194156148,601.987745408055,73.99952975269127
2024-03-17 14:00:00,0.0,79.4463765675709,0.0,25.621079607273547,618.9305253292008,79.4463765675709
2024-03-17 15:00:00,0.0,65.81172445263455,0.0,27.024476140557844,495.78083837383406,65.81172445263455
2024-03-17 16:00:00,0.0,46.419360585256136,0.0,27.20174780375847,331.45047836019734,46.419360585256136
2024-03-17 17:00:00,0.0,26.21757307581736,0.0,27.378822638176516,164.08766488159313,26.21757307581736
2024-03-17 18:00:00,18.080764332554736,2.393109789464374e-15,0.0,28.526179022050297,8.315942160550057e-14,18.08076433255474
2024-03-17 19:00:00,20.962282487604103,0.0,0.0,29.365347937069266,0.0,20.962282487604103
2024-03-17 20:00:00,13.78616789276715,0.0,0.0,29.65640982217014,0.0,13.78616789276715
2024-03-17 21:00:00,12.387568485404426,0.0,0.0,31.257947307597888,0.0,12.387568485404426
2024-03-17 22:00:00,15.31172678669064,0.0,0.0,32.534721497612686,0.0,15.31172678669064
2024-03-17 23:00:00,13.505489571263722,0.0,0.0,32.54705678276527,0.0,13.505489571263722
2024-03-18 00:00:00,33.866984681869596,0.0,0.0,33.30753883971235,0.0,33.866984681869596
2024-03-18 01:00:00,37.17093693835977,0.0,0.0,34.00219738479624,0.0,37.17093693835977
2024-03-18 02:00:00,35.54507161039489,0.0,0.0,34.637553625217585,0.0,35.54507161039489
2024-03-18 03:00:00,39.00445800373023,0.0,0.0,33.47782800004847,0.0,39.00445800373023
2024-03-18 04:00:00,38.11486143640736,0.0,0.0,34.030615070322995,0.0,38.11486143640736
2024-03-18 05:00:00,38.167134607969686,0.0,0.0,32.846113532578045,0.0,38.167134607969686
2024-03-18 06:00:00,204.1435406955051,0.0,51.4077165800737,32.58127856837524,0.0,204.1435406955051
2024-03-18 07:00:00,351.3636545608864,15.5859496679839,131.0381760075318,31.33394804802141,171.7465238245095,366.9496042288703
2024-03-18 08:00:00,332.2222936398775,36.68323651806153,135.65483158055974,30.426738550144584,343.65992940735805,368.905530157939
2024-03-18 09:00:00,283.6130072254946,59.10891305893737,115.2931992578505,30.565927827944066,537.0203269268271,342.721920284432
2024-03-18 10:00:00,279.7766678993145,73.29133104667018,122.4748190116251,28.25570373241862,642.9496739147999,353.06799894598464
2024-03-18 11:00:00,276.412591730878,75.60898417410088,129.10754089683988,28.478056382305223,641.8809732339344,352.0215759049789
2024-03-18 12:00:00,306.06167899871264,76.02604759304087,149.28685292386015,28.544820319900474,625.8952511159241,382.0877265917535
2024-03-18 13:00:00,171.3671572419475,89.46158143839766,83.12114933677387,27.67226759891004,737.0939006652715,260.82873868034517
2024-03-18 14:00:00,132.93134554418035,79.88486073150895,59.516457458273045,26.544698518165774,637.0747945266892,212.8162062756893
2024-03-18 15:00:00,308.1308207243068,51.213891298294236,133.34717965244766,26.688716381215926,392.2599634508878,359.344712022601
2024-03-18 16:00:00,327.7850340893497,45.723104036817126,135.01335006056306,27.30334542611663,326.50758956081984,373.50813812616684
2024-03-18 17:00:00,340.87412763437413,29.12308471250376,141.7375248856713,28.31432724929239,178.42831065002287,369.9972123468779
2024-03-18 18:00:00,352.095849726,1.96208244583603e-15,132.60765397034137,29.07321837472989,9.013473148758431e-14,352.095849726
2024-03-18 19:00:00,343.59213931407174,0.0,126.56620597140818,29.168532092676696,0.0,343.59213931407174
2024-03-18 20:00:00,319.2266313430861,0.0,114.8878967852295,30.27386829846188,0.0,319.2266313430861
2024-03-18 21:00:00,237.98094632955824,0.0,76.15687088543964,31.21037244205418,0.0,237.98094632955824
2024-03-18 22:00:00,33.27431254807144,0.0,0.0,32.369873623627925,0.0,33.27431254807144
2024-03-18 23:00:00,36.28503678433193,0.0,0.0,34.17746849048382,0.0,36.28503678433193
2024-03-19 00:00:00,30.348605663141946,0.0,0.0,33.7653438715402,0.0,30.348605663141946
2024-03-19 01:00:00,36.839561505095446,0.0,0.0,34.09310996655024,0.0,36.839561505095446
2024-03-19 02:00:00,37.80405469251704,0.0,0.0,34.13427834353447,0.0,37.80405469251704
2024-03-19 03:00:00,37.28503087577824,0.0,0.0,34.89936116873925,0.0,37.28503087577824
2024-03-19 04:00:00,30.523338294775996,0.0,0.0,34.21126660617438,0.0,30.523338294775996
2024-03-19 05:00:00,29.806263359488483,0.0,0.0,33.227608951174325,0.0,29.806263359488483
2024-03-19 06:00:00,222.35214028813098,0.0,58.51541118581484,32.769450699217224,0.0,222.35214028813098
2024-03-19 07:00:00,408.88442311346057,14.963609988303299,152.01910092638528,31.710959998486363,154.5207233356627,423.84803310176386
2024-03-19 08:00:00,312.98346385452675,35.04770967737755,124.56238182897603,31.348794131701013,326.4340910535836,348.0311735319043
2024-03-19 09:00:00,276.07375160435294,43.84479513627847,111.59454397412293,31.637170136645736,377.43952251074626,319.9185467406314
2024-03-19 10:00:00,334.93574826747545,50.856676645373334,147.5092467917029,29.72628069395251,426.1274792132443,385.7924249128488
2024-03-19 11:00:00,289.14667663112994,67.82696649481805,135.93553201325994,28.679480499399794,569.2393440260511,356.973643125948
2024-03-19 12:00:00,244.89671232793822,80.103212667046,116.81486791035104,27.83727183411688,673.8535327441547,324.9999249949842
2024-03-19 13:00:00,117.23865686044627,86.98844697048673,55.80260572696,27.148408058152228,718.6824955561942,204.227103830933
2024-03-19 14:00:00,121.31725748044978,73.82951447837875,48.79758253836111,28.067693356807908,584.7599110371661,195.14677195882854
2024-03-19 15:00:00,288.8644024994272,45.74037648068937,128.75023079517547,28.159785188277812,356.5181423730196,334.6047789801165
2024-03-19 16:00:00,286.3071397576279,41.36036891809102,119.45271259525296,27.936709079515452,299.060463866692,327.6675086757189
2024-03-19 17:00:00,362.6517775768315,25.99640863303029,144.340735946739,29.332641748424784,164.42387023879422,388.64818620986176
2024-03-19 18:00:00,330.01975850932666,3.0634847982754133e-15,124.03033435176408,29.461401960548933,7.706429980025822e-14,330.01975850932666
2024-03-19 19:00:00,102.16026838532748,0.0,0.0,30.682362200945136,0.0,102.16026838532748
2024-03-19 20:00:00,111.6200651120923,0.0,0.0,31.348946992122897,0.0,111.6200651120923
2024-03-19 21:00:00,271.0760586791966,0.0,81.95143652556418,32.018147209026395,0.0,271.0760586791966
2024-03-19 22:00:00,39.32005010411938,0.0,0.0,32.473406185452646,0.0,39.32005010411938
2024-03-19 23:00:00,31.85900815928711,0.0,0.0,33.60295392907797,0.0,31.85900815928711
2024-03-20 00:00:00,37.78493051819273,0.0,0.0,33.49135621656872,0.0,37.78493051819273
2024-03-20 01:00:00,27.260193634647347,0.0,0.0,33.16591480493779,0.0,27.260193634647347
2024-03-20 02:00:00,32.54673441246864,0.0,0.0,33.75911266667735,0.0,32.54673441246864
2024-03-20 03:00:00,34.27421039664737,0.0,0.0,32.878614419875504,0.0,34.27421039664737
2024-03-20 04:00:00,35.82317073802033,0.0,0.0,33.46036005018647,0.0,35.82317073802033
2024-03-20 05:00:00,26.23490974476582,0.0,0.0,32.67058637127366,0.0,26.23490974476582
2024-03-20 06:00:00,215.0566821310291,0.0,53.37620074507868,31.188186589457512,0.0,215.0566821310291
2024-03-20 07:00:00,355.2491362515892,15.771739492209406,133.74547578116815,30.833101364973782,172.18769883547685,371.0208757437986
2024-03-20 08:00:00,354.66437798678396,28.96028704828602,144.0316953833128,30.50496242353495,248.9168896187134,383.62466503507
2024-03-20 09:00:00,320.0673584387548,54.860409858311385,142.3586480704313,28.50385904069033,485.0134787629074,374.9277682970662
2024-03-20 10:00:00,276.5811103545394,61.29756392343419,121.45201454879357,27.7537668495633,518.7331087886172,337.87867427797363
2024-03-20 11:00:00,272.408233363526,80.69182836990696,129.44943548907523,27.529619757329602,682.3748176568441,353.10006173343294
2024-03-20 12:00:00,276.31393608491766,68.85003924886378,125.99105923854401,28.074818420846324,572.1133391059467,345.1639753337814
2024-03-20 13:00:00,172.10219912021412,79.35085244073272,78.71059056984232,26.322212534844276,648.9230058355679,251.45305156094685
2024-03-20 14:00:00,161.87687774067794,70.76057268328438,63.86375340757822,26.78687896866851,561.1962577306051,232.63745042396232
2024-03-20 15:00:00,304.968391825367,64.77338616941404,143.33554153614486,26.788569280664703,489.7207858955874,369.74177799478105
2024-03-20 16:00:00,303.0623217801041,47.83154416959145,133.92320478959186,26.713393105497456,339.50551351741376,350.89386594969557
2024-03-20 17:00:00,357.917145264485,26.907836452005217,151.80118443897032,27.644934910615287,168.2690168688818,384.8249817164902
2024-03-20 18:00:00,367.9418203358527,4.182831987413602e-15,137.5443621641403,28.065324637828287,6.769569977036756e-14,367.9418203358527
2024-03-20 19:00:00,300.75605567291524,0.0,112.88632008565453,28.954472915958686,0.0,300.75605567291524
2024-03-20 20:00:00,408.295557918648,0.0,157.4635234244981,29.2086060174892,0.0,408.295557918648
2024-03-20 21:00:00,247.45487938328804,0.0,79.73316858924038,30.932890509301426,0.0,247.45487938328804
2024-03-20 22:00:00,32.24670937039153,0.0,0.0,32.23878872218704,0.0,32.24670937039153
2024-03-20 23:00:00,36.64152731729891,0.0,0.0,32.54282859041852,0.0,36.64152731729891
2024-03-21 00:00:00,34.00064893969439,0.0,0.0,32.71441475309343,0.0,34.00064893969439
2024-03-21 01:00:00,37.90345738726974,0.0,0.0,32.808976074420926,0.0,37.90345738726974
2024-03-21 02:00:00,29.965865610732628,0.0,0.0,32.60830130627157,0.0,29.965865610732628
2024-03-21 03:00:00,37.048123356258856,0.0,0.0,32.20484957494501,0.0,37.048123356258856
2024-03-21 04:00:00,35.92080545573096,0.0,0.0,31.92602901500151,0.0,35.92080545573096
2024-03-21 05:00:00,30.04679286944442,0.0,0.0,30.877690456621036,0.0,30.04679286944442
2024-03-21 06:00:00,189.27620830922058,0.0,41.81745558266644,30.754532514387517,0.0,189.27620830922058
2024-03-21 07:00:00,299.94479683721227,15.229179106915053,113.40504613344308,30.11693799657758,155.25811858314847,315.17397594412733
2024-03-21 08:00:00,361.22951550428684,34.853172562901904,150.22375318686332,29.995782508336298,318.92055208060106,396.08268806718877
2024-03-21 09:00:00,284.43526409256503,49.08667804141043,113.62410596802475,28.496365463217295,426.8630674780669,333.5219421339755
2024-03-21 10:00:00,332.73445490141415,58.88480438493698,153.2145313883524,26.95564496936769,491.39035295177774,391.6192592863511
2024-03-21 11:00:00,315.3147011657505,57.34151080863002,136.09414244961948,25.943514087524363,471.0937506623361,372.6562119743805
2024-03-21 12:00:00,311.08834592201106,68.90894324186874,144.63757109247487,26.003707002588857,566.6322577148967,379.9972891638798
2024-03-21 13:00:00,192.20632075474649,63.3979670808641,78.91986803357855,26.163213790838817,506.00439839045566,255.6042878356106
2024-03-21 14:00:00,169.17427407618348,52.2622430236782,56.8261702219804,25.527763791089484,410.69832452244066,221.43651709986167
2024-03-21 15:00:00,326.254606750422,50.04489512301686,139.2736572374843,26.02832365492774,385.3619472588431,376.2995018734389
2024-03-21 16:00:00,312.3397172496513,35.78269521641624,134.47984305869053,26.01642032156505,262.9383567123376,348.12241246606754
2024-03-21 17:00:00,312.0010520203831,26.94586127579657,120.61657711487274,27.021698442641565,168.18668782822274,338.9469132961797
2024-03-21 18:00:00,364.72643945874705,2.778889954496139e-15,139.8401330720793,26.58944294808385,7.97414880480593e-14,364.72643945874705
2024-03-21 19:00:00,312.7733500392632,0.0,110.47017468309264,29.034296361650906,0.0,312.7733500392632
2024-03-21 20:00:00,389.183962830499,0.0,147.57526784289175,28.581830235324823,0.0,389.183962830499
2024-03-21 21:00:00,257.08196138373665,0.0,82.59565980817727,30.44080478216039,0.0,257.08196138373665
2024-03-21 22:00:00,37.57930477112161,0.0,0.0,30.7519799621022,0.0,37.57930477112161
2024-03-21 23:00:00,31.122422082714746,0.0,0.0,31.555031743406143,0.0,31.122422082714746
2024-03-22 00:00:00,32.234787001720804,0.0,0.0,32.443012680217905,0.0,32.234787001720804
2024-03-22 01:00:00,32.13339552745183,0.0,0.0,33.04101740449493,0.0,32.13339552745183
2024-03-22 02:00:00,26.65860675140823,0.0,0.0,33.2612369915979,0.0,26.65860675140823
2024-03-22 03:00:00,37.04748986028185,0.0,0.0,33.44239586788072,0.0,37.04748986028185
2024-03-22 04:00:00,33.05846726424901,0.0,0.0,33.26753807450167,0.0,33.05846726424901
2024-03-22 05:00:00,37.999757187924956,0.0,0.0,32.17325922749872,0.0,37.999757187924956
2024-03-22 06:00:00,,0.0,56.50666114366487,32.139311839541605,0.0,
2024-03-22 07:00:00,,16.72926850191219,99.67176125916532,30.484827649227515,185.6330864571382,
2024-03-22 08:00:00,,36.70952783274606,119.80259499311205,30.071194901083913,338.33215860612967,
2024-03-22 09:00:00,,42.95392814516413,128.17215639423904,28.840967898551703,362.67250399755756,
2024-03-22 10:00:00,,54.63784424152037,144.094656205313,27.507872404244768,455.5504607868916,
2024-03-22 11:00:00,,78.69043839882161,122.27205235225748,27.14821806299446,666.0690900082205,
2024-03-22 12:00:00,,79.5572328877841,169.39805068305944,26.75297174546648,652.517575701435,
2024-03-22 13:00:00,,72.00618767634342,78.8671677292564,26.13563526224441,575.3893270386322,
2024-03-22 14:00:00,,74.75127698569733,48.513624273183694,26.23890297895623,592.9769598037901,
2024-03-22 15:00:00,,64.32890594893611,132.47752674250503,26.58441580760916,486.8291047669958,
2024-03-22 16:00:00,,52.9084185498162,122.16220928901107,26.48969923571397,375.75297229895244,
2024-03-22 17:00:00,,29.13135888689762,119.01138994044643,25.585657151463298,178.61415786683898,
2024-03-22 18:00:00,,2.029292437673843e-15,148.64822496941946,28.62160979570414,9.467601250127964e-14,
2024-03-22 19:00:00,,0.0,141.92874825323463,28.477812346988465,0.0,
2024-03-22 20:00:00,,0.0,141.96794978076102,29.120834609541305,0.0,
2024-03-22 21:00:00,,0.0,91.34170002562828,29.876286229989866,0.0,
2024-03-22 22:00:00,,0.0,0.0,31.11425176879063,0.0,
2024-03-22 23:00:00,,0.0,0.0,31.725974538451872,0.0,
2024-03-23 00:00:00,,0.0,0.0,32.87334165024561,0.0,
2024-03-23 01:00:00,,0.0,0.0,33.25043472603187,0.0,
2024-03-23 02:00:00,,0.0,0.0,33.97562888097233,0.0,
2024-03-23 03:00:00,,0.0,0.0,34.60667958145571,0.0,
2024-03-23 04:00:00,,0.0,0.0,33.652132181195405,0.0,
2024-03-23 05:00:00,,0.0,0.0,33.246930295472616,0.0,
2024-03-23 06:00:00,,0.0,48.133824429453476,31.77205245321905,0.0,
2024-03-23 07:00:00,,15.486388093585404,102.50150387064298,31.16895680957653,160.3397328970091,
2024-03-23 08:00:00,,35.56370148388715,122.8816851259413,30.42399867105756,326.77854075782903,
2024-03-23 09:00:00,,45.393066080121024,101.82205014968422,28.97511186426221,387.6288622028692,
2024-03-23 10:00:00,,68.88980291870192,109.26450612055892,28.24789243366786,593.5778382153749,
2024-03-23 11:00:00,,68.97379725851091,114.2253846340629,28.16315971395604,575.6037482661778,
2024-03-23 12:00:00,,78.94516063726019,113.0611071265213,27.724814933246936,653.0261884673735,
2024-03-23 13:00:00,,74.58538464632079,56.51770400731119,26.86372221168831,602.5655601632292,
2024-03-23 14:00:00,,86.6359740624647,0.0,26.113178878553054,685.6446694162383,
2024-03-23 15:00:00,,73.7896757536263,0.0,26.682221085321853,562.903015478873,
2024-03-23 16:00:00,,45.188642998407815,0.0,26.459002988443945,324.4741484580949,
2024-03-23 17:00:00,,26.794774924731428,0.0,27.773484939706865,168.3037103744698,
2024-03-23 18:00:00,,3.2573979860146554e-15,0.0,28.58845902457813,7.556458113101845e-14,
2024-03-23 19:00:00,,0.0,0.0,29.169535600564707,0.0,
2024-03-23 20:00:00,,0.0,0.0,30.33161308013402,0.0,
2024-03-23 21:00:00,,0.0,0.0,31.325074746343162,0.0,
2024-03-23 22:00:00,,0.0,0.0,32.08918849039598,0.0,
2024-03-23 23:00:00,,0.0,0.0,32.084866056946865,0.0,
2024-03-24 00:00:00,,0.0,0.0,34.19910531755355,0.0,
2024-03-24 01:00:00,,0.0,0.0,34.88031044820924,0.0,
2024-03-24 02:00:00,,0.0,0.0,35.584004452717366,0.0,
2024-03-24 03:00:00,,0.0,0.0,34.539426083956755,0.0,
2024-03-24 04:00:00,,0.0,0.0,34.60115758053395,0.0,
2024-03-24 05:00:00,,0.0,0.0,34.20859825717919,0.0,
2024-03-24 06:00:00,,0.0,0.0,32.94633471787808,0.0,
2024-03-24 07:00:00,,16.50837982514503,0.0,32.77471909866686,182.3511076984881,
2024-03-24 08:00:00,,33.81864292958059,0.0,31.89573548277981,307.4548889136696,
2024-03-24 09:00:00,,53.555093278240456,0.0,31.07897427623613,473.25225017087104,
2024-03-24 10:00:00,,73.75822162833401,0.0,29.773864651557126,645.4296846559736,
2024-03-24 11:00:00,,78.01861375698103,0.0,29.999843457740212,670.6696356137869,
2024-03-24 12:00:00,,70.19311986356928,0.0,27.955918097436655,579.22921436172,
2024-03-24 13:00:00,,69.14116059286154,0.0,28.975946968142093,566.6581837381468,
2024-03-24 14:00:00,,63.253350350506956,0.0,28.178798311393578,503.69897125230705,
2024-03-24 15:00:00,,66.70131223326621,0.0,28.58410184156598,511.9031157500902,
2024-03-24 16:00:00,,58.25124831436147,0.0,28.10354077654797,421.72295839465977,
2024-03-24 17:00:00,,32.92797210896487,0.0,29.242012184393328,204.50244136731703,
2024-03-24 18:00:00,,4.272257744843409e-15,0.0,30.25813564889654,6.643648350401126e-14,
2024-03-24 19:00:00,,0.0,0.0,29.8451025873436,0.0,
2024-03-24 20:00:00,,0.0,0.0,31.21298542615665,0.0,
2024-03-24 21:00:00,,0.0,0.0,31.12988888080759,0.0,
2024-03-24 22:00:00,,0.0,0.0,32.95548207863978,0.0,
2024-03-24 23:00:00,,0.0,0.0,33.36151820448723,0.0,
2024-03-25 00:00:00,,0.0,0.0,34.93297806394868,0.0,
2024-03-25 01:00:00,,0.0,0.0,36.85333506550059,0.0,
2024-03-25 02:00:00,,0.0,0.0,36.36967474808512,0.0,
2024-03-25 03:00:00,,0.0,0.0,34.671789618347944,0.0,
2024-03-25 04:00:00,,0.0,0.0,35.319731058731755,0.0,
2024-03-25 05:00:00,,0.0,0.0,34.88511227236906,0.0,
2024-03-25 06:00:00,,0.0,53.27522331183179,33.591824451334226,0.0,
2024-03-25 07:00:00,,16.317084848851763,129.5057770831838,33.005793454124614,177.26585174754737,
2024-03-25 08:00:00,,41.84883423020036,146.61298296378294,32.14876409839402,395.20611318607354,
2024-03-25 09:00:00,,62.77505471970661,131.29827572404378,30.43160065039677,563.4955499187834,
2024-03-25 10:00:00,,81.05130536920043,152.1567474726538,29.74510831764345,712.2062391151597,
2024-03-25 11:00:00,,88.45958613898682,126.97092186656566,29.622047619754102,762.3781466069621,
2024-03-25 12:00:00,,94.70023182778624,128.59306288908314,29.02938534543187,805.0063954246718,
2024-03-25 13:00:00,,90.62750256210522,87.40026738347517,28.275751244966152,751.9954348242811,
2024-03-25 14:00:00,,80.4932279864406,54.54293610680269,28.1135849247596,643.4586836351399,
2024-03-25 15:00:00,,67.44392109157229,136.46348177111412,28.585142977839183,515.922498892717,
2024-03-25 16:00:00,,48.644354174035165,109.22402505256885,29.422759557932622,352.395086217023,
2024-03-25 17:00:00,,25.330758526850943,130.22892007798754,29.497656375060174,163.232492508221,
2024-03-25 18:00:00,,2.7413674276067726e-15,146.66450565811567,31.072138410004346,7.96287681973042e-14,
2024-03-25 19:00:00,,0.0,124.41991524119072,30.756996062996418,0.0,
2024-03-25 20:00:00,,0.0,144.4590188861374,32.10732789541393,0.0,
2024-03-25 21:00:00,,0.0,83.17071755805769,32.73949193799334,0.0,
2024-03-25 22:00:00,,0.0,0.0,34.05475346789307,0.0,
2024-03-25 23:00:00,,0.0,0.0,34.094852787726836,0.0,
2024-03-26 00:00:00,,0.0,0.0,32.867531139760864,0.0,
2024-03-26 01:00:00,,0.0,0.0,31.408177539992195,0.0,
2024-03-26 02:00:00,,0.0,0.0,33.23048346935858,0.0,
2024-03-26 03:00:00,,0.0,0.0,32.29847797608461,0.0,
2024-03-26 04:00:00,,0.0,0.0,32.180044553637444,0.0,
2024-03-26 05:00:00,,0.0,0.0,32.01487953521735,0.0,
2024-03-26 06:00:00,,0.0,52.921538419421374,31.05157409710149,0.0,
2024-03-26 07:00:00,,15.589698626203237,153.32968794963156,29.41359656348075,154.95822515622748,
2024-03-26 08:00:00,,38.66272950203786,130.41210565242122,29.172788127149754,355.8466287160943,
2024-03-26 09:00:00,,47.24128355640646,131.35301503366654,28.90061367797694,404.93401403043936,
2024-03-26 10:00:00,,63.672531155521575,132.1496588112828,26.679097493438043,537.336785424632,
2024-03-26 11:00:00,,72.63584052481768,136.08708625797883,27.457083870962528,606.5275495404736,
2024-03-26 12:00:00,,62.09661303071365,145.35392717764947,26.0345056792572,507.65339279706416,
2024-03-26 13:00:00,,74.72423079290779,69.07230292612108,25.275389071546588,603.94564185388,
2024-03-26 14:00:00,,52.83862498146524,58.687444448664984,24.92609865721433,416.1297631794509,
2024-03-26 15:00:00,,49.694589589993114,135.9193239140017,25.38035942030258,381.05227907926053,
2024-03-26 16:00:00,,46.97604030216338,142.47946682731802,24.86401527073767,334.09583933156614,
2024-03-26 17:00:00,,24.67130006043892,167.2899806240036,26.190247380836148,158.79847978445997,
2024-03-26 18:00:00,,4.061773577004876e-15,128.0925845844189,26.991279727590648,6.898391574116795e-14,
2024-03-26 19:00:00,,0.0,118.46694728805066,27.42966986710342,0.0,
2024-03-26 20:00:00,,0.0,137.61628688463904,29.246665946970634,0.0,
2024-03-26 21:00:00,,0.0,83.85255137474667,29.669226863482585,0.0,
2024-03-26 22:00:00,,0.0,0.0,30.30484607721124,0.0,
2024-03-26 23:00:00,,0.0,0.0,31.1849501161371,0.0,
2024-03-27 00:00:00,,0.0,0.0,32.991828633187474,0.0,
2024-03-27 01:00:00,,0.0,0.0,33.20053698052926,0.0,
2024-03-27 02:00:00,,0.0,0.0,32.932698439240234,0.0,
2024-03-27 03:00:00,,0.0,0.0,33.22675311231598,0.0,
2024-03-27 04:00:00,,0.0,0.0,32.788936917746426,0.0,
2024-03-27 05:00:00,,0.0,0.0,31.68832760586253,0.0,
2024-03-27 06:00:00,,0.0,58.7066903787182,31.38893363653039,0.0,
2024-03-27 07:00:00,,14.849051950810777,127.73191395623996,30.97872177635329,141.32158422679674,
2024-03-27 08:00:00,,35.96707460506414,123.79355724079029,30.069255113232273,327.28357411153496,
2024-03-27 09:00:00,,62.606926889733785,114.30489348284917,28.762337159223502,552.7749145900565,
2024-03-27 10:00:00,,65.98231053200622,116.53883736014818,28.37157238067701,561.9621406751423,
2024-03-27 11:00:00,,85.91934714799562,129.3845100124741,26.818334500638795,736.4446175011736,
2024-03-27 12:00:00,,82.49217592258739,133.4261033650919,26.27760315094182,689.8383432136924,
2024-03-27 13:00:00,,82.09629671029823,97.72758674781441,26.27681810962544,675.0919731881773,
2024-03-27 14:00:00,,61.38962379524261,44.86005009512185,27.03196905132759,486.33981474760697,
2024-03-27 15:00:00,,68.04813806698644,139.52791791697098,26.484071404541385,519.2591601598027,
2024-03-27 16:00:00,,44.09800612056757,125.19986598041062,26.6144141652056,318.8183848993401,
2024-03-27 17:00:00,,30.25828993720025,138.00870076898963,28.08038124973443,188.59797804180292,
2024-03-27 18:00:00,,3.5039707322094632e-15,127.53131571211625,27.88971676568225,7.362756408109299e-14,
2024-03-27 19:00:00,,0.0,148.9776919251175,29.994685944068195,0.0,
2024-03-27 20:00:00,,0.0,148.8940703231254,29.52754442147365,0.0,
2024-03-27 21:00:00,,0.0,80.08388160686296,30.183188276517193,0.0,
2024-03-27 22:00:00,,0.0,0.0,31.450004995858084,0.0,
2024-03-27 23:00:00,,0.0,0.0,32.133517587018424,0.0,
2024-03-28 00:00:00,,0.0,0.0,32.69779392859498,0.0,
2024-03-28 01:00:00,,0.0,0.0,34.75229243461505,0.0,
2024-03-28 02:00:00,,0.0,0.0,33.72987828742672,0.0,
2024-03-28 03:00:00,,0.0,0.0,33.68343018237162,0.0,
2024-03-28 04:00:00,,0.0,0.0,32.87071428320117,0.0,
2024-03-28 05:00:00,,0.0,0.0,32.25660404530444,0.0,
2024-03-28 06:00:00,,0.0,61.771204514809604,32.33334418138295,0.0,
2024-03-28 07:00:00,,17.337663024863264,145.26146705020105,30.13851077508804,186.32202202585472,
2024-03-28 08:00:00,,29.909770859835785,153.7995460077717,29.499132767128913,255.90596161458492,
2024-03-28 09:00:00,,57.386166867958906,134.41764762466246,29.041044092861497,503.2935358191774,
2024-03-28 10:00:00,,63.11402310324151,147.84928310049412,28.996088656341254,538.7687788697395,
2024-03-28 11:00:00,,72.15215842321597,124.62844832568923,27.408432782886447,603.941213731573,
2024-03-28 12:00:00,,80.9409975091803,123.25960303503452,27.24755186891566,672.4645874697428,
2024-03-28 13:00:00,,80.75568182106575,98.65658768533305,26.703688951206406,662.1369422586394,
2024-03-28 14:00:00,,62.61547922242155,48.13629180272874,27.218694209992503,501.014240585177,
2024-03-28 15:00:00,,65.1066978161697,129.1125739586797,25.8974631024059,492.0548491104022,
2024-03-28 16:00:00,,44.74438776929956,109.37690780964108,27.40745769213995,324.9698278341448,
2024-03-28 17:00:00,,20.897844143867136,123.58084786040416,27.496241804499885,141.27982596177222,
2024-03-28 18:00:00,,3.0842792145691106e-15,121.57781988412262,28.783007100483804,7.695840106628003e-14,
2024-03-28 19:00:00,,0.0,125.95107546861294,28.755057292615117,0.0,
2024-03-28 20:00:00,372.51665083414304,0.0,139.04843102181377,30.082761538455518,0.0,372.51665083414304
2024-03-28 21:00:00,262.1614727013441,0.0,85.38238659637025,30.92517830592658,0.0,262.1614727013441
2024-03-28 22:00:00,35.70043600765256,0.0,0.0,31.319347267863893,0.0,35.70043600765256
2024-03-28 23:00:00,28.185486927860275,0.0,0.0,31.905232231203527,0.0,28.185486927860275
2024-03-29 00:00:00,35.82620961154751,0.0,0.0,34.19454367108194,0.0,35.82620961154751
2024-03-29 01:00:00,41.10641095882007,0.0,0.0,34.89936639527721,0.0,41.10641095882007
2024-03-29 02:00:00,30.570504350711126,0.0,0.0,34.57520432661573,0.0,30.570504350711126
2024-03-29 03:00:00,34.93265073667269,0.0,0.0,34.6693640492658,0.0,34.93265073667269
2024-03-29 04:00:00,30.581865270257726,0.0,0.0,33.54185067477172,0.0,30.581865270257726
2024-03-29 05:00:00,31.825976452368874,0.0,0.0,33.74320921267903,0.0,31.825976452368874
2024-03-29 06:00:00,195.29771401061777,0.0,48.56322856356468,33.71545376208048,0.0,195.29771401061777
2024-03-29 07:00:00,337.096137719742,16.684024691402268,124.33950161150743,32.71211725961184,177.92742944707433,353.78016241114426
2024-03-29 08:00:00,360.7877896573429,36.74016772772496,149.62738809742342,31.4101994702544,337.8930195399862,397.52795738506785
2024-03-29 09:00:00,357.0468658228945,56.20388420058019,158.02145642848265,30.669620143416232,497.8185797028571,413.2507500234747
2024-03-29 10:00:00,352.5088759284299,57.85874634061426,151.9548775908351,29.289530240970894,484.9679061015743,410.3676222690442
2024-03-29 11:00:00,234.84861035069133,80.98245687183088,112.77452988790881,29.791006046260758,686.4518906142015,315.8310672225222
2024-03-29 12:00:00,313.8072570928058,95.55015904974287,151.0569964222652,29.45645277877939,817.7914501535852,409.3574161425487
2024-03-29 13:00:00,205.0060575739107,78.96097353975468,96.01487973776614,28.15533186210922,644.8600340027926,283.96703111366537
2024-03-29 14:00:00,52.3382432576075,71.06210892707116,0.0,29.249003356798717,568.9435804930198,123.40035218467867
2024-03-29 15:00:00,40.54420426503774,63.19296880867498,0.0,27.732828860988562,484.4602118475298,103.73717307371273
2024-03-29 16:00:00,340.6142056343573,56.826636471783814,138.04042430343887,27.79703190548796,408.0518184201959,397.4408421061411
2024-03-29 17:00:00,332.53420094419664,22.706132412874396,130.58364092042933,28.623974827568,151.11118710746874,355.24033335707105
2024-03-29 18:00:00,364.4700648075776,2.4053938209590556e-15,136.43346844461414,29.59391530623048,8.291957949509368e-14,364.4700648075776
2024-03-29 19:00:00,385.4650400875555,0.0,140.98401768965292,31.70382705651063,0.0,385.4650400875555
2024-03-29 20:00:00,397.80428546320667,0.0,150.62739820650688,31.313080875064994,0.0,397.80428546320667
2024-03-29 21:00:00,288.4392986250668,0.0,89.95871768858215,31.929699190224788,0.0,288.4392986250668
2024-03-29 22:00:00,35.02739576378426,0.0,0.0,32.75443100897926,0.0,35.02739576378426
2024-03-29 23:00:00,34.00477777691421,0.0,0.0,34.49854522894253,0.0,34.00477777691421
2024-03-30 00:00:00,45.585393420928746,0.0,0.0,33.396007144933854,0.0,45.585393420928746
2024-03-30 01:00:00,37.689778372153306,0.0,0.0,33.00426865636874,0.0,37.689778372153306
2024-03-30 02:00:00,38.93710392826253,0.0,0.0,32.42837529949522,0.0,38.93710392826253
2024-03-30 03:00:00,33.345355084326364,0.0,0.0,32.682710977190894,0.0,33.345355084326364
2024-03-30 04:00:00,39.96875149751346,0.0,0.0,33.757978189529105,0.0,39.96875149751346
2024-03-30 05:00:00,34.52201165248799,0.0,0.0,32.68554503396145,0.0,34.52201165248799
2024-03-30 06:00:00,61.73475051202491,0.0,0.0,31.648998045312954,0.0,61.73475051202491
2024-03-30 07:00:00,46.985626629066175,17.963146892811878,0.0,31.706550601968154,193.14466631395325,64.94877352187805
2024-03-30 08:00:00,14.469643273460186,45.96510186810581,0.0,30.84543049393956,428.2101206675791,60.434745141566
2024-03-30 09:00:00,13.900709985849005,47.05475767438419,0.0,28.94243089869433,400.9742664822,60.9554676602332
2024-03-30 10:00:00,0.0,78.46797953249396,0.0,28.107481477267967,678.5205132565642,78.46797953249396
2024-03-30 11:00:00,0.0,78.12636050875325,0.0,27.100370282324846,654.8951215293804,78.12636050875325
2024-03-30 12:00:00,0.0,88.12160048862985,0.0,26.692876800545697,733.9306370671187,88.12160048862985
2024-03-30 13:00:00,0.0,66.43306364325589,0.0,25.742364477622,528.7825299424196,66.43306364325589
2024-03-30 14:00:00,0.0,85.53091535943544,0.0,25.62107416944177,679.1728357671327,85.53091535943544
2024-03-30 15:00:00,0.0,68.07242014069487,0.0,25.62419753106911,517.914912697108,68.07242014069487
2024-03-30 16:00:00,17.348791297770966,46.134065832817576,0.0,27.377346947747988,334.8549289732779,63.48285713058854
2024-03-30 17:00:00,30.602824843782,29.8749388091603,0.0,26.610692511924604,186.78856212624333,60.4777636529423
2024-03-30 18:00:00,56.156524498923275,3.2884082881115416e-15,0.0,29.091248506886878,7.525324495239444e-14,56.156524498923275
2024-03-30 19:00:00,62.12627230508421,0.0,0.0,28.595211754075276,0.0,62.12627230508421
2024-03-30 20:00:00,60.52554948749651,0.0,0.0,30.734942310925067,0.0,60.52554948749651
2024-03-30 21:00:00,62.426792041063244,0.0,0.0,30.589606843959885,0.0,62.426792041063244
2024-03-30 22:00:00,33.51303912360903,0.0,0.0,30.833173972073563,0.0,33.51303912360903
2024-03-30 23:00:00,34.353125613918735,0.0,0.0,32.98303054071945,0.0,34.353125613918735
2024-03-31 00:00:00,12.195268645456782,0.0,0.0,33.71634292512518,0.0,12.195268645456782
2024-03-31 01:00:00,14.69227379217603,0.0,0.0,32.91203608994127,0.0,14.69227379217603
2024-03-31 02:00:00,17.829025871785134,0.0,0.0,33.31849506476431,0.0,17.829025871785134
2024-03-31 03:00:00,17.223193102896644,0.0,0.0,32.912163621794285,0.0,17.223193102896644
2024-03-31 04:00:00,10.043239854089975,0.0,0.0,32.95514676407971,0.0,10.043239854089975
2024-03-31 05:00:00,13.990013434557817,0.0,0.0,32.51310950593638,0.0,13.990013434557817
2024-03-31 06:00:00,17.975679140809945,0.0,0.0,31.55862966850532,0.0,17.975679140809945
2024-03-31 07:00:00,4.308432367240105,16.816023789456683,0.0,29.98074215822643,173.86055993731495,21.124456156696787
2024-03-31 08:00:00,0.0,44.85743071345483,0.0,29.69388154051802,415.1400324002248,44.85743071345483
2024-03-31 09:00:00,0.0,55.033413254243385,0.0,29.43021392198123,480.91699864529545,55.033413254243385
2024-03-31 10:00:00,0.0,61.7856948029408,0.0,28.129871426765074,525.0000613317815,61.7856948029408
2024-03-31 11:00:00,0.0,87.48685472598754,0.0,27.345727150129264,743.6153808153616,87.48685472598754
2024-03-31 12:00:00,0.0,87.21591105810201,0.0,26.487844012302112,724.5405970106831,87.21591105810201
2024-03-31 13:00:00,0.0,86.92784462518192,0.0,26.298555121452488,706.9052065764943,86.92784462518192
2024-03-31 14:00:00,0.0,83.4069374080141,0.0,27.188795251354012,664.3154745612536,83.4069374080141
2024-03-31 15:00:00,0.0,58.13272175315052,0.0,26.03369217765024,443.34694764997215,58.13272175315052
2024-03-31 16:00:00,0.0,46.134067035290194,0.0,27.31364383316011,333.46426652635176,46.134067035290194
2024-03-31 17:00:00,0.0,26.87584652779918,0.0,27.53297507436188,171.74444954325364,26.87584652779918
2024-03-31 18:00:00,16.437518645955347,3.828635851012483e-15,0.0,28.35672652962373,7.084619056995312e-14,16.43751864595535
2024-03-31 19:00:00,19.15068690246602,0.0,0.0,28.7122763996969,0.0,19.15068690246602
2024-03-31 20:00:00,14.544023669307633,0.0,0.0,29.808432515039073,0.0,14.544023669307633
2024-03-31 21:00:00,18.50843342177377,0.0,0.0,30.887327765835877,0.0,18.50843342177377
2024-03-31 22:00:00,13.816625315717996,0.0,0.0,31.473987715758433,0.0,13.816625315717996
2024-03-31 23:00:00,11.70121321077066,0.0,0.0,32.624910984234226,0.0,11.70121321077066
2024-04-01 00:00:00,39.80646659979698,0.0,0.0,32.0654173287268,0.0,39.80646659979698
2024-04-01 01:00:00,34.34784612273533,0.0,0.0,33.27270261124143,0.0,34.34784612273533
2024-04-01 02:00:00,35.21908338336788,0.0,0.0,32.44470392210092,0.0,35.21908338336788
2024-04-01 03:00:00,39.414389842284955,0.0,0.0,31.23022797167205,0.0,39.414389842284955
2024-04-01 04:00:00,39.02114547023447,0.0,0.0,32.418207361084605,0.0,39.02114547023447
2024-04-01 05:00:00,26.979758221518452,0.0,0.0,31.17854732075455,0.0,26.979758221518452
2024-04-01 06:00:00,196.02573478407697,0.0,53.506357890909996,31.56157158888816,0.0,196.02573478407697
2024-04-01 07:00:00,375.4083756650157,20.13594144156326,147.28341202824876,30.44693779153121,213.42841999608976,395.54431710657894
2024-04-01 08:00:00,375.69204946518505,39.83272538592607,158.9736569543044,28.552975215563947,362.31355297152453,415.52477485111115
2024-04-01 09:00:00,385.30448795477326,66.31897213089815,182.2624451065604,28.260693641496495,586.4361845891125,451.6234600856714
2024-04-01 10:00:00,247.0964310274295,74.29187067864417,114.54200852963288,26.75863133354579,641.0409738019988,321.38830170607366
2024-04-01 11:00:00,293.59291302062707,89.4754559636004,147.8793423519752,26.332080586474163,758.7803842950777,383.06836898422745
2024-04-01 12:00:00,257.2357859499931,92.28243016985041,133.4357218910031,26.11251240135117,775.3526471477669,349.5182161198435
2024-04-01 13:00:00,152.3187529946211,89.68240690538182,81.55938207598433,25.981368618431247,741.9002882650718,242.0011599000029
2024-04-01 14:00:00,156.3972605595403,81.99355508500605,69.21013110128935,25.753211821862852,647.0462003591325,238.39081564454636
2024-04-01 15:00:00,315.97559001842933,64.90941130319831,149.12280191114849,25.462363331364408,497.09954700236676,380.88500132162767
2024-04-01 16:00:00,261.37063682738597,60.12028222643133,120.74425689865666,27.016231944214802,433.13730610229527,321.49091905381727
2024-04-01 17:00:00,368.2137032618852,26.28629992142637,155.0045849588338,26.148224970003273,168.6916187140833,394.50000318331155
2024-04-01 18:00:00,445.33500335930984,2.0387573442858676e-15,189.5647869432559,26.252008591570082,8.830058036251325e-14,445.33500335930984
2024-04-01 19:00:00,346.4708788925906,0.0,129.04461365002513,27.192392601956247,0.0,346.4708788925906
2024-04-01 20:00:00,435.85877440857166,0.0,165.89376366367568,29.542612772480904,0.0,435.85877440857166
2024-04-01 21:00:00,328.05616444464476,0.0,109.31480102163995,29.67314910535515,0.0,328.05616444464476
2024-04-01 22:00:00,27.301513952996288,0.0,0.0,30.635137656446776,0.0,27.301513952996288
2024-04-01 23:00:00,28.986592479287363,0.0,0.0,31.009220701610477,0.0,28.986592479287363
2024-04-02 00:00:00,32.92375080958682,0.0,0.0,33.884826452763846,0.0,32.92375080958682
2024-04-02 01:00:00,35.39331846927246,0.0,0.0,34.067281240705,0.0,35.39331846927246
2024-04-02 02:00:00,38.50820876062259,0.0,0.0,34.81566418583295,0.0,38.50820876062259
2024-04-02 03:00:00,40.93703195885154,0.0,0.0,34.4121392124111,0.0,40.93703195885154
2024-04-02 04:00:00,39.291970870814495,0.0,0.0,34.328680381315145,0.0,39.291970870814495
2024-04-02 05:00:00,33.11762072354799,0.0,0.0,33.72468170597956,0.0,33.11762072354799
2024-04-02 06:00:00,235.31129443537975,0.0,62.68863711803258,32.61714941235146,0.0,235.31129443537975
2024-04-02 07:00:00,463.387863338328,18.902954089704266,187.86600503578092,31.256590124375343,199.3981481275169,482.29081742803226
2024-04-02 08:00:00,356.6090910449742,33.12382620473788,147.10797960135667,30.307188981168235,290.21677231867204,389.7329172497121
2024-04-02 09:00:00,384.96189282499495,50.74871022679373,180.27355560290582,31.68754791715662,441.1448456631855,435.71060305178867
2024-04-02 10:00:00,36.02932173929919,86.35235330041854,0.0,30.06917550137957,759.7623022312374,122.38167503971773
2024-04-02 11:00:00,342.6339060867617,73.56810566562353,156.98761030959483,29.275306328460605,625.6518373738751,416.20201175238526
2024-04-02 12:00:00,263.3245019263966,91.91071669746876,134.07653455225338,27.71169646242893,773.7342285952188,355.2352186238653
2024-04-02 13:00:00,189.33433027209153,79.13145531524239,85.03365220944109,27.704103254037733,652.0994723502778,268.4657855873339
2024-04-02 14:00:00,129.52891631987984,79.4138051051596,48.23162134738175,27.172407382976328,635.1130999233135,208.94272142503945
2024-04-02 15:00:00,370.1690774803643,62.55081882063369,166.85786134258004,27.04330733957323,480.254898500865,432.719896300998
2024-04-02 16:00:00,361.43534363884817,52.769738041121755,164.9702330195123,27.754613105734524,384.99371898996174,414.2050816799699
2024-04-02 17:00:00,374.5117192012859,29.84000637387205,158.7476748682711,29.268307526729785,190.9321407159815,404.35172557515796
2024-04-02 18:00:00,398.73717862625386,2.22585264660834e-15,155.56725691666216,29.750461462629897,8.48974499043429e-14,398.73717862625386
2024-04-02 19:00:00,442.5348951105426,0.0,178.88207001188798,29.68919812049808,0.0,442.5348951105426
2024-04-02 20:00:00,408.6148319040237,0.0,162.19032114510122,30.922680754089175,0.0,408.6148319040237
2024-04-02 21:00:00,260.5091765193943,0.0,89.2586032644169,32.360517022995026,0.0,260.5091765193943
2024-04-02 22:00:00,39.217989876779946,0.0,0.0,32.54460308157424,0.0,39.217989876779946
2024-04-02 23:00:00,32.35524184034475,0.0,0.0,33.59475563573719,0.0,32.35524184034475
2024-04-03 00:00:00,32.83481152914046,0.0,0.0,33.53833374726207,0.0,32.83481152914046
2024-04-03 01:00:00,34.757878562410426,0.0,0.0,33.88252677841794,0.0,34.757878562410426
2024-04-03 02:00:00,31.09534632788179,0.0,0.0,33.93339382432928,0.0,31.09534632788179
2024-04-03 03:00:00,37.27935026354673,0.0,0.0,33.36021291560462,0.0,37.27935026354673
2024-04-03 04:00:00,35.170256876276085,0.0,0.0,33.06192272997026,0.0,35.170256876276085
2024-04-03 05:00:00,38.60023287798144,0.0,0.0,32.214369918876734,0.0,38.60023287798144
2024-04-03 06:00:00,236.6095880565144,0.0,63.92753802989476,31.275652813732997,0.0,236.6095880565144
2024-04-03 07:00:00,465.60339038107753,15.43728057295702,189.74820548405367,31.154813397497843,146.09392162608054,481.04067095403457
2024-04-03 08:00:00,407.1553755373623,34.29481931797641,167.29912851500518,30.71445091777773,302.5086455792054,441.45019485533874
2024-04-03 09:00:00,363.3523733044534,44.99069771800789,151.3587881237378,28.71031325554834,379.6394165087329,408.3430710224613
2024-04-03 10:00:00,361.9747997852323,54.65709866389538,156.7995590153372,28.692807732546264,454.1197358585162,416.6318984491277
2024-04-03 11:00:00,349.89520877843853,70.1504269623756,164.79821506247953,28.223762983022915,592.8569684042068,420.04563574081413
2024-04-03 12:00:00,335.42981624894554,67.79067585264956,150.86789492938507,26.356865312827924,549.8504887553217,403.2204921015951
2024-04-03 13:00:00,201.90177611022415,66.36863998295301,89.6848041462436,26.790290168404287,542.1638456173775,268.2704160931772
2024-04-03 14:00:00,163.79530300183183,60.21666341976747,62.92867158603869,27.62942621071332,483.44673858623963,224.0119664215993
2024-04-03 15:00:00,386.4341771602116,60.31318526999364,181.42566931411574,27.201551227351082,464.7856031438674,446.74736243020527
2024-04-03 16:00:00,400.9051906782189,40.845032604449884,169.95788008233092,26.340003622707453,299.98258741637466,441.7502232826688
2024-04-03 17:00:00,368.98754198422273,23.493994856038345,151.0499204319907,28.160617107537025,156.33582861923017,392.48153684026107
2024-04-03 18:00:00,439.34079057098097,2.5981107659490563e-15,171.18695360468124,28.18245271336997,8.119097407952129e-14,439.34079057098097
2024-04-03 19:00:00,408.99756238291127,0.0,157.6350312364856,29.74610791767169,0.0,408.99756238291127
2024-04-03 20:00:00,426.53980079262243,0.0,162.92726647558396,29.961280227183746,0.0,426.53980079262243
2024-04-03 21:00:00,289.6563524034415,0.0,96.89674511272463,31.185671546136973,0.0,289.6563524034415
2024-04-03 22:00:00,36.98045729731663,0.0,0.0,31.78754972620266,0.0,36.98045729731663
2024-04-03 23:00:00,37.62551205872069,0.0,0.0,32.7827737060063,0.0,37.62551205872069
2024-04-04 00:00:00,36.17156499593228,0.0,0.0,32.46259478431451,0.0,36.17156499593228
2024-04-04 01:00:00,40.95103249307145,0.0,0.0,32.984117229258985,0.0,40.95103249307145
2024-04-04 02:00:00,28.950884684976568,0.0,0.0,32.627343453869145,0.0,28.950884684976568
2024-04-04 03:00:00,36.96541744486,0.0,0.0,33.34121614774322,0.0,36.96541744486
2024-04-04 04:00:00,33.44127252516579,0.0,0.0,32.83387747559198,0.0,33.44127252516579
2024-04-04 05:00:00,33.315530435209695,0.0,0.0,31.381753605125326,0.0,33.315530435209695
2024-04-04 06:00:00,221.0304253256355,0.0,49.70538105453266,31.96160428812545,0.0,221.0304253256355
2024-04-04 07:00:00,321.76794142975814,15.632646110529842,109.5028830827752,30.53286863605606,148.04511071959325,337.400587540288
2024-04-04 08:00:00,400.91679334441204,35.018826154351316,161.0692873777327,29.79602715614244,310.7091191700564,435.93561949876334
2024-04-04 09:00:00,354.9769419459903,52.4001496440934,144.0674350315675,29.191560136180257,452.2366476263411,407.3770915900837
2024-04-04 10:00:00,294.6533162178316,65.06841078863188,131.68161421105364,28.129267079204478,552.3027329035591,359.7217270064635
2024-04-04 11:00:00,332.4666398326307,65.68158398902956,144.5533531758625,27.82287380310202,541.7219324060335,398.1482238216602
2024-04-04 12:00:00,365.4098639136928,80.90256661213229,172.06311982693987,26.53740928367624,673.9023821106541,446.3124305258251
2024-04-04 13:00:00,230.7020203945405,69.89931592467731,97.8814527404839,26.851620259126268,565.8914573086927,300.6013363192178
2024-04-04 14:00:00,171.33624031840995,66.65034737778186,67.86209557776546,26.276608266928147,533.9492836281005,237.9865876961918
2024-04-04 15:00:00,382.5450119789961,53.74055377750304,164.6362550337587,26.588222278266095,417.14323072330944,436.2855657564992
2024-04-04 16:00:00,350.73157666365336,39.562501384468625,143.028396229974,26.8858716311779,293.6317222031898,390.294078048122
2024-04-04 17:00:00,433.61543392993696,18.976308647396408,169.73058126057273,27.860637386526335,132.66385715862486,452.5917425773334
2024-04-04 18:00:00,445.0746686042018,3.18860986745806e-15,166.725399728817,28.325852144804134,7.614775399518335e-14,445.0746686042018
2024-04-04 19:00:00,414.4199246819523,0.0,155.64963780554453,28.58780656001074,0.0,414.4199246819523
2024-04-04 20:00:00,417.96195691579135,0.0,158.4267329701134,29.394512436024563,0.0,417.96195691579135
2024-04-04 21:00:00,316.3515918351542,0.0,101.98880234566874,30.596135542085893,0.0,316.3515918351542
2024-04-04 22:00:00,29.942477002566307,0.0,0.0,31.08509523748486,0.0,29.942477002566307
2024-04-04 23:00:00,37.30524876258137,0.0,0.0,31.663923591514227,0.0,37.30524876258137
2024-04-05 00:00:00,32.21486083997443,0.0,0.0,32.155646809218,0.0,32.21486083997443
2024-04-05 01:00:00,32.37038804067591,0.0,0.0,32.79469314371887,0.0,32.37038804067591
2024-04-05 02:00:00,36.20850017278451,0.0,0.0,34.68128731117725,0.0,36.20850017278451
2024-04-05 03:00:00,40.459151316717495,0.0,0.0,33.24107439781834,0.0,40.459151316717495
2024-04-05 04:00:00,35.85769740702913,0.0,0.0,34.17140319377759,0.0,35.85769740702913
2024-04-05 05:00:00,35.73859776145354,0.0,0.0,32.86503516535219,0.0,35.73859776145354
2024-04-05 06:00:00,224.85595021580698,0.0,58.27846931101678,31.913705119803435,0.0,224.85595021580698
2024-04-05 07:00:00,455.051389834699,20.165871466936018,174.6341566984677,30.344148230069692,209.8569269708063,475.21726130163506
2024-04-05 08:00:00,415.2195358614596,32.704956079491964,166.40022994321194,30.19091857840951,285.09016258498394,447.92449194095155
2024-04-05 09:00:00,386.2618402273172,39.74153494604047,157.53556187311318,30.228809356246778,333.3119714883575,426.00337517335765
2024-04-05 10:00:00,398.660693113971,67.52644404203673,181.61697337183782,29.217402502629856,577.1608012926882,466.1871371560077
2024-04-05 11:00:00,329.14340166083747,62.886054916276265,137.11427779900706,27.85082972281736,524.3061000338157,392.0294565771137
2024-04-05 12:00:00,343.33028961836925,82.9196074818429,150.25208983519775,26.58316103442344,696.7982802094767,426.24989710021214
2024-04-05 13:00:00,214.53557791877702,68.3639485956221,88.05272995006496,26.329261065985172,556.9660702779519,282.8995265143991
2024-04-05 14:00:00,186.2309973087844,59.95897978335063,65.25597359236829,26.262288208925256,476.33988452897364,246.18997709213502
2024-04-05 15:00:00,406.5893461535875,53.118099485921185,176.12300577533833,27.446921202291097,413.3202755246437,459.70744563950865
2024-04-05 16:00:00,362.44388382571134,44.849418206216,142.01740446032585,27.973355435430328,327.81947365927886,407.29330203192734
2024-04-05 17:00:00,486.79768443344835,22.189939372564073,209.56159455899314,27.811656813952364,150.31276981721774,508.98762380601244
2024-04-05 18:00:00,416.15265999825044,4.079820394792309e-15,147.0615883271568,28.287043912859907,6.861657268717434e-14,416.15265999825044
2024-04-05 19:00:00,433.8169788558361,0.0,163.18076469568047,30.057072721093153,0.0,433.8169788558361
2024-04-05 20:00:00,431.8869592687289,0.0,157.54230926452075,29.699297360189007,0.0,431.8869592687289
2024-04-05 21:00:00,304.9111301683205,0.0,94.93617905304446,31.120362452280492,0.0,304.9111301683205
2024-04-05 22:00:00,36.968645086854266,0.0,0.0,32.17006713039455,0.0,36.968645086854266
2024-04-05 23:00:00,38.487200815803284,0.0,0.0,32.2320575611862,0.0,38.487200815803284
2024-04-06 00:00:00,23.18395393361181,0.0,0.0,34.5655264048674,0.0,23.18395393361181
2024-04-06 01:00:00,18.91376295885398,0.0,0.0,34.87626620473545,0.0,18.91376295885398
2024-04-06 02:00:00,15.902828824527507,0.0,0.0,36.06075803031156,0.0,15.902828824527507
2024-04-06 03:00:00,21.375079965845778,0.0,0.0,36.190318632857796,0.0,21.375079965845778
2024-04-06 04:00:00,19.95476007983046,0.0,0.0,34.94087978068133,0.0,19.95476007983046
2024-04-06 05:00:00,8.913024692182109,0.0,0.0,34.19315904294904,0.0,8.913024692182109
2024-04-06 06:00:00,18.42544214430933,0.0,0.0,33.30247406482087,0.0,18.42544214430933
2024-04-06 07:00:00,5.821873163116114,20.048016344784006,0.0,32.7591344169015,209.05331448490273,25.86988950790012
2024-04-06 08:00:00,0.0,43.24036497601132,0.0,31.577283726599124,397.12934659401753,43.24036497601132
2024-04-06 09:00:00,0.0,56.448305585641215,0.0,30.898012823281082,497.6810396712327,56.448305585641215
2024-04-06 10:00:00,0.0,63.98387798850737,0.0,30.30901101381948,550.004234566514,63.98387798850737
2024-04-06 11:00:00,0.0,86.15839334189067,0.0,29.17486439676942,742.9650552886529,86.15839334189067
2024-04-06 12:00:00,0.0,92.01919895680491,0.0,28.72651165776493,778.7292845965519,92.01919895680491
2024-04-06 13:00:00,0.0,93.83743181962325,0.0,28.378926967769626,792.1580636145262,93.83743181962325
2024-04-06 14:00:00,0.0,71.3240057052754,0.0,28.193612884954447,576.8301512051062,71.3240057052754
2024-04-06 15:00:00,0.0,60.68848814124706,0.0,28.250930271797674,472.5861498788112,60.68848814124706
2024-04-06 16:00:00,0.0,52.454643337053035,0.0,29.202403990540382,386.0894616463769,52.454643337053035
2024-04-06 17:00:00,0.0,29.30390760157899,0.0,28.49215285367638,189.40838726511117,29.30390760157899
2024-04-06 18:00:00,17.3419892216928,3.567962538453233e-15,0.0,30.88953453181815,7.273282912649901e-14,17.341989221692803
2024-04-06 19:00:00,18.95353584352946,0.0,0.0,31.014292676060194,0.0,18.95353584352946
2024-04-06 20:00:00,26.53688691104455,0.0,0.0,32.157403390310776,0.0,26.53688691104455
2024-04-06 21:00:00,22.00270792787693,0.0,0.0,33.12080015175078,0.0,22.00270792787693
2024-04-06 22:00:00,18.970496565677195,0.0,0.0,33.24836502230223,0.0,18.970496565677195
2024-04-06 23:00:00,15.781682979628057,0.0,0.0,33.87008905838081,0.0,15.781682979628057
2024-04-07 00:00:00,15.042426362909703,0.0,0.0,31.809089980934804,0.0,15.042426362909703
2024-04-07 01:00:00,17.839925837134064,0.0,0.0,32.55134208711363,0.0,17.839925837134064
2024-04-07 02:00:00,27.012911012874717,0.0,0.0,33.1437380557917,0.0,27.012911012874717
2024-04-07 03:00:00,11.751753391464048,0.0,0.0,32.38299508941751,0.0,11.751753391464048
2024-04-07 04:00:00,19.209419815224216,0.0,0.0,32.62919044335087,0.0,19.209419815224216
2024-04-07 05:00:00,21.993083601920308,0.0,0.0,30.585048834738505,0.0,21.993083601920308
2024-04-07 06:00:00,12.82538606640215,0.0,0.0,30.851352109028564,0.0,12.82538606640215
2024-04-07 07:00:00,10.261126865478404,15.647209263421084,0.0,30.78357105168079,146.43061126471295,25.90833612889949
2024-04-07 08:00:00,0.0,36.588038504882654,0.0,29.20865006549972,324.5678711037816,36.588038504882654
2024-04-07 09:00:00,0.0,41.06142390841773,0.0,27.973697234074283,340.81524870174553,41.06142390841773
2024-04-07 10:00:00,0.0,60.059291873844245,0.0,27.21571409894739,503.36403635086396,60.059291873844245
2024-04-07 11:00:00,0.0,55.7113131910049,0.0,25.305250694329168,452.1682826971632,55.7113131910049
2024-04-07 12:00:00,0.0,63.10053533448462,0.0,25.75714581156469,514.035444973479,63.10053533448462
2024-04-07 13:00:00,0.0,77.55357916603676,0.0,26.442016004260744,635.6059646393422,77.55357916603676
2024-04-07 14:00:00,0.0,64.19481554940305,0.0,25.502834326568074,511.3495516614995,64.19481554940305
2024-04-07 15:00:00,0.0,52.11827463485063,0.0,25.681123137003837,403.04830275253096,52.11827463485063
2024-04-07 16:00:00,0.0,36.07911614947681,0.0,25.09714070325245,268.67172045178137,36.07911614947681
2024-04-07 17:00:00,0.0,22.09109539715418,0.0,26.003843079306993,149.46244707483268,22.09109539715418
2024-04-07 18:00:00,20.659154351666956,3.2608725541232024e-15,0.0,28.139160299316064,7.557699690501651e-14,20.65915435166696
2024-04-07 19:00:00,16.090403701008352,0.0,0.0,28.696916092488145,0.0,16.090403701008352
2024-04-07 20:00:00,21.49654419670131,0.0,0.0,28.645416194296473,0.0,21.49654419670131
2024-04-07 21:00:00,17.9662673314737,0.0,0.0,29.884716172088403,0.0,17.9662673314737
2024-04-07 22:00:00,16.215142626137816,0.0,0.0,31.029549538516797,0.0,16.215142626137816
2024-04-07 23:00:00,25.774506750912636,0.0,0.0,31.170945578090727,0.0,25.774506750912636
2024-04-08 00:00:00,41.160102229760284,0.0,0.0,31.51902541416442,0.0,41.160102229760284
2024-04-08 01:00:00,35.390696084615186,0.0,0.0,32.79114364096771,0.0,35.390696084615186
2024-04-08 02:00:00,32.65989037435005,0.0,0.0,33.27631272376231,0.0,32.65989037435005
2024-04-08 03:00:00,31.572287625928247,0.0,0.0,33.1666774945524,0.0,31.572287625928247
2024-04-08 04:00:00,34.644697610468945,0.0,0.0,32.958716048692295,0.0,34.644697610468945
2024-04-08 05:00:00,35.71558723277993,0.0,0.0,31.188103545938688,0.0,35.71558723277993
2024-04-08 06:00:00,233.26284234865437,0.0,58.0078076481538,31.268959397589153,0.0,233.26284234865437
2024-04-08 07:00:00,473.76273878454896,16.785207547208543,174.3138569737787,30.261649418419946,163.23303589014907,490.5479463317575
2024-04-08 08:00:00,367.12778681308987,36.589440978409726,144.05074023931806,29.446398099927087,324.69566975114105,403.71722779149957
2024-04-08 09:00:00,316.78983279484845,60.985939107646324,129.639366925971,28.47825096799979,533.1896270627976,377.7757719024948
2024-04-08 10:00:00,352.4065380620099,62.77573866850431,139.82854044241768,27.409784352371926,530.5565237480023,415.18227673051416
2024-04-08 11:00:00,392.67116672455563,81.57334078200016,180.26372100401312,25.506239481414966,684.1909922187721,474.2445075065558
2024-04-08 12:00:00,387.6870941672337,86.91257917679401,177.19490545800662,27.039834039715483,729.0877658865439,474.5996733440277
2024-04-08 13:00:00,189.5437031124469,74.46806217287497,75.53162279609508,26.27426313340149,609.1244240250185,264.01176528532187
2024-04-08 14:00:00,182.65138783690287,67.54205872687574,68.12649646941964,25.247863548907432,536.4531047140792,250.1934465637786
2024-04-08 15:00:00,319.9354908552864,55.66609740815482,126.28455645319708,26.345833877160324,431.6528057745287,375.6015882634412
2024-04-08 16:00:00,391.91430395346686,41.70748765609639,157.07116133918802,26.23526712592941,308.007386517983,433.6217916095633
2024-04-08 17:00:00,361.67438604457226,27.916259836036865,138.47791293582748,26.805648550313904,181.27156909474814,389.59064588060915
2024-04-08 18:00:00,465.2149840980653,2.7429663882562075e-15,171.52980919470306,27.355801141931167,7.997116145163257e-14,465.2149840980653
2024-04-08 19:00:00,454.1731497029588,0.0,166.2359092272781,28.852607021142994,0.0,454.1731497029588
2024-04-08 20:00:00,470.5302466694588,0.0,172.9283733106367,29.090096656917584,0.0,470.5302466694588
2024-04-08 21:00:00,295.45729601519395,0.0,91.70998378521725,29.847457757489206,0.0,295.45729601519395
2024-04-08 22:00:00,35.88394330940247,0.0,0.0,31.80588084797868,0.0,35.88394330940247
2024-04-08 23:00:00,43.700018666457254,0.0,0.0,31.875441471945237,0.0,43.700018666457254
2024-04-09 00:00:00,31.969416047673814,0.0,0.0,34.960048655208176,0.0,31.969416047673814
2024-04-09 01:00:00,36.07467015068992,0.0,0.0,35.72967538910882,0.0,36.07467015068992
2024-04-09 02:00:00,38.775635523674225,0.0,0.0,35.16890958653566,0.0,38.775635523674225
2024-04-09 03:00:00,44.12571056962647,0.0,0.0,35.14936674264705,0.0,44.12571056962647
2024-04-09 04:00:00,42.555443142336806,0.0,0.0,35.1866494850657,0.0,42.555443142336806
2024-04-09 05:00:00,38.32698347247574,0.0,0.0,33.70688786987978,0.0,38.32698347247574
2024-04-09 06:00:00,246.33171342441517,0.0,61.794627680256205,33.863252460342856,0.0,246.33171342441517
2024-04-09 07:00:00,381.61557033949265,15.280208975194181,133.88687882360279,32.530713865226886,141.48670209307687,396.8957793146868
2024-04-09 08:00:00,373.68208298858576,35.987573879431295,141.26986756737972,32.43043923318632,322.5341281697327,409.66965686801706
2024-04-09 09:00:00,433.03488694856327,54.19346234044523,172.43940159888737,31.370167942524876,476.7662192259033,487.2283492890085
2024-04-09 10:00:00,338.3391460780319,78.5995500459426,163.2844231799169,30.45997711544626,686.2263581687624,416.9386961239745
2024-04-09 11:00:00,365.64883052151487,74.53262134102583,159.14327617482888,28.72434987852855,635.856094105266,440.1814518625407
2024-04-09 12:00:00,426.82140824580983,57.53501254215816,177.37829172260092,28.919916326126298,474.3532842473946,484.356420787968
2024-04-09 13:00:00,196.627933694332,75.70442673681305,82.2136563470597,28.03332926473987,622.6433668245038,272.33236043114505
2024-04-09 14:00:00,159.49558263145582,90.4916694485812,67.53693176236918,28.484270985470232,744.7411904550138,249.98725208003702
2024-04-09 15:00:00,338.52512279729416,65.56183582527703,138.92828325030965,27.464322706502138,507.4159889331669,404.08695862257116
2024-04-09 16:00:00,441.237188025974,39.41124600204073,180.77651346162483,28.201197889525588,295.0615898629625,480.6484340280147
2024-04-09 17:00:00,425.3038755570802,27.297191131374444,166.0754682211837,30.122346007225925,180.31271542573137,452.60106668845464
2024-04-09 18:00:00,470.77443263563305,3.553165794613807e-15,172.6908964310014,30.437229524962024,7.291029251215644e-14,470.77443263563305
2024-04-09 19:00:00,417.35874008397315,0.0,146.44906347052753,30.91992835536009,0.0,417.35874008397315
2024-04-09 20:00:00,489.78076006022667,0.0,191.8680470480217,31.548331275615638,0.0,489.78076006022667
2024-04-09 21:00:00,333.61772812552954,0.0,113.38637207059777,32.366442636024026,0.0,333.61772812552954
2024-04-09 22:00:00,31.642479249269584,0.0,0.0,33.852780814503014,0.0,31.642479249269584
2024-04-09 23:00:00,34.48287606947147,0.0,0.0,34.30576051631549,0.0,34.48287606947147
2024-04-10 00:00:00,31.253458704871246,0.0,0.0,34.3953422985268,0.0,31.253458704871246
2024-04-10 01:00:00,32.47093981573515,0.0,0.0,33.87928832562919,0.0,32.47093981573515
2024-04-10 02:00:00,40.138647545356655,0.0,0.0,34.120290039744894,0.0,40.138647545356655
2024-04-10 03:00:00,38.65145119325001,0.0,0.0,33.27741845160668,0.0,38.65145119325001
2024-04-10 04:00:00,33.12093375205394,0.0,0.0,33.44166909427959,0.0,33.12093375205394
2024-04-10 05:00:00,42.36751075846727,0.0,0.0,33.15429923030953,0.0,42.36751075846727
2024-04-10 06:00:00,266.28689080978256,0.0,65.71138782919417,32.15453693801604,0.0,266.28689080978256
2024-04-10 07:00:00,481.78837172463176,14.358062393046957,176.01037198123603,31.253982184694333,126.6408338568891,496.1464341176787
2024-04-10 08:00:00,403.6878010442504,31.18674175013941,152.74528302508864,30.75438460643029,268.3330567021108,434.8745427943898
2024-04-10 09:00:00,342.9035512391505,52.704987624032924,137.52142059191377,30.4424747765443,460.62379566681284,395.6085388631834
2024-04-10 10:00:00,387.2032343303255,75.27810833982991,170.03370065164003,28.91341447877654,646.2125375939718,462.4813426701554
2024-04-10 11:00:00,336.4283579847998,73.47342986601188,143.0208661140006,28.688149201206283,621.7118879748944,409.9017878508117
2024-04-10 12:00:00,391.526349669327,79.11468134342795,178.13596727090186,27.870642069136483,662.4774398872228,470.6410310127549
2024-04-10 13:00:00,238.98089353279184,73.86844874918208,104.40225940775593,27.752366088944814,599.8718547108041,312.8493422819739
2024-04-10 14:00:00,186.18553916494082,58.93245520377581,64.48190269838827,26.78606983194931,469.1207264880409,245.11799436871664
2024-04-10 15:00:00,375.3454875538704,52.64267350131402,160.32391015257798,27.10672565411869,411.85414917800625,427.9881610551844
2024-04-10 16:00:00,426.6969339510995,34.79509225379535,173.08129361590656,27.45845409499476,263.79754961739195,461.49202620489484
2024-04-10 17:00:00,420.8143884728059,19.100668436703973,161.82438336376723,28.3891946777517,135.23768238233947,439.9150569095099
2024-04-10 18:00:00,430.75239097258094,2.760931195958854e-15,151.1297277950373,29.23713620472856,7.963059529764801e-14,430.75239097258094
2024-04-10 19:00:00,392.1211613569124,0.0,133.64651122210614,29.74759123131975,0.0,392.1211613569124
2024-04-10 20:00:00,467.79487665479303,0.0,172.60267073832185,31.02928308231056,0.0,467.79487665479303
2024-04-10 21:00:00,313.7570691134715,0.0,97.96284855353923,31.215130712990764,0.0,313.7570691134715
2024-04-10 22:00:00,33.931170905748004,0.0,0.0,32.78361857007219,0.0,33.931170905748004
2024-04-10 23:00:00,44.40022049675385,0.0,0.0,33.57370824886848,0.0,44.40022049675385
2024-04-11 00:00:00,45.30852115064228,0.0,0.0,34.67354200226217,0.0,45.30852115064228
2024-04-11 01:00:00,34.032789756611805,0.0,0.0,34.751530199806645,0.0,34.032789756611805
2024-04-11 02:00:00,30.553696252056646,0.0,0.0,35.160366582256785,0.0,30.553696252056646
2024-04-11 03:00:00,31.33596478678055,0.0,0.0,34.23744307544679,0.0,31.33596478678055
2024-04-11 04:00:00,37.6141795570752,0.0,0.0,34.43397496147994,0.0,37.6141795570752
2024-04-11 05:00:00,35.65897180046138,0.0,0.0,33.92883388861978,0.0,35.65897180046138
2024-04-11 06:00:00,287.74132235781804,0.0,80.36065848471476,32.38894708447856,0.0,287.74132235781804
2024-04-11 07:00:00,446.80943346833925,16.95996774943867,155.98939928514568,32.446863700382885,166.1442686022946,463.7694012177779
2024-04-11 08:00:00,409.1992228491742,34.51392388053331,162.25706783607365,30.679295553213393,303.34342794391324,443.7131467297075
2024-04-11 09:00:00,401.8431822295648,47.37923925373544,162.62668102557026,30.183879109240763,402.6788305099982,449.2224214833002
2024-04-11 10:00:00,392.68086077869367,56.73179143044188,167.74941263873632,29.57358539569245,480.1459301652733,449.41265220913556
2024-04-11 11:00:00,345.8322150560711,56.7109003953301,142.27165690928405,28.463462989584983,467.5382598627522,402.5431154514012
2024-04-11 12:00:00,359.6152953099408,69.7821024416608,156.2838597687416,28.313893022118922,581.5697494337863,429.3973977516016
2024-04-11 13:00:00,222.4806935934408,83.07181948070325,102.32138150840082,27.956243019260672,685.3645725008886,305.55251307414403
2024-04-11 14:00:00,174.5818330645029,58.58719855272532,60.903590400957626,27.39361409637488,467.97084981488166,233.1690316172282
2024-04-11 15:00:00,409.0793315586624,50.14513427571337,169.94547271463304,28.206951753454728,394.4770147789182,459.22446583437574
2024-04-11 16:00:00,390.3531690646575,53.837523999056884,159.02327649558652,27.890537751155648,398.98018603687535,444.1906930637144
2024-04-11 17:00:00,420.9004246187592,23.253640477659825,163.82946931399013,29.972818369268733,158.7798887282235,444.154065096419
2024-04-11 18:00:00,466.55987818327105,2.3008644191315163e-15,175.63039851392926,29.498965504389,8.404157976195537e-14,466.55987818327105
2024-04-11 19:00:00,425.07771220147987,0.0,153.91914937793945,29.81219118570046,0.0,425.07771220147987
2024-04-11 20:00:00,372.24481763786224,0.0,134.63334343063636,30.811534032947414,0.0,372.24481763786224
2024-04-11 21:00:00,309.05918764898115,0.0,91.98308765808876,32.78336180626228,0.0,309.05918764898115
2024-04-11 22:00:00,31.23084265712344,0.0,0.0,32.849129091195074,0.0,31.23084265712344
2024-04-11 23:00:00,41.911082105399956,0.0,0.0,33.09669674629223,0.0,41.911082105399956
2024-04-12 00:00:00,36.488009526703976,0.0,0.0,34.44004757881624,0.0,36.488009526703976
2024-04-12 01:00:00,40.093224111805426,0.0,0.0,34.15505574012952,0.0,40.093224111805426
2024-04-12 02:00:00,36.68576083631998,0.0,0.0,34.8088120475665,0.0,36.68576083631998
2024-04-12 03:00:00,34.170165210521944,0.0,0.0,34.830625696846624,0.0,34.170165210521944
2024-04-12 04:00:00,40.76393630684715,0.0,0.0,34.15042297465663,0.0,40.76393630684715
2024-04-12 05:00:00,41.83392389615627,0.0,0.0,34.6549297240024,0.0,41.83392389615627
2024-04-12 06:00:00,228.65241276745076,0.0,57.799002359148076,31.86973104554021,0.0,228.65241276745076
2024-04-12 07:00:00,347.9385628760815,18.085204138551585,124.01965718854103,31.478993912229743,180.63084306432174,366.0237670146331
2024-04-12 08:00:00,400.29324560014607,35.727969139394915,155.819764372032,30.854127289704845,316.85437963418383,436.021214739541
2024-04-12 09:00:00,393.84976348156727,46.67570598404726,160.63473288002925,31.20682239845206,398.84681884881934,440.52546946561455
2024-04-12 10:00:00,386.93611357643823,70.77571601403943,173.57699114923622,30.13110352705793,619.648672568524,457.7118295904777
2024-04-12 11:00:00,301.42495168423306,80.25861736057006,139.55586031396817,29.15157399155087,685.8238986885881,381.6835690448031
2024-04-12 12:00:00,361.37095122429275,81.97359831183792,158.89428488621905,27.553951408388333,684.5624128251719,443.34454953613067
2024-04-12 13:00:00,244.06740801900483,86.7809000438607,105.16046308787652,27.262604530109872,725.2996368884902,330.8483080628655
2024-04-12 14:00:00,142.5510547067048,81.49152335411382,59.37972261870724,27.067822274436597,661.7248818078924,224.04257806081864
2024-04-12 15:00:00,378.6598288500312,68.72298549273722,165.94549270866514,27.209648455974705,536.4219847806035,447.3828143427684
2024-04-12 16:00:00,438.6012590488703,47.73769009978426,182.66405863155902,28.697365682399276,355.0177140794689,486.3389491486546
2024-04-12 17:00:00,339.83949285020964,25.096219470744185,128.1669751438206,28.38534499615599,168.31977199517283,364.9357123209538
2024-04-12 18:00:00,444.8000319008391,2.0542117726907702e-15,161.7943055562448,29.176353209684855,9.609365424043287e-14,444.8000319008391
2024-04-12 19:00:00,483.224175554457,0.0,175.8155155789555,30.463429027609717,0.0,483.224175554457
2024-04-12 20:00:00,430.70564348377576,0.0,151.97627276185332,30.150338304989837,0.0,430.70564348377576
2024-04-12 21:00:00,338.2319688255527,0.0,107.60488172804116,31.914291860500217,0.0,338.2319688255527
2024-04-12 22:00:00,27.08176771728601,0.0,0.0,32.18366642767036,0.0,27.08176771728601
2024-04-12 23:00:00,39.198228187482364,0.0,0.0,33.309768565880574,0.0,39.198228187482364
2024-04-13 00:00:00,14.422896820051507,0.0,0.0,33.19547710351319,0.0,14.422896820051507
2024-04-13 01:00:00,16.638642145800578,0.0,0.0,33.51934855624337,0.0,16.638642145800578
2024-04-13 02:00:00,23.042545433580603,0.0,0.0,34.070389440600444,0.0,23.042545433580603
2024-04-13 03:00:00,12.683685987315028,0.0,0.0,33.948945630455256,0.0,12.683685987315028
2024-04-13 04:00:00,15.721470967569342,0.0,0.0,33.3787771558758,0.0,15.721470967569342
2024-04-13 05:00:00,12.358680853065977,0.0,0.0,33.11781444289576,0.0,12.358680853065977
2024-04-13 06:00:00,22.120250675059207,0.0,0.0,31.77329126682049,0.0,22.120250675059207
2024-04-13 07:00:00,6.856453162787624,16.15912496651915,0.0,31.7042581296258,151.59996385453988,23.015578129306775
2024-04-13 08:00:00,0.0,31.056028003036456,0.0,30.354499026168458,265.12854796003205,31.056028003036456
2024-04-13 09:00:00,0.0,42.31905993116147,0.0,29.30990009831949,353.36494049943803,42.31905993116147
2024-04-13 10:00:00,0.0,62.32887761579321,0.0,28.31021913139577,525.7399892884997,62.32887761579321
2024-04-13 11:00:00,0.0,58.67081760458259,0.0,27.862026072861006,486.1616395157917,58.67081760458259
2024-04-13 12:00:00,0.0,57.2022575744428,0.0,28.361829252424684,471.4279321264384,57.2022575744428
2024-04-13 13:00:00,0.0,51.544574540355164,0.0,27.04520126018423,416.2012597087108,51.544574540355164
2024-04-13 14:00:00,0.0,59.05853991206445,0.0,26.385396769175543,474.57131505005833,59.05853991206445
2024-04-13 15:00:00,0.0,53.269614114774605,0.0,27.536267678628047,416.18442570482983,53.269614114774605
2024-04-13 16:00:00,0.0,32.156712540731924,0.0,27.190545406105848,245.35658779562985,32.156712540731924
2024-04-13 17:00:00,0.0,22.442106110438214,0.0,28.12460430527058,153.72800616310397,22.442106110438214
2024-04-13 18:00:00,20.823914782453432,4.816196510298379e-15,0.0,28.404768262033972,4.223031310883211e-14,20.823914782453436
2024-04-13 19:00:00,14.143207605938025,0.0,0.0,30.192118537460022,0.0,14.143207605938025
2024-04-13 20:00:00,22.833217694287463,0.0,0.0,30.162218658924278,0.0,22.833217694287463
2024-04-13 21:00:00,16.74656372268193,0.0,0.0,32.062394184394854,0.0,16.74656372268193
2024-04-13 22:00:00,22.911892150681727,0.0,0.0,31.68296824498287,0.0,22.911892150681727
2024-04-13 23:00:00,16.860334984985307,0.0,0.0,32.78601907854244,0.0,16.860334984985307
2024-04-14 00:00:00,19.4482909420568,0.0,0.0,33.81312786322066,0.0,19.4482909420568
2024-04-14 01:00:00,17.814889530410156,0.0,0.0,33.54686856142414,0.0,17.814889530410156
2024-04-14 02:00:00,18.710078091313193,0.0,0.0,34.71777402792455,0.0,18.710078091313193
2024-04-14 03:00:00,17.060617384665342,0.0,0.0,33.32821122441446,0.0,17.060617384665342
2024-04-14 04:00:00,16.67096137439824,0.0,0.0,33.241651396747606,0.0,16.67096137439824
2024-04-14 05:00:00,19.16133594250508,0.0,0.0,33.50948942719906,0.0,19.16133594250508
2024-04-14 06:00:00,10.50067248508151,0.0,0.0,31.075079448650598,0.0,10.50067248508151
2024-04-14 07:00:00,6.102436644396993,18.181312684272164,0.0,30.169032698289787,179.0499039895966,24.283749328669156
2024-04-14 08:00:00,0.0,39.165415535201305,0.0,29.68428696841703,347.0655459648812,39.165415535201305
2024-04-14 09:00:00,0.0,51.828955269780984,0.0,29.582860743899573,446.5825036226406,51.828955269780984
2024-04-14 10:00:00,0.0,57.981957253157496,0.0,27.527115465355763,482.9675067556941,57.981957253157496
2024-04-14 11:00:00,0.0,66.93336181475681,0.0,27.90569185114983,554.5109289399351,66.93336181475681
2024-04-14 12:00:00,0.0,63.999415026504664,0.0,27.314305491020644,531.1563603777266,63.999415026504664
2024-04-14 13:00:00,0.0,60.68697932281258,0.0,27.708495781610974,499.06393114018016,60.68697932281258
2024-04-14 14:00:00,0.0,55.09187856651604,0.0,27.104783519777918,444.18105586569527,55.09187856651604
2024-04-14 15:00:00,0.0,49.313102686884164,0.0,26.883325783758885,385.5850608777346,49.313102686884164
2024-04-14 16:00:00,0.0,33.60872732217607,0.0,27.73051861135268,256.8164810826914,33.60872732217607
2024-04-14 17:00:00,6.129420970119212,16.82194634151872,0.0,27.876619293426252,122.53274412047435,22.951367311637934
2024-04-14 18:00:00,17.82611382977757,3.3840034851903e-15,0.0,28.102006029708132,7.457442110657374e-14,17.826113829777572
2024-04-14 19:00:00,21.724759723004677,0.0,0.0,28.60387151063848,0.0,21.724759723004677
2024-04-14 20:00:00,10.611816739274861,0.0,0.0,29.797358255175194,0.0,10.611816739274861
2024-04-14 21:00:00,23.85659600671175,0.0,0.0,30.967870777606997,0.0,23.85659600671175
2024-04-14 22:00:00,18.259065010006605,0.0,0.0,31.919550259696535,0.0,18.259065010006605
2024-04-14 23:00:00,19.057346069229602,0.0,0.0,31.48931699213127,0.0,19.057346069229602
2024-04-15 00:00:00,21.308023417749535,0.0,0.0,34.419178372764115,0.0,21.308023417749535
2024-04-15 01:00:00,16.080410921822576,0.0,0.0,34.89290090376704,0.0,16.080410921822576
2024-04-15 02:00:00,27.92147557375291,0.0,0.0,35.2716383494205,0.0,27.92147557375291
2024-04-15 03:00:00,18.00847992829033,0.0,0.0,35.69201046024549,0.0,18.00847992829033
2024-04-15 04:00:00,20.15401727595678,0.0,0.0,34.62178530794875,0.0,20.15401727595678
2024-04-15 05:00:00,15.20118209149954,0.0,0.0,33.517961923009636,0.0,15.20118209149954
2024-04-15 06:00:00,48.62129555333193,0.0,0.0,32.338829935179845,0.0,48.62129555333193
2024-04-15 07:00:00,22.09764339996647,15.981106008339896,0.0,32.747241763895595,148.8104697707059,38.078749408306365
2024-04-15 08:00:00,10.503870015364488,33.69937998279123,0.0,31.063325947241875,294.46834162667517,44.20324999815571
2024-04-15 09:00:00,10.758786719551473,45.553889104213575,0.0,31.025421457702432,389.4655063277735,56.31267582376505
2024-04-15 10:00:00,0.0,66.82506351774863,0.0,30.446579703061865,579.9282621605589,66.82506351774863
2024-04-15 11:00:00,0.0,81.5666181430723,0.0,28.250958509838078,702.3758363926223,81.5666181430723
2024-04-15 12:00:00,0.0,68.31946996202736,0.0,28.743726993114525,567.1965102128632,68.31946996202736
2024-04-15 13:00:00,0.0,76.76394954567596,0.0,28.763440440138513,635.3384890261162,76.76394954567596
2024-04-15 14:00:00,0.0,60.1714133183013,0.0,28.507389289620722,482.9103217084292,60.1714133183013
2024-04-15 15:00:00,0.0,55.40338108683865,0.0,27.068939516513616,433.48132586835754,55.40338108683865
2024-04-15 16:00:00,0.0,38.53495725210956,0.0,28.039954691338192,291.8721035261838,38.53495725210956
2024-04-15 17:00:00,23.462373248051453,26.374351563594967,0.0,28.382905639952455,176.50250821637204,49.83672481164642
2024-04-15 18:00:00,36.44968364281826,3.714847915025138e-15,0.0,30.009606004554108,7.159546697152364e-14,36.449683642818265
2024-04-15 19:00:00,43.791480577310814,0.0,0.0,30.798666280864506,0.0,43.791480577310814
2024-04-15 20:00:00,39.67733094584014,0.0,0.0,30.148923688010267,0.0,39.67733094584014
2024-04-15 21:00:00,47.007672832035624,0.0,0.0,32.25332047417548,0.0,47.007672832035624
2024-04-15 22:00:00,12.201908800338167,0.0,0.0,33.648229542151135,0.0,12.201908800338167
2024-04-15 23:00:00,17.676689864911282,0.0,0.0,34.04673135674556,0.0,17.676689864911282
2024-04-16 00:00:00,18.594122151328374,0.0,0.0,34.99902625436885,0.0,18.594122151328374
2024-04-16 01:00:00,17.94842401363554,0.0,0.0,35.09304743002577,0.0,17.94842401363554
2024-04-16 02:00:00,21.131019419374557,0.0,0.0,34.865333410836044,0.0,21.131019419374557
2024-04-16 03:00:00,16.624294051230997,0.0,0.0,35.26701636143988,0.0,16.624294051230997
2024-04-16 04:00:00,11.349593257899748,0.0,0.0,34.95193952023648,0.0,11.349593257899748
2024-04-16 05:00:00,19.573021485545326,0.0,0.0,34.677304875692776,0.0,19.573021485545326
2024-04-16 06:00:00,44.84439073866707,0.0,0.0,33.99305384352112,0.0,44.84439073866707
2024-04-16 07:00:00,26.851360656098,16.970533562857366,0.0,32.843601248813826,163.30605290058577,43.821894218955364
2024-04-16 08:00:00,0.0,42.99474225346128,0.0,32.4422580636658,391.64675267641974,42.99474225346128
2024-04-16 09:00:00,0.0,57.80738411753422,0.0,30.801474889446677,510.62813490821975,57.80738411753422
2024-04-16 10:00:00,0.0,71.72521675584731,0.0,29.42279159643352,618.4689861528962,71.72521675584731
2024-04-16 11:00:00,0.0,83.96618802486216,0.0,29.65845698192957,721.4152966516746,83.96618802486216
2024-04-16 12:00:00,0.0,95.13972119259451,0.0,28.926904745322474,825.590665192419,95.13972119259451
2024-04-16 13:00:00,0.0,81.2465744926111,0.0,28.762529247201577,683.5356731015626,81.2465744926111
2024-04-16 14:00:00,0.0,72.97721636186924,0.0,27.762578207231922,594.1493080388722,72.97721636186924
2024-04-16 15:00:00,0.0,71.47490879805734,0.0,29.40946153366717,572.2744477650355,71.47490879805734
2024-04-16 16:00:00,0.0,50.909887942032825,0.0,29.218966174959668,384.0947128358483,50.909887942032825
2024-04-16 17:00:00,12.745041999802197,25.596786623301483,0.0,29.275931701720907,173.4763446491134,38.34182862310368
2024-04-16 18:00:00,53.55892413556384,2.208076572370941e-15,0.0,29.677077308391063,8.511904689198772e-14,53.55892413556384
2024-04-16 19:00:00,56.77896969992523,0.0,0.0,31.527513928730684,0.0,56.77896969992523
2024-04-16 20:00:00,34.509718420902814,0.0,0.0,31.343918990341457,0.0,34.509718420902814
2024-04-16 21:00:00,42.409065688824455,0.0,0.0,33.93135295162824,0.0,42.409065688824455
2024-04-16 22:00:00,18.26975431948661,0.0,0.0,33.33820141142372,0.0,18.26975431948661
2024-04-16 23:00:00,14.215933821292342,0.0,0.0,35.229930222829104,0.0,14.215933821292342
2024-04-17 00:00:00,28.02805382109717,0.0,0.0,34.73987803712849,0.0,28.02805382109717
2024-04-17 01:00:00,33.0579374202599,0.0,0.0,35.97213976284121,0.0,33.0579374202599
2024-04-17 02:00:00,31.74812247530614,0.0,0.0,34.933591763006056,0.0,31.74812247530614
2024-04-17 03:00:00,37.87558518653314,0.0,0.0,35.1911845977044,0.0,37.87558518653314
2024-04-17 04:00:00,37.27286659071666,0.0,0.0,35.23448959475013,0.0,37.27286659071666
2024-04-17 05:00:00,29.162162491449948,0.0,0.0,34.60693831892014,0.0,29.162162491449948
2024-04-17 06:00:00,240.6785381259462,0.0,66.9955972442122,34.101406933248256,0.0,240.6785381259462
2024-04-17 07:00:00,92.67790017259114,16.801215371378024,0.0,32.463156616877356,159.61516579083371,109.47911554396916
2024-04-17 08:00:00,412.9845035492452,35.082222827402816,166.67382099194222,31.84343020284422,308.6452240739699,448.066726376648
2024-04-17 09:00:00,431.6100126249128,43.374062066320434,186.6774845613292,31.519353646559527,365.5787669838697,474.9840746912333
2024-04-17 10:00:00,362.24557259082957,59.15342546809352,162.2250004509528,29.698398265559838,506.0709536964127,421.3989980589231
2024-04-17 11:00:00,285.16631109104276,83.03875833282538,135.95721876389885,29.6124228128256,713.9993290470194,368.20506942386817
2024-04-17 12:00:00,319.76435326491145,69.01658299688553,147.5617440115307,28.660356983284906,570.7366187030746,388.78093626179697
2024-04-17 13:00:00,235.0740670633438,60.88761798091273,104.12353474573848,28.52322267769888,501.6940051822123,295.9616850442565
2024-04-17 14:00:00,170.80769859504696,59.62120622367498,69.29174471501938,28.34330112462654,483.9939890557351,230.42890481872195
2024-04-17 15:00:00,360.32239687505427,52.0195705449129,152.60802716703955,28.026144049015095,409.47105649788045,412.34196741996715
2024-04-17 16:00:00,413.8653178757862,36.65192837323488,185.91773783718577,28.63959050711256,280.29263219701056,450.5172462490211
2024-04-17 17:00:00,100.88390401945361,20.894479271538753,0.0,29.398618408304753,147.44690756011542,121.77838329099237
2024-04-17 18:00:00,128.70116559580768,4.955829354822755e-15,0.0,29.99966401706325,5.6624251810850524e-14,128.70116559580768
2024-04-17 19:00:00,447.39124182796576,0.0,164.3399611896843,31.68152733345761,0.0,447.39124182796576
2024-04-17 20:00:00,370.48948551661726,0.0,136.54509445717065,32.3060037948275,0.0,370.48948551661726
2024-04-17 21:00:00,284.56014214858675,0.0,93.4558513289198,32.85188292352488,0.0,284.56014214858675
2024-04-17 22:00:00,33.87133811765956,0.0,0.0,33.169452925059566,0.0,33.87133811765956
2024-04-17 23:00:00,33.236886769505844,0.0,0.0,33.86388820462325,0.0,33.236886769505844
2024-04-18 00:00:00,32.57924253768274,0.0,0.0,33.095428470508516,0.0,32.57924253768274
2024-04-18 01:00:00,37.23162404488194,0.0,0.0,31.95323171359842,0.0,37.23162404488194
2024-04-18 02:00:00,38.86507243414178,0.0,0.0,32.634363848698044,0.0,38.86507243414178
2024-04-18 03:00:00,44.31992425651226,0.0,0.0,32.63864878880886,0.0,44.31992425651226
2024-04-18 04:00:00,28.32541159075481,0.0,0.0,31.95286112712666,0.0,28.32541159075481
2024-04-18 05:00:00,29.926263004096896,0.0,0.0,31.051205891487015,0.0,29.926263004096896
2024-04-18 06:00:00,268.2817346248913,0.0,77.9960763292205,30.434985720119535,0.0,268.2817346248913
2024-04-18 07:00:00,378.79446430612194,19.538514726427664,142.97429649165656,29.710048196329588,191.80747018851113,398.3329790325496
2024-04-18 08:00:00,395.6345818976823,40.92891584311546,167.34623184222542,28.72268760507389,364.75402971256426,436.5634977407978
2024-04-18 09:00:00,325.9719923763318,58.14512956054735,139.31847463861203,28.835427578354423,509.13736848208646,384.11712193687913
2024-04-18 10:00:00,303.7446069852655,67.96184623172998,142.81014549156512,27.322871042886465,578.3363902806299,371.70645321699544
2024-04-18 11:00:00,289.3007685528826,78.52515576280193,135.22496814058317,26.34065975489606,670.2563612154839,367.8259243156845
2024-04-18 12:00:00,,91.03406497150884,172.3218678378218,26.099824148310844,756.1117428416635,
2024-04-18 13:00:00,,73.34286767940561,86.26538709845505,26.0306716002585,604.4062529835068,
2024-04-18 14:00:00,,68.2525721363327,70.98521311769012,25.40512418659399,543.4535208402928,
2024-04-18 15:00:00,,62.409700135749226,149.13170796131897,26.147684295199,487.2487924435454,
2024-04-18 16:00:00,,47.5604275823471,159.51598836000304,25.410771739198964,353.423160369761,
2024-04-18 17:00:00,,23.105682726197113,163.97924802476,27.18821212152807,158.56625676140112,
2024-04-18 18:00:00,,2.519776689995293e-15,132.03419791377746,27.32295786973667,8.200273046992255e-14,
2024-04-18 19:00:00,,0.0,160.7074756915962,28.147561205888092,0.0,
2024-04-18 20:00:00,,0.0,163.01089010094344,28.730926877390353,0.0,
2024-04-18 21:00:00,,0.0,105.27316053003477,29.369375632224894,0.0,
2024-04-18 22:00:00,,0.0,0.0,29.994098071715083,0.0,
2024-04-18 23:00:00,,0.0,0.0,31.170919439300803,0.0,
2024-04-19 00:00:00,,0.0,0.0,35.39081874495991,0.0,
2024-04-19 01:00:00,,0.0,0.0,34.96599440227261,0.0,
2024-04-19 02:00:00,,0.0,0.0,34.79166912855104,0.0,
2024-04-19 03:00:00,,0.0,0.0,34.99210095800604,0.0,
2024-04-19 04:00:00,,0.0,0.0,34.90456547590657,0.0,
2024-04-19 05:00:00,,0.0,0.0,34.36801634423494,0.0,
2024-04-19 06:00:00,,0.0,56.95512864678102,33.75144676729182,0.0,
2024-04-19 07:00:00,,18.06866674858818,144.63190590240296,33.48806305229796,177.2064806190194,
2024-04-19 08:00:00,,37.26292055144872,0.0,32.69052044045894,332.94835937982987,
2024-04-19 09:00:00,,49.41369489515795,0.0,32.162757816249034,428.7944298093109,
2024-04-19 10:00:00,,58.516561204784225,148.1680855305924,29.50343956306391,495.6464260390311,
2024-04-19 11:00:00,,76.58680496578138,138.04554242031656,29.163077527092113,655.3615495813103,
2024-04-19 12:00:00,,71.52590596003942,152.5115319133634,29.384046886697536,598.9881897145258,
2024-04-19 13:00:00,,62.82680815183288,84.92409757787141,28.458137221638943,519.9590933223456,
2024-04-19 14:00:00,,50.26454186034775,65.5060209259246,28.99628645633781,407.07947381145084,
2024-04-19 15:00:00,,50.39871666438003,140.49260226838663,28.78870954445887,400.89410864835645,
2024-04-19 16:00:00,,43.41410776766763,172.82324919830162,29.824406413186058,328.9213509835843,
2024-04-19 17:00:00,,29.466570655875604,160.8487129197074,30.11237754422662,200.1982725834691,
2024-04-19 18:00:00,,3.4020317302995236e-15,173.31457408034785,30.846401534692685,7.411221650536188e-14,
2024-04-19 19:00:00,,0.0,119.33288925865973,30.954090759207524,0.0,
2024-04-19 20:00:00,,0.0,129.80912631011665,32.01716279842906,0.0,
2024-04-19 21:00:00,,0.0,106.71575630134275,32.81913315048834,0.0,
2024-04-19 22:00:00,,0.0,0.0,33.06294714958825,0.0,
2024-04-19 23:00:00,,0.0,0.0,35.27665158331388,0.0,
2024-04-20 00:00:00,,0.0,0.0,33.47426026262996,0.0,
2024-04-20 01:00:00,,0.0,0.0,33.27870452493409,0.0,
2024-04-20 02:00:00,,0.0,0.0,34.22277394869281,0.0,
2024-04-20 03:00:00,,0.0,0.0,33.13603426360098,0.0,
2024-04-20 04:00:00,,0.0,0.0,32.18249937398072,0.0,
2024-04-20 05:00:00,,0.0,0.0,33.049036305562545,0.0,
2024-04-20 06:00:00,,0.0,0.0,31.181197578404827,0.0,
2024-04-20 07:00:00,,17.676285764591505,0.0,30.878456620009658,169.16227953271223,
2024-04-20 08:00:00,,41.1885854978959,0.0,30.173539215354705,369.638833111451,
2024-04-20 09:00:00,,42.055394055539594,0.0,29.357343709473383,351.0826222530932,
2024-04-20 10:00:00,,77.63676953425343,0.0,28.744678223064724,673.1895003453712,
2024-04-20 11:00:00,,89.01684573295547,0.0,27.886029673943668,764.9616121456203,
2024-04-20 12:00:00,,81.41753561314015,0.0,27.314335044998302,682.5878592103335,
2024-04-20 13:00:00,,83.73650385833005,0.0,26.294361411922843,698.1587171671191,
2024-04-20 14:00:00,0.0,76.5586216763502,0.0,26.717599473596653,625.9351417687631,76.5586216763502
2024-04-20 15:00:00,0.0,56.863816251507224,0.0,25.936962317926035,446.5159696505732,56.863816251507224
2024-04-20 16:00:00,12.405286770030806,48.08409023483475,0.0,27.820457630943704,360.95089330104935,60.48937700486555
2024-04-20 17:00:00,38.104608168461304,23.28756873597863,0.0,26.8943215489008,160.17393852485895,61.392176904439935
2024-04-20 18:00:00,60.64641822073437,3.007081363919081e-15,0.0,28.147257775584652,7.764933836054578e-14,60.64641822073437
2024-04-20 19:00:00,66.36890404600562,0.0,0.0,28.50517391759061,0.0,66.36890404600562
2024-04-20 20:00:00,57.53782666346143,0.0,0.0,29.70539455203,0.0,57.53782666346143
2024-04-20 21:00:00,62.5807978320322,0.0,0.0,30.983058560537675,0.0,62.5807978320322
2024-04-20 22:00:00,30.95905819872265,0.0,0.0,31.556098645704825,0.0,30.95905819872265
2024-04-20 23:00:00,39.39485222482547,0.0,0.0,33.117474558188555,0.0,39.39485222482547
2024-04-21 00:00:00,19.8520718197982,0.0,0.0,32.73850397617313,0.0,19.8520718197982
2024-04-21 01:00:00,19.753800893024394,0.0,0.0,32.743250082343636,0.0,19.753800893024394
2024-04-21 02:00:00,17.101465658004148,0.0,0.0,33.027173589959176,0.0,17.101465658004148
2024-04-21 03:00:00,17.254166150209148,0.0,0.0,33.5845551754859,0.0,17.254166150209148
2024-04-21 04:00:00,12.734208556660015,0.0,0.0,33.07948890983396,0.0,12.734208556660015
2024-04-21 05:00:00,10.777706982078127,0.0,0.0,31.499452842091408,0.0,10.777706982078127
2024-04-21 06:00:00,17.616675332512518,0.0,0.0,31.003638697876394,0.0,17.616675332512518
2024-04-21 07:00:00,1.0865891692162286,17.03827302378423,0.0,30.737226122147206,159.26382743017783,18.12486219300046
2024-04-21 08:00:00,0.0,32.609027032108614,0.0,29.770647847959715,278.6652442716664,32.609027032108614
2024-04-21 09:00:00,0.0,57.46758927980878,0.0,28.162907126387992,501.2727210301404,57.46758927980878
2024-04-21 10:00:00,0.0,58.85846753345143,0.0,28.21852784959951,496.53189643759333,58.85846753345143
2024-04-21 11:00:00,0.0,75.09365602829703,0.0,26.673653750700083,635.7567890676142,75.09365602829703
2024-04-21 12:00:00,0.0,74.72644760726932,0.0,27.214789028628832,626.1811810077829,74.72644760726932
2024-04-21 13:00:00,0.0,64.63210122791817,0.0,26.47794874105927,532.7947264220621,64.63210122791817
2024-04-21 14:00:00,0.0,63.75943886456825,0.0,25.528002329623337,506.892777585717,63.75943886456825
2024-04-21 15:00:00,0.0,66.63207977312962,0.0,25.948685812202754,520.9252066853642,66.63207977312962
2024-04-21 16:00:00,0.0,43.11145047977701,0.0,26.289645334436347,323.46358767478716,43.11145047977701
2024-04-21 17:00:00,0.0,20.22951484650982,0.0,27.19902918144445,143.6201831090212,20.22951484650982
2024-04-21 18:00:00,14.776616409858537,2.713024675664646e-15,0.0,27.74197610593995,8.019062580449353e-14,14.77661640985854
2024-04-21 19:00:00,25.939407998691628,0.0,0.0,28.115353440396483,0.0,25.939407998691628
2024-04-21 20:00:00,24.046826792429663,0.0,0.0,28.89683498183491,0.0,24.046826792429663
2024-04-21 21:00:00,11.591618709447939,0.0,0.0,30.77434288000395,0.0,11.591618709447939
2024-04-21 22:00:00,18.573232795068577,0.0,0.0,31.48708298722828,0.0,18.573232795068577
2024-04-21 23:00:00,16.619686713158572,0.0,0.0,32.121607067701625,0.0,16.619686713158572
2024-04-22 00:00:00,35.81643206110393,0.0,0.0,33.463261606603595,0.0,35.81643206110393
2024-04-22 01:00:00,33.76723310421939,0.0,0.0,33.36808758212705,0.0,33.76723310421939
2024-04-22 02:00:00,27.3233550915389,0.0,0.0,33.8888029427654,0.0,27.3233550915389
2024-04-22 03:00:00,33.907057969262496,0.0,0.0,34.9467999383817,0.0,33.907057969262496
2024-04-22 04:00:00,35.84507192004494,0.0,0.0,33.915179237496936,0.0,35.84507192004494
2024-04-22 05:00:00,42.10623706981208,0.0,0.0,32.62747627255083,0.0,42.10623706981208
2024-04-22 06:00:00,208.82666877901096,0.0,58.46701781941519,31.785120890327214,0.0,208.82666877901096
2024-04-22 07:00:00,359.3295611191681,17.111188772759064,134.40447165773404,29.77245372299087,158.27390157932854,376.44074989192717
2024-04-22 08:00:00,369.5644342808765,30.588309736003506,154.3075000967974,30.83115384037018,259.5945215043502,400.15274401688004
2024-04-22 09:00:00,382.6057147023634,44.61646124808306,161.31694551730885,29.784242782906414,375.37728961900206,427.22217595044646
2024-04-22 10:00:00,346.088096159888,55.89468867526967,155.01127131907378,28.274892779239586,468.00436023246624,401.98278483515764
2024-04-22 11:00:00,361.78432534608424,69.49255894807298,164.87122280726177,27.106079188286355,589.5945044132791,431.27688429415724
2024-04-22 12:00:00,326.52878352662844,81.2945832554,162.73687793028725,26.68808412903743,684.6450134349893,407.8233667820284
2024-04-22 13:00:00,216.13656840363367,76.72938574737637,97.14743019540708,27.138265303105804,640.3375918895354,292.86595415101004
2024-04-22 14:00:00,174.35450187899352,65.4746346107455,71.49473722552047,26.752136397046574,534.8564520796131,239.82913648973903
2024-04-22 15:00:00,355.29656068021495,42.91746554362252,157.27665985585352,27.261862380669736,340.6395740958056,398.2140262238375
2024-04-22 16:00:00,369.5198629620191,31.073128719133667,156.8136110227371,27.308939419816387,241.00961813407505,400.59299168115274
2024-04-22 17:00:00,419.0131857100449,23.18011803451858,170.14428095912558,28.30531244578316,161.36571876827412,442.1933037445635
2024-04-22 18:00:00,427.79921834469934,4.8789395025617395e-15,166.20439039637665,28.731594334073957,5.886709434513317e-14,427.79921834469934
2024-04-22 19:00:00,375.1533860881483,0.0,143.279982679069,29.805337796099348,0.0,375.1533860881483
2024-04-22 20:00:00,398.37696534271623,0.0,156.04920848340447,29.251965058416864,0.0,398.37696534271623
2024-04-22 21:00:00,289.9543122741543,0.0,98.64126497937154,30.585500636487925,0.0,289.9543122741543
2024-04-22 22:00:00,29.21810617041196,0.0,0.0,31.86463092893402,0.0,29.21810617041196
2024-04-22 23:00:00,41.93817837799912,0.0,0.0,33.31146489048087,0.0,41.93817837799912
2024-04-23 00:00:00,35.98027371170711,0.0,0.0,35.468707898577875,0.0,35.98027371170711
2024-04-23 01:00:00,37.451085666992014,0.0,0.0,34.79597662311677,0.0,37.451085666992014
2024-04-23 02:00:00,27.19337551427065,0.0,0.0,34.69156409035438,0.0,27.19337551427065
2024-04-23 03:00:00,37.7772181480335,0.0,0.0,33.90061024218131,0.0,37.7772181480335
2024-04-23 04:00:00,33.68585889960739,0.0,0.0,34.96022491758059,0.0,33.68585889960739
2024-04-23 05:00:00,35.39124541989289,0.0,0.0,33.69713256885415,0.0,35.39124541989289
2024-04-23 06:00:00,213.07619754901702,0.0,59.30298271651748,34.72652145697755,0.0,213.07619754901702
2024-04-23 07:00:00,362.47916142466966,19.23385653514374,149.00798656808652,32.03351882014004,188.3689075606707,381.7130179598134
2024-04-23 08:00:00,332.8987870538965,39.99801133398128,135.58452864785608,32.54999167072881,361.11493398799735,372.89679838787777
2024-04-23 09:00:00,272.9934698267532,44.74057291755426,112.09622503296491,30.965671156233388,379.75446541186756,317.73404274430743
2024-04-23 10:00:00,346.4233421949165,64.59074629175764,151.60826139298769,29.233221922637796,551.6019010591217,411.0140884866741
2024-04-23 11:00:00,322.94055663813765,87.68912250967976,159.50475131541128,29.138552282467355,761.3321499217486,410.6296791478174
2024-04-23 12:00:00,284.9337553744941,83.09092013797252,140.2472265526264,28.851955472328175,702.6668099054314,368.0246755124666
2024-04-23 13:00:00,245.70403135114628,68.72728489598795,107.52089176978787,28.003987634028448,568.8856751666009,314.43131624713425
2024-04-23 14:00:00,112.79935992640496,91.61442557910347,56.40578890130283,28.416345477574627,758.3688124913334,204.41378550550843
2024-04-23 15:00:00,366.5961434805938,61.492999091873045,171.87235627725593,28.524592309961072,491.04810835719246,428.08914257246687
2024-04-23 16:00:00,366.9794482193052,47.63125774212724,164.0940531045227,28.764434459350007,362.9279235900679,414.6107059614324
2024-04-23 17:00:00,437.14908639393644,27.506716232634336,191.77728242490383,29.01424370412181,188.1641239795825,464.6558026265708
2024-04-23 18:00:00,428.1613572566094,2.5122264197444123e-15,166.00246933342413,29.159884077645415,8.189325946206318e-14,428.1613572566094
2024-04-23 19:00:00,351.86170884103643,0.0,134.72115199019765,30.55309477670204,0.0,351.86170884103643
2024-04-23 20:00:00,432.31892836470126,0.0,174.10627404056174,31.5853864541564,0.0,432.31892836470126
2024-04-23 21:00:00,299.7131794225837,0.0,110.5421483404167,31.465195344638385,0.0,299.7131794225837
2024-04-23 22:00:00,31.02121648712827,0.0,0.0,33.33197178029415,0.0,31.02121648712827
2024-04-23 23:00:00,38.37741157836603,0.0,0.0,33.92382722404632,0.0,38.37741157836603
2024-04-24 00:00:00,35.02026355023057,0.0,0.0,33.531332898686735,0.0,35.02026355023057
2024-04-24 01:00:00,28.22785295478547,0.0,0.0,34.36279421749954,0.0,28.22785295478547
2024-04-24 02:00:00,35.05567140445858,0.0,0.0,34.49263384741653,0.0,35.05567140445858
2024-04-24 03:00:00,36.422113169723865,0.0,0.0,35.494344679592125,0.0,36.422113169723865
2024-04-24 04:00:00,32.77550921929444,0.0,0.0,34.2897051071679,0.0,32.77550921929444
2024-04-24 05:00:00,33.496499007313766,0.0,0.0,34.141453380643895,0.0,33.496499007313766
2024-04-24 06:00:00,219.7821495110682,0.0,51.83506270272474,32.839649368588354,0.0,219.7821495110682
2024-04-24 07:00:00,421.38864846517254,17.652988550387192,167.56628029757283,31.11746542027496,166.4223434139169,439.04163701555973
2024-04-24 08:00:00,412.5146946180004,32.00959889257245,171.0499588572763,31.484727945244487,276.66068359421166,444.5242935105729
2024-04-24 09:00:00,336.2360477695765,60.682524418505636,154.1479561642577,29.91359699818108,527.2078027450675,396.9185721880821
2024-04-24 10:00:00,253.99912644844653,85.13057199585752,119.35421408078872,29.23075695583972,749.6525830167832,339.12969844430404
2024-04-24 11:00:00,325.0898539856251,90.12228222743796,152.83866322480728,28.147197662123023,782.5010345917651,415.21213621306305
2024-04-24 12:00:00,292.90980229383524,80.48123545756599,148.3481598703273,28.153852039548816,684.941943326825,373.3910377514012
2024-04-24 13:00:00,229.16101113194162,81.37304740222993,108.95638190595068,28.300405809633162,681.142249053445,310.53405853417155
2024-04-24 14:00:00,141.125082282454,80.89659465281693,62.441874853985354,28.114926075070986,668.54024265558,222.02167693527093
2024-04-24 15:00:00,318.35944447056,69.58491003588026,151.0060991239501,28.56091138271452,558.4586749325142,387.9443545064403
2024-04-24 16:00:00,343.9020731480954,44.35611312120406,148.26242861380953,28.981447836565195,339.19469398813146,388.2581862692995
2024-04-24 17:00:00,,26.794234450389542,162.63052496446716,27.65074617155165,183.00981031810488,
2024-04-24 18:00:00,,1.9880019151164453e-15,158.39567403184557,28.801746740369108,8.90740515389983e-14,
2024-04-24 19:00:00,,0.0,145.0583673923531,29.338594573811577,0.0,
2024-04-24 20:00:00,,0.0,161.65832483360106,31.46452222602847,0.0,
2024-04-24 21:00:00,,0.0,89.23394087859128,31.707882786792926,0.0,
2024-04-24 22:00:00,,0.0,0.0,32.653966854911715,0.0,
2024-04-24 23:00:00,,0.0,0.0,33.515132039022866,0.0,
2024-04-25 00:00:00,,0.0,0.0,33.415910563065786,0.0,
2024-04-25 01:00:00,,0.0,0.0,32.83161617378339,0.0,
2024-04-25 02:00:00,,0.0,0.0,33.064104574457836,0.0,
2024-04-25 03:00:00,,0.0,0.0,33.57492480105217,0.0,
2024-04-25 04:00:00,,0.0,0.0,33.823998187097644,0.0,
2024-04-25 05:00:00,,0.0,0.0,32.65571133830225,0.0,
2024-04-25 06:00:00,,0.0,46.668763362657415,31.54770645258386,0.0,
2024-04-25 07:00:00,,17.33594908919432,168.02136072696376,30.02529862346488,161.12117151486072,
2024-04-25 08:00:00,,39.49791692776256,166.52764959472213,30.669874098305016,353.3716385121888,
2024-04-25 09:00:00,,57.011290738230855,160.64589123729127,28.919703823220814,498.5841239737172,
2024-04-25 10:00:00,,82.10198853070834,150.5311333691824,27.869817847899018,712.8473379199977,
2024-04-25 11:00:00,,70.91827212055118,156.36505240024005,26.860999958392572,602.8518553408156,
2024-04-25 12:00:00,,88.16421300565972,170.40370169657703,26.44289698695836,743.6884495018713,
2024-04-25 13:00:00,,87.44547063714887,88.52937979788268,26.332188803536212,737.2543142397349,
2024-04-25 14:00:00,,76.82775252471822,68.41576863228853,26.574111937677802,630.8716876086243,
2024-04-25 15:00:00,,53.67222220749317,134.27114964617394,26.208425061382812,425.59266585233144,
2024-04-25 16:00:00,,51.207572007954425,160.14856101216748,27.255301411303158,390.95215564022755,
2024-04-25 17:00:00,,29.163663246254515,157.9056798381044,27.59543870166291,198.86188875727646,
2024-04-25 18:00:00,,2.0136517246734624e-15,173.29228855738415,29.55453245036714,8.823372801087936e-14,
2024-04-25 19:00:00,,0.0,143.0268614869354,28.435448089719724,0.0,
2024-04-25 20:00:00,,0.0,144.74549016744854,30.27427602093107,0.0,
2024-04-25 21:00:00,,0.0,81.32202864708354,31.18640545815418,0.0,
2024-04-25 22:00:00,,0.0,0.0,31.428257603813304,0.0,
2024-04-25 23:00:00,,0.0,0.0,32.716036238651526,0.0,
2024-04-26 00:00:00,,0.0,0.0,34.921085136702466,0.0,
2024-04-26 01:00:00,,0.0,0.0,34.93418517354423,0.0,
2024-04-26 02:00:00,,0.0,0.0,35.69743048266349,0.0,
2024-04-26 03:00:00,,0.0,0.0,33.79709562321764,0.0,
2024-04-26 04:00:00,,0.0,0.0,34.11517124709774,0.0,
2024-04-26 05:00:00,,0.0,0.0,34.71760079802196,0.0,
2024-04-26 06:00:00,,0.0,59.42957292609126,33.7112122068855,0.0,
2024-04-26 07:00:00,,18.493413969094124,161.52283305087752,32.68132155374554,178.4897571209523,
2024-04-26 08:00:00,,46.98098734411672,129.1839657684312,32.1218067435133,424.34901384434653,
2024-04-26 09:00:00,,57.92738509687003,150.5241279717096,29.64105344304386,506.96857328659337,
2024-04-26 10:00:00,,70.4100576153212,167.11994805922825,30.15300437161498,610.0000655059092,
2024-04-26 11:00:00,,86.36009306687927,155.8796495966314,29.562510387310365,747.5968476596615,
2024-04-26 12:00:00,,70.73265272414086,158.6844870826237,28.144760043920165,597.7330795139412,
2024-04-26 13:00:00,,77.78915184825969,80.26736273804117,29.439077207187445,654.1512782098865,
2024-04-26 14:00:00,,84.37494820630096,62.36971278215876,28.1033735222846,703.0995142122074,
2024-04-26 15:00:00,,53.77170627776146,157.95179718832853,27.028074126987562,427.98612910349595,
2024-04-26 16:00:00,,53.42473893033436,154.92125241735516,28.664746125974908,411.1217469306833,
2024-04-26 17:00:00,,31.984888021282774,159.90662825420023,28.670395291105955,220.55374510783642,
2024-04-26 18:00:00,,2.079460716966148e-15,152.6312741249634,30.33769667721833,8.685553299187597e-14,
2024-04-26 19:00:00,,0.0,150.3174103847003,30.873304399090394,0.0,
2024-04-26 20:00:00,,0.0,141.1236089308456,31.206238004115473,0.0,
2024-04-26 21:00:00,,0.0,103.70866225181253,33.16229165724384,0.0,
2024-04-26 22:00:00,,0.0,0.0,33.724924693243224,0.0,
2024-04-26 23:00:00,,0.0,0.0,33.56611278056543,0.0,
2024-04-27 00:00:00,,0.0,0.0,33.622899069876425,0.0,
2024-04-27 01:00:00,,0.0,0.0,34.3070314843051,0.0,
2024-04-27 02:00:00,,0.0,0.0,33.98570106552501,0.0,
2024-04-27 03:00:00,,0.0,0.0,33.88137338699943,0.0,
2024-04-27 04:00:00,,0.0,0.0,33.717284124289094,0.0,
2024-04-27 05:00:00,,0.0,0.0,32.609807139045536,0.0,
2024-04-27 06:00:00,,0.0,0.0,31.301450027622835,0.0,
2024-04-27 07:00:00,,18.045015761462338,0.0,31.693266785936164,171.7875862230761,
2024-04-27 08:00:00,,43.20613459229654,0.0,29.673382722263728,386.94977803436035,
2024-04-27 09:00:00,,54.225032310776925,0.0,29.26544668748014,469.28542212888385,
2024-04-27 10:00:00,,61.52265296895329,0.0,28.032041517437037,523.3760189022878,
2024-04-27 11:00:00,,78.6379863511541,0.0,27.368736738877757,668.3981561879258,
2024-04-27 12:00:00,,72.84580454017602,0.0,27.849921370725433,615.5448123461637,
2024-04-27 13:00:00,,70.78573419032634,0.0,27.17593822236955,584.3822581636442,
2024-04-27 14:00:00,,59.894957428677124,0.0,27.038632469177262,485.7569542707637,
2024-04-27 15:00:00,,65.65919753475268,0.0,26.62914141308758,523.8167986243976,
2024-04-27 16:00:00,,28.285231484885472,0.0,27.308819239246507,220.3834534605429,
2024-04-27 17:00:00,,26.023803236477804,0.0,28.3811865423635,179.7198058518875,
2024-04-27 18:00:00,,3.527927907791128e-15,0.0,28.89178906425807,7.329536729385336e-14,
2024-04-27 19:00:00,,0.0,0.0,30.173303069573493,0.0,
2024-04-27 20:00:00,,0.0,0.0,31.15037870297428,0.0,
2024-04-27 21:00:00,,0.0,0.0,31.44758942564104,0.0,
2024-04-27 22:00:00,,0.0,0.0,31.491708053951072,0.0,
2024-04-27 23:00:00,,0.0,0.0,32.764383981531125,0.0,
2024-04-28 00:00:00,,0.0,0.0,32.794678514161944,0.0,
2024-04-28 01:00:00,,0.0,0.0,32.804931107362435,0.0,
2024-04-28 02:00:00,,0.0,0.0,32.785122135685874,0.0,
2024-04-28 03:00:00,,0.0,0.0,33.228050775476234,0.0,
2024-04-28 04:00:00,,0.0,0.0,34.058674705964926,0.0,
2024-04-28 05:00:00,,0.0,0.0,32.04321394448748,0.0,
2024-04-28 06:00:00,,0.0,0.0,31.561031315106863,0.0,
2024-04-28 07:00:00,,18.087698659064202,0.0,30.06228296059608,169.56187656120593,
2024-04-28 08:00:00,,35.681403992256094,0.0,30.43413476887351,312.44148486700686,
2024-04-28 09:00:00,,64.14418775768827,0.0,29.34393910516964,567.4532434034171,
2024-04-28 10:00:00,,66.48749435475055,0.0,28.46530131108571,572.184901233932,
2024-04-28 11:00:00,,72.4083529323496,0.0,28.017458412852207,619.4566203050205,
2024-04-28 12:00:00,,89.14079522706245,0.0,26.56767465075981,758.311614486188,
2024-04-28 13:00:00,,72.61467654577282,0.0,26.2804849394182,598.9758279994727,
2024-04-28 14:00:00,,66.66893690035533,0.0,27.167373507296077,545.4275767467464,
2024-04-28 15:00:00,,60.11228553594736,0.0,26.748057900813293,477.85112560685707,
2024-04-28 16:00:00,,44.42184821363316,0.0,25.671734417435133,337.5126612769419,
2024-04-28 17:00:00,,26.017051715297086,0.0,27.564970995018342,179.81071583749042,
2024-04-28 18:00:00,,2.1950975353158585e-15,0.0,27.771585210967952,1.0213207061643664e-13,
2024-04-28 19:00:00,,0.0,0.0,29.355653495822256,0.0,
2024-04-28 20:00:00,,0.0,0.0,30.01652947606284,0.0,
2024-04-28 21:00:00,,0.0,0.0,29.848029517200175,0.0,
2024-04-28 22:00:00,,0.0,0.0,31.69684932660049,0.0,
2024-04-28 23:00:00,,0.0,0.0,32.39262183913147,0.0,
2024-04-29 00:00:00,,0.0,0.0,32.86317781692773,0.0,
2024-04-29 01:00:00,,0.0,0.0,33.3188624784182,0.0,
2024-04-29 02:00:00,,0.0,0.0,33.89834064036067,0.0,
2024-04-29 03:00:00,,0.0,0.0,33.23804254726869,0.0,
2024-04-29 04:00:00,,0.0,0.0,32.69289580393257,0.0,
2024-04-29 05:00:00,,0.0,0.0,32.699215171696835,0.0,
2024-04-29 06:00:00,,0.0,0.0,32.52172802224469,0.0,
2024-04-29 07:00:00,,16.10831923179816,0.0,31.013759695392675,144.32930855048556,
2024-04-29 08:00:00,,35.50140093457174,186.0578539260778,29.753460723853852,309.83082677588504,
2024-04-29 09:00:00,,42.271922474713925,174.8476017002972,28.960756277475443,352.4083111619846,
2024-04-29 10:00:00,,63.43702611365309,165.52249461867692,28.028379540148936,537.7172445249025,
2024-04-29 11:00:00,,62.3684793813711,161.43343910766637,27.184743133933555,522.687240942866,
2024-04-29 12:00:00,,68.70625287449202,155.4876028399654,27.701854162957464,578.4228485482035,
2024-04-29 13:00:00,,79.37488399841497,85.98224702639517,25.895090581279852,667.9142434529012,
2024-04-29 14:00:00,,68.24009310970958,61.400862350362296,26.727810574571155,561.1182275111515,
2024-04-29 15:00:00,,58.12172197697084,166.5542913982048,26.206688797087782,463.33165902677433,
2024-04-29 16:00:00,,30.782947467297813,163.63801042808424,25.87905916213491,238.7196122435114,
2024-04-29 17:00:00,,28.265490979748975,169.9223792695309,27.081325054503637,194.54258408214093,
2024-04-29 18:00:00,,4.552350771474922e-15,176.70983187445188,27.62696974357285,6.38613887526168e-14,
2024-04-29 19:00:00,,0.0,155.0042995271674,29.033279661799813,0.0,
2024-04-29 20:00:00,,0.0,160.52166089398162,29.69600777177909,0.0,
2024-04-29 21:00:00,,0.0,76.55377561844705,30.045210886484647,0.0,
2024-04-29 22:00:00,,0.0,0.0,32.135861617194664,0.0,
2024-04-29 23:00:00,,0.0,0.0,32.670298396840586,0.0,
2024-04-30 00:00:00,,0.0,0.0,34.816398492599674,0.0,
2024-04-30 01:00:00,,0.0,0.0,34.49150453735174,0.0,
2024-04-30 02:00:00,,0.0,0.0,34.4744152791656,0.0,
2024-04-30 03:00:00,,0.0,0.0,34.724802446626995,0.0,
2024-04-30 04:00:00,,0.0,0.0,33.73463321609103,0.0,
2024-04-30 05:00:00,,0.0,0.0,33.53218532481878,0.0,
2024-04-30 06:00:00,,0.0,77.21404598272346,32.65444286364526,0.0,
2024-04-30 07:00:00,,17.872804864734615,150.9818796644173,31.167631312569807,167.4541079317386,
2024-04-30 08:00:00,394.9066937487461,39.976997704120755,167.76415730044013,31.05600956572548,358.41039388839516,434.88369145286686
2024-04-30 09:00:00,342.91386124418705,50.89494786864869,150.9711959869059,29.86593170957547,439.574612210184,393.8088091128357
2024-04-30 10:00:00,340.3594507693243,53.66539167183811,150.60551051601396,29.12100573129679,448.76095602780043,394.02484244116243
2024-04-30 11:00:00,327.3188097072829,80.63860466530696,153.76721983931367,28.699300551978006,695.9686107443717,407.9574143725899
2024-04-30 12:00:00,287.12679780882644,84.39376275784763,137.88938094596537,28.59745946705372,729.0296878176346,371.5205605666741
2024-04-30 13:00:00,165.76664951967825,77.5076027272468,71.06199048742896,27.187156376020216,651.4260195093808,243.27425224692507
2024-04-30 14:00:00,179.75124571962613,64.12419007534832,70.30604743854101,27.324002705741265,521.6393527484812,243.87543579497446
2024-04-30 15:00:00,359.30999731502817,61.23467374259569,166.09481527275585,27.2290000731143,492.3845871708559,420.5446710576239
2024-04-30 16:00:00,324.07507172589214,37.45954380534062,143.07528598310907,27.54610260616091,289.1366999905417,361.53461553123276
2024-04-30 17:00:00,394.11040080500726,22.28764910723355,164.61758967437095,28.22012360732814,158.27000323978584,416.3980499122408
2024-04-30 18:00:00,435.58762006987973,3.0169186043174937e-15,170.47696045257638,29.144056671898348,7.746194922736712e-14,435.58762006987973
2024-04-30 19:00:00,380.1053299770789,0.0,146.5849305471118,30.37935098388587,0.0,380.1053299770789
2024-04-30 20:00:00,422.2931353741673,0.0,163.98660531675822,31.15250469569836,0.0,422.2931353741673
2024-04-30 21:00:00,300.5972145067196,0.0,104.01429104879762,31.36971997162314,0.0,300.5972145067196
2024-04-30 22:00:00,37.443834022883905,0.0,0.0,33.38936197526452,0.0,37.443834022883905
2024-04-30 23:00:00,39.01643209380204,0.0,0.0,33.939361700697376,0.0,39.01643209380204
2024-05-01 00:00:00,14.460504240378459,0.0,0.0,32.981474804961955,0.0,14.460504240378459
2024-05-01 01:00:00,16.104284256409667,0.0,0.0,34.393774554992795,0.0,16.104284256409667
2024-05-01 02:00:00,17.04272815652707,0.0,0.0,34.06444792331941,0.0,17.04272815652707
2024-05-01 03:00:00,14.88447586337709,0.0,0.0,33.70349145757039,0.0,14.88447586337709
2024-05-01 04:00:00,28.684746149186708,0.0,0.0,33.61110765250646,0.0,28.684746149186708
2024-05-01 05:00:00,16.456998111056038,0.0,0.0,32.86296705336143,0.0,16.456998111056038
2024-05-01 06:00:00,45.938960358470496,0.0,0.0,32.423518044261975,0.0,45.938960358470496
2024-05-01 07:00:00,31.06672944044966,17.153568138443266,0.0,31.400503136445685,158.0032971118226,48.220297578892925
2024-05-01 08:00:00,3.655038307018472,38.196485132326536,0.0,30.23226569088518,338.42702727396664,41.85152343934501
2024-05-01 09:00:00,12.465964551423198,42.73370694229827,0.0,28.482198679581764,355.497315566961,55.19967149372147
2024-05-01 10:00:00,0.0,58.64822121419734,0.0,28.91456998733724,498.89654526929525,58.64822121419734
2024-05-01 11:00:00,0.0,61.19499933511941,0.0,27.739277343674996,516.3337891387795,61.19499933511941
2024-05-01 12:00:00,0.0,87.15661636944611,0.0,27.758863108598366,755.5417960850858,87.15661636944611
2024-05-01 13:00:00,0.0,79.11150594534308,0.0,27.2610758561474,664.0323848314906,79.11150594534308
2024-05-01 14:00:00,0.0,48.98255938360057,0.0,26.727146611443274,392.7446422830509,48.98255938360057
2024-05-01 15:00:00,0.0,45.0519063224973,0.0,27.53173242054821,357.6978898028696,45.0519063224973
2024-05-01 16:00:00,1.6937087822232613,39.805751105440144,0.0,27.472310634694026,305.424409720462,41.499459887663406
2024-05-01 17:00:00,27.193172549509505,21.090128864834988,0.0,28.007926406557406,151.40956442433875,48.28330141434449
2024-05-01 18:00:00,31.574023052439255,4.54712851102091e-15,0.0,28.581923373639707,6.37127448261245e-14,31.57402305243926
2024-05-01 19:00:00,49.581334781938956,0.0,0.0,30.336889915282352,0.0,49.581334781938956
2024-05-01 20:00:00,40.29919218506683,0.0,0.0,30.04434535247345,0.0,40.29919218506683
2024-05-01 21:00:00,53.859076152410815,0.0,0.0,31.145508106150572,0.0,53.859076152410815
2024-05-01 22:00:00,14.899979929605529,0.0,0.0,31.532311144481277,0.0,14.899979929605529
2024-05-01 23:00:00,10.448902641235374,0.0,0.0,33.23921798983644,0.0,10.448902641235374
2024-05-02 00:00:00,34.50317457499225,0.0,0.0,31.58940822597033,0.0,34.50317457499225
2024-05-02 01:00:00,31.955253740422148,0.0,0.0,31.995116417052216,0.0,31.955253740422148
2024-05-02 02:00:00,37.530958603887555,0.0,0.0,32.09092549982505,0.0,37.530958603887555
2024-05-02 03:00:00,38.969921600633114,0.0,0.0,32.26149516594657,0.0,38.969921600633114
2024-05-02 04:00:00,33.50095090285262,0.0,0.0,31.255102936819597,0.0,33.50095090285262
2024-05-02 05:00:00,33.149132819129555,0.0,0.0,30.20264491700542,0.0,33.149132819129555
2024-05-02 06:00:00,206.22607112429824,0.0,53.93838030010451,30.828245834600022,0.0,206.22607112429824
2024-05-02 07:00:00,420.8443913548146,16.62164783213489,165.90122614217898,28.698481620660605,148.7379415575802,437.4660391869495
2024-05-02 08:00:00,384.17393306015407,34.0139887427532,163.23909791513705,29.276462707892325,293.1253142375254,418.1879218029073
2024-05-02 09:00:00,419.5313545541221,47.24093528780621,187.11709804568443,28.722791032812385,401.7121431831743,466.77228984192834
2024-05-02 10:00:00,348.8700690075614,67.62705701784667,166.2733052464521,27.01728191393612,584.9428302612264,416.4971260254081
2024-05-02 11:00:00,330.2294717897337,74.65203462443178,151.02862504642636,27.024266555110966,638.8883675320174,404.8815064141655
2024-05-02 12:00:00,329.316391800018,73.8028663606471,152.85077341770437,25.80617669288649,621.1158796396238,403.1192581606651
2024-05-02 13:00:00,252.1264657696035,68.15745293970328,113.62107029998948,26.268274003430832,559.6013220476389,320.28391870930676
2024-05-02 14:00:00,164.75661220696816,60.08254169368744,60.7644417969668,25.12128488984703,485.1040099001609,224.8391539006556
2024-05-02 15:00:00,374.45587364724724,58.23003812092807,166.7318016239455,24.28621251917634,461.547264735694,432.6859117681753
2024-05-02 16:00:00,363.73934020360775,40.587644791811584,153.74550631968032,25.778349030604847,310.51329132622993,404.32698499541937
2024-05-02 17:00:00,400.3979304655917,22.026772946628686,174.52987665153012,27.22850167845609,156.4056550810969,422.42470341222037
2024-05-02 18:00:00,419.06899166703323,2.040397724449884e-15,175.30805349041583,27.366877968873844,9.47864350167346e-14,419.06899166703323
2024-05-02 19:00:00,402.08097198703854,0.0,157.14298263296953,27.68586554377589,0.0,402.08097198703854
2024-05-02 20:00:00,407.9276659528725,0.0,151.0935113691963,29.013844400546002,0.0,407.9276659528725
2024-05-02 21:00:00,281.07637731642967,0.0,90.43075388100469,30.240822892988735,0.0,281.07637731642967
2024-05-02 22:00:00,33.218278430532436,0.0,0.0,30.5565855964464,0.0,33.218278430532436
2024-05-02 23:00:00,31.69745289018042,0.0,0.0,32.63746259272774,0.0,31.69745289018042
2024-05-03 00:00:00,33.68144671584588,0.0,0.0,34.2889737266692,0.0,33.68144671584588
2024-05-03 01:00:00,27.58834628557324,0.0,0.0,35.39858954471752,0.0,27.58834628557324
2024-05-03 02:00:00,33.717644861105626,0.0,0.0,35.397562409924305,0.0,33.717644861105626
2024-05-03 03:00:00,31.840022326357673,0.0,0.0,34.547420471346115,0.0,31.840022326357673
2024-05-03 04:00:00,35.604358989141964,0.0,0.0,34.3354625712551,0.0,35.604358989141964
2024-05-03 05:00:00,32.12514371301246,0.0,0.0,34.500516849576,0.0,32.12514371301246
2024-05-03 06:00:00,205.33460304501634,0.0,52.11826085818121,33.338987735485524,0.0,205.33460304501634
2024-05-03 07:00:00,397.06701757986457,17.691141794861977,159.08380318622886,32.59149631290587,166.4494683245563,414.7581593747266
2024-05-03 08:00:00,381.05884578421114,33.05402648882821,158.76624102821492,30.698610114831226,286.421293311663,414.11287227303933
2024-05-03 09:00:00,334.1452761908423,47.44805238540554,144.64592184792122,30.938726461405633,408.0512021653066,381.59332857624787
2024-05-03 10:00:00,283.6166118006405,65.03416317003963,128.60172474967487,29.91024221372469,564.9927835945798,348.6507749706801
2024-05-03 11:00:00,345.5792101334301,72.08957906813242,185.3174639156213,29.009765046209914,615.350209766302,417.6687892015625
2024-05-03 12:00:00,343.00514354517713,71.11180926390786,187.6113981075615,28.665950809967402,607.3415089634324,414.116952809085
2024-05-03 13:00:00,225.7712538212837,52.20291616452918,113.24252853442505,27.931244546109543,426.0932552968561,277.97416998581286
2024-05-03 14:00:00,160.38635715883035,52.78593268207117,65.43895935262596,27.720642539741668,429.8117534702319,213.17228984090153
2024-05-03 15:00:00,364.5132640965456,41.70685036432424,188.7761832507202,28.01491063385211,334.3766390464425,406.2201144608698
2024-05-03 16:00:00,366.7243299532121,39.00698104189444,178.32934243144396,28.253403289278715,302.23401846631776,405.7313109951065
2024-05-03 17:00:00,404.20663621365173,19.890428441626966,197.26857001735203,30.13198483805209,145.4938382664821,424.0970646552787
2024-05-03 18:00:00,369.72539107844256,5.0178999595813e-15,163.87188939657582,30.2225291561052,5.4312660744192084e-14,369.72539107844256
2024-05-03 19:00:00,446.2083472437358,0.0,202.45635713624586,30.126492671838733,0.0,446.2083472437358
2024-05-03 20:00:00,447.64140103896193,0.0,208.98900847703862,32.534741792813826,0.0,447.64140103896193
2024-05-03 21:00:00,288.0646192235469,0.0,110.20773720012339,32.206032143824075,0.0,288.0646192235469
2024-05-03 22:00:00,33.9698237018167,0.0,0.0,33.281321475415545,0.0,33.9698237018167
2024-05-03 23:00:00,36.66937232529359,0.0,0.0,34.44017612330198,0.0,36.66937232529359
2024-05-04 00:00:00,20.317854923337585,0.0,0.0,31.96976460694742,0.0,20.317854923337585
2024-05-04 01:00:00,18.147360439907384,0.0,0.0,33.18589743419195,0.0,18.147360439907384
2024-05-04 02:00:00,17.942819870547638,0.0,0.0,33.13700304016711,0.0,17.942819870547638
2024-05-04 03:00:00,18.93284669864108,0.0,0.0,33.4069503974345,0.0,18.93284669864108
2024-05-04 04:00:00,24.94239359897711,0.0,0.0,33.13978372052895,0.0,24.94239359897711
2024-05-04 05:00:00,22.56751020153137,0.0,0.0,32.359914017137434,0.0,22.56751020153137
2024-05-04 06:00:00,15.323765964058863,0.0,0.0,31.611846316561202,0.0,15.323765964058863
2024-05-04 07:00:00,0.0,18.62095537182232,0.0,31.36210230982724,177.01137797835227,18.62095537182232
2024-05-04 08:00:00,0.0,29.39407066608774,0.0,30.074412930817715,247.28681966933758,29.39407066608774
2024-05-04 09:00:00,0.0,53.13780689630203,0.0,29.038515812817845,463.7039351766144,53.13780689630203
2024-05-04 10:00:00,0.0,59.51445558825692,0.0,28.247605261380766,503.21324377496165,59.51445558825692
2024-05-04 11:00:00,0.0,75.10831824368968,0.0,28.36674073026289,643.5963296627165,75.10831824368968
2024-05-04 12:00:00,0.0,68.50474737859071,0.0,26.978918040897213,576.6926504959256,68.50474737859071
2024-05-04 13:00:00,0.0,79.18579985090066,0.0,26.285705321156104,667.3035516768696,79.18579985090066
2024-05-04 14:00:00,0.0,69.63224271578369,0.0,25.469170421345165,571.6369534500426,69.63224271578369
2024-05-04 15:00:00,0.0,66.93346844704418,0.0,25.82596088662148,540.9567859798749,66.93346844704418
2024-05-04 16:00:00,0.0,42.84580466398368,0.0,26.659068104865277,329.55621914962046,42.84580466398368
2024-05-04 17:00:00,2.1906652494140317,21.715265479856463,0.0,27.394607809520707,155.33898778653023,23.905930729270494
2024-05-04 18:00:00,16.80051348166613,2.9243002168947005e-15,0.0,27.895859235845577,7.835746875382774e-14,16.800513481666133
2024-05-04 19:00:00,17.89126073245678,0.0,0.0,29.193375296314777,0.0,17.89126073245678
2024-05-04 20:00:00,25.78668948821422,0.0,0.0,29.639415943396543,0.0,25.78668948821422
2024-05-04 21:00:00,9.025366767300529,0.0,0.0,30.372291988441802,0.0,9.025366767300529
2024-05-04 22:00:00,18.12535979856786,0.0,0.0,31.9799918833294,0.0,18.12535979856786
2024-05-04 23:00:00,18.126985351692667,0.0,0.0,33.08324094824262,0.0,18.126985351692667
2024-05-05 00:00:00,17.02488644221514,0.0,0.0,34.88804869195881,0.0,17.02488644221514
2024-05-05 01:00:00,13.756563295195457,0.0,0.0,35.91314190145219,0.0,13.756563295195457
2024-05-05 02:00:00,14.696873568210034,0.0,0.0,34.958041248509645,0.0,14.696873568210034
2024-05-05 03:00:00,21.125402720943846,0.0,0.0,35.05401490423471,0.0,21.125402720943846
2024-05-05 04:00:00,18.878624883124765,0.0,0.0,35.1472495768435,0.0,18.878624883124765
2024-05-05 05:00:00,18.710012877559933,0.0,0.0,35.452872527928065,0.0,18.710012877559933
2024-05-05 06:00:00,11.194040921265703,0.0,0.0,33.771190562733814,0.0,11.194040921265703
2024-05-05 07:00:00,0.0,20.522261661734696,0.0,32.9083599980626,198.54183278724418,20.522261661734696
2024-05-05 08:00:00,0.0,40.47228212108274,0.0,32.42858721853378,366.5416723944439,40.47228212108274
2024-05-05 09:00:00,0.0,55.24217742428135,0.0,31.523218725302655,488.7827782106102,55.24217742428135
2024-05-05 10:00:00,0.0,65.83446607931239,0.0,30.267977841209216,578.697507279719,65.83446607931239
2024-05-05 11:00:00,0.0,94.73353510107249,0.0,30.928780627065255,846.7153733108454,94.73353510107249
2024-05-05 12:00:00,0.0,73.25111386151774,0.0,29.246772977783333,630.0648504557674,73.25111386151774
2024-05-05 13:00:00,0.0,79.91083852726226,0.0,29.086595676783855,690.4441953630437,79.91083852726226
2024-05-05 14:00:00,0.0,65.97846183137673,0.0,28.709653808731332,550.0481185063386,65.97846183137673
2024-05-05 15:00:00,0.0,71.24594993823612,0.0,29.249788966650403,585.3887325321656,71.24594993823612
2024-05-05 16:00:00,0.0,48.63209923032455,0.0,29.996933444193076,379.7781544504524,48.63209923032455
2024-05-05 17:00:00,0.0,23.069463478626833,0.0,30.767501691910923,165.80023529894953,23.069463478626833
2024-05-05 18:00:00,18.637135395817182,1.962631938788881e-15,0.0,30.27941073995461,8.953573107357451e-14,18.637135395817186
2024-05-05 19:00:00,16.733509930666848,0.0,0.0,32.05507450787834,0.0,16.733509930666848
2024-05-05 20:00:00,17.477464295360654,0.0,0.0,32.68538398736206,0.0,17.477464295360654
2024-05-05 21:00:00,15.974754888028173,0.0,0.0,33.80367854017541,0.0,15.974754888028173
2024-05-05 22:00:00,15.772352999604335,0.0,0.0,34.114603941240155,0.0,15.772352999604335
2024-05-05 23:00:00,20.580749962511568,0.0,0.0,34.79189692509838,0.0,20.580749962511568
2024-05-06 00:00:00,29.616485222453008,0.0,0.0,32.31535825391688,0.0,29.616485222453008
2024-05-06 01:00:00,34.541844346134305,0.0,0.0,32.674498662854226,0.0,34.541844346134305
2024-05-06 02:00:00,37.14983916660044,0.0,0.0,33.09927229974529,0.0,37.14983916660044
2024-05-06 03:00:00,37.559112360123294,0.0,0.0,32.296426187551326,0.0,37.559112360123294
2024-05-06 04:00:00,40.085945773674396,0.0,0.0,31.7940436172425,0.0,40.085945773674396
2024-05-06 05:00:00,34.3552365454465,0.0,0.0,30.06135896197016,0.0,34.3552365454465
2024-05-06 06:00:00,228.42600945664375,0.0,75.56059385959828,29.76078174881668,0.0,228.42600945664375
2024-05-06 07:00:00,428.3597374674884,14.72218272475121,195.80518529199213,29.525152873081474,125.84265523342634,443.08192019223964
2024-05-06 08:00:00,346.68160448631767,26.267236933760422,162.9480320481953,28.26588255219124,214.69001695263057,372.9488414200781
2024-05-06 09:00:00,347.0090076367185,48.68899896005837,172.7426988049743,28.317610642672147,415.3855813775166,395.69800659677685
2024-05-06 10:00:00,368.16276036516774,41.027210667790165,184.9168986244916,26.41140153702487,333.46624920745523,409.1899710329579
2024-05-06 11:00:00,414.0789285961171,47.19094107191807,218.37460763090812,26.09088611948629,384.2823103191626,461.2698696680352
2024-05-06 12:00:00,327.5598516910813,46.884739149598566,159.8539698244388,25.554309857999566,380.0121575122714,374.44459084067984
2024-05-06 13:00:00,255.17825613685173,56.53689350004627,126.78502484351272,26.03804316750233,462.00393985975467,311.715149636898
2024-05-06 14:00:00,180.30847583924765,38.11216482204942,71.22538034771333,25.012292643304527,302.56024707785053,218.42064066129706
2024-05-06 15:00:00,355.80295286730905,37.31102660028864,180.9466201814889,25.661877684826603,295.11113160183044,393.1139794675977
2024-05-06 16:00:00,436.00297729559213,18.57200837617362,203.68816159985553,25.88317616833017,145.0692638916222,454.5749856717658
2024-05-06 17:00:00,442.9045934080638,16.365930251368486,218.27574110322453,26.79318252638507,122.16009252160087,459.2705236594323
2024-05-06 18:00:00,411.0093751912069,5.106057330192611e-15,189.24959032855637,27.491519543872588,5.090881249907808e-14,411.0093751912069
2024-05-06 19:00:00,450.1559376242538,0.0,202.720431207906,27.893825303520753,0.0,450.1559376242538
2024-05-06 20:00:00,124.10723423205435,0.0,0.0,27.968264761510756,0.0,124.10723423205435
2024-05-06 21:00:00,101.8748001310803,0.0,0.0,29.606408232350354,0.0,101.8748001310803
2024-05-06 22:00:00,37.46520485257359,0.0,0.0,30.55643419554827,0.0,37.46520485257359
2024-05-06 23:00:00,33.49487555564091,0.0,0.0,31.43429036854365,0.0,33.49487555564091
2024-05-07 00:00:00,30.11997335490218,0.0,0.0,32.945461024967116,0.0,30.11997335490218
2024-05-07 01:00:00,40.78975583164731,0.0,0.0,34.23434063554803,0.0,40.78975583164731
2024-05-07 02:00:00,35.388729573944225,0.0,0.0,33.78995939348948,0.0,35.388729573944225
2024-05-07 03:00:00,36.418344645395095,0.0,0.0,33.20364140243766,0.0,36.418344645395095
2024-05-07 04:00:00,30.769545998203064,0.0,0.0,33.08512467820668,0.0,30.769545998203064
2024-05-07 05:00:00,40.032718311401624,0.0,0.0,33.72229474546832,0.0,40.032718311401624
2024-05-07 06:00:00,201.64879474868818,0.0,54.47957981410989,32.36533863080524,0.0,201.64879474868818
2024-05-07 07:00:00,371.8356281808917,16.26839374486153,149.37948766777384,31.71324461997301,146.2142689742803,388.1040219257533
2024-05-07 08:00:00,404.4458013880869,25.0671934333558,166.4024479756069,29.762356199475278,205.66902321306947,429.5129948214427
2024-05-07 09:00:00,375.55271306959344,40.539978598780046,160.84129098790902,29.03286818038126,336.00068626850714,416.0926916683735
2024-05-07 10:00:00,397.444752765326,56.29697991698274,184.7018676230917,28.192438531391364,468.3379760772338,453.74173268230874
2024-05-07 11:00:00,399.680349565423,60.603986092816626,189.86169881040078,27.90047281897338,511.6811725637593,460.2843356582396
2024-05-07 12:00:00,319.9879708386806,55.47286769169391,155.35005545862072,27.165059855543667,456.1078380706845,375.46083853037453
2024-05-07 13:00:00,223.28727731112514,53.04419545809526,88.0769823243563,26.657662086691737,431.0748786673302,276.3314727692204
2024-05-07 14:00:00,196.41052849328258,36.4460122175951,70.30822616619673,26.601114888080257,291.06111453139334,232.85654071087768
2024-05-07 15:00:00,415.43130490256306,34.5133522720391,177.41152232619814,26.505391698982713,274.33182065421954,449.9446571746022
2024-05-07 16:00:00,385.2873692771779,31.604933068973146,164.44965807562815,27.162141127635742,246.21685101096764,416.89230234615104
2024-05-07 17:00:00,409.25875674727416,15.691743100293882,168.6125867288415,28.364883742095945,118.476839003592,424.95049984756804
2024-05-07 18:00:00,431.96746524965073,4.938253367959989e-15,166.14915494422067,27.776580008557108,5.804003585074627e-14,431.96746524965073
2024-05-07 19:00:00,353.88499362467087,0.0,141.92708213781296,29.550522743290777,0.0,353.88499362467087
2024-05-07 20:00:00,371.10907916165536,0.0,138.30749743601575,30.973196031771796,0.0,371.10907916165536
2024-05-07 21:00:00,282.92633755247783,0.0,94.01897705544654,31.097422792908024,0.0,282.92633755247783
2024-05-07 22:00:00,38.729524664179195,0.0,0.0,31.76871166975904,0.0,38.729524664179195
2024-05-07 23:00:00,34.20557154700115,0.0,0.0,33.220139161460196,0.0,34.20557154700115
2024-05-08 00:00:00,30.246795307631523,0.0,0.0,32.19900475348404,0.0,30.246795307631523
2024-05-08 01:00:00,31.115532200900144,0.0,0.0,33.029421405715304,0.0,31.115532200900144
2024-05-08 02:00:00,30.955188102129185,0.0,0.0,32.64010472848007,0.0,30.955188102129185
2024-05-08 03:00:00,36.948625687398454,0.0,0.0,32.105716685672526,0.0,36.948625687398454
2024-05-08 04:00:00,29.16910759612909,0.0,0.0,32.61512355952107,0.0,29.16910759612909
2024-05-08 05:00:00,37.95901618402582,0.0,0.0,31.503202981192352,0.0,37.95901618402582
2024-05-08 06:00:00,227.1797563259303,0.0,61.73423269516032,31.40419152200834,0.0,227.1797563259303
2024-05-08 07:00:00,412.74610396890915,17.20527478571864,161.86186495782067,31.1234082487221,158.0660177949263,429.9513787546278
2024-05-08 08:00:00,374.60721679020213,39.36743596273886,155.43320896929984,30.587154482012735,351.5403420608162,413.974652752941
2024-05-08 09:00:00,320.03828808102776,49.72523396183664,130.67358096112602,28.800924762785705,421.52481441012907,369.7635220428644
2024-05-08 10:00:00,271.02217919241184,71.94256542074078,124.23295630070753,28.419634694660726,634.5443781993599,342.9647446131526
2024-05-08 11:00:00,349.7797291815033,84.1629533149976,169.11452905781215,27.384634369573327,734.7042612532555,433.9426824965009
2024-05-08 12:00:00,314.4852550695526,81.7930481789815,147.06105012343343,26.43738105848986,700.9237174292381,396.2783032485341
2024-05-08 13:00:00,219.45300564198322,63.26437212560558,92.30642436963797,25.31689820969574,521.0336673494044,282.7173777675888
2024-05-08 14:00:00,154.3876070336273,63.88181635172066,59.48475970665188,26.973272942213985,525.4609755240148,218.26942338534795
2024-05-08 15:00:00,328.8968866541458,63.48983475535352,143.11947663932347,25.754735292020627,511.34026601627716,392.38672140949933
2024-05-08 16:00:00,346.7632972615963,43.98285612549213,142.69733338197747,27.320323321136275,340.9187379252124,390.7461533870884
2024-05-08 17:00:00,418.84336649269073,16.465993573689985,173.56242288212954,27.453556859151135,123.06384379056892,435.3093600663807
2024-05-08 18:00:00,394.7729798859273,2.0415304312850096e-15,153.73338248343362,27.422020386049248,9.487112047817695e-14,394.7729798859273
2024-05-08 19:00:00,424.8065045141696,0.0,167.4975376609391,28.910159301723578,0.0,424.8065045141696
2024-05-08 20:00:00,426.89331639678295,0.0,169.61308726400006,30.72648230931559,0.0,426.89331639678295
2024-05-08 21:00:00,292.1877481108928,0.0,97.49153117976866,31.333719726963633,0.0,292.1877481108928
2024-05-08 22:00:00,41.53879614263224,0.0,0.0,31.1536702506057,0.0,41.53879614263224
2024-05-08 23:00:00,35.03031223038805,0.0,0.0,31.778910133733504,0.0,35.03031223038805
2024-05-09 00:00:00,32.42130121937249,0.0,0.0,32.41068590745076,0.0,32.42130121937249
2024-05-09 01:00:00,35.720280331146654,0.0,0.0,32.627476503074014,0.0,35.720280331146654
2024-05-09 02:00:00,38.82849586245856,0.0,0.0,33.429361668368564,0.0,38.82849586245856
2024-05-09 03:00:00,32.94295292983589,0.0,0.0,33.080027935769834,0.0,32.94295292983589
2024-05-09 04:00:00,34.89628165851877,0.0,0.0,31.51446108802852,0.0,34.89628165851877
2024-05-09 05:00:00,28.75764223588144,0.0,0.0,32.03370433741206,0.0,28.75764223588144
2024-05-09 06:00:00,240.1659118213747,0.0,68.05287389928095,30.98994749511351,0.0,240.1659118213747
2024-05-09 07:00:00,412.2157188284919,17.57714551692636,157.72536968925792,30.25391370142005,162.65545993313194,429.79286434541825
2024-05-09 08:00:00,421.0367188891664,30.79179224148335,178.98009236870388,29.453964482677524,261.85379047144835,451.82851113064976
2024-05-09 09:00:00,386.0584686814347,49.64836621876582,170.46880834686942,29.022990820326672,426.881422764264,435.70683490020053
2024-05-09 10:00:00,378.58289829968726,57.16627595232846,172.5639802829106,28.068389457320205,486.8878173493969,435.74917425201573
2024-05-09 11:00:00,308.5951780285822,70.28375017621562,142.7183466694513,26.47974787105063,596.5451626037143,378.87892820479783
2024-05-09 12:00:00,350.49284128143654,69.87728890074206,161.6460896437526,26.26909807845682,588.4730278622959,420.3701301821786
2024-05-09 13:00:00,216.4177879621222,41.54137562498375,77.15903141958613,25.72449188710685,334.15901040276344,257.95916358710593
2024-05-09 14:00:00,171.25381163342212,63.261300923484,71.82644452126388,24.988569991093893,513.6335481785343,234.5151125569061
2024-05-09 15:00:00,340.13256696860145,55.29761946101086,147.68260269467376,25.89406732973491,444.2757484536073,395.4301864296123
2024-05-09 16:00:00,346.8014607618651,39.42808412715764,149.86594354934465,27.220781276081205,306.6938594977637,386.22954488902275
2024-05-09 17:00:00,348.85430413735145,20.490139982648454,135.96403173783463,25.998597544519406,147.9670118166152,369.3444441199999
2024-05-09 18:00:00,402.3842053231019,2.1417469107010744e-15,156.9287214417215,27.56746207871716,8.625205201841735e-14,402.3842053231019
2024-05-09 19:00:00,403.5435219731243,0.0,153.27502765685412,28.395557244983532,0.0,403.5435219731243
2024-05-09 20:00:00,450.8648326925164,0.0,186.2074882448051,29.473360711429354,0.0,450.8648326925164
2024-05-09 21:00:00,296.68821550946996,0.0,102.61977440683157,29.75399715470905,0.0,296.68821550946996
2024-05-09 22:00:00,26.7878413796646,0.0,0.0,30.366937680147217,0.0,26.7878413796646
2024-05-09 23:00:00,38.262875199410914,0.0,0.0,31.115067881302796,0.0,38.262875199410914
2024-05-10 00:00:00,33.04599101784307,0.0,0.0,33.61240693230122,0.0,33.04599101784307
2024-05-10 01:00:00,32.94581760014606,0.0,0.0,32.805248544720754,0.0,32.94581760014606
2024-05-10 02:00:00,30.410136865480457,0.0,0.0,33.16607004406336,0.0,30.410136865480457
2024-05-10 03:00:00,,0.0,0.0,34.34890783120817,0.0,
2024-05-10 04:00:00,,0.0,0.0,32.57981222474725,0.0,
2024-05-10 05:00:00,,0.0,0.0,32.561924673018325,0.0,
2024-05-10 06:00:00,,0.0,59.75769798779156,32.197756978202705,0.0,
2024-05-10 07:00:00,,16.43097549619973,131.25683100422773,31.329577891238394,147.9783358438527,
2024-05-10 08:00:00,,36.02928223451085,121.53218943215701,29.25006296136811,314.8597909258666,
2024-05-10 09:00:00,,51.39497192271101,141.3365108408106,28.653308258180378,447.33563357694453,
2024-05-10 10:00:00,,70.6360445864583,136.53333937497422,28.31703312801594,613.4080428738172,
2024-05-10 11:00:00,,53.94931312873643,162.9906613479536,28.40548613442868,448.6497695399504,
2024-05-10 12:00:00,,66.93602956532595,155.21708434111775,26.504006897323816,559.341826166549,
2024-05-10 13:00:00,,76.1670138227529,94.66373330866085,26.288304255822673,636.2245084989886,
2024-05-10 14:00:00,,74.1518391102438,57.021791976563826,26.62563835059045,616.3234222568836,
2024-05-10 15:00:00,,53.7042005899585,159.89451021716016,26.844939861552398,433.0507826312431,
2024-05-10 16:00:00,,36.738821067639655,135.1285979267656,27.22488922879578,285.967669268278,
2024-05-10 17:00:00,,23.767909492398854,156.10927643258933,27.017799473319634,168.6780271616864,
2024-05-10 18:00:00,,2.636406286164763e-15,170.57639281663398,27.899827071422745,8.085145824784226e-14,
2024-05-10 19:00:00,,0.0,151.74443368367713,29.11773508193211,0.0,
2024-05-10 20:00:00,,0.0,164.48739022907554,30.54700679620409,0.0,
2024-05-10 21:00:00,,0.0,75.81862784250836,30.70247575668956,0.0,
2024-05-10 22:00:00,,0.0,0.0,31.65470018984804,0.0,
2024-05-10 23:00:00,,0.0,0.0,31.877760655473153,0.0,
2024-05-11 00:00:00,,0.0,0.0,36.58738346003604,0.0,
2024-05-11 01:00:00,,0.0,0.0,36.08255299642697,0.0,
2024-05-11 02:00:00,,0.0,0.0,36.66355852062275,0.0,
2024-05-11 03:00:00,,0.0,0.0,36.020370126889915,0.0,
2024-05-11 04:00:00,,0.0,0.0,35.69840357671162,0.0,
2024-05-11 05:00:00,,0.0,0.0,34.34940041957127,0.0,
2024-05-11 06:00:00,,0.0,0.0,33.29930019599809,0.0,
2024-05-11 07:00:00,,12.77437643862816,0.0,34.15650039462118,107.98560847042036,
2024-05-11 08:00:00,,27.836073513893577,0.0,32.66371023797559,235.51894891267247,
2024-05-11 09:00:00,,42.418936365275435,0.0,31.822028534478864,361.5405007052413,
2024-05-11 10:00:00,,64.33710242597522,0.0,30.250154254744174,567.4141240212342,
2024-05-11 11:00:00,,54.18719006492756,0.0,29.698275307794653,455.6798405079991,
2024-05-11 12:00:00,,54.283642980529514,0.0,30.124743218166333,453.2611897587838,
2024-05-11 13:00:00,,53.93513777069119,0.0,30.11401262425336,446.2734820378042,
2024-05-11 14:00:00,,65.79567099850927,0.0,28.814044123958105,545.5566663564945,
2024-05-11 15:00:00,,25.593645669372464,0.0,29.57968238301417,205.15997571572734,
2024-05-11 16:00:00,,26.954174721741094,0.0,29.68860468393964,213.8351513482407,
2024-05-11 17:00:00,,25.78742884756271,0.0,30.0895429266526,184.13844887272592,
2024-05-11 18:00:00,,4.165209600410593e-15,0.0,31.80066064093354,6.72068319294779e-14,
2024-05-11 19:00:00,,0.0,0.0,31.49221364997418,0.0,
2024-05-11 20:00:00,,0.0,0.0,33.24503744935312,0.0,
2024-05-11 21:00:00,,0.0,0.0,33.72125944722423,0.0,
2024-05-11 22:00:00,,0.0,0.0,34.36623646966197,0.0,
2024-05-11 23:00:00,,0.0,0.0,35.78556345151383,0.0,
2024-05-12 00:00:00,,0.0,0.0,33.848200366552454,0.0,
2024-05-12 01:00:00,,0.0,0.0,34.00457083115101,0.0,
2024-05-12 02:00:00,,0.0,0.0,34.861765290586426,0.0,
2024-05-12 03:00:00,,0.0,0.0,34.67741572299309,0.0,
2024-05-12 04:00:00,,0.0,0.0,34.304114777917874,0.0,
2024-05-12 05:00:00,,0.0,0.0,31.20301576743849,0.0,
2024-05-12 06:00:00,,0.0,0.0,32.642132516964615,0.0,
2024-05-12 07:00:00,,15.372590748298348,0.0,31.683969458489212,135.3776297488912,
2024-05-12 08:00:00,,29.630381585521324,0.0,30.65461257705266,250.8384025125958,
2024-05-12 09:00:00,,49.773218462789416,0.0,30.07106736322292,434.86699591464503,
2024-05-12 10:00:00,,51.4089091062671,0.0,29.05232264034767,433.04239669766145,
2024-05-12 11:00:00,,41.58393050673552,0.0,28.53607417860608,340.26687282328817,
2024-05-12 12:00:00,,60.903519011226564,0.0,27.50697438697237,511.85153250165837,
2024-05-12 13:00:00,,63.86334341300956,0.0,28.04039412717191,536.4051686417235,
2024-05-12 14:00:00,,57.33991276501763,0.0,27.561516299981815,472.1351105087391,
2024-05-12 15:00:00,,61.55599807847636,0.0,27.562567107341085,499.6930603692817,
2024-05-12 16:00:00,,34.71825553998732,0.0,27.887807907703298,272.2797964322412,
2024-05-12 17:00:00,,23.73977774663652,0.0,28.77581112368927,170.33891026137633,
2024-05-12 18:00:00,,3.647562187737305e-15,0.0,29.432888097563147,7.2223073465557e-14,
2024-05-12 19:00:00,,0.0,0.0,29.709791519463437,0.0,
2024-05-12 20:00:00,,0.0,0.0,31.16719939450705,0.0,
2024-05-12 21:00:00,,0.0,0.0,31.66493698197525,0.0,
2024-05-12 22:00:00,,0.0,0.0,33.38050759984557,0.0,
2024-05-12 23:00:00,,0.0,0.0,33.695781843771805,0.0,
2024-05-13 00:00:00,,0.0,0.0,32.26823460740777,0.0,
2024-05-13 01:00:00,,0.0,0.0,34.09604609017996,0.0,
2024-05-13 02:00:00,,0.0,0.0,31.998930435448173,0.0,
2024-05-13 03:00:00,,0.0,0.0,33.249368115789345,0.0,
2024-05-13 04:00:00,,0.0,0.0,32.23291560196598,0.0,
2024-05-13 05:00:00,,0.0,0.0,32.96591423443251,0.0,
2024-05-13 06:00:00,,0.0,0.0,31.42635338609073,0.0,
2024-05-13 07:00:00,,16.57985949659444,162.65432508564356,30.05891927875835,149.69619556532788,
2024-05-13 08:00:00,,36.7257516538774,173.99054993137682,29.416702997333296,324.83815510634724,
2024-05-13 09:00:00,,49.21749847662663,153.74781491743602,28.28711796625147,422.2288056973068,
2024-05-13 10:00:00,,58.38076795155162,191.28703265058817,27.647061864158047,495.80268326845163,
2024-05-13 11:00:00,,60.142506733791585,134.766481330759,26.91075281134542,503.2360345627402,
2024-05-13 12:00:00,,73.12089107087752,146.7902550170895,26.14328350584702,617.0644379381501,
2024-05-13 13:00:00,,78.06156481346665,95.82386654658102,26.30424186722266,663.9854948301428,
2024-05-13 14:00:00,,62.55354032330506,65.92556153716242,26.245562435146454,512.2752317934849,
2024-05-13 15:00:00,,71.87154357179443,148.30353246673408,25.671056765793367,591.0652249780704,
2024-05-13 16:00:00,,45.88034950592807,140.81657625899558,25.689727058675548,355.8153532423468,
2024-05-13 17:00:00,,27.160917925356074,167.26914012745746,27.230554845364956,192.4184204043621,
2024-05-13 18:00:00,,2.1334728233371256e-15,159.598540331544,28.065910629002854,8.630784847162245e-14,
2024-05-13 19:00:00,,0.0,152.07221890022046,29.00919207656488,0.0,
2024-05-13 20:00:00,,0.0,165.35632929450537,29.825537544240152,0.0,
2024-05-13 21:00:00,,0.0,93.21151281855616,31.242175399170407,0.0,
2024-05-13 22:00:00,,0.0,0.0,31.79848429690872,0.0,
2024-05-13 23:00:00,,0.0,0.0,33.36473818580379,0.0,
2024-05-14 00:00:00,,0.0,0.0,32.887058419257116,0.0,
2024-05-14 01:00:00,,0.0,0.0,30.807335005784495,0.0,
2024-05-14 02:00:00,,0.0,0.0,30.70707659197719,0.0,
2024-05-14 03:00:00,,0.0,0.0,31.682690650683494,0.0,
2024-05-14 04:00:00,,0.0,0.0,31.58885103578081,0.0,
2024-05-14 05:00:00,,0.0,0.0,30.742577137245167,0.0,
2024-05-14 06:00:00,,0.0,62.11962424586188,30.407436130623992,0.0,
2024-05-14 07:00:00,,21.823186841275216,154.71891333436085,29.076391527754748,208.2644275347182,
2024-05-14 08:00:00,,38.79943351644512,144.56834038239523,27.958670525888053,344.83390776684297,
2024-05-14 09:00:00,,52.09548399251864,142.96679015881455,27.12833381981077,448.753920769694,
2024-05-14 10:00:00,,63.4373571921354,149.22018846577453,26.455561723063013,549.7298184721569,
2024-05-14 11:00:00,,71.2608211543999,158.00511782481607,26.252528345472275,611.1083724223193,
2024-05-14 12:00:00,270.6168807236123,74.0032112061022,128.02744227799505,25.03118664601666,628.1184132630249,344.62009192971453
2024-05-14 13:00:00,225.38957400995224,67.75941511260037,103.42783742949949,24.780421164125023,564.5643905697825,293.1489891225526
2024-05-14 14:00:00,158.37823769191056,60.045233280506466,63.11617992211012,25.09075432961729,491.874152142472,218.42347097241702
2024-05-14 15:00:00,316.79962848122807,58.52145695007782,140.7248392527463,24.825507316810782,471.7667712373128,375.3210854313059
2024-05-14 16:00:00,404.33263016626614,41.09608448685233,182.96137396113198,25.83291226967227,318.46846635907923,445.42871465311845
2024-05-14 17:00:00,368.29043150588694,28.188144317989956,158.15822918115006,25.37101905732467,198.29250437882996,396.4785758238769
2024-05-14 18:00:00,361.6736554850033,2.1554550848144826e-15,136.4714059445014,25.98746402936237,8.624858276576498e-14,361.6736554850033
2024-05-14 19:00:00,438.41677748642434,0.0,182.25460439319204,27.55209376674546,0.0,438.41677748642434
2024-05-14 20:00:00,452.6243763163647,0.0,178.83917356912488,28.50779013872751,0.0,452.6243763163647
2024-05-14 21:00:00,272.4926722507183,0.0,85.91201946582933,28.77903281841223,0.0,272.4926722507183
2024-05-14 22:00:00,41.80638445767693,0.0,0.0,30.727443608258827,0.0,41.80638445767693
2024-05-14 23:00:00,28.937110820722044,0.0,0.0,31.74298804663314,0.0,28.937110820722044
2024-05-15 00:00:00,34.73516286318478,0.0,0.0,31.15152675120795,0.0,34.73516286318478
2024-05-15 01:00:00,35.06156385662888,0.0,0.0,32.55875567276011,0.0,35.06156385662888
2024-05-15 02:00:00,36.01178286423123,0.0,0.0,30.743298858382413,0.0,36.01178286423123
2024-05-15 03:00:00,33.449899990225866,0.0,0.0,32.35316146975352,0.0,33.449899990225866
2024-05-15 04:00:00,32.45180824959398,0.0,0.0,31.036572472064098,0.0,32.45180824959398
2024-05-15 05:00:00,42.89757034318589,0.0,0.0,31.39727501952176,0.0,42.89757034318589
2024-05-15 06:00:00,240.7529632866979,0.0,60.96522525599635,29.70372695140444,0.0,240.7529632866979
2024-05-15 07:00:00,383.7999736077302,20.47828493971551,150.29300606885286,29.3059878349282,196.3577261356076,404.2782585474457
2024-05-15 08:00:00,326.17338896363003,41.6744958260786,127.74086729613305,28.029307146111854,373.6348819406746,367.84788478970864
2024-05-15 09:00:00,367.28327831790375,59.27017658357444,162.6138282178315,27.42155793763291,520.1686453203077,426.5534549014782
2024-05-15 10:00:00,370.61346821459273,67.51197554598906,170.81104013529173,27.599326958847996,586.3431554311992,438.1254437605818
2024-05-15 11:00:00,357.26795363969353,71.82763236957975,167.8459988064018,25.905522311933158,620.3471727705694,429.0955860092733
2024-05-15 12:00:00,312.6720374161133,85.84984101696287,158.01587235337962,26.458426843100156,745.4747151113012,398.52187843307615
2024-05-15 13:00:00,216.59133793954456,84.20573213705129,103.4034031197179,24.86071827182462,710.8763673124639,300.79707007659584
2024-05-15 14:00:00,140.5978941469393,69.28807030757162,55.84732119949519,25.680247296286176,572.3692107111249,209.8859644545109
2024-05-15 15:00:00,389.16467856698983,68.3668813179047,186.13793507263,24.240778249114637,557.1008693485566,457.53155988489453
2024-05-15 16:00:00,349.68130788749363,41.166820967377795,145.339706820551,25.260021503448144,318.22279377917806,390.84812885487145
2024-05-15 17:00:00,359.2495828419088,24.096771085743825,147.08912952551856,25.69143621756718,170.61237310746182,383.3463539276527
2024-05-15 18:00:00,383.45819712215086,2.1812402902781006e-15,148.44035174207377,27.453217744781345,1.013899392320095e-13,383.45819712215086
2024-05-15 19:00:00,384.0776123109249,0.0,147.2916892410112,27.62112267954199,0.0,384.0776123109249
2024-05-15 20:00:00,389.7401207414786,0.0,154.46459611056147,27.390323359559027,0.0,389.7401207414786
2024-05-15 21:00:00,284.78957712465814,0.0,92.31284647882487,28.685166774879818,0.0,284.78957712465814
2024-05-15 22:00:00,33.750080707562,0.0,0.0,29.678033819693074,0.0,33.750080707562
2024-05-15 23:00:00,35.20273537705715,0.0,0.0,31.376263825591774,0.0,35.20273537705715
2024-05-16 00:00:00,33.78086748575139,0.0,0.0,33.28983688213118,0.0,33.78086748575139
2024-05-16 01:00:00,34.53716076134313,0.0,0.0,33.0867849025887,0.0,34.53716076134313
2024-05-16 02:00:00,23.15574423587207,0.0,0.0,33.08198933024873,0.0,23.15574423587207
2024-05-16 03:00:00,38.41863675909203,0.0,0.0,33.59517873949428,0.0,38.41863675909203
2024-05-16 04:00:00,38.66776283721902,0.0,0.0,32.322571594087066,0.0,38.66776283721902
2024-05-16 05:00:00,30.669910613156055,0.0,0.0,32.559952450185605,0.0,30.669910613156055
2024-05-16 06:00:00,235.13333671036523,0.0,63.81673190320627,31.792503225492634,0.0,235.13333671036523
2024-05-16 07:00:00,374.3709162118257,16.06379534896935,144.60552005537548,30.624816088382957,143.3004258791928,390.43471156079505
2024-05-16 08:00:00,386.1409312717295,29.730687528555656,160.12401860731762,30.055083209580374,252.07911485087314,415.8716188002852
2024-05-16 09:00:00,327.44604930419155,43.3497513888352,140.32577012126765,29.001424745736035,365.6596081023928,370.79580069302676
2024-05-16 10:00:00,398.02397502046483,52.454756117829206,169.0364768397773,28.354953974435787,438.9075639547412,450.47873113829405
2024-05-16 11:00:00,352.38407834087593,77.68338968006944,168.84110380258352,26.714319338664556,675.5311182535953,430.0674680209454
2024-05-16 12:00:00,349.1728335314283,44.18702777168105,157.40885616058003,27.13240630407633,358.68807921705553,393.35986130310937
2024-05-16 13:00:00,209.8759851222158,58.7787368091095,88.36036220321687,26.988804499796913,482.44925930486886,268.6547219313253
2024-05-16 14:00:00,171.23860827711306,56.22309359824995,64.96013986970137,26.51671993733974,457.8687023439962,227.46170187536302
2024-05-16 15:00:00,334.9762461226652,41.75824067681821,143.51955718914442,26.77611176054153,332.0677909858111,376.7344867994834
2024-05-16 16:00:00,368.70188594269206,38.261126896975895,158.04400864354932,26.7701956551071,298.6841831473244,406.96301283966795
2024-05-16 17:00:00,380.17181560183656,21.011850120531314,155.1089092997678,27.827036776036124,152.90749314191896,401.1836657223679
2024-05-16 18:00:00,468.45904753080987,4.500451117389058e-15,198.92105783021216,28.138867791047442,6.433709538951554e-14,468.45904753080987
2024-05-16 19:00:00,380.6314362969422,0.0,138.17392287323997,28.376406927971388,0.0,380.6314362969422
2024-05-16 20:00:00,330.7202935897067,0.0,115.48986818153827,30.266352304499147,0.0,330.7202935897067
2024-05-16 21:00:00,277.1814164795798,0.0,88.47486481265074,29.945037761162453,0.0,277.1814164795798
2024-05-16 22:00:00,30.404978461329,0.0,0.0,31.747634099201708,0.0,30.404978461329
2024-05-16 23:00:00,35.00109273401495,0.0,0.0,32.13900653618694,0.0,35.00109273401495
2024-05-17 00:00:00,33.9984177120473,0.0,0.0,32.546600457426784,0.0,33.9984177120473
2024-05-17 01:00:00,37.94261467337498,0.0,0.0,33.20630918600845,0.0,37.94261467337498
2024-05-17 02:00:00,30.038587886568905,0.0,0.0,32.88493032362461,0.0,30.038587886568905
2024-05-17 03:00:00,26.005973569851236,0.0,0.0,33.37641781810926,0.0,26.005973569851236
2024-05-17 04:00:00,35.542282984638334,0.0,0.0,32.79906164859014,0.0,35.542282984638334
2024-05-17 05:00:00,39.99442918518726,0.0,0.0,31.905801177480424,0.0,39.99442918518726
2024-05-17 06:00:00,211.34033133850846,0.0,52.19215079939539,32.15866420405677,0.0,211.34033133850846
2024-05-17 07:00:00,375.5178665541834,17.637807256624132,146.05455594005429,30.74783238204218,164.8951917019947,393.1556738108075
2024-05-17 08:00:00,349.56737765209084,28.98907167071003,137.0627348321831,30.05497488574585,245.03194992842992,378.55644932280086
2024-05-17 09:00:00,312.1095695625215,58.03978923349718,143.25411456508525,29.542002125921996,519.2722251079898,370.14935879601865
2024-05-17 10:00:00,322.6733822279623,56.440135811375036,140.72767287058076,28.689663686930796,478.4210958529877,379.11351803933735
2024-05-17 11:00:00,357.16191446060054,68.58678995860912,172.66648585878232,27.55459341180879,590.6534110257633,425.7487044192097
2024-05-17 12:00:00,321.50769613302543,76.70446222284896,156.73566073181536,26.55715640528317,663.6390001840398,398.2121583558744
2024-05-17 13:00:00,235.28305675860372,61.471158072609896,104.66302898969089,25.643982133253264,505.8508197537601,296.75421483121363
2024-05-17 14:00:00,167.05443586749215,58.98235462411656,63.25503335027351,26.342919769273482,482.53646396284813,226.0367904916087
2024-05-17 15:00:00,388.22811238954756,53.37078409156772,172.12529128668643,26.906126184930564,432.9776188927598,441.5988964811153
2024-05-17 16:00:00,347.94811258029216,51.88254961672628,152.7412146208629,26.885642915484716,407.93685985390056,399.83066219701846
2024-05-17 17:00:00,428.50598024075174,22.422323423961004,182.61419448104164,25.542408659996745,160.87965284490105,450.92830366471276
2024-05-17 18:00:00,414.23895931662133,2.020431412104365e-15,164.91774881582805,28.424605496446844,8.827122030752535e-14,414.23895931662133
2024-05-17 19:00:00,128.30231701539307,0.0,0.0,29.299457338562657,0.0,128.30231701539307
2024-05-17 20:00:00,465.2213684054864,0.0,167.2516062300615,29.588963322170454,0.0,465.2213684054864
2024-05-17 21:00:00,302.36166492829665,0.0,94.75607984133538,31.139621914519193,0.0,302.36166492829665
2024-05-17 22:00:00,31.640702268146438,0.0,0.0,31.8035571262303,0.0,31.640702268146438
2024-05-17 23:00:00,35.883529163328646,0.0,0.0,31.87169475704551,0.0,35.883529163328646
2024-05-18 00:00:00,30.86309055672532,0.0,0.0,33.89787862387299,0.0,30.86309055672532
2024-05-18 01:00:00,38.13638649699978,0.0,0.0,32.978141082977295,0.0,38.13638649699978
2024-05-18 02:00:00,34.56164970144851,0.0,0.0,33.70251681699915,0.0,34.56164970144851
2024-05-18 03:00:00,37.977416678237574,0.0,0.0,33.533378388144314,0.0,37.977416678237574
2024-05-18 04:00:00,31.42738882021019,0.0,0.0,32.84950898966976,0.0,31.42738882021019
2024-05-18 05:00:00,31.0760423032772,0.0,0.0,32.85790982049601,0.0,31.0760423032772
2024-05-18 06:00:00,61.39608829883881,0.0,0.0,32.63632360230515,0.0,61.39608829883881
2024-05-18 07:00:00,43.211852307045746,16.00767558129137,0.0,31.760876746308135,143.8900548533992,59.21952788833711
2024-05-18 08:00:00,22.869597346959104,30.3866941420383,0.0,30.592971259889577,260.6478284652361,53.256291488997405
2024-05-18 09:00:00,7.790273800867148,50.29874316542283,0.0,28.47731124121965,434.9558532012101,58.089016966289975
2024-05-18 10:00:00,0.0,61.86141612958851,0.0,27.81316300208006,539.4899259774672,61.86141612958851
2024-05-18 11:00:00,0.0,67.12918595330834,0.0,27.83934997824509,573.8305563509399,67.12918595330834
2024-05-18 12:00:00,0.0,81.43373364368439,0.0,27.182932718731312,713.8244444071371,81.43373364368439
2024-05-18 13:00:00,0.0,64.71784980218104,0.0,26.601358846757723,536.9915460930927,64.71784980218104
2024-05-18 14:00:00,0.0,66.94356530335821,0.0,27.683800751246036,558.0242513128175,66.94356530335821
2024-05-18 15:00:00,6.597394498007162,54.41384746168036,0.0,26.903328837092452,442.4480514956983,61.011241959687524
2024-05-18 16:00:00,23.15498569188837,32.00114110223117,0.0,27.47125660986849,251.11995244999397,55.156126794119544
2024-05-18 17:00:00,46.71543588524173,18.08200637207226,0.0,28.250212358839928,134.6645904744178,64.79744225731399
2024-05-18 18:00:00,57.314829284416895,3.1886168918438144e-15,0.0,28.50861837735485,7.610635556273717e-14,57.314829284416895
2024-05-18 19:00:00,64.63877716322465,0.0,0.0,30.62080357861598,0.0,64.63877716322465
2024-05-18 20:00:00,57.81868488391833,0.0,0.0,29.760953001300766,0.0,57.81868488391833
2024-05-18 21:00:00,55.399916014648376,0.0,0.0,30.83397001543038,0.0,55.399916014648376
2024-05-18 22:00:00,44.909501406922416,0.0,0.0,31.509726293377366,0.0,44.909501406922416
2024-05-18 23:00:00,30.014488063411125,0.0,0.0,33.487342029885184,0.0,30.014488063411125
2024-05-19 00:00:00,15.169189725353572,0.0,0.0,31.205511289831836,0.0,15.169189725353572
2024-05-19 01:00:00,17.153956966323037,0.0,0.0,30.882043875129423,0.0,17.153956966323037
2024-05-19 02:00:00,16.053936549065003,0.0,0.0,30.84144125199959,0.0,16.053936549065003
2024-05-19 03:00:00,18.656019389630266,0.0,0.0,31.84656508179002,0.0,18.656019389630266
2024-05-19 04:00:00,18.509794247230527,0.0,0.0,30.985312210391943,0.0,18.509794247230527
2024-05-19 05:00:00,21.35993162073901,0.0,0.0,30.953462157938063,0.0,21.35993162073901
2024-05-19 06:00:00,18.518803125218632,0.0,0.0,29.4933047640862,0.0,18.518803125218632
2024-05-19 07:00:00,0.0,17.703131201629525,0.0,28.935013758552603,164.08320842076967,17.703131201629525
2024-05-19 08:00:00,0.0,37.89575829910535,0.0,27.92349326709898,336.6461309355403,37.89575829910535
2024-05-19 09:00:00,0.0,51.43370341517299,0.0,26.55545711443112,446.15572356046465,51.43370341517299
2024-05-19 10:00:00,0.0,70.22698442208304,0.0,25.951307360072477,611.4767922367705,70.22698442208304
2024-05-19 11:00:00,0.0,68.07148138573363,0.0,24.706354033174893,576.601487065748,68.07148138573363
2024-05-19 12:00:00,0.0,,0.0,24.989343938095065,531.0908239172994,
2024-05-19 13:00:00,0.0,,0.0,24.77326342063867,755.6427959148265,
2024-05-19 14:00:00,0.0,,0.0,24.76846003952964,507.5746274249778,
2024-05-19 15:00:00,0.0,,0.0,24.725911494050745,416.3778914563955,
2024-05-19 16:00:00,0.0,,0.0,24.678185457979932,313.52390356550484,
2024-05-19 17:00:00,0.0,,0.0,26.074491027862557,164.90775133170538,
2024-05-19 18:00:00,14.672413115634791,,0.0,26.46953368334175,7.380467454669564e-14,
2024-05-19 19:00:00,12.756531171277024,,0.0,27.56178593244671,0.0,
2024-05-19 20:00:00,16.63201182420531,,0.0,28.499022791712154,0.0,
2024-05-19 21:00:00,23.685792258814228,,0.0,28.616446269682356,0.0,
2024-05-19 22:00:00,14.977822756908363,,0.0,29.7173191679236,0.0,
2024-05-19 23:00:00,17.014698119873017,,0.0,30.635535765378634,0.0,
2024-05-20 00:00:00,34.50651788182128,,0.0,32.846500105422486,0.0,
2024-05-20 01:00:00,33.2187755176745,,0.0,33.2072358917665,0.0,
2024-05-20 02:00:00,36.94169703021467,,0.0,33.240326262946624,0.0,
2024-05-20 03:00:00,35.50367587778666,,0.0,33.716672433695955,0.0,
2024-05-20 04:00:00,33.20825397926567,,0.0,33.2544124695839,0.0,
2024-05-20 05:00:00,29.41995447303061,,0.0,32.147020505949456,0.0,
2024-05-20 06:00:00,232.92338299508828,,61.72420160258658,32.214661199793504,0.0,
2024-05-20 07:00:00,406.3965869457424,,159.0123352206079,31.248039285444687,186.48174942120167,
2024-05-20 08:00:00,394.2428528398337,,169.3321833123164,30.981102170982656,306.73205908970556,
2024-05-20 09:00:00,302.34735435795034,,124.1491768072852,30.490604967651564,444.4145141093374,
2024-05-20 10:00:00,343.58688496691263,,151.97268794829574,28.868207256151276,557.9232351719304,
2024-05-20 11:00:00,348.78196330524713,,168.25206375491163,27.566793091108124,734.5559731900446,
2024-05-20 12:00:00,349.98227930693935,,161.40957942411308,27.682255361372157,519.2672704962849,
2024-05-20 13:00:00,194.9819989299234,,83.85569965015785,27.01389315559266,543.7250977403389,
2024-05-20 14:00:00,135.22462672938678,,48.08309706579405,26.76991945905341,445.91724250243067,
2024-05-20 15:00:00,396.2411929653155,,184.2895950020342,26.578441133342515,410.29581876377483,
2024-05-20 16:00:00,368.9334975935624,,154.55345772232337,27.12678315308762,300.60723434598685,
2024-05-20 17:00:00,431.2949524976891,,181.3462797627974,27.82621284615433,139.81288277254404,
2024-05-20 18:00:00,421.28869499476474,,170.02066330970774,29.042030282026882,7.434841051681406e-14,
2024-05-20 19:00:00,384.30804614817424,,145.00058648422947,29.73962821828927,0.0,
2024-05-20 20:00:00,327.7207033465713,,118.10241782193233,31.302770157408407,0.0,
2024-05-20 21:00:00,276.8344294263051,,90.13268794136246,31.633017780726217,0.0,
2024-05-20 22:00:00,35.89931633437831,,0.0,32.35212954822534,0.0,
2024-05-20 23:00:00,34.24364973094175,,0.0,32.71174063736079,0.0,
2024-05-21 00:00:00,31.561619360858266,,0.0,34.245633152498705,0.0,
2024-05-21 01:00:00,34.7115338529911,,0.0,34.8290694012617,0.0,
2024-05-21 02:00:00,30.46571366626187,,0.0,34.88335639879556,0.0,
2024-05-21 03:00:00,39.77898536472872,,0.0,33.83356271322236,0.0,
2024-05-21 04:00:00,29.910594244601686,,0.0,34.26004875213498,0.0,
2024-05-21 05:00:00,30.56269209314342,,0.0,35.00925434501243,0.0,
2024-05-21 06:00:00,227.63240667618197,,62.765373091036025,33.66757583665603,0.0,
2024-05-21 07:00:00,428.09355685766207,,164.59789533984724,32.450880460362804,142.04124584373488,
2024-05-21 08:00:00,345.18113442531677,,140.00366194532745,31.93251564124654,303.36266998341,
2024-05-21 09:00:00,367.2849834284183,,160.30360368307987,29.85070680945302,410.4313067449967,
2024-05-21 10:00:00,364.163584411011,,160.2978600443822,30.12432458840774,510.58184445470226,
2024-05-21 11:00:00,363.1761300043076,,173.02876236862068,29.897148127597358,733.7957612162443,
2024-05-21 12:00:00,333.72432301380286,,152.66778953583704,28.641628843386304,470.94753469184246,
2024-05-21 13:00:00,223.85723718478732,,98.68407629488908,27.466540575040508,567.021753037435,
2024-05-21 14:00:00,167.0218604537227,,64.81715277960362,28.02630546278818,603.5785439480907,
2024-05-21 15:00:00,403.89770690938633,,171.2904901016024,28.99216633565635,348.9231133192786,
2024-05-21 16:00:00,343.78698904991313,,144.58641077446825,28.831501645379827,277.96737419194096,
2024-05-21 17:00:00,287.2474525657711,,109.1340181876046,28.54924694862683,146.14285370603494,
2024-05-21 18:00:00,408.29098130669985,,153.76940758426363,31.167090319768466,7.199570358547071e-14,
2024-05-21 19:00:00,403.1060888161587,,153.86228220641095,30.200504814195142,0.0,
2024-05-21 20:00:00,365.6631821948505,,139.26907789385652,31.61181343936992,0.0,
2024-05-21 21:00:00,272.6661252554136,,80.24882629392268,32.12044938770925,0.0,
2024-05-21 22:00:00,31.40731247486334,,0.0,32.96527472271973,0.0,
2024-05-21 23:00:00,32.38307867151236,,0.0,33.98207390646186,0.0,
2024-05-22 00:00:00,16.759492537293315,,0.0,35.796573490005606,0.0,
2024-05-22 01:00:00,17.39088541682397,,0.0,36.47341561145857,0.0,
2024-05-22 02:00:00,16.795231429757177,,0.0,35.754325410820805,0.0,
2024-05-22 03:00:00,19.0955506051682,,0.0,35.32307811175631,0.0,
2024-05-22 04:00:00,23.663167350461734,,0.0,35.71781806841247,0.0,
2024-05-22 05:00:00,17.830522614406988,,0.0,35.176265020454544,0.0,
2024-05-22 06:00:00,36.74334723485748,,0.0,34.31759766461376,0.0,
2024-05-22 07:00:00,20.071753403228122,,0.0,33.49114606114922,121.39557119010477,
2024-05-22 08:00:00,18.292707497298082,,0.0,32.39112627366519,240.324085094106,
2024-05-22 09:00:00,0.0,,0.0,31.590618266256154,348.3544598883401,
2024-05-22 10:00:00,0.0,,0.0,30.60658393252525,465.9263798453152,
2024-05-22 11:00:00,0.0,,0.0,30.507657626202683,621.073502753092,
2024-05-22 12:00:00,0.0,,0.0,30.530550333944436,615.7312230686327,
2024-05-22 13:00:00,0.0,,0.0,29.156495680678894,590.6835456447193,
2024-05-22 14:00:00,0.0,,0.0,28.944123372851355,422.84096768482567,
2024-05-22 15:00:00,6.20250718141925,,0.0,29.19459978767033,375.2142414161442,
2024-05-22 16:00:00,12.038467065443491,,0.0,29.087359683099855,296.2225220712376,
2024-05-22 17:00:00,18.040375257807376,,0.0,30.35502494823653,135.62652195123437,
2024-05-22 18:00:00,55.49274228604154,,0.0,30.9179977013776,6.743114819987446e-14,
2024-05-22 19:00:00,32.517173900308684,,0.0,31.331307734956866,0.0,
2024-05-22 20:00:00,44.03014612069377,,0.0,32.89844290635827,0.0,
2024-05-22 21:00:00,50.614245616043846,,0.0,33.36277103886855,0.0,
2024-05-22 22:00:00,17.43392276075805,,0.0,33.712381177599845,0.0,
2024-05-22 23:00:00,21.813882384094953,,0.0,35.09808545370143,0.0,
2024-05-23 00:00:00,34.57803109092909,,0.0,31.376249787444632,0.0,
2024-05-23 01:00:00,41.10737761410973,,0.0,32.087614087566486,0.0,
2024-05-23 02:00:00,29.374507007312744,,0.0,32.14243809753686,0.0,
2024-05-23 03:00:00,37.21400516689121,,0.0,31.55279184919679,0.0,
2024-05-23 04:00:00,33.0900979238524,,0.0,31.0217100675382,0.0,
2024-05-23 05:00:00,40.053478062474824,,0.0,30.70241023168125,0.0,
2024-05-23 06:00:00,205.16297316974618,,59.37938398250193,30.158319062333764,0.0,
2024-05-23 07:00:00,398.86412281907747,,155.6906835028926,29.374408469240784,162.9245607350686,
2024-05-23 08:00:00,389.2906943242605,,159.0029892252562,28.377370726567495,339.0856279092795,
2024-05-23 09:00:00,296.07559537365273,,121.50643780332705,27.275416992904727,428.64850049583936,
2024-05-23 10:00:00,297.31943435974296,,129.88174528656808,26.975073132511046,475.3678998534183,
2024-05-23 11:00:00,60.59396778539183,,0.0,25.414639941299882,410.0634107750549,
2024-05-23 12:00:00,366.47531468159104,,154.51367173941512,26.435277435331304,588.1440238807178,
2024-05-23 13:00:00,223.8497883876107,,94.47700214855521,25.227459420564575,564.8132951713418,
2024-05-23 14:00:00,147.71395661178408,,54.60048323310797,24.162921920914428,516.741598003816,
2024-05-23 15:00:00,348.2485207175778,,157.43064223426018,24.938538895955904,525.2767322694332,
2024-05-23 16:00:00,78.44125051680611,,0.0,25.58191746826996,338.5322768298368,
2024-05-23 17:00:00,99.20565975389556,,0.0,25.577106335586663,166.2767027371464,
2024-05-23 18:00:00,389.57599486462993,,134.47611181721646,25.72909259871108,6.241551461479722e-14,
2024-05-23 19:00:00,390.99668907112283,,143.821327681525,26.801265993841163,0.0,
2024-05-23 20:00:00,470.50570711942254,,188.55927512135082,28.497711094672212,0.0,
2024-05-23 21:00:00,276.3067212595222,,91.19750299030645,28.25522304407407,0.0,
2024-05-23 22:00:00,32.1921926842372,,0.0,29.251992336576425,0.0,
2024-05-23 23:00:00,31.067163305777534,,0.0,30.969955730119313,0.0,
2024-05-24 00:00:00,35.57550485994175,,0.0,32.45814299373513,0.0,
2024-05-24 01:00:00,31.440430027192367,,0.0,32.571178886122354,0.0,
2024-05-24 02:00:00,35.59836047396814,,0.0,32.79096261525174,0.0,
2024-05-24 03:00:00,35.465094944523706,,0.0,32.18366217450259,0.0,
2024-05-24 04:00:00,35.40120314782516,,0.0,32.81164431738602,0.0,
2024-05-24 05:00:00,29.065186431518182,,0.0,31.609930645557203,0.0,
2024-05-24 06:00:00,247.6591669104195,,67.97460360010305,31.020452596621077,0.0,
2024-05-24 07:00:00,403.66181226023537,,154.40673466909954,30.617587915065425,133.3854457532123,
2024-05-24 08:00:00,372.9556086026175,,152.5841725724127,29.410014921185905,301.9666512900199,
2024-05-24 09:00:00,346.07630781141756,,147.48295850823536,28.28013537623702,392.608867586371,
2024-05-24 10:00:00,402.87615539773174,,178.69370390975212,26.793609476551048,381.97422561721515,
2024-05-24 11:00:00,363.1153547725436,,163.37588236563994,27.247167877694004,418.68761946950656,
2024-05-24 12:00:00,310.09656987712685,,145.06365659279066,26.546736259471675,626.3245443854026,
2024-05-24 13:00:00,213.77284921603055,,90.77566034475811,25.89889456805959,610.3731581661261,
2024-05-24 14:00:00,170.6612013171088,,69.77821417105794,25.51962913617959,489.7816160704523,
2024-05-24 15:00:00,279.36571723853433,,112.79302000380842,26.163969536228038,462.9312873829002,
2024-05-24 16:00:00,373.83001554526265,,162.39040996839356,26.74747565593036,310.656171390607,
2024-05-24 17:00:00,409.6363330326541,,165.9672232389584,27.11233439542225,153.47083636136705,
2024-05-24 18:00:00,383.9214260411872,,145.6914937972049,28.60736144915909,5.777275207444564e-14,
2024-05-24 19:00:00,414.7428822801802,,159.9348603363125,28.984849282356702,0.0,
2024-05-24 20:00:00,426.40313356996813,,165.41138037319126,29.48468714407599,0.0,
2024-05-24 21:00:00,239.27792707963832,,82.86566562641589,30.813334724820116,0.0,
2024-05-24 22:00:00,38.1508177019061,,0.0,31.31265982810855,0.0,
2024-05-24 23:00:00,31.668529189473375,,0.0,32.03579880032726,0.0,
2024-05-25 00:00:00,35.24915901073979,,0.0,33.1541901787316,0.0,
2024-05-25 01:00:00,36.17662616910785,,0.0,32.40663081977203,0.0,
2024-05-25 02:00:00,37.15562246447658,,0.0,32.986574190858036,0.0,
2024-05-25 03:00:00,30.461786814386286,,0.0,33.450514760167096,0.0,
2024-05-25 04:00:00,39.722480757895305,,0.0,32.66050355916353,0.0,
2024-05-25 05:00:00,26.145156154783294,,0.0,31.765266608299086,0.0,
2024-05-25 06:00:00,188.90337682024594,,58.0585630125538,30.371839484143475,0.0,
2024-05-25 07:00:00,341.2121564636366,,137.85564085705522,29.245612553592526,140.3464106739579,
2024-05-25 08:00:00,285.05393076980897,,131.8270649404481,30.51300996171093,349.0515865274253,
2024-05-25 09:00:00,297.66091950376426,,135.27972880134104,28.72330861959714,466.5312770060735,
2024-05-25 10:00:00,291.70349684031817,,143.34253829357385,27.432882797287427,503.5511016157627,
2024-05-25 11:00:00,327.71425368891363,,164.88200913141702,27.174774077242564,533.7589851199995,
2024-05-25 12:00:00,270.15571151848184,,142.04065746577075,25.969993384433348,618.669618050191,
2024-05-25 13:00:00,148.40659558693497,,86.83600384137945,25.928578336120687,618.5673829142307,
2024-05-25 14:00:00,0.0,,0.0,25.504449170334077,425.6031015622069,
2024-05-25 15:00:00,11.694720827109599,,0.0,25.387542182536567,387.93643917321396,
2024-05-25 16:00:00,29.862081889755366,,0.0,25.391337980666062,208.0207510551788,
2024-05-25 17:00:00,38.26174464804089,,0.0,26.201216936563227,165.6095298734332,
2024-05-25 18:00:00,59.00813234957245,,0.0,28.235563248799288,8.712776241364608e-14,
2024-05-25 19:00:00,63.337436529509716,,0.0,28.07561172836672,0.0,
2024-05-25 20:00:00,60.08002202941745,,0.0,29.742365422732,0.0,
2024-05-25 21:00:00,59.67704221961663,,0.0,30.85910971961199,0.0,
2024-05-25 22:00:00,37.850888524815616,,0.0,31.23320920943429,0.0,
2024-05-25 23:00:00,34.6451100216001,,0.0,31.80050949482294,0.0,
2024-05-26 00:00:00,21.610364159748606,,0.0,33.77246608654015,0.0,
2024-05-26 01:00:00,22.04072965903915,,0.0,33.847295921780464,0.0,
2024-05-26 02:00:00,17.280082792199845,,0.0,34.7768203440591,0.0,
2024-05-26 03:00:00,18.65347085572057,0.0,0.0,34.99387304211477,0.0,18.65347085572057
2024-05-26 04:00:00,20.776358908582026,0.0,0.0,34.4308605414618,0.0,20.776358908582026
2024-05-26 05:00:00,8.448515127542414,0.0,0.0,32.07395782979692,0.0,8.448515127542414
2024-05-26 06:00:00,16.233895697126787,0.0,0.0,32.20635233360073,0.0,16.233895697126787
2024-05-26 07:00:00,0.0,16.696385307883165,0.0,31.58281194028018,155.64299029901738,16.696385307883165
2024-05-26 08:00:00,0.0,36.05207494409474,0.0,30.906394693242053,326.2210886012343,36.05207494409474
2024-05-26 09:00:00,0.0,49.60626544206157,0.0,28.905341786320932,433.52524022467014,49.60626544206157
2024-05-26 10:00:00,0.0,53.15276390308331,0.0,28.053143882846296,449.6460052724801,53.15276390308331
2024-05-26 11:00:00,0.0,76.56568398764031,0.0,28.853386853690562,677.8887241292705,76.56568398764031
2024-05-26 12:00:00,0.0,51.30253159741132,0.0,27.364217140480353,418.48346862738134,51.30253159741132
2024-05-26 13:00:00,0.0,67.6120742294874,0.0,26.550422151792425,572.5133034724469,67.6120742294874
2024-05-26 14:00:00,0.0,60.065409293152506,0.0,26.6230453091693,501.86003732393334,60.065409293152506
2024-05-26 15:00:00,0.0,54.97930988723701,0.0,27.48936264267515,451.05969107161917,54.97930988723701
2024-05-26 16:00:00,0.0,42.594069842707405,0.0,27.232502956553496,334.65971761404126,42.594069842707405
2024-05-26 17:00:00,0.0,25.803584608959877,0.0,28.32080479996989,184.34833293549318,25.803584608959877
2024-05-26 18:00:00,15.403666944360939,3.907742628657909e-15,0.0,28.435502031657528,7.010984960529613e-14,15.403666944360943
2024-05-26 19:00:00,22.244915597602866,0.0,0.0,28.896898991479947,0.0,22.244915597602866
2024-05-26 20:00:00,18.39276787486836,0.0,0.0,31.38705579464144,0.0,18.39276787486836
2024-05-26 21:00:00,21.444665961316275,0.0,0.0,31.77982732653409,0.0,21.444665961316275
2024-05-26 22:00:00,21.730356741346377,0.0,0.0,32.257990282411726,0.0,21.730356741346377
2024-05-26 23:00:00,24.444215134792607,0.0,0.0,32.88905858634289,0.0,24.444215134792607
2024-05-27 00:00:00,26.96852599700095,0.0,0.0,32.79981213633141,0.0,26.96852599700095
2024-05-27 01:00:00,36.474804140946745,0.0,0.0,32.71277845332436,0.0,36.474804140946745
2024-05-27 02:00:00,26.68925273405652,0.0,0.0,33.10967955436614,0.0,26.68925273405652
2024-05-27 03:00:00,32.22935913818252,0.0,0.0,32.1251670918154,0.0,32.22935913818252
2024-05-27 04:00:00,42.95544864075477,0.0,0.0,32.09269522188358,0.0,42.95544864075477
2024-05-27 05:00:00,36.13014826073862,0.0,0.0,31.712246230699435,0.0,36.13014826073862
2024-05-27 06:00:00,236.8118954192461,0.0,61.862914520578684,30.511238483891336,0.0,236.8118954192461
2024-05-27 07:00:00,414.8998727395832,17.484400274799583,169.22049146903234,29.894373641905258,165.85431247327102,432.38427301438276
2024-05-27 08:00:00,391.80851925024024,35.431334331323555,164.2525847757983,28.74446786860663,316.0958435491455,427.2398535815638
2024-05-27 09:00:00,294.40389280740516,56.681147993478284,129.02050578584468,28.329935979440542,506.46605406609365,351.08504080088346
2024-05-27 10:00:00,298.5074312294029,74.04856750067397,140.4890984454971,26.625575956622967,662.9898181364158,372.5559987300769
2024-05-27 11:00:00,310.76211682938424,72.30696092030038,144.79306266541738,26.84738431401887,635.1724353740179,383.06907774968465
2024-05-27 12:00:00,330.6677947253406,84.42317379118941,169.13838589098236,26.160540726174176,742.9980935297446,415.09096851653004
2024-05-27 13:00:00,214.47074578199252,77.22064318754647,98.04040689254373,25.553878382282857,664.0224456790561,291.691388969539
2024-05-27 14:00:00,136.11333522113725,63.90561614393672,59.089434503263966,25.761031611374296,533.314623424066,200.01895136507397
2024-05-27 15:00:00,338.5371754104338,57.828989649127244,159.77661896650065,25.47306241467003,469.56272325287824,396.36616505956107
2024-05-27 16:00:00,332.1183587904993,42.25808405120196,140.83639647892602,25.670118754639077,330.4527014976113,374.3764428417013
2024-05-27 17:00:00,445.1293464241793,22.76392679211971,189.78180953467083,26.83326238178968,163.24239402731823,467.893273216299
2024-05-27 18:00:00,437.3291364727534,2.05334183912704e-15,166.5461290603484,27.579780041125442,8.77130042348061e-14,437.3291364727534
2024-05-27 19:00:00,421.7736588449539,0.0,169.88228737897344,27.876771261284915,0.0,421.7736588449539
2024-05-27 20:00:00,433.7671410214055,0.0,179.18477379157005,28.739746892426727,0.0,433.7671410214055
2024-05-27 21:00:00,299.5273858609521,0.0,104.10349817591074,29.85065295452685,0.0,299.5273858609521
2024-05-27 22:00:00,35.85568822897763,0.0,0.0,30.510270212141247,0.0,35.85568822897763
2024-05-27 23:00:00,36.74629319351236,0.0,0.0,32.2737063276423,0.0,36.74629319351236
2024-05-28 00:00:00,38.218142887186275,0.0,0.0,35.708042668814656,0.0,38.218142887186275
2024-05-28 01:00:00,43.149103534744306,0.0,0.0,35.90675640725736,0.0,43.149103534744306
2024-05-28 02:00:00,32.71656844386077,0.0,0.0,35.5523534116275,0.0,32.71656844386077
2024-05-28 03:00:00,40.61957295238304,0.0,0.0,36.26895101400208,0.0,40.61957295238304
2024-05-28 04:00:00,30.445978309422053,0.0,0.0,35.244002361745345,0.0,30.445978309422053
2024-05-28 05:00:00,41.794642072711916,0.0,0.0,34.66721597708441,0.0,41.794642072711916
2024-05-28 06:00:00,128.36562703449727,0.0,0.0,34.65502323001031,0.0,128.36562703449727
2024-05-28 07:00:00,415.5337465289051,16.58448043399331,154.58680179755078,33.61824391682679,157.43813595937743,432.1182269628984
2024-05-28 08:00:00,422.4651017905427,35.36026493635914,177.79047953906394,31.26699209390424,320.240108074026,457.82536672690185
2024-05-28 09:00:00,358.7808468905234,47.217477941626996,157.91793069602008,31.53396385873104,416.3375594647708,405.9983248321504
2024-05-28 10:00:00,312.7534721229727,70.79223312703147,145.70296989396206,30.831475708745828,646.4126594619611,383.5457052500042
2024-05-28 11:00:00,395.5792425072243,68.23968722726536,188.4744614954585,29.874044086428523,599.106445919814,463.81892973448964
2024-05-28 12:00:00,295.1986492042588,85.6106525977724,142.75913581934054,29.567808818071384,762.3823493694417,380.8093018020312
2024-05-28 13:00:00,57.78689226660157,72.66468102815563,0.0,28.233131505005773,626.71771556212,130.4515732947572
2024-05-28 14:00:00,60.58640575458302,61.582466689835336,0.0,27.603205598801654,519.5971481508321,122.16887244441835
2024-05-28 15:00:00,344.9429480459629,55.68589537836249,145.98286934737783,28.650241387275145,457.4095576416904,400.6288434243254
2024-05-28 16:00:00,92.36720228396823,30.128170399982874,0.0,29.628750546110055,239.9185227874488,122.4953726839511
2024-05-28 17:00:00,456.5974018451352,24.226054619958404,186.1210706699742,28.431364050058658,173.43342796107333,480.8234564650936
2024-05-28 18:00:00,383.4076527403765,2.528678637999241e-15,135.84616833052326,30.346942864852263,8.160368576175896e-14,383.4076527403765
2024-05-28 19:00:00,406.53485484288194,0.0,156.85558286436265,30.6514687560135,0.0,406.53485484288194
2024-05-28 20:00:00,445.47391392941074,0.0,180.8636952627518,32.39740381220634,0.0,445.47391392941074
2024-05-28 21:00:00,283.81213237661666,0.0,100.94382670111187,34.40353218530876,0.0,283.81213237661666
2024-05-28 22:00:00,29.362832722173778,0.0,0.0,34.160127901139965,0.0,29.362832722173778
2024-05-28 23:00:00,33.07444071974315,0.0,0.0,34.9398382099595,0.0,33.07444071974315
2024-05-29 00:00:00,38.874055886548945,0.0,0.0,34.00293134966253,0.0,38.874055886548945
2024-05-29 01:00:00,29.25129074464537,0.0,0.0,33.94362063693991,0.0,29.25129074464537
2024-05-29 02:00:00,35.83758506896883,0.0,0.0,33.944731080928214,0.0,35.83758506896883
2024-05-29 03:00:00,35.88382641593231,0.0,0.0,34.39629032010713,0.0,35.88382641593231
2024-05-29 04:00:00,38.07444474198249,0.0,0.0,33.81925945452432,0.0,38.07444474198249
2024-05-29 05:00:00,37.20463420653055,0.0,0.0,33.171413580959026,0.0,37.20463420653055
2024-05-29 06:00:00,229.51752735402937,0.0,61.86712849729033,32.232836889739154,0.0,229.51752735402937
2024-05-29 07:00:00,471.469600894476,17.921733359515596,195.13272781260727,31.28506127151818,174.63936871182918,489.3913342539916
2024-05-29 08:00:00,372.42044436205805,34.123490301843844,155.9987502832181,31.01081240863872,305.8437998709685,406.5439346639019
2024-05-29 09:00:00,368.6451052715558,55.35115183251236,163.75077382432437,29.47812899822448,497.03661927540884,423.99625710406815
2024-05-29 10:00:00,392.0916410173844,53.89037974117649,183.4773333105848,29.417853405700896,464.97621464676814,445.9820207585609
2024-05-29 11:00:00,379.9325215130075,58.727001912491346,172.94860124933902,27.553780048725333,495.2059517573309,438.65952342549883
2024-05-29 12:00:00,356.7638040234332,87.86557777678736,178.317083703504,28.23803003003024,778.6357845613868,444.62938180022053
2024-05-29 13:00:00,184.09976376426496,82.31400666521952,85.99935175508631,27.40750661555536,717.7052495370513,266.4137704294845
2024-05-29 14:00:00,187.68538150833507,62.16902501631337,70.73750112778195,26.567959504496887,514.9281222918581,249.85440652464843
2024-05-29 15:00:00,361.6569587511301,58.10611765399475,160.17107543284004,27.425975891287305,476.6651831082303,419.7630764051249
2024-05-29 16:00:00,342.5010789667515,47.8496633396322,145.75398209751577,27.195986603618714,375.90843807088777,390.3507423063837
2024-05-29 17:00:00,387.69871734378364,25.736602502365283,160.9956218341742,28.09406725904371,182.77634953339114,413.4353198461489
2024-05-29 18:00:00,412.36193952958314,2.314707734005814e-15,160.49637903847116,28.558913397450265,8.39616981968089e-14,412.36193952958314
2024-05-29 19:00:00,459.43619566805035,0.0,186.9223939147405,29.579904226097526,0.0,459.43619566805035
2024-05-29 20:00:00,405.7949399961926,0.0,163.5054073636442,31.02294236292782,0.0,405.7949399961926
2024-05-29 21:00:00,260.81864356504644,0.0,87.12139469307013,31.717349449955055,0.0,260.81864356504644
2024-05-29 22:00:00,39.535682625006665,0.0,0.0,31.739544270138346,0.0,39.535682625006665
2024-05-29 23:00:00,36.0052839442471,0.0,0.0,32.49305247934658,0.0,36.0052839442471
2024-05-30 00:00:00,37.777342747393924,0.0,0.0,33.51870117121914,0.0,37.777342747393924
2024-05-30 01:00:00,33.66978312329609,0.0,0.0,33.904558408300566,0.0,33.66978312329609
2024-05-30 02:00:00,34.67871731149947,0.0,0.0,33.51500196314739,0.0,34.67871731149947
2024-05-30 03:00:00,36.44914704586883,0.0,0.0,34.5286225863437,0.0,36.44914704586883
2024-05-30 04:00:00,36.652002160715995,0.0,0.0,33.790060834721274,0.0,36.652002160715995
2024-05-30 05:00:00,34.18697257544692,0.0,0.0,32.514310004301464,0.0,34.18697257544692
2024-05-30 06:00:00,218.36579021035516,0.0,56.62800604523667,31.741096794932947,0.0,218.36579021035516
2024-05-30 07:00:00,394.9905841046982,16.22799264100869,156.7534901500373,31.144184503843146,150.053127318187,411.2185767457069
2024-05-30 08:00:00,338.4796301850855,34.986424369977875,136.29473974053678,30.186297247303866,314.7089772285692,373.4660545550634
2024-05-30 09:00:00,353.6991562100607,37.33058712369668,146.23314423660176,30.074436541848012,311.94028410974704,391.0297433337574
2024-05-30 10:00:00,336.4175206271927,65.14567638512715,153.65398621653543,29.09448593933839,580.1601398488742,401.56319701231985
2024-05-30 11:00:00,332.1906219346623,62.71892806847269,150.8553056758486,27.894885475438727,531.9844345866779,394.909550003135
2024-05-30 12:00:00,356.36706885378425,79.00390550469378,168.9487947373263,27.660088320040018,694.9192902980942,435.370974358478
2024-05-30 13:00:00,212.10378780804666,64.90566407993515,87.52752901551752,27.38297167400148,546.5802810296158,277.0094518879818
2024-05-30 14:00:00,129.34435642056454,62.50592808697861,47.43911815878722,26.881354816974213,518.3075156605533,191.85028450754314
2024-05-30 15:00:00,291.3002988869437,64.12116996115476,130.9490766780284,27.172793400513754,528.6682569255371,355.42146884809847
2024-05-30 16:00:00,366.97401587398537,36.820310908433335,157.21936436585625,27.61822931664155,290.56218801335956,403.7943267824187
2024-05-30 17:00:00,360.1160155517131,25.24932516210498,148.25784849739358,28.121153580512473,180.22985103460383,385.36534071381806
2024-05-30 18:00:00,361.81451199228803,3.4360582757827638e-15,138.02242022165998,28.21282253860305,7.411188989518265e-14,361.81451199228803
2024-05-30 19:00:00,446.1489751994008,0.0,188.34560843315742,29.10750291630909,0.0,446.1489751994008
2024-05-30 20:00:00,440.86192034481235,0.0,170.5528144118351,30.207927121997923,0.0,440.86192034481235
2024-05-30 21:00:00,283.0465816720976,0.0,93.94786333664625,30.904758971176324,0.0,283.0465816720976
2024-05-30 22:00:00,41.17218570869308,0.0,0.0,31.365674166523117,0.0,41.17218570869308
2024-05-30 23:00:00,34.131421178766345,0.0,0.0,33.165074167468376,0.0,34.131421178766345
2024-05-31 00:00:00,42.92021768164711,0.0,0.0,35.61554945721937,0.0,42.92021768164711
2024-05-31 01:00:00,36.25545291573466,0.0,0.0,35.1223135844048,0.0,36.25545291573466
2024-05-31 02:00:00,42.28286583181613,0.0,0.0,35.79079812467557,0.0,42.28286583181613
2024-05-31 03:00:00,36.55521043900554,0.0,0.0,35.69985396392476,0.0,36.55521043900554
2024-05-31 04:00:00,29.812495157220194,0.0,0.0,35.53331760803984,0.0,29.812495157220194
2024-05-31 05:00:00,38.98074248757679,0.0,0.0,34.34516899036842,0.0,38.98074248757679
2024-05-31 06:00:00,236.32976299901168,0.0,64.46977262774497,33.48425936254213,0.0,236.32976299901168
2024-05-31 07:00:00,395.99448278181126,14.353479097558903,153.32402907664002,33.57698538641512,126.86956896830849,410.34796187937013
2024-05-31 08:00:00,334.74404264042664,40.33471492685583,137.7524098960499,31.644275474405024,376.824458018037,375.0787575672825
2024-05-31 09:00:00,394.4375938830983,49.35193549791384,173.7338445106554,31.389058076153177,440.1707544276933,443.78952938101213
2024-05-31 10:00:00,372.46151214864534,62.134519323051855,170.90844877746568,30.498217887660218,550.6237538909653,434.5960314716972
2024-05-31 11:00:00,296.29706188758604,56.2273887568113,126.35699291661582,29.874740587273024,480.53335031717234,352.52445064439735
2024-05-31 12:00:00,344.6275671437634,68.85161534427793,161.06631190832314,29.50652637788272,599.2516495738597,413.4791824880413
2024-05-31 13:00:00,204.73875000428995,,97.68306453170797,29.829801397433297,616.3026133770811,
2024-05-31 14:00:00,174.96733157606826,,60.97309325820756,28.11151038024388,502.4081698896956,
2024-05-31 15:00:00,397.44681404297114,,190.53192908344508,29.468806879893968,481.6063247776317,
2024-05-31 16:00:00,410.1060514035031,,188.82272849358623,28.124088614228107,387.51986714361857,
2024-05-31 17:00:00,366.52489952364954,,151.5542495473513,30.633238320795076,136.49179355346809,
2024-05-31 18:00:00,409.2540794067313,,153.990597434718,29.639821810270753,6.388516226627771e-14,
2024-05-31 19:00:00,386.0878492493732,,152.14074070530518,32.723587141697905,0.0,
2024-05-31 20:00:00,392.2262291985902,,147.8715151245051,32.21637256580076,0.0,
2024-05-31 21:00:00,263.92311817178677,,85.7988131563038,33.96231466878468,0.0,
2024-05-31 22:00:00,34.51344329503267,,0.0,34.70333449224477,0.0,
2024-05-31 23:00:00,35.665344538373205,,0.0,34.66788566904005,0.0,
2024-06-01 00:00:00,34.05285859105302,,0.0,31.331957155251718,0.0,
2024-06-01 01:00:00,30.00711151812509,,0.0,31.442903761545583,0.0,
2024-06-01 02:00:00,30.38710813201544,,0.0,32.37442793432213,0.0,
2024-06-01 03:00:00,34.25238228546399,,0.0,31.64974919100249,0.0,
2024-06-01 04:00:00,33.951824774912374,,0.0,31.10234000032015,0.0,
2024-06-01 05:00:00,40.39659429559432,,0.0,31.224254591230974,0.0,
2024-06-01 06:00:00,63.39499088229125,,0.0,29.78215463039711,0.0,
2024-06-01 07:00:00,44.137616663863035,,0.0,29.222118363082803,128.10958824105606,
2024-06-01 08:00:00,35.03565157274661,,0.0,28.53429578353608,277.3103676686208,
2024-06-01 09:00:00,8.52737833653827,,0.0,27.253661448610526,437.9163190787975,
2024-06-01 10:00:00,9.114227931101468,,0.0,26.484968510640016,466.50249102313,
2024-06-01 11:00:00,0.0,,0.0,26.7733607175168,536.3067511748236,
2024-06-01 12:00:00,0.0,,0.0,25.347536337711873,478.9848151692824,
2024-06-01 13:00:00,10.13583591952824,,0.0,24.92018897919644,425.3754646549543,
2024-06-01 14:00:00,0.0,,0.0,24.89318028206562,471.01101927451003,
2024-06-01 15:00:00,14.65747898792911,,0.0,25.327229953337778,358.6360929162169,
2024-06-01 16:00:00,37.638881779035486,,0.0,24.932722096517516,193.02697329199347,
2024-06-01 17:00:00,38.074380542698734,,0.0,26.21947681717626,121.44836066537562,
2024-06-01 18:00:00,56.592604649787425,,0.0,26.858652946129602,5.974727815239723e-14,
2024-06-01 19:00:00,59.66807365696657,,0.0,26.6805485012041,0.0,
2024-06-01 20:00:00,68.8898685455207,,0.0,29.377870652804365,0.0,
2024-06-01 21:00:00,59.35911790277547,,0.0,30.11701628934041,0.0,
2024-06-01 22:00:00,38.3387982165642,,0.0,29.830461384727563,0.0,
2024-06-01 23:00:00,32.54694155976205,,0.0,30.394403316404254,0.0,
2024-06-02 00:00:00,22.294919719183753,,0.0,32.125478749556585,0.0,
2024-06-02 01:00:00,13.981408079546775,,0.0,31.64817283589452,0.0,
2024-06-02 02:00:00,19.736078662713204,,0.0,33.16250556464956,0.0,
2024-06-02 03:00:00,20.102247835464166,,0.0,32.12687761193397,0.0,
2024-06-02 04:00:00,18.7084501001344,,0.0,32.82235646519837,0.0,
2024-06-02 05:00:00,18.749965960123312,,0.0,31.04303613675821,0.0,
2024-06-02 06:00:00,19.41829290322973,,0.0,30.674263045015067,0.0,
2024-06-02 07:00:00,2.4242816727085366,,0.0,30.519837048945934,140.38789271483694,
2024-06-02 08:00:00,0.0,,0.0,28.818744347979013,273.0276641244593,
2024-06-02 09:00:00,0.0,,0.0,28.210543301527476,330.0862949760737,
2024-06-02 10:00:00,0.0,,0.0,27.776693465617434,473.3927034436468,
2024-06-02 11:00:00,0.0,,0.0,26.22746662822843,480.21458477929036,
2024-06-02 12:00:00,0.0,,0.0,25.318405629279045,292.9015978490283,
2024-06-02 13:00:00,0.0,,0.0,24.870268397632902,457.99891302615526,
2024-06-02 14:00:00,0.0,,0.0,25.772080462517366,513.5494759716319,
2024-06-02 15:00:00,0.0,,0.0,25.7940128892855,270.94598187229997,
2024-06-02 16:00:00,0.0,,0.0,26.480106761093438,259.778625484793,
2024-06-02 17:00:00,0.0,,0.0,26.36846799415422,163.4371280976365,
2024-06-02 18:00:00,21.197193970427065,,0.0,26.514995458998158,5.549929500243814e-14,
2024-06-02 19:00:00,19.87932688624654,,0.0,26.89812127679882,0.0,
2024-06-02 20:00:00,16.709208732529,,0.0,30.41434535497428,0.0,
2024-06-02 21:00:00,19.633246814586702,,0.0,30.149692254926002,0.0,
2024-06-02 22:00:00,11.478550349913622,,0.0,30.798759965839576,0.0,
2024-06-02 23:00:00,13.834544643371803,,0.0,31.59455770210825,0.0,
2024-06-03 00:00:00,21.10907808689973,,0.0,29.91446151117886,0.0,
2024-06-03 01:00:00,29.162570543325053,,0.0,30.582346468579757,0.0,
2024-06-03 02:00:00,20.330678401623178,,0.0,31.970707136045164,0.0,
2024-06-03 03:00:00,14.910608328754565,,0.0,31.308956106987388,0.0,
2024-06-03 04:00:00,20.88627862784361,,0.0,30.248332156481112,0.0,
2024-06-03 05:00:00,15.21111331715765,,0.0,29.460508142160837,0.0,
2024-06-03 06:00:00,37.183370765071686,,0.0,29.09119501757726,0.0,
2024-06-03 07:00:00,28.87690067880405,,0.0,28.347193406296928,125.25519266953269,
2024-06-03 08:00:00,14.869139582353224,,0.0,28.623615089972894,187.74952017817182,
2024-06-03 09:00:00,0.0,,0.0,26.59904172620774,431.9238848534842,
2024-06-03 10:00:00,0.0,,0.0,25.254266179983034,434.2520388668408,
2024-06-03 11:00:00,0.0,,0.0,25.094867156091585,404.9179399870549,
2024-06-03 12:00:00,0.0,,0.0,24.700122392993006,434.8991390874827,
2024-06-03 13:00:00,0.0,,0.0,23.578028391244118,332.6658069028408,
2024-06-03 14:00:00,4.012807589352377,,0.0,24.30012483927585,350.25193612032194,
2024-06-03 15:00:00,0.0,,0.0,24.822759656173588,399.6820431041821,
2024-06-03 16:00:00,11.266679481688818,,0.0,24.63728880042939,328.8054748296254,
2024-06-03 17:00:00,38.24167434476769,,0.0,24.725635761971787,140.5908514973253,
2024-06-03 18:00:00,56.486001022827,,0.0,25.584606853264468,5.890550732422136e-14,
2024-06-03 19:00:00,47.456541602013935,,0.0,25.863757425859788,0.0,
2024-06-03 20:00:00,45.6931551401211,,0.0,27.532124454998275,0.0,
2024-06-03 21:00:00,30.693349993884617,,0.0,28.66029870832332,0.0,
2024-06-03 22:00:00,14.162582716194816,,0.0,28.900725779616803,0.0,
2024-06-03 23:00:00,14.289743921326709,,0.0,31.043765881716272,0.0,
2024-06-04 00:00:00,33.05801320557144,,0.0,30.28262618290585,0.0,
2024-06-04 01:00:00,33.9956778370195,,0.0,29.33974924447226,0.0,
2024-06-04 02:00:00,38.743442964771525,,0.0,29.469266242680963,0.0,
2024-06-04 03:00:00,35.7260021936501,,0.0,29.74412601259457,0.0,
2024-06-04 04:00:00,32.6502441486176,,0.0,30.673079138559913,0.0,
2024-06-04 05:00:00,37.09975619893511,,0.0,29.775732111363837,0.0,
2024-06-04 06:00:00,228.8209440167205,,66.19319980365913,29.417253619713883,0.0,
2024-06-04 07:00:00,101.60239366188267,,0.0,27.76636882307494,82.31866864121392,
2024-06-04 08:00:00,445.89563075466157,,181.9137897658512,26.7506528579536,208.6629728378488,
2024-06-04 09:00:00,408.33236366996437,,169.9295376697848,25.325776121045607,315.9203326002956,
2024-06-04 10:00:00,291.5117364136138,,119.5879872919939,25.28023948439314,346.2410771772175,
2024-06-04 11:00:00,308.59429844733256,,128.13334563657136,24.282439704323316,394.38553904993387,
2024-06-04 12:00:00,409.59954982033804,,174.26057207730003,23.706972513448274,320.51875459790335,
2024-06-04 13:00:00,275.27616100830414,,109.80307908292734,24.28368255044942,394.11433304047256,
2024-06-04 14:00:00,185.76273294936334,,66.4885281313435,23.29222472050246,380.00376694233364,
2024-06-04 15:00:00,357.34200007302144,,152.68711003795843,24.140147851946846,300.39442858753614,
2024-06-04 16:00:00,430.90152429352787,,178.79874089798687,23.030271278117898,221.62974963126143,
2024-06-04 17:00:00,409.5368579170454,,169.36910190709287,25.724579904213286,131.29435439221444,
2024-06-04 18:00:00,431.3811438149144,,175.41476317155045,24.918762291057057,5.769723626743758e-14,
2024-06-04 19:00:00,353.72468598705245,,128.25903656063042,26.30312287571293,0.0,
2024-06-04 20:00:00,414.41538648790015,,162.90760361449955,27.288533977907996,0.0,
2024-06-04 21:00:00,303.87580706645275,,111.26969734041023,27.512585814605846,0.0,
2024-06-04 22:00:00,32.02023080486509,,0.0,29.014912566964266,0.0,
2024-06-04 23:00:00,34.57852517883588,,0.0,29.765772844378276,0.0,
2024-06-05 00:00:00,32.093292957161395,,0.0,30.442082704917574,0.0,
2024-06-05 01:00:00,34.388967362027834,,0.0,30.797656322115714,0.0,
2024-06-05 02:00:00,32.7751618501986,,0.0,31.290219453937294,0.0,
2024-06-05 03:00:00,43.87862682164662,,0.0,31.09055946036399,0.0,
2024-06-05 04:00:00,35.34632221280019,,0.0,31.495220003365226,0.0,
2024-06-05 05:00:00,38.62977371611986,,0.0,30.593773868820378,0.0,
2024-06-05 06:00:00,249.84464347515618,,66.3229251119381,29.482354257463378,0.0,
2024-06-05 07:00:00,428.84362260572146,,172.43485452305688,28.97647167940758,110.5142760787606,
2024-06-05 08:00:00,386.7606933909855,,158.07287334045895,26.744239503296576,177.7006002874391,
2024-06-05 09:00:00,365.52322868847136,,159.17068317611722,26.554043897520227,343.506875722047,
2024-06-05 10:00:00,400.471132806515,,179.5898087923877,26.161476546354365,444.4337314010217,
2024-06-05 11:00:00,332.5269907852954,,146.95083351101619,25.85037505898823,401.02773582720914,
2024-06-05 12:00:00,338.0595576685989,,145.4096838874084,24.83636179627728,423.7168407102671,
2024-06-05 13:00:00,224.80712481661624,,89.98087746591035,25.115945150172013,480.8142870842671,
2024-06-05 14:00:00,194.6497861618882,,63.14771233555856,24.701535971207555,348.7201012861562,
2024-06-05 15:00:00,318.22676944034583,,132.1410996464778,24.14266093814751,281.03473858666064,
2024-06-05 16:00:00,70.69727210021412,,0.0,24.6664618059725,273.93240021539265,
2024-06-05 17:00:00,89.9160920600113,,0.0,25.49690315116129,135.65461497297872,
2024-06-05 18:00:00,463.44375011401223,,170.94560584674684,25.79324826576674,6.155671414716199e-14,
2024-06-05 19:00:00,357.0364694581972,,124.12464865719515,27.627344473294396,0.0,
2024-06-05 20:00:00,433.2384860807506,,171.00598766713796,27.213202975048777,0.0,
2024-06-05 21:00:00,309.48266827521365,,107.13365722035707,28.831485925265937,0.0,
2024-06-05 22:00:00,38.970629373489544,,0.0,29.88528944899745,0.0,
2024-06-05 23:00:00,37.17203109206056,,0.0,30.085716281617284,0.0,
2024-06-06 00:00:00,36.724079713241125,,0.0,33.886060253654705,0.0,
2024-06-06 01:00:00,31.86080932878771,,0.0,34.46707075052053,0.0,
2024-06-06 02:00:00,34.75360412628812,,0.0,35.03037026312638,0.0,
2024-06-06 03:00:00,32.20723977367173,0.0,0.0,34.2551873999816,0.0,32.20723977367173
2024-06-06 04:00:00,34.54687093363572,0.0,0.0,33.62099932652468,0.0,34.54687093363572
2024-06-06 05:00:00,41.15932528146229,0.0,0.0,34.17453712938322,0.0,41.15932528146229
2024-06-06 06:00:00,241.50473545703093,0.0,65.7628513542109,33.07401924320158,0.0,241.50473545703093
2024-06-06 07:00:00,401.7889222474558,12.283591348493005,157.97279906364457,32.53416637983737,103.72110757518539,414.0725135959488
2024-06-06 08:00:00,408.6843368442225,33.11704874520929,171.12695196455542,31.504036872367507,298.65695926665165,441.8013855894318
2024-06-06 09:00:00,410.86283480870304,33.45278380559618,177.52499507516941,31.308449003015948,278.8300486638568,444.31561861429924
2024-06-06 10:00:00,379.056399892641,43.98151597720023,165.7360934435338,29.931857024537063,366.9933239063505,423.03791586984124
2024-06-06 11:00:00,378.4015452229765,44.11305894837664,166.91284860042433,28.287457491643462,362.05913726905044,422.51460417135314
2024-06-06 12:00:00,387.6502466699224,55.925145468047184,183.5968345181191,28.328416077104045,467.4316227884009,443.5753921379696
2024-06-06 13:00:00,255.66056551296,45.7881096069107,101.69293351436205,27.464886254200277,372.80025108410433,301.4486751198707
2024-06-06 14:00:00,162.27934947747,45.40064678615692,57.95836746386085,27.39730792481487,370.4864650052107,207.67999626362692
2024-06-06 15:00:00,389.52509253918265,44.25576585931491,177.44960995504456,27.0373804144144,358.0938705876593,433.78085839849757
2024-06-06 16:00:00,388.5668331722688,24.53548798226199,155.55138968502771,27.950225502554982,194.40066590957613,413.1023211545308
2024-06-06 17:00:00,391.04970898375734,17.401894697195665,158.0242073854938,28.922014416848224,129.88621461785297,408.451603680953
2024-06-06 18:00:00,406.0504915579795,4.681012614816847e-15,159.1833667319221,29.341360154166917,6.177079016761519e-14,406.0504915579795
2024-06-06 19:00:00,445.1236518131098,0.0,172.75966891558,29.66882014725062,0.0,445.1236518131098
2024-06-06 20:00:00,443.4387849637087,0.0,185.04443329558575,30.36286134049963,0.0,443.4387849637087
2024-06-06 21:00:00,285.1959018607006,0.0,94.73078262796486,33.0861606323329,0.0,285.1959018607006
2024-06-06 22:00:00,31.430558549948024,0.0,0.0,33.03695138325454,0.0,31.430558549948024
2024-06-06 23:00:00,34.528344509547594,0.0,0.0,33.18721015608676,0.0,34.528344509547594
2024-06-07 00:00:00,27.003257003846947,0.0,0.0,32.521605781041316,0.0,27.003257003846947
2024-06-07 01:00:00,38.26487086574526,0.0,0.0,33.73495856885913,0.0,38.26487086574526
2024-06-07 02:00:00,33.03974360491093,0.0,0.0,33.0698563177673,0.0,33.03974360491093
2024-06-07 03:00:00,35.085723949433394,0.0,0.0,31.24683159544182,0.0,35.085723949433394
2024-06-07 04:00:00,34.808641376408836,0.0,0.0,33.61685989518335,0.0,34.808641376408836
2024-06-07 05:00:00,29.04358348851701,0.0,0.0,30.809875631952075,0.0,29.04358348851701
2024-06-07 06:00:00,237.8285442217672,0.0,73.90695129370867,30.906619165255933,0.0,237.8285442217672
2024-06-07 07:00:00,421.26357444863817,15.035471299853722,160.0922659261366,29.598789645786745,134.98668913863568,436.2990457484919
2024-06-07 08:00:00,442.96755376921084,23.72847058878115,179.58414511363685,28.88962408295774,195.0888190451352,466.696024357992
2024-06-07 09:00:00,378.2601557255573,32.187607614147126,160.62532087666239,28.49596332257684,262.673487236264,410.4477633397044
2024-06-07 10:00:00,344.68808580030236,51.702538103466665,149.7443274107964,26.474113383545042,435.35121197376697,396.39062390376904
2024-06-07 11:00:00,396.9686805157113,59.83476483815703,187.77306031732635,26.739628611046637,506.4227176627632,456.8034453538683
2024-06-07 12:00:00,310.0979086443015,64.69613850470245,148.2408144192088,26.80220743606949,553.1808783068394,374.794047149004
2024-06-07 13:00:00,205.60165705434872,60.65882425711049,88.31205421130471,25.457264583638835,504.5094081897554,266.2604813114592
2024-06-07 14:00:00,148.9553652489011,55.700091686819064,55.08694613807078,25.064482607973268,454.59817181304555,204.65545693572017
2024-06-07 15:00:00,395.3891080497243,36.28445884515711,177.45946342743719,25.809232194854737,289.69501726132785,431.67356689488145
2024-06-07 16:00:00,425.2284019763054,30.368075660811826,181.17929496607488,26.059365479673122,238.27299539313177,455.59647763711723
2024-06-07 17:00:00,393.6167350901162,12.523030848916138,163.37679500131648,26.4871375686242,95.75873556862385,406.1397659390324
2024-06-07 18:00:00,375.4067294889379,4.742495132224236e-15,142.00399810740095,26.91545209988554,4.0691114471097606e-14,375.4067294889379
2024-06-07 19:00:00,415.34271220509936,0.0,157.39323412467493,28.613350770678586,0.0,415.34271220509936
2024-06-07 20:00:00,407.1874561407972,0.0,152.73374522162237,29.557256893665212,0.0,407.1874561407972
2024-06-07 21:00:00,261.6511743060046,0.0,84.76207175755619,29.632668428574927,0.0,261.6511743060046
2024-06-07 22:00:00,43.367546135253605,0.0,0.0,30.545998315642468,0.0,43.367546135253605
2024-06-07 23:00:00,35.82011483141566,0.0,0.0,31.802744869100124,0.0,35.82011483141566
2024-06-08 00:00:00,31.067693385979766,0.0,0.0,31.378044888734962,0.0,31.067693385979766
2024-06-08 01:00:00,32.7979629080529,0.0,0.0,32.299513187893396,0.0,32.7979629080529
2024-06-08 02:00:00,30.07845258081784,0.0,0.0,33.06346506884129,0.0,30.07845258081784
2024-06-08 03:00:00,36.837855099906555,0.0,0.0,32.18027085593084,0.0,36.837855099906555
2024-06-08 04:00:00,35.68071362438552,0.0,0.0,31.253722534059175,0.0,35.68071362438552
2024-06-08 05:00:00,30.766077880062547,0.0,0.0,31.50036728734705,0.0,30.766077880062547
2024-06-08 06:00:00,176.67267938443368,0.0,50.9319856791385,30.490614439773452,0.0,176.67267938443368
2024-06-08 07:00:00,356.29683555160494,11.788565289555283,140.64553603173908,29.660229943646428,97.35007636057233,368.0854008411602
2024-06-08 08:00:00,299.91834169351347,30.122453107713774,125.77330232608057,29.067103240972656,260.59757438373686,330.04079480122726
2024-06-08 09:00:00,310.331243959805,35.5489927054701,137.78058736068522,28.2690938480636,294.5040293329918,345.8802366652751
2024-06-08 10:00:00,217.96435028871963,56.72359008440462,110.09448655096287,27.097192887269912,485.94833979306765,274.68794037312426
2024-06-08 11:00:00,305.297223572794,58.67933304777835,156.35503641125507,26.324227912025705,497.237091096444,363.97655662057235
2024-06-08 12:00:00,0.0,61.58709074533848,0.0,26.83012363652442,520.9271130169686,61.58709074533848
2024-06-08 13:00:00,7.70577183901851,49.58293775177303,0.0,26.04897841197517,405.9644561463697,57.28870959079154
2024-06-08 14:00:00,16.964233083310866,46.2306295229877,0.0,25.746214863565843,375.7790410995848,63.194862606298564
2024-06-08 15:00:00,7.285545618273929,49.08324003394833,0.0,25.51430438546162,397.7956342700621,56.36878565222226
2024-06-08 16:00:00,22.709867352787505,40.118525407460126,0.0,25.295481273340236,313.33878466526835,62.82839276024763
2024-06-08 17:00:00,42.50982265457861,18.63106299630596,0.0,26.918261263347343,136.81183435664988,61.14088565088457
2024-06-08 18:00:00,61.12191702871672,5.1087749060948185e-15,0.0,27.151588877892273,5.1911916607562815e-14,61.12191702871673
2024-06-08 19:00:00,62.36927871974415,0.0,0.0,27.634990639762872,0.0,62.36927871974415
2024-06-08 20:00:00,64.35591915008604,0.0,0.0,28.707871577739414,0.0,64.35591915008604
2024-06-08 21:00:00,58.84809738862392,0.0,0.0,29.25221717927301,0.0,58.84809738862392
2024-06-08 22:00:00,40.06415909617796,0.0,0.0,31.108106326026192,0.0,40.06415909617796
2024-06-08 23:00:00,34.5194448807128,0.0,0.0,31.64583408024707,0.0,34.5194448807128
2024-06-09 00:00:00,23.067907350630946,0.0,0.0,30.450257075787473,0.0,23.067907350630946
2024-06-09 01:00:00,17.90790117611805,0.0,0.0,30.687699536976865,0.0,17.90790117611805
2024-06-09 02:00:00,21.670300032856794,0.0,0.0,30.48801749315284,0.0,21.670300032856794
2024-06-09 03:00:00,10.974333635788147,0.0,0.0,29.644056001910236,0.0,10.974333635788147
2024-06-09 04:00:00,13.159992997525675,0.0,0.0,29.652977396693263,0.0,13.159992997525675
2024-06-09 05:00:00,16.426880770795115,0.0,0.0,29.43190299617103,0.0,16.426880770795115
2024-06-09 06:00:00,15.741451427188217,0.0,0.0,28.631868740770834,0.0,15.741451427188217
2024-06-09 07:00:00,0.653104512639116,15.885108251828074,0.0,28.378898901944616,147.2300270832969,16.53821276446719
2024-06-09 08:00:00,0.0,33.137550472976336,0.0,27.73409880276442,295.51447428496687,33.137550472976336
2024-06-09 09:00:00,0.0,39.45087152847384,0.0,26.35826566446842,328.21160916061075,39.45087152847384
2024-06-09 10:00:00,0.0,45.186907102382456,0.0,26.282810399338477,372.632622034678,45.186907102382456
2024-06-09 11:00:00,0.0,63.64606480219838,0.0,24.46202933783153,537.6396692227602,63.64606480219838
2024-06-09 12:00:00,0.0,60.7911389291244,0.0,24.229494455158086,508.12349726343655,60.7911389291244
2024-06-09 13:00:00,0.0,45.40263310467584,0.0,23.922117950127223,366.34053729870317,45.40263310467584
2024-06-09 14:00:00,0.0,40.60421474744681,0.0,24.374445096194968,325.08335173217904,40.60421474744681
2024-06-09 15:00:00,0.0,43.512453974779184,0.0,24.00055508080711,347.4135308965289,43.512453974779184
2024-06-09 16:00:00,0.0,28.196527650500787,0.0,24.364047475811287,220.22867878496595,28.196527650500787
2024-06-09 17:00:00,4.255491172506103,15.778656305126882,0.0,24.026056640120885,116.96590539944286,20.034147477632985
2024-06-09 18:00:00,19.613919209421404,4.439586025678564e-15,0.0,25.128398577172383,6.557282714198001e-14,19.613919209421407
2024-06-09 19:00:00,19.13191600665479,0.0,0.0,26.97046141076773,0.0,19.13191600665479
2024-06-09 20:00:00,19.04656238802999,0.0,0.0,26.290680799979167,0.0,19.04656238802999
2024-06-09 21:00:00,16.627362392871433,0.0,0.0,28.9057149158519,0.0,16.627362392871433
2024-06-09 22:00:00,16.829350163271506,0.0,0.0,29.328184176254876,0.0,16.829350163271506
2024-06-09 23:00:00,23.590472233996707,0.0,0.0,29.4294650017488,0.0,23.590472233996707
2024-06-10 00:00:00,30.793043220530297,0.0,0.0,32.2085653862225,0.0,30.793043220530297
2024-06-10 01:00:00,31.250436031886032,0.0,0.0,33.92221900311651,0.0,31.250436031886032
2024-06-10 02:00:00,35.43064845849031,0.0,0.0,33.79920386442033,0.0,35.43064845849031
2024-06-10 03:00:00,36.897430575962545,0.0,0.0,32.91452096742061,0.0,36.897430575962545
2024-06-10 04:00:00,33.46252396267448,0.0,0.0,32.69188573915234,0.0,33.46252396267448
2024-06-10 05:00:00,28.94630295990944,0.0,0.0,31.745284014878397,0.0,28.94630295990944
2024-06-10 06:00:00,211.6614484810193,0.0,70.938345524966,31.410892950093668,0.0,211.6614484810193
2024-06-10 07:00:00,392.3503018017839,15.390843522001664,196.59493108128405,30.16241577475479,141.52435085479883,407.7411453237856
2024-06-10 08:00:00,378.55332826431726,31.312218436994048,193.32135848661176,29.554229449093526,274.6291939415433,409.8655467013113
2024-06-10 09:00:00,359.10298300260524,43.779277901145015,188.05474421041612,29.592798993204163,379.18552333464277,402.88226090375025
2024-06-10 10:00:00,347.1616976232127,54.494846977621265,194.59239723754018,27.795693937905405,465.15281279278537,401.65654460083397
2024-06-10 11:00:00,376.5155125569843,60.25348264024015,209.7770539316077,26.594616286390888,511.8191564077938,436.7689951972244
2024-06-10 12:00:00,303.4455460619479,73.6119564290099,180.86200285050165,25.879226023942593,635.0450803015586,377.05750249095775
2024-06-10 13:00:00,225.75356478260466,66.99401268588731,112.8910114866878,26.27631944785112,570.4537758980504,292.74757746849195
2024-06-10 14:00:00,178.00119963320984,45.412667969244666,85.61347478594213,25.71305338393422,369.11566309741755,223.4138676024545
2024-06-10 15:00:00,369.3802584952777,49.664144018803874,204.03260365602358,26.33606214016015,401.1166123419893,419.0444025140816
2024-06-10 16:00:00,411.41169509283714,36.82336601645533,219.82182954325918,25.75266050137081,287.30506379157055,448.2350611092925
2024-06-10 17:00:00,411.5497338368694,18.754311733990484,222.8765392917976,27.463752294315643,137.36232392262872,430.3040455708599
2024-06-10 18:00:00,367.8415576691244,3.632405079220294e-15,168.37688007767906,27.313418525284114,7.259436843199474e-14,367.8415576691244
2024-06-10 19:00:00,412.8133182957495,0.0,200.51157218144743,28.710782932960463,0.0,412.8133182957495
2024-06-10 20:00:00,388.3070142460153,0.0,184.9931426086886,29.42434935246063,0.0,388.3070142460153
2024-06-10 21:00:00,245.4637916326003,0.0,102.91840574486673,31.358562100178876,0.0,245.4637916326003
2024-06-10 22:00:00,38.03786217919896,0.0,0.0,31.42924554789538,0.0,38.03786217919896
2024-06-10 23:00:00,43.27309917865058,0.0,0.0,33.041110669390825,0.0,43.27309917865058
2024-06-11 00:00:00,31.915665394791105,0.0,0.0,30.182228184100193,0.0,31.915665394791105
2024-06-11 01:00:00,36.790058298576376,0.0,0.0,30.96421142399143,0.0,36.790058298576376
2024-06-11 02:00:00,42.30402143280867,0.0,0.0,30.266368967611992,0.0,42.30402143280867
2024-06-11 03:00:00,32.343160619392435,0.0,0.0,30.424259987580353,0.0,32.343160619392435
2024-06-11 04:00:00,32.221816843484085,0.0,0.0,30.51117877857846,0.0,32.221816843484085
2024-06-11 05:00:00,36.6454726625544,0.0,0.0,29.798121779268392,0.0,36.6454726625544
2024-06-11 06:00:00,224.39012493111954,0.0,71.80481567466695,28.886264709915736,0.0,224.39012493111954
2024-06-11 07:00:00,406.1032413834385,15.864393316219589,189.03109410299194,27.612667312288412,147.54299869226995,421.9676346996581
2024-06-11 08:00:00,377.372245481517,26.19838042654054,189.1528566109902,26.791379823920092,215.93191224914628,403.57062590805754
2024-06-11 09:00:00,330.7630785436623,41.305481213657416,183.06502743983913,26.533732388766307,349.5556014081135,372.0685597573197
2024-06-11 10:00:00,357.6443907157354,57.16111992727014,194.62699326645384,25.793723695189524,485.56856421625446,414.80551064300556
2024-06-11 11:00:00,421.1037765036825,41.77695002326896,242.5762404088306,24.0994629720307,335.7337388558361,462.8807265269515
2024-06-11 12:00:00,294.9188675219526,59.03948332925937,161.26957668058208,23.467799670400428,490.3379266650494,353.958350851212
2024-06-11 13:00:00,245.58840387588901,54.66061040416587,130.2333719020577,23.037960784676606,446.3418488612478,300.2490142800549
2024-06-11 14:00:00,178.07185292821492,51.72027721335233,77.81390082888946,23.78561837868853,419.6258192609709,229.79213014156727
2024-06-11 15:00:00,361.92745232394844,40.558169794785435,186.35890847316722,23.025290167780454,322.85750219890696,402.4856221187339
2024-06-11 16:00:00,311.03444809733054,32.57707215575874,155.55938207704665,24.248480860588785,252.58634930180727,343.6115202530893
2024-06-11 17:00:00,418.8105382764801,23.713499926426913,209.7585662246166,24.66873950823104,165.8794288124214,442.524038202907
2024-06-11 18:00:00,361.3333012338508,5.0152922041995956e-15,166.8094274574729,24.848222148640563,5.757004847244633e-14,361.3333012338508
2024-06-11 19:00:00,428.6381518131464,0.0,211.02791491941178,26.746831069890263,0.0,428.6381518131464
2024-06-11 20:00:00,448.5576814966639,0.0,228.8301486451541,26.13963861677284,0.0,448.5576814966639
2024-06-11 21:00:00,252.91448669459947,0.0,101.93515536541051,28.606401028561557,0.0,252.91448669459947
2024-06-11 22:00:00,33.281528921235356,0.0,0.0,28.7802110029462,0.0,33.281528921235356
2024-06-11 23:00:00,42.15416313564166,0.0,0.0,28.30890862664702,0.0,42.15416313564166
2024-06-12 00:00:00,31.079593868578307,0.0,0.0,30.446560991537485,0.0,31.079593868578307
2024-06-12 01:00:00,33.01546933533031,0.0,0.0,30.486378904502875,0.0,33.01546933533031
2024-06-12 02:00:00,34.96306885293993,0.0,0.0,29.905426418674622,0.0,34.96306885293993
2024-06-12 03:00:00,30.684375048692118,0.0,0.0,29.517912369772183,0.0,30.684375048692118
2024-06-12 04:00:00,36.863208981054534,0.0,0.0,28.866087801707486,0.0,36.863208981054534
2024-06-12 05:00:00,28.42803781156923,0.0,0.0,30.302129075439254,0.0,28.42803781156923
2024-06-12 06:00:00,254.7561722311542,0.0,87.06534689444467,27.90784132330022,0.0,254.7561722311542
2024-06-12 07:00:00,88.74474211404161,14.701502876259186,0.0,26.893604637239502,129.8206503480195,103.4462449903008
2024-06-12 08:00:00,92.34478313559748,28.385091201005967,0.0,26.753491822556217,239.26080569911284,120.72987433660344
2024-06-12 09:00:00,342.9165074589757,41.01668880600763,171.4118347314907,24.894718869141762,341.9041401173138,383.9331962649833
2024-06-12 10:00:00,374.0593096471395,58.21904242909771,198.36636421937837,24.378758061158862,500.5740865302995,432.27835207623724
2024-06-12 11:00:00,365.3468087609992,66.9866848030942,202.7116290938537,24.64214312330846,575.3993247816775,432.3334935640934
2024-06-12 12:00:00,297.75049624628537,55.390210739976006,164.0863112510036,23.820548644545294,451.8815055365307,353.14070698626136
2024-06-12 13:00:00,234.612402545302,53.585299371815346,117.30645835765515,23.045606888499712,436.37850069917215,288.19770191711734
2024-06-12 14:00:00,185.02293462948077,56.23186291449904,84.37734859567466,23.128685596846832,460.21994864878843,241.2547975439798
2024-06-12 15:00:00,391.4667446267422,54.49612468054099,214.35437763192562,23.0175566032694,437.47097182855333,445.9628693072832
2024-06-12 16:00:00,352.46843997016947,38.13239558073446,186.8469763073853,23.557444442451086,294.8401040073407,390.6008355509039
2024-06-12 17:00:00,389.2600916205862,14.072565425554851,203.43829748744741,23.763752834948402,105.45431268324944,403.33265704614104
2024-06-12 18:00:00,429.5427625701705,4.944067435338209e-15,215.7938536626581,24.579412600617427,5.90910659538079e-14,429.5427625701705
2024-06-12 19:00:00,430.36399748495955,0.0,211.50661220591488,25.4083265337496,0.0,430.36399748495955
2024-06-12 20:00:00,107.64293157830951,0.0,0.0,26.256601834453264,0.0,107.64293157830951
2024-06-12 21:00:00,293.2873561949365,0.0,118.26301028398957,28.047354416448204,0.0,293.2873561949365
2024-06-12 22:00:00,28.435551937723694,0.0,0.0,28.75459095638767,0.0,28.435551937723694
2024-06-12 23:00:00,32.32455550960411,0.0,0.0,28.62822436033858,0.0,32.32455550960411
2024-06-13 00:00:00,36.96770605984244,0.0,0.0,30.263227469516277,0.0,36.96770605984244
2024-06-13 01:00:00,25.97947863913065,0.0,0.0,31.131437522988456,0.0,25.97947863913065
2024-06-13 02:00:00,36.224845171696806,0.0,0.0,32.4069792516868,0.0,36.224845171696806
2024-06-13 03:00:00,34.337257692711596,0.0,0.0,30.69622324270549,0.0,34.337257692711596
2024-06-13 04:00:00,39.66777576869236,0.0,0.0,30.779812170935543,0.0,39.66777576869236
2024-06-13 05:00:00,40.63846878706795,0.0,0.0,30.34856939355377,0.0,40.63846878706795
2024-06-13 06:00:00,237.5131925055649,0.0,77.22030846163317,29.52501436551945,0.0,237.5131925055649
2024-06-13 07:00:00,426.30098248326215,11.483808221002153,200.1961534181422,28.506097173291103,94.1791222887761,437.7847907042643
2024-06-13 08:00:00,371.6530795460324,26.444684570011937,180.0075477417286,28.406875438641304,221.59649896627457,398.09776411604435
2024-06-13 09:00:00,423.3415457401523,25.34082636044054,216.56679105600048,27.15069810615493,202.95315049287788,448.68237210059283
2024-06-13 10:00:00,321.74223167343496,41.111997300959004,165.06636307789995,26.502238114414563,335.997192748031,362.85422897439395
2024-06-13 11:00:00,345.6247830904034,47.69280773719058,185.06420669482725,25.649151693222276,391.7370230535967,393.317590827594
2024-06-13 12:00:00,341.9234051444335,57.33960493088451,194.1865077102551,25.245220700199482,475.436509237259,399.263010075318
2024-06-13 13:00:00,259.4082813256867,32.48348342299095,122.42794327526283,25.24079797701732,258.0181830933077,291.89176474867764
2024-06-13 14:00:00,190.86448228081503,41.93796359088784,83.08304608698677,24.994857435936193,337.69502231578645,232.80244587170287
2024-06-13 15:00:00,408.7378876806719,27.324904815370925,223.912130531881,25.610997040328243,215.75351586119197,436.06279249604285
2024-06-13 16:00:00,380.6369379243801,27.214642181744647,196.40818744839788,25.406917180000086,213.00856487360403,407.85158010612474
2024-06-13 17:00:00,91.71033811360583,15.535144044384483,0.0,25.019738330125357,115.60615603220576,107.24548215799031
2024-06-13 18:00:00,431.0647151167194,4.885928388120549e-15,192.06619205110871,26.50299147344494,5.944733995010803e-14,431.0647151167194
2024-06-13 19:00:00,404.5748859138753,0.0,188.6680241706661,27.2786863841755,0.0,404.5748859138753
2024-06-13 20:00:00,430.54448277747304,0.0,205.02598598230853,28.78948290515812,0.0,430.54448277747304
2024-06-13 21:00:00,268.33894403435903,0.0,104.45868377440283,28.251622852062702,0.0,268.33894403435903
2024-06-13 22:00:00,34.31156469931404,0.0,0.0,29.858310993238494,0.0,34.31156469931404
2024-06-13 23:00:00,30.495975475075767,0.0,0.0,29.96367401431146,0.0,30.495975475075767
2024-06-14 00:00:00,39.33744962036356,0.0,0.0,34.132750559649345,0.0,39.33744962036356
2024-06-14 01:00:00,40.78360356980764,0.0,0.0,34.118756154065615,0.0,40.78360356980764
2024-06-14 02:00:00,40.875982478120946,0.0,0.0,34.58512349644918,0.0,40.875982478120946
2024-06-14 03:00:00,31.66530097075222,0.0,0.0,33.52096039332476,0.0,31.66530097075222
2024-06-14 04:00:00,33.99402881951945,0.0,0.0,34.27309124837722,0.0,33.99402881951945
2024-06-14 05:00:00,33.28295435148188,0.0,0.0,33.4232925860997,0.0,33.28295435148188
2024-06-14 06:00:00,232.45474301476196,0.0,76.58954176061162,32.67148553523969,0.0,232.45474301476196
2024-06-14 07:00:00,455.32890399581225,14.642134268960252,226.51737754660508,32.72636990213623,134.74834213235766,469.9710382647725
2024-06-14 08:00:00,395.8142724013127,25.040525836850904,198.39804382474628,30.654147395219827,209.3113622043311,420.8547982381636
2024-06-14 09:00:00,342.6770430569593,35.06588978378881,174.37194651345996,30.110655148880905,292.8966130727994,377.7429328407481
2024-06-14 10:00:00,341.6094659968487,48.45721575123602,188.27069492299947,29.145524443873366,410.2919186151858,390.06668174808476
2024-06-14 11:00:00,281.71552205329743,60.97620693503969,151.3736058511404,28.46953494032119,524.2392411807775,342.6917289883371
2024-06-14 12:00:00,327.946748821854,73.12942957866322,193.7457133450323,28.92520213342959,640.0929229812539,401.0761784005172
2024-06-14 13:00:00,294.6640064145361,41.97366068406112,136.2029919913384,27.496552248548873,339.69500931541245,336.63766709859726
2024-06-14 14:00:00,168.37451635792672,51.44046009453332,68.70672415397522,27.061749194609607,424.53666555959336,219.81497645246003
2024-06-14 15:00:00,324.1457217693594,33.81771170485154,166.51554123759706,28.40010010006561,271.29570182738036,357.96343347421094
2024-06-14 16:00:00,87.10053705461456,34.651542997617995,0.0,27.66045579838872,271.8381887076635,121.75208005223256
2024-06-14 17:00:00,452.16977379212886,13.408649519289009,212.84865143848302,27.567926286596297,102.21212814376292,465.57842331141785
2024-06-14 18:00:00,470.86896833765144,5.076554742909733e-15,228.115022744348,28.724967241139314,5.0819591749913867e-14,470.86896833765144
2024-06-14 19:00:00,422.9316312576516,0.0,203.62818884651298,29.316228689473487,0.0,422.9316312576516
2024-06-14 20:00:00,366.51928190388054,0.0,169.83139271642395,29.94540636119651,0.0,366.51928190388054
2024-06-14 21:00:00,289.1091167281722,0.0,116.67582445398332,31.569748250028493,0.0,289.1091167281722
2024-06-14 22:00:00,29.479826428171062,0.0,0.0,32.56028111171702,0.0,29.479826428171062
2024-06-14 23:00:00,34.6436869826843,0.0,0.0,33.9105267860711,0.0,34.6436869826843
2024-06-15 00:00:00,32.139317799114764,0.0,0.0,34.12326279814771,0.0,32.139317799114764
2024-06-15 01:00:00,34.227980626539704,0.0,0.0,34.45013062494721,0.0,34.227980626539704
2024-06-15 02:00:00,36.3488614949061,0.0,0.0,33.830868076272274,0.0,36.3488614949061
2024-06-15 03:00:00,38.39395467431272,0.0,0.0,34.60068010186493,0.0,38.39395467431272
2024-06-15 04:00:00,41.27679708904711,0.0,0.0,34.50417841031604,0.0,41.27679708904711
2024-06-15 05:00:00,35.29407816790258,0.0,0.0,33.44963225879713,0.0,35.29407816790258
2024-06-15 06:00:00,205.64363472997658,0.0,78.12094261774527,32.7387318470201,0.0,205.64363472997658
2024-06-15 07:00:00,321.2227780150252,13.903425052529462,160.50857852138864,31.050993586879965,123.22190697151399,335.1262030675547
2024-06-15 08:00:00,333.9159485866253,23.398649698762338,167.98597859943618,31.304690982673797,194.91604365335658,357.3145982853876
2024-06-15 09:00:00,312.8722638588216,31.14160841864733,169.64401073082692,30.76202169539302,256.2735854255242,344.0138722774689
2024-06-15 10:00:00,269.0338747107792,33.277637413431094,140.05032638205498,29.188949278394553,269.7271727430632,302.31151212421025
2024-06-15 11:00:00,292.4387012012377,57.899667303763046,182.19080424122683,28.005420705534476,493.7723344404082,350.33836850500074
2024-06-15 12:00:00,302.6658779975518,37.07589770806737,179.80225162523107,27.665386737631675,299.35068771265014,339.74177570561915
2024-06-15 13:00:00,159.98360685431376,38.659822312676226,79.58049000362193,27.1865223293531,311.48260478321197,198.64342916699
2024-06-15 14:00:00,14.856365838379205,44.98652918341394,0.0,27.097248252290985,364.53008363284454,59.84289502179315
2024-06-15 15:00:00,42.414243088315885,21.086838423800188,0.0,27.720724218706422,167.261097465061,63.50108151211607
2024-06-15 16:00:00,25.711409976305365,30.081911750325116,0.0,27.886116221460767,237.23468774643754,55.79332172663048
2024-06-15 17:00:00,49.26897966776336,14.481559478478484,0.0,28.8045676477039,110.00822993763012,63.75053914624185
2024-06-15 18:00:00,65.61553420011153,5.02769532329765e-15,0.0,29.21292435126024,5.461214997063706e-14,65.61553420011153
2024-06-15 19:00:00,60.98918342518711,0.0,0.0,29.43956243402322,0.0,60.98918342518711
2024-06-15 20:00:00,60.38250638793076,0.0,0.0,30.527127066946438,0.0,60.38250638793076
2024-06-15 21:00:00,59.60847634631024,0.0,0.0,31.401919200336028,0.0,59.60847634631024
2024-06-15 22:00:00,37.462515926461,0.0,0.0,32.43423804056191,0.0,37.462515926461
2024-06-15 23:00:00,35.20397634546768,0.0,0.0,34.14970365873134,0.0,35.20397634546768
2024-06-16 00:00:00,13.214236787230572,0.0,0.0,31.9670543951687,0.0,13.214236787230572
2024-06-16 01:00:00,18.742469277220124,0.0,0.0,31.757556678334378,0.0,18.742469277220124
2024-06-16 02:00:00,13.477746103704192,0.0,0.0,31.517897584516156,0.0,13.477746103704192
2024-06-16 03:00:00,18.642614380199994,0.0,0.0,30.658429968358888,0.0,18.642614380199994
2024-06-16 04:00:00,10.140759593699219,0.0,0.0,31.099608752209924,0.0,10.140759593699219
2024-06-16 05:00:00,17.441028176833175,0.0,0.0,30.038385772033735,0.0,17.441028176833175
2024-06-16 06:00:00,17.619044125432634,0.0,0.0,30.52377663438231,0.0,17.619044125432634
2024-06-16 07:00:00,0.0,14.210227939470618,0.0,28.061329499062925,125.25153046912531,14.210227939470618
2024-06-16 08:00:00,0.0,25.181323498023318,0.0,28.150757852764404,209.28187511043956,25.181323498023318
2024-06-16 09:00:00,0.0,39.49221500688574,0.0,26.61552933941534,331.20443825491714,39.49221500688574
2024-06-16 10:00:00,0.0,39.253891892764095,0.0,26.20375809335761,318.07821157977196,39.253891892764095
2024-06-16 11:00:00,0.0,45.00512012526585,0.0,25.81667604710196,367.9520420611575,45.00512012526585
2024-06-16 12:00:00,0.0,59.30388986501627,0.0,25.438411117244858,496.2267954247543,59.30388986501627
2024-06-16 13:00:00,0.0,59.84081901729183,0.0,24.547430193621818,497.7648902093957,59.84081901729183
2024-06-16 14:00:00,0.0,40.36531773537425,0.0,24.83912396119011,323.0498361328203,40.36531773537425
2024-06-16 15:00:00,0.0,44.364498985027055,0.0,24.246540244781556,352.7772533228138,44.364498985027055
2024-06-16 16:00:00,0.0,26.097783844106235,0.0,25.05019596524042,203.72388869834163,26.097783844106235
2024-06-16 17:00:00,9.553369859155717,15.612689494346744,0.0,25.984745659165362,116.25894807686845,25.16605935350246
2024-06-16 18:00:00,14.798967305155134,4.1674578476557465e-15,0.0,26.37456542516934,6.80442496899343e-14,14.798967305155138
2024-06-16 19:00:00,15.645569642603697,0.0,0.0,26.787977180053872,0.0,15.645569642603697
2024-06-16 20:00:00,17.242397129018446,0.0,0.0,27.81899450231763,0.0,17.242397129018446
2024-06-16 21:00:00,13.95920970668137,0.0,0.0,29.37221037523214,0.0,13.95920970668137
2024-06-16 22:00:00,17.05912923300877,0.0,0.0,29.162593377635268,0.0,17.05912923300877
2024-06-16 23:00:00,18.438399726123784,0.0,0.0,29.961231853248535,0.0,18.438399726123784
2024-06-17 00:00:00,39.38361099385881,0.0,0.0,31.02284447131382,0.0,39.38361099385881
2024-06-17 01:00:00,25.229458358350247,0.0,0.0,30.852129772903258,0.0,25.229458358350247
2024-06-17 02:00:00,30.01148364135569,0.0,0.0,30.464432079987574,0.0,30.01148364135569
2024-06-17 03:00:00,28.20172651260487,0.0,0.0,31.747110903695113,0.0,28.20172651260487
2024-06-17 04:00:00,34.695022175727104,0.0,0.0,30.172249947468,0.0,34.695022175727104
2024-06-17 05:00:00,37.48285730674016,0.0,0.0,30.066119905655512,0.0,37.48285730674016
2024-06-17 06:00:00,240.38440811241514,0.0,64.7157049648266,29.13120085631887,0.0,240.38440811241514
2024-06-17 07:00:00,402.7056924583615,13.702996624762706,157.20119295981718,28.44798609325113,118.79047373647742,416.4086890831242
2024-06-17 08:00:00,394.2414252316895,31.305312086202047,162.65151676148898,27.248651449336748,274.7305569773788,425.54673731789154
2024-06-17 09:00:00,366.02351395378344,45.43883936758516,160.91731021571707,27.142234139150325,395.6913560599506,411.4623533213686
2024-06-17 10:00:00,356.454536019378,46.52189404456357,154.197745202107,25.996372940315872,386.4331875252615,402.97643006394156
2024-06-17 11:00:00,346.1379619314069,54.20048812693893,150.70804236957613,25.707914241614947,451.2363513599519,400.3384500583458
2024-06-17 12:00:00,400.8234839602557,41.81993719317493,187.11697438395095,24.35528815914602,335.4964874877303,442.64342115343067
2024-06-17 13:00:00,242.92158855234055,49.75510051142153,90.31643877189832,25.376731671125285,407.3636964081009,292.67668906376207
2024-06-17 14:00:00,188.54865175708449,48.30904314741955,71.61206846447035,23.238636785410446,388.149470982388,236.85769490450403
2024-06-17 15:00:00,325.90556117356857,45.15758261696276,146.70921593997483,23.517653332189532,360.80881466940616,371.06314379053134
2024-06-17 16:00:00,407.5966686428285,27.72835417051927,170.2602486108505,25.536414688775096,216.38750303791548,435.32502281334774
2024-06-17 17:00:00,426.33658111764237,16.317949766369427,185.59419212216363,25.453108277732696,120.50659740619321,442.6545308840118
2024-06-17 18:00:00,404.4678344086037,5.128165348292203e-15,152.1842728316792,26.111654219690454,5.039408816531558e-14,404.4678344086037
2024-06-17 19:00:00,384.59152531964503,0.0,146.98857354703955,27.0007321739626,0.0,384.59152531964503
2024-06-17 20:00:00,395.8300416409052,0.0,150.73963347430976,27.976564813237644,0.0,395.8300416409052
2024-06-17 21:00:00,292.3169797442782,0.0,94.31697585253052,28.746711696238215,0.0,292.3169797442782
2024-06-17 22:00:00,35.077864187366146,0.0,0.0,28.958008932349866,0.0,35.077864187366146
2024-06-17 23:00:00,32.21834795609005,0.0,0.0,30.574930364851728,0.0,32.21834795609005
2024-06-18 00:00:00,39.16865894550694,0.0,0.0,29.892993570342917,0.0,39.16865894550694
2024-06-18 01:00:00,32.393095613973365,0.0,0.0,30.626521516709918,0.0,32.393095613973365
2024-06-18 02:00:00,35.96402357865501,0.0,0.0,30.913686089778846,0.0,35.96402357865501
2024-06-18 03:00:00,32.77247621128478,0.0,0.0,30.077543983161632,0.0,32.77247621128478
2024-06-18 04:00:00,34.12829227339733,0.0,0.0,28.948879955757707,0.0,34.12829227339733
2024-06-18 05:00:00,36.16088075460671,0.0,0.0,29.89270075108225,0.0,36.16088075460671
2024-06-18 06:00:00,244.56768447637637,0.0,65.02778943207936,27.772490583826794,0.0,244.56768447637637
2024-06-18 07:00:00,397.17578220862026,13.70904102738192,156.8700442633215,27.60641430602328,118.53580464489814,410.8848232360022
2024-06-18 08:00:00,388.47265620793013,27.141319754797184,150.88524318627793,26.403198588117835,227.54577080295152,415.6139759627273
2024-06-18 09:00:00,421.0045084421031,30.320779977323873,188.28403426050707,25.410386218377045,244.07023302745472,451.32528841942695
2024-06-18 10:00:00,350.16872052590514,49.050031960223244,154.3430884991232,25.163715612094023,407.8480576830939,399.2187524861284
2024-06-18 11:00:00,340.09202659403417,46.869282743724455,147.73340331005255,24.17892161680933,380.8065372230479,386.9613093377586
2024-06-18 12:00:00,400.55032302998757,37.74201511772603,170.58055088939375,23.757097383716793,299.27209642220936,438.2923381477136
2024-06-18 13:00:00,238.1415393268988,52.59642469687196,102.4988183052147,22.74298201423484,425.99644141434413,290.73796402377076
2024-06-18 14:00:00,203.8848665647375,45.753097911992946,71.89868307451945,22.944528068640935,366.25743749251404,249.63796447673045
2024-06-18 15:00:00,428.271476749189,34.899876538812556,187.863854205027,22.766057669396176,275.15296996036454,463.17135328800157
2024-06-18 16:00:00,394.0291021060273,25.995953677652327,162.9537843187574,23.400940844093995,201.79106360228818,420.02505578367965
2024-06-18 17:00:00,384.545794824515,12.021519343338015,152.9599956326939,23.997310704741643,91.04686294062017,396.567314167853
2024-06-18 18:00:00,343.0449376311399,5.076615606439957e-15,127.53976619413294,25.703717637930662,5.545182091318659e-14,343.0449376311399
2024-06-18 19:00:00,364.3796836388851,0.0,142.72884016101816,25.49600463623507,0.0,364.3796836388851
2024-06-18 20:00:00,406.8768825859531,0.0,160.78484785124311,25.468766389062942,0.0,406.8768825859531
2024-06-18 21:00:00,263.0404641626148,0.0,83.34009954992148,28.13497797784748,0.0,263.0404641626148
2024-06-18 22:00:00,34.67604550984977,0.0,0.0,28.506195238341274,0.0,34.67604550984977
2024-06-18 23:00:00,32.95176737129595,0.0,0.0,28.940934068204484,0.0,32.95176737129595
2024-06-19 00:00:00,38.19705660079405,0.0,0.0,31.40611810043909,0.0,38.19705660079405
2024-06-19 01:00:00,33.6734198429978,0.0,0.0,31.5009144346074,0.0,33.6734198429978
2024-06-19 02:00:00,31.036358320058447,0.0,0.0,33.06266091916735,0.0,31.036358320058447
2024-06-19 03:00:00,26.208674160914633,0.0,0.0,32.00029970696586,0.0,26.208674160914633
2024-06-19 04:00:00,40.54543019998073,0.0,0.0,30.7558502121289,0.0,40.54543019998073
2024-06-19 05:00:00,26.5292496043336,0.0,0.0,31.23238062141964,0.0,26.5292496043336
2024-06-19 06:00:00,219.31370310673685,0.0,53.01373294544385,30.946722721641525,0.0,219.31370310673685
2024-06-19 07:00:00,411.3441231388631,12.123611970180354,158.53678934548674,29.577720862659675,101.71869001432935,423.4677351090435
2024-06-19 08:00:00,393.49033960194396,30.27073721302485,169.7339577004409,28.142840134526445,262.45221688154606,423.7610768149688
2024-06-19 09:00:00,364.25810410730634,43.32461399816825,153.61797077724532,27.19223306975295,373.5298907582313,407.5827181054746
2024-06-19 10:00:00,394.45188577624333,48.62741385078063,171.62440474294948,26.384977406764484,409.6297362025814,443.07929962702394
2024-06-19 11:00:00,384.492362916078,49.27110565500753,167.21118168180413,26.879592134994663,409.1783510035535,433.7634685710855
2024-06-19 12:00:00,403.34017976567793,40.12928756937897,175.6004246813039,25.526715929760154,321.5750362309746,443.4694673350569
2024-06-19 13:00:00,272.09857161063195,53.18342603640404,115.03899343183832,24.373534271273048,437.15713147546063,325.281997647036
2024-06-19 14:00:00,220.35777922570156,41.75602520086726,79.46836783621531,25.285703833546336,334.2455429528,262.11380442656883
2024-06-19 15:00:00,398.83894402323654,38.96502641368523,169.02382008494394,25.283414871399142,311.5252762564944,437.80397043692176
2024-06-19 16:00:00,373.20044157514184,22.367309064106987,150.2573595089369,25.3381002239369,174.9335096072312,395.5677506392488
2024-06-19 17:00:00,385.1615709620563,13.190795262410958,158.47391521271467,25.608559758426782,99.59879804793252,398.3523662244673
2024-06-19 18:00:00,466.6520339130204,5.1229952858206456e-15,182.27875971575446,26.311689420737665,5.0264197624257486e-14,466.6520339130204
2024-06-19 19:00:00,381.7149572257314,0.0,143.43170695414204,28.231087120498447,0.0,381.7149572257314
2024-06-19 20:00:00,446.9873758943855,0.0,180.30066227212143,28.717393298526652,0.0,446.9873758943855
2024-06-19 21:00:00,276.82025194554126,0.0,92.89421763377631,29.738825360813816,0.0,276.82025194554126
2024-06-19 22:00:00,41.90169418649651,0.0,0.0,30.466016275414162,0.0,41.90169418649651
2024-06-19 23:00:00,36.38248582630769,0.0,0.0,31.23235495723293,0.0,36.38248582630769
2024-06-20 00:00:00,30.906352059282018,0.0,0.0,31.491306883917158,0.0,30.906352059282018
2024-06-20 01:00:00,30.224909633198582,0.0,0.0,31.972241017157092,0.0,30.224909633198582
2024-06-20 02:00:00,26.283313616824632,0.0,0.0,32.77687120509827,0.0,26.283313616824632
2024-06-20 03:00:00,33.892290867359925,0.0,0.0,32.78245077830704,0.0,33.892290867359925
2024-06-20 04:00:00,35.715360769130626,0.0,0.0,31.114458221751402,0.0,35.715360769130626
2024-06-20 05:00:00,32.05708179542803,0.0,0.0,31.065159619984765,0.0,32.05708179542803
2024-06-20 06:00:00,249.31947943472153,0.0,64.43089349431877,30.864057981882574,0.0,249.31947943472153
2024-06-20 07:00:00,376.6839494087693,13.775994817076237,144.77892090227576,30.54132182635243,122.18894856435223,390.45994422584556
2024-06-20 08:00:00,360.60496358275674,28.733083959605043,136.65132805918438,29.58539509305112,248.2209878519579,389.3380475423618
2024-06-20 09:00:00,367.59985932313646,44.62791774804138,153.10833288090984,27.39066973705367,386.9706214566225,412.22777707117785
2024-06-20 10:00:00,394.8971056409656,47.14796552171993,178.02243418578487,27.581938361488657,394.42040641203954,442.04507116268553
2024-06-20 11:00:00,338.02100057794615,43.12893253546474,146.4441211755103,26.248859719286337,350.3424778130589,381.1499331134109
2024-06-20 12:00:00,396.5967149676504,62.19563541214879,182.89720827032372,26.185534708578075,528.7621533245947,458.79235037979925
2024-06-20 13:00:00,200.9570402401095,64.91478629723683,89.0863465470441,25.707814250784647,547.7143615287081,265.87182653734635
2024-06-20 14:00:00,157.10495405696486,50.66723461790302,56.27016891479891,24.56243328110336,411.5995203229413,207.7721886748679
2024-06-20 15:00:00,351.96643445671657,45.11546130295759,161.49478351515188,25.588661888687593,362.28572499737913,397.0818957596742
2024-06-20 16:00:00,404.15493528058505,28.562134010408062,168.19538380775688,26.16617468472485,222.74490268485835,432.7170692909931
2024-06-20 17:00:00,404.5532290564066,14.382037518731554,160.462384685198,26.209463940718912,107.9980457738924,418.9352665751382
2024-06-20 18:00:00,410.7965693757478,4.107872585514798e-15,159.8775159805737,26.82125708873243,6.852627390073483e-14,410.7965693757478
2024-06-20 19:00:00,446.21034051564027,0.0,182.74662332232612,27.002716688640376,0.0,446.21034051564027
2024-06-20 20:00:00,410.453494047903,0.0,158.99490412300102,29.03622406066121,0.0,410.453494047903
2024-06-20 21:00:00,280.89804186923726,0.0,90.05465587788584,29.70465614415152,0.0,280.89804186923726
2024-06-20 22:00:00,38.32013701069832,0.0,0.0,29.9833233450307,0.0,38.32013701069832
2024-06-20 23:00:00,27.98726130366548,0.0,0.0,31.00636903810046,0.0,27.98726130366548
2024-06-21 00:00:00,34.16516703482587,0.0,0.0,32.55580804284572,0.0,34.16516703482587
2024-06-21 01:00:00,35.47111971305568,0.0,0.0,32.548890002521695,0.0,35.47111971305568
2024-06-21 02:00:00,38.340673505653434,0.0,0.0,32.94880606879124,0.0,38.340673505653434
2024-06-21 03:00:00,31.736062850167794,0.0,0.0,31.953241573446306,0.0,31.736062850167794
2024-06-21 04:00:00,29.931114934696257,0.0,0.0,33.153267266707815,0.0,29.931114934696257
2024-06-21 05:00:00,40.8881960047723,0.0,0.0,31.93029588167235,0.0,40.8881960047723
2024-06-21 06:00:00,204.60943680178596,0.0,55.86229187752725,30.64779075179114,0.0,204.60943680178596
2024-06-21 07:00:00,442.35326331287143,14.31460081232136,177.55976210852782,29.123479738701274,128.8104066869743,456.6678641251928
2024-06-21 08:00:00,80.12829740046836,26.876527548393117,0.0,29.96203497555299,228.26403295703474,107.00482494886147
2024-06-21 09:00:00,377.6905355315263,38.781886204718255,152.3323779344844,28.82064662353929,326.4687139921579,416.47242173624454
2024-06-21 10:00:00,414.22633993339633,46.61233001986356,174.06710062984476,27.80281036177082,390.5701177661442,460.8386699532599
2024-06-21 11:00:00,424.8829845571903,48.08474822344911,189.85282776774267,27.404417771515682,398.2941493866351,472.9677327806394
2024-06-21 12:00:00,372.3066000865035,45.55542553939958,161.45847764283528,26.846827789939113,372.21670452640916,417.86202562590313
2024-06-21 13:00:00,229.60101337875716,52.838536311513515,93.20536631953904,26.16394614805132,433.3153611467064,282.43954969027067
2024-06-21 14:00:00,187.2165157546595,42.89569312198133,62.964389406409445,25.820360396407384,347.5635991570783,230.11220887664084
2024-06-21 15:00:00,350.24721636334425,48.48531146019576,150.32527201539807,25.858156313716925,392.49791629557535,398.73252782354
2024-06-21 16:00:00,368.4105423133886,33.79740963161495,151.8954039907238,26.626849603743356,264.3276058388149,402.2079519450035
2024-06-21 17:00:00,392.94233360835364,16.621432727853897,151.97979461653225,27.671109458323052,122.87308155883005,409.56376633620755
2024-06-21 18:00:00,441.0005987056426,5.026922791479575e-15,171.8439672285682,27.646015919378307,5.5771988250484624e-14,441.0005987056426
2024-06-21 19:00:00,403.2948601667563,0.0,156.11131316706357,29.279839550135833,0.0,403.2948601667563
2024-06-21 20:00:00,445.94443839325305,0.0,178.90917049859715,29.6340437417625,0.0,445.94443839325305
2024-06-21 21:00:00,277.06926126328926,0.0,93.4011808380525,30.543679647153446,0.0,277.06926126328926
2024-06-21 22:00:00,37.57740407210183,0.0,0.0,32.40002223869828,0.0,37.57740407210183
2024-06-21 23:00:00,31.331194509694154,0.0,0.0,32.748680347298425,0.0,31.331194509694154
2024-06-22 00:00:00,33.72473231156737,0.0,0.0,33.463242551429836,0.0,33.72473231156737
2024-06-22 01:00:00,36.928294765801844,0.0,0.0,32.57478257881851,0.0,36.928294765801844
2024-06-22 02:00:00,32.69974670601304,0.0,0.0,34.18894026706834,0.0,32.69974670601304
2024-06-22 03:00:00,36.27600794311845,0.0,0.0,32.932481010941956,0.0,36.27600794311845
2024-06-22 04:00:00,34.31676388671154,0.0,0.0,32.51019233935898,0.0,34.31676388671154
2024-06-22 05:00:00,36.87914031987719,0.0,0.0,30.988098543436493,0.0,36.87914031987719
2024-06-22 06:00:00,176.43515453729353,0.0,51.584558896702376,31.50599442826711,0.0,176.43515453729353
2024-06-22 07:00:00,384.9855246215083,12.274098036759698,150.98255161747628,29.9570386947977,103.74561384264926,397.25962265826803
2024-06-22 08:00:00,311.90075905048656,24.074920767271717,134.16350088774755,29.79697593026369,200.59202999619404,335.97567981775825
2024-06-22 09:00:00,292.09854454223967,35.023996836053996,132.18236124924914,28.106199791512527,290.89662564311726,327.12254137829365
2024-06-22 10:00:00,295.3707286569493,45.79652099097399,134.32429310569847,28.741698934887598,385.3070299718582,341.1672496479233
2024-06-22 11:00:00,312.2014171855799,66.8892844583574,153.509770357675,27.393762263275647,581.149049913375,379.0907016439373
2024-06-22 12:00:00,292.0286331962476,50.840989242235715,137.97261563430365,27.701695890619447,423.411818588042,342.8696224384833
2024-06-22 13:00:00,208.72210774141274,54.291293864775646,90.36148014102815,25.700596608232203,443.69588334394723,263.0134016061884
2024-06-22 14:00:00,25.820026899401533,30.395691023930134,0.0,26.867438638344186,243.19560001538449,56.21571792333167
2024-06-22 15:00:00,32.37088419412006,33.35221347783153,0.0,25.310752415462044,263.1412471140708,65.72309767195159
2024-06-22 16:00:00,27.369114841750637,32.098437143691136,0.0,26.665797840981806,251.19013007307115,59.46755198544177
2024-06-22 17:00:00,40.84237541636802,15.24272214971147,0.0,26.802163721866307,113.76812735495609,56.08509756607949
2024-06-22 18:00:00,58.50861685786091,1.4805542603478393e-15,0.0,27.61887074836502,1.1634144591899855e-14,58.50861685786091
2024-06-22 19:00:00,62.92898027057691,0.0,0.0,28.42873414917696,0.0,62.92898027057691
2024-06-22 20:00:00,60.88157370663783,0.0,0.0,29.13549092331453,0.0,60.88157370663783
2024-06-22 21:00:00,56.578008744891115,0.0,0.0,29.868871520523673,0.0,56.578008744891115
2024-06-22 22:00:00,29.188165500746646,0.0,0.0,31.12163561252446,0.0,29.188165500746646
2024-06-22 23:00:00,28.41863531436957,0.0,0.0,32.125736948786546,0.0,28.41863531436957
2024-06-23 00:00:00,16.27843432929773,0.0,0.0,31.876029790360985,0.0,16.27843432929773
2024-06-23 01:00:00,17.625482590378162,0.0,0.0,31.791509289124704,0.0,17.625482590378162
2024-06-23 02:00:00,14.864732356391642,0.0,0.0,32.346363799449634,0.0,14.864732356391642
2024-06-23 03:00:00,15.720542500352183,0.0,0.0,30.904745654835626,0.0,15.720542500352183
2024-06-23 04:00:00,21.56510732218394,0.0,0.0,31.077697909193606,0.0,21.56510732218394
2024-06-23 05:00:00,20.446016950776862,0.0,0.0,31.093469892523565,0.0,20.446016950776862
2024-06-23 06:00:00,21.188210590746408,0.0,0.0,30.18468907669812,0.0,21.188210590746408
2024-06-23 07:00:00,0.0,12.260827871940158,0.0,28.738372799331675,102.79383872280377,12.260827871940158
2024-06-23 08:00:00,5.997278826098007,17.874248449067938,0.0,28.73012814488539,143.49332878198442,23.871527275165946
2024-06-23 09:00:00,0.0,40.249311629413796,0.0,27.091590449967377,340.1423642488573,40.249311629413796
2024-06-23 10:00:00,0.0,56.23344457399104,0.0,26.12441191810558,486.21574007986385,56.23344457399104
2024-06-23 11:00:00,0.0,58.578498899604114,0.0,26.03169384489793,496.77606189909045,58.578498899604114
2024-06-23 12:00:00,0.0,34.679974456247265,0.0,25.23508946822402,277.3737159110642,34.679974456247265
2024-06-23 13:00:00,0.0,37.940608240804195,0.0,24.620897139276398,302.6441735466437,37.940608240804195
2024-06-23 14:00:00,0.0,39.50273782353206,0.0,24.484659436178887,315.3707116957833,39.50273782353206
2024-06-23 15:00:00,0.0,27.739159166357243,0.0,24.347454906887354,217.3548273343327,27.739159166357243
2024-06-23 16:00:00,0.0,27.773602624473735,0.0,25.03413066252747,215.90535642351273,27.773602624473735
2024-06-23 17:00:00,5.906521707094051,16.04987993811958,0.0,26.338224682393243,118.63019594252928,21.95640164521363
2024-06-23 18:00:00,23.516324146687943,4.636102989528382e-15,0.0,26.635368930296522,3.915845240144419e-14,23.516324146687946
2024-06-23 19:00:00,16.569248820008546,0.0,0.0,27.83652408133229,0.0,16.569248820008546
2024-06-23 20:00:00,18.421336730051134,0.0,0.0,28.52112796763979,0.0,18.421336730051134
2024-06-23 21:00:00,20.48654230029904,0.0,0.0,28.862837253175353,0.0,20.48654230029904
2024-06-23 22:00:00,20.63068318468584,0.0,0.0,29.18852306141032,0.0,20.63068318468584
2024-06-23 23:00:00,21.442896746899805,0.0,0.0,30.274540250603458,0.0,21.442896746899805
2024-06-24 00:00:00,28.793154512738376,0.0,0.0,31.862704457408277,0.0,28.793154512738376
2024-06-24 01:00:00,32.8701885676541,0.0,0.0,32.17368240657741,0.0,32.8701885676541
2024-06-24 02:00:00,36.67016329713761,0.0,0.0,33.15774341314136,0.0,36.67016329713761
2024-06-24 03:00:00,33.394473728379445,0.0,0.0,33.033268075148094,0.0,33.394473728379445
2024-06-24 04:00:00,33.496216757652384,0.0,0.0,33.30426218309536,0.0,33.496216757652384
2024-06-24 05:00:00,40.15949418230822,0.0,0.0,31.26024659826822,0.0,40.15949418230822
2024-06-24 06:00:00,240.5431784822519,0.0,70.03385782934429,31.715957602743707,0.0,240.5431784822519
2024-06-24 07:00:00,452.6153278498189,15.215264934144088,177.24159300948335,30.86873371040239,147.95870014915235,467.830592783963
2024-06-24 08:00:00,407.98930761984985,28.323161070166602,159.14946167036425,29.05110157069207,244.12811686489707,436.31246869001643
2024-06-24 09:00:00,64.38434780474533,42.47246068524064,0.0,28.498144490322794,367.4489573785046,106.85680848998598
2024-06-24 10:00:00,66.23974231356581,49.05710636953206,0.0,28.037600074282103,416.8743934375424,115.29684868309786
2024-06-24 11:00:00,333.31912153145004,51.73687465371153,133.9574485773664,26.662897404227454,431.15104751282115,385.0559961851616
2024-06-24 12:00:00,353.02186599413864,63.102412431127235,153.12762842182664,26.067948647858643,535.252941987065,416.12427842526586
2024-06-24 13:00:00,258.5096149632123,53.15534078469886,105.800709587074,25.472824347141035,437.8705162180282,311.66495574791116
2024-06-24 14:00:00,161.5676758333239,55.35080203404287,56.15689482191197,24.487214190379984,454.54317750075165,216.9184778673668
2024-06-24 15:00:00,314.4439578851899,43.98377497805694,134.34973629717538,25.821728865944,351.8998182290085,358.42773286324683
2024-06-24 16:00:00,332.2330545795762,30.452713294613137,130.40198344092332,25.78120987273925,236.2075259428981,362.68576787418937
2024-06-24 17:00:00,423.4029857416466,16.61470506555222,169.09112247601843,26.15468540375017,121.79383221019562,440.01769080719885
2024-06-24 18:00:00,368.3592478639913,5.021079395392563e-15,134.70022557682526,27.628329274783656,5.5953731617844237e-14,368.3592478639913
2024-06-24 19:00:00,417.9887954087684,0.0,166.14722763476752,27.53571067144213,0.0,417.9887954087684
2024-06-24 20:00:00,404.22133051409486,0.0,152.3326363076672,29.57027339535181,0.0,404.22133051409486
2024-06-24 21:00:00,262.5320845755565,0.0,87.21784716452758,30.314899765200582,0.0,262.5320845755565
2024-06-24 22:00:00,38.672030343590386,0.0,0.0,30.717136843862875,0.0,38.672030343590386
2024-06-24 23:00:00,34.60369842708847,0.0,0.0,31.610452057442185,0.0,34.60369842708847
2024-06-25 00:00:00,40.331885723084774,0.0,0.0,30.095211724752573,0.0,40.331885723084774
2024-06-25 01:00:00,32.71264404913472,0.0,0.0,31.415143052278584,0.0,32.71264404913472
2024-06-25 02:00:00,32.377718469335285,0.0,0.0,31.252915479109788,0.0,32.377718469335285
2024-06-25 03:00:00,30.661964054044358,0.0,0.0,31.170898727890666,0.0,30.661964054044358
2024-06-25 04:00:00,29.249948029560922,0.0,0.0,30.941267461666257,0.0,29.249948029560922
2024-06-25 05:00:00,36.18707106633572,0.0,0.0,29.81289938579121,0.0,36.18707106633572
2024-06-25 06:00:00,219.2285448999412,0.0,56.708049349829025,28.649704221123688,0.0,219.2285448999412
2024-06-25 07:00:00,421.2183803977423,13.773954200614407,160.7490807406619,29.043759203899295,121.65906007781976,434.9923345983567
2024-06-25 08:00:00,363.36995119767545,21.855015664370757,145.62201442560146,28.00359256539036,178.14756537733848,385.2249668620462
2024-06-25 09:00:00,377.56107544885975,45.37870647438797,157.42167824731953,26.485687299089868,397.4323531454362,422.9397819232477
2024-06-25 10:00:00,384.35520707570777,42.24438569449114,163.82215059167814,26.113788458149177,344.3899181238452,426.5995927701989
2024-06-25 11:00:00,367.44148135302413,47.43019752699465,167.14941443808684,25.813346343790215,390.18758918262887,414.87167888001875
2024-06-25 12:00:00,380.08276695389605,63.64470076389128,172.2155464859499,25.19749484688059,533.629570258778,443.72746771778736
2024-06-25 13:00:00,231.64341248822942,55.94752794798794,96.05668286296331,23.99621354835642,458.30773811316544,287.59094043621735
2024-06-25 14:00:00,139.12115301298977,62.25537776682427,56.38443267044953,23.41485283586703,512.4113993412313,201.37653077981403
2024-06-25 15:00:00,378.2047209052824,39.80906860275856,164.8352055249943,23.61988539677404,313.46098193685054,418.01378950804093
2024-06-25 16:00:00,404.1309837355091,25.41885423781623,167.8352073657305,24.472281438861064,197.11176968882654,429.54983797332534
2024-06-25 17:00:00,392.809737618256,12.933176998362718,154.6404421186473,25.91551819107482,97.80790064764236,405.74291461661875
2024-06-25 18:00:00,412.2563989420232,4.276030441435638e-15,152.96552572747106,25.545010652513472,3.478317407962992e-14,412.2563989420232
2024-06-25 19:00:00,476.2126689631653,0.0,196.4840438194834,26.455202774220655,0.0,476.2126689631653
2024-06-25 20:00:00,382.1942958528765,0.0,137.13444409922022,27.350777809525,0.0,382.1942958528765
2024-06-25 21:00:00,286.7422343404013,0.0,99.16522281486029,28.299234618298645,0.0,286.7422343404013
2024-06-25 22:00:00,41.390632449295325,0.0,0.0,29.403619936540842,0.0,41.390632449295325
2024-06-25 23:00:00,35.065501131907666,0.0,0.0,29.494082005461195,0.0,35.065501131907666
2024-06-26 00:00:00,30.479341590719937,0.0,0.0,32.717719931441835,0.0,30.479341590719937
2024-06-26 01:00:00,32.5272464964842,0.0,0.0,32.45278089303974,0.0,32.5272464964842
2024-06-26 02:00:00,29.611053359434443,0.0,0.0,33.88401832739549,0.0,29.611053359434443
2024-06-26 03:00:00,35.002422353566295,0.0,0.0,31.93840593276955,0.0,35.002422353566295
2024-06-26 04:00:00,41.549797780268875,0.0,0.0,32.970473039190814,0.0,41.549797780268875
2024-06-26 05:00:00,30.64550054964788,0.0,0.0,32.314997473178984,0.0,30.64550054964788
2024-06-26 06:00:00,255.9588003805834,0.0,69.58999811221386,30.68860903561,0.0,255.9588003805834
2024-06-26 07:00:00,413.11599210949277,14.659435738454325,152.12507245073976,29.852787391135713,137.309843393861,427.77542784794707
2024-06-26 08:00:00,381.1608473574622,36.66389178064612,154.84586115756198,28.683802131967877,348.3863462146947,417.8247391381083
2024-06-26 09:00:00,379.08110020179777,33.22871956340696,151.1769005660155,27.783673669554222,273.50313611144463,412.30981976520474
2024-06-26 10:00:00,355.55471186731893,49.59600534337865,157.50350142760928,27.394148065145394,418.36314028081904,405.15071721069756
2024-06-26 11:00:00,389.82441131046755,56.85495775344024,171.6670078623236,26.679925298003088,483.7617208866317,446.6793690639078
2024-06-26 12:00:00,339.87202110377604,56.19229855656937,154.3782247260472,25.312184493316703,466.2719280093001,396.0643196603454
2024-06-26 13:00:00,51.536586103407735,66.15850919755269,0.0,26.91046330968402,560.4230786825042,117.69509530096042
2024-06-26 14:00:00,51.65021514519489,56.66846614532569,0.0,25.51469261145129,465.3453264365933,108.31868129052057
2024-06-26 15:00:00,418.56234977983155,45.23982874054055,179.19586385923412,25.79651678662968,362.7479355595777,463.8021785203721
2024-06-26 16:00:00,405.34674590489425,36.34566064104949,166.06681658237036,25.800243410080565,281.0104682632326,441.69240654594375
2024-06-26 17:00:00,405.34624902178075,17.972515770884097,159.20845165800816,26.53607253633399,130.10866416584756,423.31876479266487
2024-06-26 18:00:00,460.7276982466995,1.966152139170966e-15,180.66448723613217,27.215511984410718,9.100324928895154e-14,460.7276982466995
2024-06-26 19:00:00,362.4420948192779,0.0,132.29879913090542,28.23711916926137,0.0,362.4420948192779
2024-06-26 20:00:00,411.8305319767887,0.0,164.1965607208487,29.137156084818766,0.0,411.8305319767887
2024-06-26 21:00:00,272.638487917376,0.0,87.73020958279893,30.45275087216218,0.0,272.638487917376
2024-06-26 22:00:00,34.117268479984915,0.0,0.0,31.00806100858221,0.0,34.117268479984915
2024-06-26 23:00:00,32.047071620028156,0.0,0.0,31.97146628438549,0.0,32.047071620028156
2024-06-27 00:00:00,34.32130443042807,0.0,0.0,30.917505008521346,0.0,34.32130443042807
2024-06-27 01:00:00,40.2519380182854,0.0,0.0,31.38768817574321,0.0,40.2519380182854
2024-06-27 02:00:00,35.14739197086496,0.0,0.0,31.270668664836894,0.0,35.14739197086496
2024-06-27 03:00:00,33.572302189776316,0.0,0.0,31.77361776535909,0.0,33.572302189776316
2024-06-27 04:00:00,30.97004998418022,0.0,0.0,31.083721634182027,0.0,30.97004998418022
2024-06-27 05:00:00,34.243791338528425,0.0,0.0,30.28715781307499,0.0,34.243791338528425
2024-06-27 06:00:00,239.5449023645484,0.0,60.2532760088374,29.547366438902866,0.0,239.5449023645484
2024-06-27 07:00:00,392.00876065144627,14.757962158724315,149.89271390043288,28.742568493413852,137.87635558687757,406.76672281017056
2024-06-27 08:00:00,346.86377371435213,31.030782022668976,142.3197673833221,27.906543468017045,274.2994628668325,377.8945557370211
2024-06-27 09:00:00,79.39088209145054,31.526010320397845,0.0,26.957274297710246,256.63050983464024,110.91689241184838
2024-06-27 10:00:00,52.86567397890687,57.96824181809106,0.0,25.861900678572848,506.2494249635021,110.83391579699793
2024-06-27 11:00:00,384.1348968893684,62.52402860027807,156.4625493362493,25.798898049659744,537.5714113367363,446.6589254896465
2024-06-27 12:00:00,36.58040707530331,68.35466648347608,0.0,25.274270589207077,584.3980290921521,104.9350735587794
2024-06-27 13:00:00,250.1965374930109,62.86592065609021,101.67420080235378,25.402509533117165,524.1982136814188,313.06245814910113
2024-06-27 14:00:00,181.99821554752842,58.15713060976387,65.84718937828833,24.089506650856148,474.60089011253314,240.15534615729229
2024-06-27 15:00:00,367.5763249255743,47.461133990261104,153.29732584038692,24.843800476742842,380.3646210670223,415.0374589158354
2024-06-27 16:00:00,447.84262021184264,36.7387751812495,205.55204799508152,23.90566393479165,282.1729569463223,484.5813953930921
2024-06-27 17:00:00,434.46197212829526,12.268260205552274,173.53332227501414,25.830969304536556,93.204989763201,446.73023233384754
2024-06-27 18:00:00,480.14969224145847,5.082633252359347e-15,196.00561115272055,25.413030448674935,4.705846166269482e-14,480.14969224145847
2024-06-27 19:00:00,407.09399926960515,0.0,150.96445994374483,26.49328929653356,0.0,407.09399926960515
2024-06-27 20:00:00,404.3977381580436,0.0,161.43276115622547,28.057434170686438,0.0,404.3977381580436
2024-06-27 21:00:00,279.8866432244528,0.0,82.79835547248722,28.486438646326196,0.0,279.8866432244528
2024-06-27 22:00:00,37.23278961816991,0.0,0.0,29.262144751177072,0.0,37.23278961816991
2024-06-27 23:00:00,35.552646112157696,0.0,0.0,30.12378722908227,0.0,35.552646112157696
2024-06-28 00:00:00,34.34573000479722,0.0,0.0,32.44725212836512,0.0,34.34573000479722
2024-06-28 01:00:00,28.800900620934073,0.0,0.0,31.96564541296319,0.0,28.800900620934073
2024-06-28 02:00:00,33.020315750284496,0.0,0.0,32.52427278704906,0.0,33.020315750284496
2024-06-28 03:00:00,26.771524303795132,0.0,0.0,32.2427624689024,0.0,26.771524303795132
2024-06-28 04:00:00,33.611716336144745,0.0,0.0,32.49238451807037,0.0,33.611716336144745
2024-06-28 05:00:00,37.56062175539123,0.0,0.0,31.95018483035466,0.0,37.56062175539123
2024-06-28 06:00:00,243.68034779821164,0.0,60.917986616977615,29.88370932044227,0.0,243.68034779821164
2024-06-28 07:00:00,385.8547501572894,15.849356607034961,148.30264142452947,30.479771586401306,163.61268194606794,401.70410676432437
2024-06-28 08:00:00,473.04687268189275,28.41942831213037,204.67920763484517,28.74597226593092,245.97168623504845,501.46630099402313
2024-06-28 09:00:00,353.86143772840285,34.455068760915466,146.59348256113412,28.26362966059984,285.4044642162659,388.31650648931833
2024-06-28 10:00:00,49.447330606091505,59.39329007233165,0.0,26.831895848968678,515.6110996718353,108.84062067842316
2024-06-28 11:00:00,69.64164542934584,49.46877085161627,0.0,26.7620437863623,408.09549376822815,119.11041628096211
2024-06-28 12:00:00,395.74755087933295,54.85836219762583,165.90614304220216,27.29593578272534,458.9677863108212,450.60591307695876
2024-06-28 13:00:00,226.1409017187455,48.62660386364947,85.9928698746479,25.734192607791105,397.84119367502615,274.76750558239496
2024-06-28 14:00:00,184.16884365203794,60.18969850990442,68.78683809286592,25.32142636033715,497.4862949660376,244.35854216194235
2024-06-28 15:00:00,329.2680619749818,39.256201446548296,129.33388743112178,25.554529209810816,311.77573673439286,368.52426342153007
2024-06-28 16:00:00,391.08240453403903,29.62077089035153,155.58443318094558,25.28574632729578,230.12855232204575,420.70317542439057
2024-06-28 17:00:00,327.40264396965085,19.60557771396654,128.42865156837686,27.30095812808964,139.861607876738,347.0082216836174
2024-06-28 18:00:00,399.27321419726724,4.806881973161463e-15,149.77442093116022,27.457791772958632,6.042002092858904e-14,399.27321419726724
2024-06-28 19:00:00,411.8763172077673,0.0,152.97639760173033,27.62103460815258,0.0,411.8763172077673
2024-06-28 20:00:00,388.7209285137744,0.0,148.06525443690452,28.54319107409595,0.0,388.7209285137744
2024-06-28 21:00:00,274.31912739135606,0.0,89.77295628827854,29.964858066593564,0.0,274.31912739135606
2024-06-28 22:00:00,26.94977595612537,0.0,0.0,31.26734791582957,0.0,26.94977595612537
2024-06-28 23:00:00,35.7356523350463,0.0,0.0,30.950728998944754,0.0,35.7356523350463
2024-06-29 00:00:00,29.91505940495889,0.0,0.0,32.54199517452156,0.0,29.91505940495889
2024-06-29 01:00:00,38.43593649634886,0.0,0.0,32.28912520637572,0.0,38.43593649634886
2024-06-29 02:00:00,32.588278932996886,0.0,0.0,31.989079897838888,0.0,32.588278932996886
2024-06-29 03:00:00,40.95261916512579,0.0,0.0,32.10109676906769,0.0,40.95261916512579
2024-06-29 04:00:00,33.687306351886285,0.0,0.0,32.85956744215283,0.0,33.687306351886285
2024-06-29 05:00:00,32.01890462741796,0.0,0.0,30.734968656222687,0.0,32.01890462741796
2024-06-29 06:00:00,196.32051383384817,0.0,58.75060608240863,30.338255112369367,0.0,196.32051383384817
2024-06-29 07:00:00,387.01578097343184,12.835319034869558,162.98550718949096,30.336360040518723,111.32607743227345,399.8511000083014
2024-06-29 08:00:00,332.29610582796124,31.560258609882474,138.41747516087852,29.062430112069258,284.4162388161397,363.8563644378437
2024-06-29 09:00:00,288.8413036818116,39.58769395453917,122.36116642525978,27.65271452335459,335.9588754408528,328.4289976363508
2024-06-29 10:00:00,289.57435911692596,38.578573729675945,134.732836718799,27.68659820852485,316.15485224570295,328.1529328466019
2024-06-29 11:00:00,277.42143409075356,44.76840359123401,129.13222153916786,26.985475722774115,366.13962067197366,322.18983768198757
2024-06-29 12:00:00,301.58626004573586,63.24510827192563,145.78174697480426,26.088808011355944,538.86304479928,364.8313683176615
2024-06-29 13:00:00,173.56406905545558,60.19408603618818,82.63724530459035,25.267262904538946,502.28580663721056,233.75815509164374
2024-06-29 14:00:00,18.819288926996293,46.79598133045534,0.0,25.22504928042526,378.0387412510394,65.61527025745164
2024-06-29 15:00:00,18.581369345040812,35.54268315689938,0.0,25.7157992309799,283.37313695417237,54.12405250194019
2024-06-29 16:00:00,22.639443281281007,33.724592076113,0.0,25.267148146490214,259.9385201936516,56.364035357394
2024-06-29 17:00:00,42.43602460762041,12.173045041786635,0.0,27.14322029675608,92.88738158639711,54.60906964940705
2024-06-29 18:00:00,63.39050200725001,4.9796469347425065e-15,0.0,28.05430613468036,5.684522100097704e-14,63.390502007250014
2024-06-29 19:00:00,68.42367699335254,0.0,0.0,27.930357507563482,0.0,68.42367699335254
2024-06-29 20:00:00,64.37513531810971,0.0,0.0,29.132253836557844,0.0,64.37513531810971
2024-06-29 21:00:00,57.843223947412326,0.0,0.0,30.452969269625925,0.0,57.843223947412326
2024-06-29 22:00:00,36.844123403114274,0.0,0.0,31.681982009626285,0.0,36.844123403114274
2024-06-29 23:00:00,35.30084345361079,0.0,0.0,32.2075659922407,0.0,35.30084345361079
2024-06-30 00:00:00,14.916571092959417,0.0,0.0,30.745884507400216,0.0,14.916571092959417
2024-06-30 01:00:00,11.822928465604209,0.0,0.0,31.805527898682055,0.0,11.822928465604209
2024-06-30 02:00:00,23.337398459524035,0.0,0.0,32.33290847657569,0.0,23.337398459524035
2024-06-30 03:00:00,13.211454888335558,0.0,0.0,31.71619609439485,0.0,13.211454888335558
2024-06-30 04:00:00,16.034673321520426,0.0,0.0,32.5050366365998,0.0,16.034673321520426
2024-06-30 05:00:00,23.039654930865094,0.0,0.0,31.872125671388307,0.0,23.039654930865094
2024-06-30 06:00:00,14.93695060700767,0.0,0.0,29.92459928020471,0.0,14.93695060700767
2024-06-30 07:00:00,4.767901866991554,11.7597634833058,0.0,29.407230998740037,98.42552478781012,16.527665350297355
2024-06-30 08:00:00,0.0,21.325932846322008,0.0,28.207787282739258,173.09426917355884,21.325932846322008
2024-06-30 09:00:00,0.0,45.53080741697016,0.0,27.57913347092217,400.81064750628855,45.53080741697016
2024-06-30 10:00:00,0.0,47.37999220632894,0.0,26.719848176167385,397.05573988304815,47.37999220632894
2024-06-30 11:00:00,0.0,53.79440460078622,0.0,26.584819574054592,450.63245883045363,53.79440460078622
2024-06-30 12:00:00,0.0,59.133071149186385,0.0,25.107243105721622,490.1653897754297,59.133071149186385
2024-06-30 13:00:00,0.0,56.61115009929248,0.0,23.893449156344456,465.21477468894705,56.61115009929248
2024-06-30 14:00:00,0.0,42.53140038294586,0.0,24.280292809716666,339.1621057644187,42.53140038294586
2024-06-30 15:00:00,0.0,39.60933999654031,0.0,24.687673152468975,313.7722856636909,39.60933999654031
2024-06-30 16:00:00,0.0,25.87193854806709,0.0,25.223629643090003,201.2903528663775,25.87193854806709
2024-06-30 17:00:00,5.583869805344057,16.087641347547795,0.0,26.201277816988767,118.11213801291971,21.671511152891853
2024-06-30 18:00:00,17.69395589466439,5.0765572208573225e-15,0.0,26.292667398069646,5.4986093848601295e-14,17.693955894664395
2024-06-30 19:00:00,14.168358995952516,0.0,0.0,27.071147397845287,0.0,14.168358995952516
2024-06-30 20:00:00,9.86947281406557,0.0,0.0,28.11784064200802,0.0,9.86947281406557
2024-06-30 21:00:00,20.452339408196796,0.0,0.0,28.930604008113008,0.0,20.452339408196796
2024-06-30 22:00:00,10.424647687565653,0.0,0.0,30.055317478686252,0.0,10.424647687565653
2024-06-30 23:00:00,16.993732078202278,0.0,0.0,30.75879438703946,0.0,16.993732078202278
2024-07-01 00:00:00,40.57128905599569,0.0,0.0,32.82906498352367,0.0,40.57128905599569
2024-07-01 01:00:00,36.32848708849573,0.0,0.0,32.33942336126815,0.0,36.32848708849573
2024-07-01 02:00:00,33.36666457135119,0.0,0.0,32.77464934762634,0.0,33.36666457135119
2024-07-01 03:00:00,31.092393162001073,0.0,0.0,32.56167671384458,0.0,31.092393162001073
2024-07-01 04:00:00,35.92381534241969,0.0,0.0,32.888979063055544,0.0,35.92381534241969
2024-07-01 05:00:00,31.634325486075593,0.0,0.0,31.85118175793529,0.0,31.634325486075593
2024-07-01 06:00:00,256.26816433541796,0.0,68.62010322815371,31.728796023490823,0.0,256.26816433541796
2024-07-01 07:00:00,410.05772202021484,14.557717179009298,154.5050797725293,29.783129231647646,137.5020323867146,424.6154391992241
2024-07-01 08:00:00,433.2970278886007,26.650297724080524,170.6486096936313,29.428764357573815,227.1161769160131,459.94732561268125
2024-07-01 09:00:00,409.804748952182,41.261609449613616,167.77200155317524,28.259635495417438,355.38918421921727,451.06635840179564
2024-07-01 10:00:00,369.8049969373066,38.646498254250844,157.57769846444566,27.090424612848423,316.542923852157,408.45149519155746
2024-07-01 11:00:00,401.40256478117914,64.96947981012357,188.05827820017535,26.94481840714578,566.3179731218278,466.3720445913027
2024-07-01 12:00:00,356.56796202245783,54.619701410495956,161.13169430983436,27.2888226276633,457.3192515407345,411.1876634329538
2024-07-01 13:00:00,239.25646656945855,59.520417669512,100.31520237431243,25.646252868316424,495.76818464530567,298.7768842389705
2024-07-01 14:00:00,171.48538780642625,43.880711027149985,56.31843855506795,25.889720170872344,352.872594853992,215.36609883357625
2024-07-01 15:00:00,406.78560239216876,41.789528382918526,173.5666526886238,25.416591459983213,333.49418663849207,448.5751307750873
2024-07-01 16:00:00,373.4100356632593,32.03823842415611,157.13125381124283,25.692744862593685,247.32097380424352,405.4482740874154
2024-07-01 17:00:00,431.919170387126,18.599719627990858,180.79398099634096,26.584947762966863,133.30028996260242,450.5188900151168
2024-07-01 18:00:00,395.96487717584495,4.18993900394864e-15,143.36608711370778,27.478456155976637,6.764343287240562e-14,395.96487717584495
2024-07-01 19:00:00,439.19181678705445,0.0,172.1064996913799,28.34478948346683,0.0,439.19181678705445
2024-07-01 20:00:00,364.28513137909096,0.0,128.99607283510144,29.340435154251615,0.0,364.28513137909096
2024-07-01 21:00:00,316.64882090478017,0.0,105.0970941739686,29.535147999298363,0.0,316.64882090478017
2024-07-01 22:00:00,38.39369236705125,0.0,0.0,30.89047455603774,0.0,38.39369236705125
2024-07-01 23:00:00,37.37948625663934,0.0,0.0,32.17920063264598,0.0,37.37948625663934
2024-07-02 00:00:00,34.80087613585102,0.0,0.0,28.967487491165443,0.0,34.80087613585102
2024-07-02 01:00:00,35.148153090909226,0.0,0.0,29.81868865895638,0.0,35.148153090909226
2024-07-02 02:00:00,33.66632027628796,0.0,0.0,30.26194299433621,0.0,33.66632027628796
2024-07-02 03:00:00,31.891356069723432,0.0,0.0,29.60512804536708,0.0,31.891356069723432
2024-07-02 04:00:00,27.04328457912769,0.0,0.0,29.817372225693138,0.0,27.04328457912769
2024-07-02 05:00:00,36.834854460699994,0.0,0.0,28.329831708827577,0.0,36.834854460699994
2024-07-02 06:00:00,240.27603096867125,0.0,64.84630257090672,28.809745900833278,0.0,240.27603096867125
2024-07-02 07:00:00,454.92524825788564,13.772402786519788,171.58933290093356,27.704288138772846,122.73935552833974,468.6976510444054
2024-07-02 08:00:00,394.02973969424437,24.953287790587314,155.09731842609037,26.64335381612191,206.6774641011531,418.98302748483167
2024-07-02 09:00:00,77.26273088510703,41.52598645592419,0.0,26.272063469661273,354.5286833146907,118.78871734103123
2024-07-02 10:00:00,56.05198329137514,52.50547947389093,0.0,24.70084658474887,445.94699900201147,108.55746276526607
2024-07-02 11:00:00,419.0112516749016,58.15628225517405,168.168197871881,23.831719323983304,488.86878810508296,477.16753393007565
2024-07-02 12:00:00,405.92976162906376,60.52768747681897,174.51341598340375,24.270704343170262,506.5983389521706,466.45744910588274
2024-07-02 13:00:00,267.7915078496275,40.56575150968074,102.00805190512051,24.155163623472834,324.71115018259934,308.3572593593083
2024-07-02 14:00:00,171.10225284097237,48.73656665970024,59.81737872988226,22.768802261308295,391.1469155840688,219.8388195006726
2024-07-02 15:00:00,442.62170298721145,33.1729275442097,195.32171039583446,23.177909103801532,260.78455104064386,475.79463053142115
2024-07-02 16:00:00,411.4494834426295,18.659520106576995,170.4914322031718,24.106953472752366,144.82410743418487,430.10900354920653
2024-07-02 17:00:00,391.77145975111597,13.658079894818835,154.7309856085191,24.101574879308874,101.74938885467164,405.4295396459348
2024-07-02 18:00:00,430.12909834110326,4.651586673102089e-15,171.999633385247,25.16281536873617,6.314980195773647e-14,430.12909834110326
2024-07-02 19:00:00,128.73366074651975,0.0,0.0,26.099856255252543,0.0,128.73366074651975
2024-07-02 20:00:00,116.35953201440562,0.0,0.0,26.334368826588904,0.0,116.35953201440562
2024-07-02 21:00:00,296.7970403082598,0.0,96.10139236963863,27.73102510392613,0.0,296.7970403082598
2024-07-02 22:00:00,35.42782305249781,0.0,0.0,28.36242476711221,0.0,35.42782305249781
2024-07-02 23:00:00,36.9216067852744,0.0,0.0,28.48196055182321,0.0,36.9216067852744
2024-07-03 00:00:00,35.3485178434107,0.0,0.0,29.758363128166206,0.0,35.3485178434107
2024-07-03 01:00:00,37.34287489525765,0.0,0.0,30.276632467948424,0.0,37.34287489525765
2024-07-03 02:00:00,34.913705053351435,0.0,0.0,31.18636046353617,0.0,34.913705053351435
2024-07-03 03:00:00,35.313084917269336,0.0,0.0,31.08352001130327,0.0,35.313084917269336
2024-07-03 04:00:00,33.65675273617237,0.0,0.0,30.628145910541217,0.0,33.65675273617237
2024-07-03 05:00:00,41.70501009018893,0.0,0.0,29.917029623920595,0.0,41.70501009018893
2024-07-03 06:00:00,246.33999846020905,0.0,72.50015010968295,29.17851369171309,0.0,246.33999846020905
2024-07-03 07:00:00,461.41021529069405,13.95694774612205,193.50948591913595,28.26674742077111,125.733215988744,475.3671630368161
2024-07-03 08:00:00,335.86128075453695,22.797154697772285,131.4059378419238,27.425899065845687,186.11670604372384,358.6584354523092
2024-07-03 09:00:00,434.3363957659483,33.99816705859425,185.30383700372036,26.553915172108148,279.9335143188122,468.33456282454256
2024-07-03 10:00:00,401.2027614674204,41.94538051442486,165.3288371362092,24.76988945527118,342.2627693630969,443.14814198184524
2024-07-03 11:00:00,377.2491532277686,53.71033076445531,168.9053939731558,24.35210323100984,443.5833922353188,430.9594839922239
2024-07-03 12:00:00,399.1785172306083,62.20418270501203,187.30209844637773,23.676550812648312,517.8308530811878,461.38269993562034
2024-07-03 13:00:00,199.40590971521667,50.64046494754003,72.7173919669717,24.39493264995014,413.16422087608896,250.0463746627567
2024-07-03 14:00:00,178.8679393732104,58.013871193655106,71.37761010107889,24.54915058992668,476.1855065336356,236.8818105668655
2024-07-03 15:00:00,427.9418565752091,41.82099137352492,186.16120151861796,22.756836185917045,330.88829473598713,469.762847948734
2024-07-03 16:00:00,380.1306671599328,24.665859377685674,153.63782377927254,24.973418930825165,190.95759216146524,404.79652653761843
2024-07-03 17:00:00,361.0087463629694,16.513423945427522,141.99977495461587,24.790587490747722,119.76644389953036,377.52217030839694
2024-07-03 18:00:00,470.5316487104093,4.491109241028186e-15,192.05882546697543,25.978460447714223,6.483419757777397e-14,470.5316487104093
2024-07-03 19:00:00,384.82545461518055,0.0,136.01953635927234,26.569467457568496,0.0,384.82545461518055
2024-07-03 20:00:00,436.9987324707789,0.0,171.9077216237671,27.942298064934832,0.0,436.9987324707789
2024-07-03 21:00:00,325.13969689661633,0.0,109.12877262927482,28.232838412672443,0.0,325.13969689661633
2024-07-03 22:00:00,35.56501429239449,0.0,0.0,28.290373308728412,0.0,35.56501429239449
2024-07-03 23:00:00,34.703973342640346,0.0,0.0,29.64413683040118,0.0,34.703973342640346
2024-07-04 00:00:00,29.278928504935056,0.0,0.0,31.4648453280353,0.0,29.278928504935056
2024-07-04 01:00:00,37.491433328145305,0.0,0.0,31.448688232980917,0.0,37.491433328145305
2024-07-04 02:00:00,36.8127385375175,0.0,0.0,32.004794252812694,0.0,36.8127385375175
2024-07-04 03:00:00,32.810154666832254,0.0,0.0,31.523820089427876,0.0,32.810154666832254
2024-07-04 04:00:00,31.655531331507994,0.0,0.0,30.909262645424462,0.0,31.655531331507994
2024-07-04 05:00:00,31.101749658602415,0.0,0.0,30.107812934233504,0.0,31.101749658602415
2024-07-04 06:00:00,244.36298297672633,0.0,68.61755343464739,29.730020700469687,0.0,244.36298297672633
2024-07-04 07:00:00,449.52977960869487,15.209538987326459,174.316437734892,29.184080874445346,151.69958343736243,464.73931859602135
2024-07-04 08:00:00,392.510493874015,26.057948357572077,160.62717652451795,27.196232489608384,218.6641675175998,418.5684422315871
2024-07-04 09:00:00,427.2520004256461,38.766678672023936,172.63489141605996,26.880023528520024,324.9474564518207,466.01867909767003
2024-07-04 10:00:00,365.21597792713095,41.322124164343144,153.31026816841484,25.42758236934916,337.5575459241942,406.5381020914741
2024-07-04 11:00:00,363.4747434933768,58.8161556493404,155.4474165156892,25.392517230594425,492.63235541020583,422.2908991427172
2024-07-04 12:00:00,362.95433183473597,66.21887060297394,165.5865051088375,25.743496845634436,559.4141997861301,429.1732024377099
2024-07-04 13:00:00,202.00595966968766,66.58504646980374,83.7555457350046,24.202129808860203,559.2791850643209,268.5910061394914
2024-07-04 14:00:00,182.5430889856577,50.35669280549,69.80846474752825,25.027508264667023,407.8999449861848,232.8997817911477
2024-07-04 15:00:00,308.24202910660375,43.99053698817252,124.06781682686008,26.21960056338078,352.98594286926044,352.2325660947763
2024-07-04 16:00:00,421.72676724230416,28.598207756656,170.98645517865916,25.871608544119496,221.93837885930884,450.32497499896016
2024-07-04 17:00:00,415.6295089623818,17.863083787328442,172.53838718941492,25.767811347779052,128.2903894817246,433.49259274971024
2024-07-04 18:00:00,413.7392538310108,4.917510048388328e-15,151.89041378861137,26.8551456196346,5.871053916060325e-14,413.7392538310108
2024-07-04 19:00:00,391.7543878933906,0.0,144.63955870664958,26.58522033265914,0.0,391.7543878933906
2024-07-04 20:00:00,415.06739474540746,0.0,158.2651995863978,27.389221065031084,0.0,415.06739474540746
2024-07-04 21:00:00,311.32975907664803,0.0,105.33280496061082,29.09614410413488,0.0,311.32975907664803
2024-07-04 22:00:00,36.615555769351786,0.0,0.0,30.125233673470564,0.0,36.615555769351786
2024-07-04 23:00:00,37.18305503380855,0.0,0.0,31.198004268013896,0.0,37.18305503380855
2024-07-05 00:00:00,38.83528561390001,0.0,0.0,29.514791777336892,0.0,38.83528561390001
2024-07-05 01:00:00,25.512155434483663,0.0,0.0,30.245522068984574,0.0,25.512155434483663
2024-07-05 02:00:00,35.21056285701544,0.0,0.0,30.3476397130685,0.0,35.21056285701544
2024-07-05 03:00:00,36.09643390356272,0.0,0.0,30.083127274015517,0.0,36.09643390356272
2024-07-05 04:00:00,31.905989221061496,0.0,0.0,29.76293540997055,0.0,31.905989221061496
2024-07-05 05:00:00,37.640301187268165,0.0,0.0,28.815605417625147,0.0,37.640301187268165
2024-07-05 06:00:00,243.14806343681147,0.0,68.28161416157522,28.657937638984496,0.0,243.14806343681147
2024-07-05 07:00:00,398.79302280276454,14.924693539021598,146.6597037033149,27.771475582748376,143.64027984827038,413.7177163417861
2024-07-05 08:00:00,421.9778127343886,29.98795053568219,166.74373805063627,26.548078051813995,261.5612834014906,451.9657632700708
2024-07-05 09:00:00,381.0596820404039,44.85020293016198,169.32228700547995,26.195104409944975,389.0835985571611,425.9098849705659
2024-07-05 10:00:00,394.2902677934087,47.47047689186336,168.62290632269838,25.531999729008163,396.16302002074946,441.7607446852721
2024-07-05 11:00:00,328.63101233407326,56.79718901490206,148.7212432708277,24.63189834862683,474.7475881844212,385.42820134897534
2024-07-05 12:00:00,365.07205236310915,61.264139544878,167.56909504894563,23.215773361516113,508.52101473110514,426.33619190798714
2024-07-05 13:00:00,270.4828467827912,46.727513024333746,108.08567561773023,23.43716642621127,376.37083323897366,317.210359807125
2024-07-05 14:00:00,199.66073840017935,45.79590607524885,69.54394734655543,22.812368153360286,365.2796641463205,245.45664447542822
2024-07-05 15:00:00,403.73426644920016,38.10190624347479,171.78941859597276,23.43562091593019,300.38545171191856,441.83617269267495
2024-07-05 16:00:00,441.34737319419895,37.49485271270008,192.10426236711444,23.28322667303652,284.0602127038162,478.84222590689905
2024-07-05 17:00:00,418.3492836064898,19.449453994000685,167.76855362913992,24.93179186931649,136.83638073182382,437.7987376004905
2024-07-05 18:00:00,405.40539183493155,4.170738903150674e-15,151.10850032939717,25.409749669301934,6.815022908893963e-14,405.40539183493155
2024-07-05 19:00:00,392.0364818571799,0.0,151.1607595498622,26.438711929604384,0.0,392.0364818571799
2024-07-05 20:00:00,429.1278204575864,0.0,167.90444841954954,27.293944979889762,0.0,429.1278204575864
2024-07-05 21:00:00,287.2792984185766,0.0,84.76832063161092,27.538650736864003,0.0,287.2792984185766
2024-07-05 22:00:00,28.151601617602807,0.0,0.0,28.3052790630283,0.0,28.151601617602807
2024-07-05 23:00:00,39.882904331606376,0.0,0.0,30.113819583295005,0.0,39.882904331606376
2024-07-06 00:00:00,37.28022609209523,0.0,0.0,30.96029167069368,0.0,37.28022609209523
2024-07-06 01:00:00,26.4351970047288,0.0,0.0,30.71521265331009,0.0,26.4351970047288
2024-07-06 02:00:00,34.2985069950565,0.0,0.0,32.01549594936726,0.0,34.2985069950565
2024-07-06 03:00:00,27.303646583373094,0.0,0.0,31.46439080867795,0.0,27.303646583373094
2024-07-06 04:00:00,33.94570947651496,0.0,0.0,31.79582355776938,0.0,33.94570947651496
2024-07-06 05:00:00,38.73400305797385,0.0,0.0,30.60812115567769,0.0,38.73400305797385
2024-07-06 06:00:00,187.9497402672382,0.0,54.35538608398629,29.751761838860997,0.0,187.9497402672382
2024-07-06 07:00:00,373.16230500739243,11.303734050389856,146.76003546410914,29.68068964478052,93.92995613384878,384.46603905778227
2024-07-06 08:00:00,362.5338795796116,30.254588856220895,156.67530866382214,27.24252941001586,266.3861431445949,392.7884684358325
2024-07-06 09:00:00,265.426600458386,40.44021406916391,118.59520719457672,26.813214772374025,342.68032542235176,305.86681452754993
2024-07-06 10:00:00,301.6332015695754,52.165831832177645,141.6395636060371,25.818081096606747,441.847290920885,353.79903340175304
2024-07-06 11:00:00,303.73483288835195,50.642489919155366,139.29298850930306,24.439348959094794,416.362029143731,354.3773228075073
2024-07-06 12:00:00,276.32172504984123,66.50432688079938,140.77601745768246,25.41726188329712,559.6589725223936,342.82605193064063
2024-07-06 13:00:00,190.10691113372093,46.7698244085889,85.34127372950762,24.352312983531146,376.9647751002285,236.87673554230983
2024-07-06 14:00:00,0.0,62.597812113589825,0.0,24.96444660335764,515.0272823252456,62.597812113589825
2024-07-06 15:00:00,23.941600730906732,41.669279596057656,0.0,24.825565436139918,331.79912665446,65.61088032696439
2024-07-06 16:00:00,34.05271293915276,25.431723093399324,0.0,25.28424490260266,196.8666783590123,59.48443603255208
2024-07-06 17:00:00,33.87155895008731,23.85958864654784,0.0,25.309189107961114,160.86976604675226,57.731147596635154
2024-07-06 18:00:00,53.45765528770034,4.822062304626843e-15,0.0,25.879638510541827,6.064693510113415e-14,53.45765528770035
2024-07-06 19:00:00,54.91637910250909,0.0,0.0,27.150776362285388,0.0,54.91637910250909
2024-07-06 20:00:00,64.95695904347028,0.0,0.0,28.471346674188435,0.0,64.95695904347028
2024-07-06 21:00:00,58.30407092808136,0.0,0.0,28.892438237651305,0.0,58.30407092808136
2024-07-06 22:00:00,34.05462767727428,0.0,0.0,29.410794421218206,0.0,34.05462767727428
2024-07-06 23:00:00,44.28190398045714,0.0,0.0,29.88712727098809,0.0,44.28190398045714
2024-07-07 00:00:00,20.670627725059344,0.0,0.0,31.18361406681439,0.0,20.670627725059344
2024-07-07 01:00:00,18.914135188777813,0.0,0.0,31.15415027045441,0.0,18.914135188777813
2024-07-07 02:00:00,10.605581478493106,0.0,0.0,31.514573352212068,0.0,10.605581478493106
2024-07-07 03:00:00,20.74411730231397,0.0,0.0,31.311794646794347,0.0,20.74411730231397
2024-07-07 04:00:00,17.841035534804266,0.0,0.0,30.859317071810203,0.0,17.841035534804266
2024-07-07 05:00:00,13.3381338608393,0.0,0.0,30.67221916043961,0.0,13.3381338608393
2024-07-07 06:00:00,12.405550618024959,0.0,0.0,30.07769568797899,0.0,12.405550618024959
2024-07-07 07:00:00,11.678922330738505,11.136935144061354,0.0,29.938949776091153,92.49448514058722,22.81585747479986
2024-07-07 08:00:00,0.0,21.18816944245942,0.0,28.429427503249194,172.24424798921785,21.18816944245942
2024-07-07 09:00:00,0.0,30.052607059601062,0.0,27.941418152785186,244.1674284993386,30.052607059601062
2024-07-07 10:00:00,0.0,30.489346382677585,0.0,25.89114346020607,243.20742524291524,30.489346382677585
2024-07-07 11:00:00,0.0,39.67520449828977,0.0,24.77509752639051,319.1056873359181,39.67520449828977
2024-07-07 12:00:00,0.0,60.27195015862763,0.0,25.012139604801323,501.27098151450053,60.27195015862763
2024-07-07 13:00:00,0.0,44.44548204619878,0.0,25.09871687596975,359.0244842827509,44.44548204619878
2024-07-07 14:00:00,0.0,47.5493319041014,0.0,24.90102450498665,381.853400704418,47.5493319041014
2024-07-07 15:00:00,0.0,17.977433136378085,0.0,25.275394040058487,140.71817050790756,17.977433136378085
2024-07-07 16:00:00,0.0,27.92516772418558,0.0,23.751082053168798,215.29135002324136,27.92516772418558
2024-07-07 17:00:00,11.503072417701278,12.89250966842045,0.0,26.202058359196126,97.09033158224116,24.395582086121728
2024-07-07 18:00:00,14.434369043782313,4.887716113159533e-15,0.0,26.468174959121757,4.296080551372967e-14,14.434369043782318
2024-07-07 19:00:00,22.013173829988105,0.0,0.0,26.372570315485607,0.0,22.013173829988105
2024-07-07 20:00:00,17.57230284172788,0.0,0.0,28.41220806927134,0.0,17.57230284172788
2024-07-07 21:00:00,14.06688360578017,0.0,0.0,29.041051592182242,0.0,14.06688360578017
2024-07-07 22:00:00,12.06536990285658,0.0,0.0,29.991058295195963,0.0,12.06536990285658
2024-07-07 23:00:00,17.45559422976467,0.0,0.0,31.024871955217534,0.0,17.45559422976467
2024-07-08 00:00:00,37.054546353826616,0.0,0.0,33.31784714146092,0.0,37.054546353826616
2024-07-08 01:00:00,29.51237203482538,0.0,0.0,32.71594838677693,0.0,29.51237203482538
2024-07-08 02:00:00,32.03987307471385,0.0,0.0,33.50010740910858,0.0,32.03987307471385
2024-07-08 03:00:00,36.55460817951999,0.0,0.0,32.643538350586326,0.0,36.55460817951999
2024-07-08 04:00:00,34.069450979744325,0.0,0.0,33.42724039752501,0.0,34.069450979744325
2024-07-08 05:00:00,34.47963099337592,0.0,0.0,33.245479398944966,0.0,34.47963099337592
2024-07-08 06:00:00,246.49768809665147,0.0,70.71616947618274,31.20089456272387,0.0,246.49768809665147
2024-07-08 07:00:00,448.521774477759,13.326174245999098,179.33066395959955,30.64175532159265,119.32298084078512,461.84794872375807
2024-07-08 08:00:00,424.1047190578187,25.95877553530257,176.14599328647333,29.63043588343895,219.9328295349851,450.0634945931213
2024-07-08 09:00:00,373.8766795129883,41.71468230882109,154.036283243494,28.93880125017204,360.33245143488784,415.59136182180936
2024-07-08 10:00:00,364.4838084475851,49.8825502155193,154.12526402698674,28.52783212309947,424.3796806155694,414.3663586631044
2024-07-08 11:00:00,454.79052062211235,26.332630041399998,197.28165672782382,27.37521224879654,209.60321092523608,481.1231506635124
2024-07-08 12:00:00,346.3954241742882,57.7404419071523,151.27211575670566,27.36679671710401,485.35813173728434,404.13586608144055
2024-07-08 13:00:00,270.05954898844345,43.79861013176016,113.02359419958586,27.223570037026285,355.12773889261064,313.8581591202036
2024-07-08 14:00:00,199.06095722172935,36.31229113871089,68.6702019182867,27.122500174664673,290.8705146375427,235.37324836044024
2024-07-08 15:00:00,375.5306338122111,38.317354082514285,152.9121175047872,26.13178960430347,303.77006446710607,413.84798789472535
2024-07-08 16:00:00,350.8936715102436,30.48364229217154,145.45598825874876,27.73349610299086,237.5767642435012,381.3773138024152
2024-07-08 17:00:00,398.3060162726529,10.708285572248116,153.63282964684987,28.32978295228524,82.62122337212219,409.01430184490107
2024-07-08 18:00:00,444.3469155689371,4.741512621548154e-15,171.89092163157443,29.097960509618616,6.092220206175118e-14,444.3469155689371
2024-07-08 19:00:00,393.49128135262896,0.0,149.99113809832681,29.086846476282364,0.0,393.49128135262896
2024-07-08 20:00:00,465.88528222765603,0.0,190.64777096827055,29.695699307344896,0.0,465.88528222765603
2024-07-08 21:00:00,295.7250678830575,0.0,96.94218136085232,30.485366606118813,0.0,295.7250678830575
2024-07-08 22:00:00,45.0033783484299,0.0,0.0,31.270730600712625,0.0,45.0033783484299
2024-07-08 23:00:00,36.55858284109668,0.0,0.0,32.55233948148538,0.0,36.55858284109668
2024-07-09 00:00:00,31.533956004276117,0.0,0.0,32.12605528424051,0.0,31.533956004276117
2024-07-09 01:00:00,35.36355653087109,0.0,0.0,32.70506005525517,0.0,35.36355653087109
2024-07-09 02:00:00,34.237685951074454,0.0,0.0,31.92826188456858,0.0,34.237685951074454
2024-07-09 03:00:00,34.579603086426516,0.0,0.0,32.03243670122135,0.0,34.579603086426516
2024-07-09 04:00:00,38.72462187974709,0.0,0.0,31.65003557929457,0.0,38.72462187974709
2024-07-09 05:00:00,42.115743472587326,0.0,0.0,30.8282740519701,0.0,42.115743472587326
2024-07-09 06:00:00,126.24870144759193,0.0,0.0,30.788915207630065,0.0,126.24870144759193
2024-07-09 07:00:00,107.97691750041804,8.118527822799212,0.0,29.75833122392019,65.00086745455211,116.09544532321725
2024-07-09 08:00:00,476.3048488808205,23.585794276201543,191.76136288042682,28.74195203030956,195.3037795050343,499.89064315702205
2024-07-09 09:00:00,390.209624438947,31.116922982011182,157.77348924456533,27.944326504488895,254.18803350699147,421.3265474209582
2024-07-09 10:00:00,405.6662860270269,32.755374880341165,166.75035741009953,27.228766066728497,263.08622569282744,438.42166090736805
2024-07-09 11:00:00,335.76967309177087,49.108174779802226,141.87699085685406,26.498885218162037,403.4347506255054,384.87784787157307
2024-07-09 12:00:00,395.9424760981659,23.478615567600063,166.70194560343225,25.220706551443293,185.33971865655812,419.42109166576597
2024-07-09 13:00:00,276.2313392075779,45.13479427424465,110.2861144744847,25.73846432510949,366.1428488128659,321.36613348182254
2024-07-09 14:00:00,187.75475831639113,51.075098245734125,67.44851316728952,25.298723501590036,412.04475905096535,238.82985656212526
2024-07-09 15:00:00,421.7282113640296,41.11353668914033,203.15904740353014,25.072991953247886,326.7872151466866,462.84174805316997
2024-07-09 16:00:00,405.88411946385366,24.511306021724977,173.57521360362068,25.757066375227303,191.16827192992804,430.39542548557864
2024-07-09 17:00:00,392.94858333286606,11.166359619358749,156.08319534470317,26.36840544695937,85.35424903689541,404.1149429522248
2024-07-09 18:00:00,436.3866563557961,4.467941855491567e-15,172.52011834210182,27.46193227633182,3.7277053163972085e-14,436.3866563557961
2024-07-09 19:00:00,379.2264563593891,0.0,140.8539857560705,27.242095970648343,0.0,379.2264563593891
2024-07-09 20:00:00,389.23546375338503,0.0,151.8168144786089,29.333532619576854,0.0,389.23546375338503
2024-07-09 21:00:00,276.41260156870516,0.0,86.95160886767002,29.588490278763494,0.0,276.41260156870516
2024-07-09 22:00:00,33.414197010691446,0.0,0.0,30.16796381737546,0.0,33.414197010691446
2024-07-09 23:00:00,30.27685036860777,0.0,0.0,30.877535126974106,0.0,30.27685036860777
2024-07-10 00:00:00,35.009534784397864,0.0,0.0,32.2657205253509,0.0,35.009534784397864
2024-07-10 01:00:00,36.584972027882095,0.0,0.0,32.24559844141002,0.0,36.584972027882095
2024-07-10 02:00:00,39.898364336093486,0.0,0.0,33.57401543145625,0.0,39.898364336093486
2024-07-10 03:00:00,33.59049735788821,0.0,0.0,34.10649908349937,0.0,33.59049735788821
2024-07-10 04:00:00,32.79783146796192,0.0,0.0,31.957596730104285,0.0,32.79783146796192
2024-07-10 05:00:00,36.00463672519549,0.0,0.0,31.73497526746439,0.0,36.00463672519549
2024-07-10 06:00:00,243.5210343962804,0.0,66.10633186844034,31.861107085849323,0.0,243.5210343962804
2024-07-10 07:00:00,410.7635998712111,13.311847625869744,164.0013675572303,30.618363694799765,119.64274713111296,424.07544749708086
2024-07-10 08:00:00,444.1329962890138,23.346372654548386,184.88430922944934,30.152525112414228,193.55297536662547,467.4793689435622
2024-07-10 09:00:00,397.3983208740368,29.741004898722796,163.36536994439487,28.778588571843414,242.86740620310735,427.1393257727596
2024-07-10 10:00:00,343.9605117883864,38.90382774050139,148.4584235187378,27.695001741643466,319.2696212334885,382.8643395288878
2024-07-10 11:00:00,420.5783363091829,36.7779487810071,190.7287423088519,27.147520701787176,297.6602405564849,457.35628509019
2024-07-10 12:00:00,266.3913457636006,65.09591790707017,116.41342682683336,25.513181866903135,550.3280143676326,331.4872636706708
2024-07-10 13:00:00,249.4914686412402,46.611663658022344,99.38080903323728,25.782832926440683,378.4610111765391,296.10313229926254
2024-07-10 14:00:00,194.7169512183778,47.65301613001056,67.43620944387717,26.709455178386005,388.0830949332215,242.36996734838837
2024-07-10 15:00:00,386.14402852126386,31.904585508084715,164.83025562020978,26.950525021354338,253.38084950617542,418.0486140293486
2024-07-10 16:00:00,413.5398934954702,20.286434589574483,173.25151602643797,27.407309605577275,159.59508672248177,433.8263280850447
2024-07-10 17:00:00,400.29592586105457,13.058857955190764,166.82638859503155,27.480876430347756,98.70368891336047,413.35478381624534
2024-07-10 18:00:00,436.7989176959533,4.89434833049313e-15,173.24438950435643,26.85728105413352,5.912929325327405e-14,436.7989176959533
2024-07-10 19:00:00,412.5656801490894,0.0,155.06338161974543,28.51194556882426,0.0,412.5656801490894
2024-07-10 20:00:00,377.5350025979334,0.0,140.9256353275543,30.39764332955097,0.0,377.5350025979334
2024-07-10 21:00:00,300.36602986806,0.0,98.54110247682331,31.452709268477253,0.0,300.36602986806
2024-07-10 22:00:00,27.872485005752008,0.0,0.0,32.16663936278027,0.0,27.872485005752008
2024-07-10 23:00:00,36.314548587496745,0.0,0.0,32.092062993044664,0.0,36.314548587496745
2024-07-11 00:00:00,37.99867319917175,0.0,0.0,31.239810642529918,0.0,37.99867319917175
2024-07-11 01:00:00,32.42563754196466,0.0,0.0,32.22243425960416,0.0,32.42563754196466
2024-07-11 02:00:00,30.14037714043976,0.0,0.0,32.36941317168679,0.0,30.14037714043976
2024-07-11 03:00:00,30.516064117092913,0.0,0.0,33.02553246462912,0.0,30.516064117092913
2024-07-11 04:00:00,34.66502753564471,0.0,0.0,32.0069942258783,0.0,34.66502753564471
2024-07-11 05:00:00,38.30680137732362,0.0,0.0,31.345223986164964,0.0,38.30680137732362
2024-07-11 06:00:00,228.92287146732215,0.0,59.22493713834214,30.64875723664339,0.0,228.92287146732215
2024-07-11 07:00:00,416.42868377280917,14.169308497985948,152.97934011160493,29.967805735311828,133.143943139322,430.5979922707951
2024-07-11 08:00:00,426.24056978580023,27.709450278469046,184.16444047683262,29.175229705602447,238.00877482261606,453.95002006426927
2024-07-11 09:00:00,421.24054232314893,38.50460957816614,190.70696362599358,27.59387428770384,325.28003953081634,459.74515190131507
2024-07-11 10:00:00,426.4209561087632,27.92101926276802,183.85465076930151,26.58319946525888,222.5055579075419,454.34197537153125
2024-07-11 11:00:00,389.0584877909853,67.52444184654262,180.7967959166543,27.072415189121095,589.3982644245708,456.5829296375279
2024-07-11 12:00:00,371.11299880009557,47.45115372001719,165.98919396170933,25.010400102108285,386.0090703631165,418.56415252011277
2024-07-11 13:00:00,261.05922443892376,69.66964153896242,109.05289534135358,26.30014300016231,589.1292813175279,330.7288659778862
2024-07-11 14:00:00,187.0773592749706,37.51587097738544,68.34708507817273,24.40667031394481,297.7667184878009,224.59323025235605
2024-07-11 15:00:00,438.05216850841373,34.981633069514274,197.1335923940549,25.188998704144414,277.3493799411127,473.033801577928
2024-07-11 16:00:00,369.86083305357874,18.272816088992904,149.85133072912336,26.31684773461785,143.27859480402742,388.13364914257164
2024-07-11 17:00:00,423.30232654506926,17.368847724066995,176.0980380916993,26.387306872957883,124.62013845831713,440.67117426913626
2024-07-11 18:00:00,376.4982044072403,5.000974264232868e-15,144.13917172628692,26.453771260690743,4.5346004217944974e-14,376.4982044072403
2024-07-11 19:00:00,449.3972295032194,0.0,176.1927545421908,28.169357081775836,0.0,449.3972295032194
2024-07-11 20:00:00,367.26868685765777,0.0,136.63475347834824,28.895511833471904,0.0,367.26868685765777
2024-07-11 21:00:00,261.26611091364555,0.0,86.98592591856891,29.659852176209498,0.0,261.26611091364555
2024-07-11 22:00:00,32.04869065823931,0.0,0.0,30.30004851718021,0.0,32.04869065823931
2024-07-11 23:00:00,43.36452907092028,0.0,0.0,31.319580396959278,0.0,43.36452907092028
2024-07-12 00:00:00,34.51160417511221,0.0,0.0,30.597327381790883,0.0,34.51160417511221
2024-07-12 01:00:00,39.98212403918285,0.0,0.0,32.45520600095784,0.0,39.98212403918285
2024-07-12 02:00:00,35.15765723864484,0.0,0.0,31.237190698613134,0.0,35.15765723864484
2024-07-12 03:00:00,37.62572259539275,0.0,0.0,31.051061189623702,0.0,37.62572259539275
2024-07-12 04:00:00,30.777292203527907,0.0,0.0,30.617470115023167,0.0,30.777292203527907
2024-07-12 05:00:00,36.2038677353373,0.0,0.0,31.22054843009353,0.0,36.2038677353373
2024-07-12 06:00:00,226.88559709660427,0.0,57.53468280960475,28.787665835573737,0.0,226.88559709660427
2024-07-12 07:00:00,422.7379881702306,14.449149674169979,169.16017801745377,28.942782143330053,138.08408049231926,437.1871378444006
2024-07-12 08:00:00,433.78855355749437,23.833397665448793,170.84966509439857,27.73755428858332,197.0705584979532,457.62195122294315
2024-07-12 09:00:00,458.2420902051166,43.84899472251947,205.43290341311993,26.23963256434169,377.65046570448123,502.0910849276361
2024-07-12 10:00:00,366.78823070476267,47.284870850830075,163.4937065114504,25.697661110589962,393.90678721140637,414.07310155559276
2024-07-12 11:00:00,397.04434437314393,50.583477620991815,177.74690514034492,25.54080253732152,418.7534628919483,447.62782199413573
2024-07-12 12:00:00,386.3833717703262,49.69124464435289,167.6543559927502,24.393913751447943,404.347976686207,436.0746164146791
2024-07-12 13:00:00,255.42420522787666,49.51047432175882,105.8200907936599,24.6062408466198,401.4771489751922,304.93467954963546
2024-07-12 14:00:00,166.64089788184836,62.46314418190923,66.9481789841071,25.221775888864695,511.4838716749412,229.1040420637576
2024-07-12 15:00:00,61.71717143412155,43.22352996466947,0.0,24.56175922111845,340.51297537404537,104.94070139879102
2024-07-12 16:00:00,378.76298963036055,30.736917259586903,147.63088699277787,24.09935412201374,235.73267504726817,409.49990688994745
2024-07-12 17:00:00,338.6010305362854,15.592991270916961,124.61669100593271,24.95892740944516,113.43109287163836,354.1940218072024
2024-07-12 18:00:00,,2.8810839082755287e-15,171.88715151430353,25.96449640514889,7.887818067251735e-14,
2024-07-12 19:00:00,,0.0,0.0,26.77521505716537,0.0,
2024-07-12 20:00:00,,0.0,0.0,27.93320619707948,0.0,
2024-07-12 21:00:00,,0.0,93.57362139414244,28.919287403419375,0.0,
2024-07-12 22:00:00,,0.0,0.0,30.47246325208095,0.0,
2024-07-12 23:00:00,,0.0,0.0,30.33021317613049,0.0,
2024-07-13 00:00:00,,0.0,0.0,31.115451859103395,0.0,
2024-07-13 01:00:00,,0.0,0.0,32.61810362643184,0.0,
2024-07-13 02:00:00,,0.0,0.0,32.79197245768633,0.0,
2024-07-13 03:00:00,,0.0,0.0,32.15742210831054,0.0,
2024-07-13 04:00:00,,0.0,0.0,31.56835188493687,0.0,
2024-07-13 05:00:00,,0.0,0.0,31.44660710472326,0.0,
2024-07-13 06:00:00,,0.0,50.275491536537054,30.304920262456047,0.0,
2024-07-13 07:00:00,,13.995756680383174,178.12479410273573,28.538472362765894,128.80159550849893,
2024-07-13 08:00:00,,25.170945821922846,139.99123854498427,28.942197310782046,210.94882225801288,
2024-07-13 09:00:00,,35.45522424431555,137.30326530949048,28.20071924992428,295.24270850241817,
2024-07-13 10:00:00,,34.88339028624624,150.7403549051982,27.63100378448548,282.043647043762,
2024-07-13 11:00:00,,38.826706214703606,151.68688432078633,25.820207213666617,312.96762256305124,
2024-07-13 12:00:00,,29.69073925269878,156.22625176262645,25.742453913980913,235.43813234872775,
2024-07-13 13:00:00,,48.05068941606523,72.93302799714093,25.403619556210568,391.3738273839512,
2024-07-13 14:00:00,,41.556421447494195,0.0,25.20315144914772,331.76384787875094,
2024-07-13 15:00:00,,39.565999616004554,0.0,25.337147796427182,313.60436309650055,
2024-07-13 16:00:00,,21.11064593065435,0.0,25.64793926373876,164.87234278991465,
2024-07-13 17:00:00,,11.39824092455398,0.0,26.291461135934306,86.7024463903858,
2024-07-13 18:00:00,,4.92115290361577e-15,0.0,27.28080068629349,4.392700348186677e-14,
2024-07-13 19:00:00,,0.0,0.0,28.364737273729148,0.0,
2024-07-13 20:00:00,,0.0,0.0,28.282293958948994,0.0,
2024-07-13 21:00:00,,0.0,0.0,29.480176149760545,0.0,
2024-07-13 22:00:00,,0.0,0.0,30.199156109351986,0.0,
2024-07-13 23:00:00,,0.0,0.0,30.8524977248487,0.0,
2024-07-14 00:00:00,,0.0,0.0,31.59838480631113,0.0,
2024-07-14 01:00:00,,0.0,0.0,32.76816322065683,0.0,
2024-07-14 02:00:00,,0.0,0.0,33.11497178549126,0.0,
2024-07-14 03:00:00,,0.0,0.0,32.67850211678091,0.0,
2024-07-14 04:00:00,,0.0,0.0,32.4019215657656,0.0,
2024-07-14 05:00:00,,0.0,0.0,32.05940379882609,0.0,
2024-07-14 06:00:00,,0.0,0.0,31.830871448300424,0.0,
2024-07-14 07:00:00,,14.3538597904487,0.0,30.071295993815912,137.552243742712,
2024-07-14 08:00:00,,25.326593526168953,0.0,28.789505543551662,212.3582206493189,
2024-07-14 09:00:00,,35.75515485833071,0.0,28.424224869362977,296.9144747596146,
2024-07-14 10:00:00,,42.773316151239754,0.0,28.56709223240358,352.9220628446193,
2024-07-14 11:00:00,,36.251451335182836,0.0,26.3199875873515,292.10542519609703,
2024-07-14 12:00:00,,65.0212809655422,0.0,26.66929053526321,556.8290006114917,
2024-07-14 13:00:00,,48.85647726918679,0.0,26.573527823349426,396.2671326201426,
2024-07-14 14:00:00,,43.02507683389662,0.0,24.692544491021476,344.76526888340175,
2024-07-14 15:00:00,,33.10283261861332,0.0,26.19968247051111,261.15726144869666,
2024-07-14 16:00:00,,28.634474551592408,0.0,26.64592800600962,221.73933583938438,
2024-07-14 17:00:00,,22.717770569610128,0.0,26.766770265875763,153.48885709382418,
2024-07-14 18:00:00,,3.2506469188360103e-15,0.0,27.30209232017375,7.569997207800498e-14,
2024-07-14 19:00:00,,0.0,0.0,28.174113766597795,0.0,
2024-07-14 20:00:00,,0.0,0.0,29.211027352780796,0.0,
2024-07-14 21:00:00,,0.0,0.0,30.130130242733543,0.0,
2024-07-14 22:00:00,,0.0,0.0,30.879923079340223,0.0,
2024-07-14 23:00:00,,0.0,0.0,31.6779477085303,0.0,
2024-07-15 00:00:00,,0.0,0.0,33.55856641689994,0.0,
2024-07-15 01:00:00,,0.0,0.0,32.70560759428527,0.0,
2024-07-15 02:00:00,,0.0,0.0,32.5575523800953,0.0,
2024-07-15 03:00:00,,0.0,0.0,33.91621453735999,0.0,
2024-07-15 04:00:00,,0.0,0.0,32.86716162530634,0.0,
2024-07-15 05:00:00,,0.0,0.0,32.21283917964274,0.0,
2024-07-15 06:00:00,,0.0,65.09132081522347,31.626473029864762,0.0,
2024-07-15 07:00:00,,12.361852865961229,162.23597349392912,30.942586599979485,107.25066549465284,
2024-07-15 08:00:00,,31.4804236409552,183.82125021650435,29.670055978171916,288.8923616156881,
2024-07-15 09:00:00,,42.43356052571324,146.9207318238449,29.279180497695926,367.8698278021656,
2024-07-15 10:00:00,,30.02913253293089,158.6935978454579,27.700950304826648,241.6919993859781,
2024-07-15 11:00:00,,46.30191230983186,161.4268149452034,27.30629476865359,382.1592098276805,
2024-07-15 12:00:00,,40.69815146099985,147.42487610870398,25.793644550843187,328.1452109330669,
2024-07-15 13:00:00,,63.16699505924558,100.5772031216892,27.13745976715125,530.7805002456482,
2024-07-15 14:00:00,,46.80345090655562,61.22243625659081,26.344037743451285,379.3415047772264,
2024-07-15 15:00:00,,32.016677165824326,141.8293469282126,26.88639324558794,255.34207662197042,
2024-07-15 16:00:00,,27.053740030200565,173.6827522083545,27.139279970618688,211.0283470259948,
2024-07-15 17:00:00,,7.347708317831495,190.53003881445932,27.732114747763845,57.27689024111914,
2024-07-15 18:00:00,,4.753053476615703e-15,165.79894249612283,28.178193827443923,4.1271041834831925e-14,
2024-07-15 19:00:00,,0.0,163.2957892430163,29.220328630241863,0.0,
2024-07-15 20:00:00,,0.0,162.94615324836028,29.451439385425125,0.0,
2024-07-15 21:00:00,,0.0,93.89208632702513,30.252358971475054,0.0,
2024-07-15 22:00:00,,0.0,0.0,31.631528624978472,0.0,
2024-07-15 23:00:00,,0.0,0.0,32.06706713568613,0.0,
2024-07-16 00:00:00,,0.0,0.0,32.08504892434893,0.0,
2024-07-16 01:00:00,,0.0,0.0,31.909540531143975,0.0,
2024-07-16 02:00:00,,0.0,0.0,31.48298722941841,0.0,
2024-07-16 03:00:00,,0.0,0.0,31.586198097237627,0.0,
2024-07-16 04:00:00,,0.0,0.0,31.438820128718266,0.0,
2024-07-16 05:00:00,,0.0,0.0,30.782100180557137,0.0,
2024-07-16 06:00:00,,0.0,73.72264298048682,30.227100940945814,0.0,
2024-07-16 07:00:00,,9.0680954005476,166.55182101275471,29.281421854568656,73.00679916738308,
2024-07-16 08:00:00,,22.3614762392862,129.0524280817393,27.64589955024364,183.0459931578916,
2024-07-16 09:00:00,,30.411369906942504,184.782740251229,26.359908982867903,246.2457004056765,
2024-07-16 10:00:00,,39.39918068053505,180.73827611459146,26.404423402032684,322.4401477898808,
2024-07-16 11:00:00,,52.126397397327345,174.92641634564978,26.146600542874943,432.11464592725514,
2024-07-16 12:00:00,,52.008994564214206,119.53578598372945,25.128954493951355,424.9953828798936,
2024-07-16 13:00:00,,39.353407531530706,98.97081160539668,25.578769589169553,314.87178081924526,
2024-07-16 14:00:00,,42.49027788129127,71.89662468254511,24.81778457482923,340.58029453983943,
2024-07-16 15:00:00,,44.40510703866704,171.26173996164482,25.639085564592932,350.832919359597,
2024-07-16 16:00:00,,20.510746785641235,168.38499728999523,25.886090730865295,159.84765845252662,
2024-07-16 17:00:00,,13.661313539775383,179.7759592869138,26.391997622913,101.9518721321407,
2024-07-16 18:00:00,,4.999407817035569e-15,167.29858685969955,25.989472107375178,4.509136025788158e-14,
2024-07-16 19:00:00,,0.0,184.8598023486741,27.443931600606458,0.0,
2024-07-16 20:00:00,,0.0,167.66898689665481,28.952614668219837,0.0,
2024-07-16 21:00:00,,0.0,99.8136223558726,29.38326694471652,0.0,
2024-07-16 22:00:00,,0.0,0.0,30.368407876978164,0.0,
2024-07-16 23:00:00,,0.0,0.0,30.122158006073786,0.0,
2024-07-17 00:00:00,,0.0,0.0,30.513471105926037,0.0,
2024-07-17 01:00:00,,0.0,0.0,29.508040418105498,0.0,
2024-07-17 02:00:00,,0.0,0.0,29.02577465650137,0.0,
2024-07-17 03:00:00,,0.0,0.0,29.728164750475674,0.0,
2024-07-17 04:00:00,,0.0,0.0,28.330334214861473,0.0,
2024-07-17 05:00:00,,0.0,0.0,28.4552983891338,0.0,
2024-07-17 06:00:00,,0.0,0.0,29.552243143928692,0.0,
2024-07-17 07:00:00,,13.28011751286991,0.0,27.238833496483682,116.89491999808257,
2024-07-17 08:00:00,,24.52743162931907,146.89550449010648,25.80909364338657,200.9998873159776,
2024-07-17 09:00:00,,43.00183305571619,165.062722514346,25.629769512800703,368.3970925379784,
2024-07-17 10:00:00,,42.356596691865626,174.74117965520472,24.324085354860483,346.04973498267026,
2024-07-17 11:00:00,,63.91526186941811,180.2684817925429,24.480373093060518,545.8979172597392,
2024-07-17 12:00:00,,52.5998237167959,180.35984210751212,23.04712592443791,428.2798316668988,
2024-07-17 13:00:00,,54.48404494062924,98.32038307283696,23.27761369043231,438.37759229105,
2024-07-17 14:00:00,,55.306742290352325,64.86895763408033,22.44945770894024,441.626673825493,
2024-07-17 15:00:00,,40.632809051981255,155.23008691583843,24.441760907760006,321.0950146084194,
2024-07-17 16:00:00,,27.994502913170066,169.12295489067623,23.74371017414459,214.8210982867609,
2024-07-17 17:00:00,,16.20520732772791,137.92145389682287,23.97536059448232,116.46894465866889,
2024-07-17 18:00:00,,4.6137018988675985e-15,165.3755274016847,24.626508102060825,6.370777037540594e-14,
2024-07-17 19:00:00,,0.0,212.01973130147422,25.340320577892964,0.0,
2024-07-17 20:00:00,,0.0,140.18625369558555,26.14253048747271,0.0,
2024-07-17 21:00:00,,0.0,100.55267251548057,27.0346555221447,0.0,
2024-07-17 22:00:00,,0.0,0.0,29.112151652607444,0.0,
2024-07-17 23:00:00,,0.0,0.0,28.721553982668762,0.0,
2024-07-18 00:00:00,,0.0,0.0,28.405016751020042,0.0,
2024-07-18 01:00:00,,0.0,0.0,29.236393822665512,0.0,
2024-07-18 02:00:00,,0.0,0.0,30.40249960109329,0.0,
2024-07-18 03:00:00,,0.0,0.0,29.69321565480979,0.0,
2024-07-18 04:00:00,,0.0,0.0,29.402685404271068,0.0,
2024-07-18 05:00:00,,0.0,0.0,29.49841825095618,0.0,
2024-07-18 06:00:00,,0.0,68.49371621705114,27.800053996507568,0.0,
2024-07-18 07:00:00,,14.654819525700988,173.35667320676225,27.660712810017994,140.98242042825754,
2024-07-18 08:00:00,,26.980101230940956,149.0503899983023,26.104695716199924,227.93679737673364,
2024-07-18 09:00:00,,36.08359099580521,173.50718073264298,25.820708951611063,298.0866738025043,
2024-07-18 10:00:00,,55.75081004633783,156.18064178783635,24.49306966570889,477.706381522367,
2024-07-18 11:00:00,,65.48197816230385,141.44487289639426,23.84298896951296,556.6443508209776,
2024-07-18 12:00:00,,65.94044860094307,180.7072955874426,23.81761520660382,553.8002422939699,
2024-07-18 13:00:00,,47.390368035184814,105.57968661287703,23.43190930292323,380.1462285350916,
2024-07-18 14:00:00,,45.909394762434424,59.62068779067235,22.855923298391428,364.38216329303367,
2024-07-18 15:00:00,,53.70227784420933,156.02734162716442,22.82208506408459,421.6018941357043,
2024-07-18 16:00:00,,31.2894988365397,155.42979510231655,24.207122170089008,238.35889592849085,
2024-07-18 17:00:00,,15.666535756325684,137.8808534569576,24.258428962689788,113.37607568062498,
2024-07-18 18:00:00,,4.689047344705691e-15,177.5800906711692,24.493066386764777,6.282261979410068e-14,
2024-07-18 19:00:00,,0.0,178.19865373659587,25.206228451590018,0.0,
2024-07-18 20:00:00,,0.0,159.51194217798965,26.95108604456479,0.0,
2024-07-18 21:00:00,,0.0,98.72155694018778,27.40220399197912,0.0,
2024-07-18 22:00:00,,0.0,0.0,28.106860793530675,0.0,
2024-07-18 23:00:00,,0.0,0.0,28.97099861302793,0.0,
2024-07-19 00:00:00,,0.0,0.0,31.30829221842377,0.0,
2024-07-19 01:00:00,,0.0,0.0,31.460700686156088,0.0,
2024-07-19 02:00:00,,0.0,0.0,32.21014830128124,0.0,
2024-07-19 03:00:00,,0.0,0.0,32.118714497977464,0.0,
2024-07-19 04:00:00,,0.0,0.0,31.405337840706174,0.0,
2024-07-19 05:00:00,,0.0,0.0,31.270538097260467,0.0,
2024-07-19 06:00:00,,0.0,66.75700661007286,29.862553251928848,0.0,
2024-07-19 07:00:00,,14.17725548307255,169.0324656670228,29.359337028220867,133.36924127694576,
2024-07-19 08:00:00,,25.24867233817741,142.765768209291,28.61053302729571,212.10593208348706,
2024-07-19 09:00:00,,44.07123863741765,173.05933588718614,27.711957350009218,384.6449295520834,
2024-07-19 10:00:00,,59.140567629452114,145.6041301927014,26.81630444172891,517.3344997851335,
2024-07-19 11:00:00,384.84520501945985,57.942963457079,176.24269102189032,25.949025730747664,488.1417480309026,442.7881684765389
2024-07-19 12:00:00,326.7325365316462,59.18413779321941,147.4294771900201,26.055780012433242,495.979708024407,385.9166743248656
2024-07-19 13:00:00,203.17967047435496,62.91857320728805,86.12892338821354,24.45771658321525,521.3705372278545,266.098243681643
2024-07-19 14:00:00,198.9872607068354,38.926341131738596,65.81494550533466,24.53069447407963,309.3593046950676,237.91360183857398
2024-07-19 15:00:00,366.33596059544084,49.61590510748376,164.16666380041627,24.62030923752293,390.44962720488036,415.9518657029246
2024-07-19 16:00:00,374.1707657904063,50.38459414310315,166.71181960377837,24.893182382232297,373.5621762999162,424.5553599335094
2024-07-19 17:00:00,374.75570599066685,18.500479516291172,150.26986041377512,24.639045111999355,129.94207863747917,393.25618550695805
2024-07-19 18:00:00,422.6900505051312,4.7390129332000876e-15,168.34649236726128,27.04573727071386,6.151738004556235e-14,422.6900505051312
2024-07-19 19:00:00,423.3487399394557,0.0,169.90036272479196,26.689417980477774,0.0,423.3487399394557
2024-07-19 20:00:00,459.1577833668841,0.0,184.2342695400507,28.193212322232785,0.0,459.1577833668841
2024-07-19 21:00:00,292.9063852971486,0.0,100.83182394618545,28.303240936881117,0.0,292.9063852971486
2024-07-19 22:00:00,29.519633498697537,0.0,0.0,30.168662733219605,0.0,29.519633498697537
2024-07-19 23:00:00,40.03342893242494,0.0,0.0,30.190480584042554,0.0,40.03342893242494
2024-07-20 00:00:00,22.596018320409634,0.0,0.0,28.15762614981344,0.0,22.596018320409634
2024-07-20 01:00:00,17.602160147810373,0.0,0.0,29.172430322875023,0.0,17.602160147810373
2024-07-20 02:00:00,15.409327203514952,0.0,0.0,28.844150908381117,0.0,15.409327203514952
2024-07-20 03:00:00,12.549945381225761,0.0,0.0,28.788179042590983,0.0,12.549945381225761
2024-07-20 04:00:00,17.163148078645218,0.0,0.0,28.81150191946778,0.0,17.163148078645218
2024-07-20 05:00:00,10.3731757226279,0.0,0.0,28.569386659592556,0.0,10.3731757226279
2024-07-20 06:00:00,15.047498936642429,0.0,0.0,27.035317954686576,0.0,15.047498936642429
2024-07-20 07:00:00,1.2107238517102168,13.211632744163234,0.0,26.104788619485507,115.05174888731953,14.42235659587345
2024-07-20 08:00:00,0.0,23.05623075515442,0.0,25.70626003196357,186.84601302598594,23.05623075515442
2024-07-20 09:00:00,0.0,34.53674247024555,0.0,25.05827783089265,280.97118030952396,34.53674247024555
2024-07-20 10:00:00,0.0,56.02688647073783,0.0,24.675895794552744,477.8994526696115,56.02688647073783
2024-07-20 11:00:00,0.0,52.81228098258389,0.0,22.683979665322667,431.523548197847,52.81228098258389
2024-07-20 12:00:00,0.0,49.320490367256554,0.0,22.504445734741704,396.3839182001977,49.320490367256554
2024-07-20 13:00:00,0.0,42.77427752070691,0.0,22.901670819148322,339.85711935977497,42.77427752070691
2024-07-20 14:00:00,0.0,32.6294713088133,0.0,23.18106546669179,256.89257376925923,32.6294713088133
2024-07-20 15:00:00,0.0,31.267118228285558,0.0,21.817232306956317,243.09339635998435,31.267118228285558
2024-07-20 16:00:00,0.0,29.408581234078074,0.0,22.29402332547357,223.69610427656255,29.408581234078074
2024-07-20 17:00:00,1.129381443743405,19.217650280643003,0.0,23.41019451177445,132.87279899084044,20.347031724386408
2024-07-20 18:00:00,12.315264171827433,5.151847117697712e-15,0.0,23.65564662752589,4.853233538601291e-14,12.315264171827438
2024-07-20 19:00:00,19.169661472666682,0.0,0.0,24.409035663508632,0.0,19.169661472666682
2024-07-20 20:00:00,15.3566480097039,0.0,0.0,25.816753501806886,0.0,15.3566480097039
2024-07-20 21:00:00,13.33402923655774,0.0,0.0,27.375094833351145,0.0,13.33402923655774
2024-07-20 22:00:00,17.17655524470929,0.0,0.0,26.78977705107274,0.0,17.17655524470929
2024-07-20 23:00:00,14.626456608603807,0.0,0.0,28.918558986665104,0.0,14.626456608603807
2024-07-21 00:00:00,18.21026634773826,0.0,0.0,33.39782966283829,0.0,18.21026634773826
2024-07-21 01:00:00,19.283786470930117,0.0,0.0,34.20776171152503,0.0,19.283786470930117
2024-07-21 02:00:00,12.328768427158305,0.0,0.0,34.94955071943512,0.0,12.328768427158305
2024-07-21 03:00:00,19.393590794609665,0.0,0.0,34.19752754704699,0.0,19.393590794609665
2024-07-21 04:00:00,19.664408293433958,0.0,0.0,33.53646874803014,0.0,19.664408293433958
2024-07-21 05:00:00,14.790895949437484,0.0,0.0,33.48808690438448,0.0,14.790895949437484
2024-07-21 06:00:00,16.145718463906913,0.0,0.0,32.317542257717975,0.0,16.145718463906913
2024-07-21 07:00:00,9.317848233019838,12.452735703822192,0.0,31.820667541540328,108.89831056041461,21.77058393684203
2024-07-21 08:00:00,0.0,26.601777221164784,0.0,30.55178485969529,228.31268296926933,26.601777221164784
2024-07-21 09:00:00,0.0,44.19721974544876,0.0,30.178835149519895,387.9427891867772,44.19721974544876
2024-07-21 10:00:00,0.0,55.74819296484129,0.0,28.20700951260909,487.4733941397893,55.74819296484129
2024-07-21 11:00:00,0.0,47.931257409599155,0.0,27.672490812684444,396.122186636251,47.931257409599155
2024-07-21 12:00:00,0.0,45.77861376018219,0.0,26.91857223320469,374.34465600034696,45.77861376018219
2024-07-21 13:00:00,0.0,41.22130437689527,0.0,27.24517025227429,333.1351485058554,41.22130437689527
2024-07-21 14:00:00,0.0,52.30209834661544,0.0,26.389356249479313,423.53374898925097,52.30209834661544
2024-07-21 15:00:00,0.0,27.639283654672358,0.0,26.92746917933905,219.59231506298218,27.639283654672358
2024-07-21 16:00:00,0.0,25.384323939925626,0.0,27.069282143354258,197.8048728298786,25.384323939925626
2024-07-21 17:00:00,0.0,14.736146718249243,0.0,28.919089739500695,109.37946362901056,14.736146718249243
2024-07-21 18:00:00,21.586954167282013,4.989437886849746e-15,0.0,28.40878518279628,4.6117404005444595e-14,21.586954167282016
2024-07-21 19:00:00,19.918893878406216,0.0,0.0,29.104985849563704,0.0,19.918893878406216
2024-07-21 20:00:00,17.084520855445508,0.0,0.0,30.77829462576708,0.0,17.084520855445508
2024-07-21 21:00:00,16.629113051394317,0.0,0.0,32.40340259402385,0.0,16.629113051394317
2024-07-21 22:00:00,19.234526755018255,0.0,0.0,32.34609181926135,0.0,19.234526755018255
2024-07-21 23:00:00,26.26368235656322,0.0,0.0,33.10963943979858,0.0,26.26368235656322
2024-07-22 00:00:00,17.37522527037782,0.0,0.0,32.89278752146445,0.0,17.37522527037782
2024-07-22 01:00:00,16.0342764955882,0.0,0.0,33.03617493879964,0.0,16.0342764955882
2024-07-22 02:00:00,26.587077899851966,0.0,0.0,32.929027369985626,0.0,26.587077899851966
2024-07-22 03:00:00,17.437411678619483,0.0,0.0,32.30588990549132,0.0,17.437411678619483
2024-07-22 04:00:00,14.282168082600855,0.0,0.0,32.47538774406852,0.0,14.282168082600855
2024-07-22 05:00:00,22.031597305536764,0.0,0.0,31.010801564156253,0.0,22.031597305536764
2024-07-22 06:00:00,51.48737981278151,0.0,0.0,30.65448210298338,0.0,51.48737981278151
2024-07-22 07:00:00,29.220670478102928,13.985197975064043,0.0,30.837917861016127,132.0490513269581,43.20586845316697
2024-07-22 08:00:00,18.195458805560794,22.811845270071945,0.0,29.867316220050242,188.9188094735946,41.00730407563274
2024-07-22 09:00:00,0.0,46.12088267834886,0.0,28.529195569488547,407.85385925666935,46.12088267834886
2024-07-22 10:00:00,0.0,50.16542834160108,0.0,26.501643016991352,418.8681846680774,50.16542834160108
2024-07-22 11:00:00,0.0,53.84400632590587,0.0,26.13733537953519,447.04049250130106,53.84400632590587
2024-07-22 12:00:00,0.0,50.82002788837794,0.0,25.84549475012711,417.2355937015865,50.82002788837794
2024-07-22 13:00:00,0.0,61.938264121172026,0.0,25.749729969998583,510.64658328779893,61.938264121172026
2024-07-22 14:00:00,0.0,45.25927667956312,0.0,25.0911143024267,363.927036633868,45.25927667956312
2024-07-22 15:00:00,7.421919576643624,36.378865833809286,0.0,25.712422623876826,287.42465913402725,43.80078541045291
2024-07-22 16:00:00,0.0,37.68322868129979,0.0,27.06887858351182,285.8415866915613,37.68322868129979
2024-07-22 17:00:00,30.669636463514195,18.690098384804365,0.0,26.9418640819561,131.56284204267044,49.35973484831856
2024-07-22 18:00:00,42.77856216217133,4.990263424783617e-15,0.0,27.5757331921602,5.6764086649621767e-14,42.77856216217134
2024-07-22 19:00:00,38.20170346630445,0.0,0.0,27.801675510311615,0.0,38.20170346630445
2024-07-22 20:00:00,60.9826863749703,0.0,0.0,28.396827484323428,0.0,60.9826863749703
2024-07-22 21:00:00,42.49500263720331,0.0,0.0,29.508088322766984,0.0,42.49500263720331
2024-07-22 22:00:00,20.44549476038947,0.0,0.0,30.126625303659175,0.0,20.44549476038947
2024-07-22 23:00:00,10.964103665715319,0.0,0.0,31.72871124295335,0.0,10.964103665715319
2024-07-23 00:00:00,39.23869287296719,0.0,0.0,30.96023140405252,0.0,39.23869287296719
2024-07-23 01:00:00,37.48149560476169,0.0,0.0,30.63529500420537,0.0,37.48149560476169
2024-07-23 02:00:00,35.45574008365594,0.0,0.0,31.31115925855788,0.0,35.45574008365594
2024-07-23 03:00:00,31.02769581518468,0.0,0.0,31.852436888731187,0.0,31.02769581518468
2024-07-23 04:00:00,44.00478124630393,0.0,0.0,31.747137173022463,0.0,44.00478124630393
2024-07-23 05:00:00,40.66753018299546,,0.0,30.59727849813083,0.0,
2024-07-23 06:00:00,228.6029148088778,,62.044011780368535,29.399779336624135,0.0,
2024-07-23 07:00:00,386.753423641531,,142.77347360296497,29.01211836840026,138.71864236208975,
2024-07-23 08:00:00,354.0108665362104,,139.75069497661974,28.413104580442287,297.2744075766366,
2024-07-23 09:00:00,393.83166585368986,,170.32913916045726,25.827718861849206,307.27941777931994,
2024-07-23 10:00:00,395.5116874908498,,178.08778136356395,26.728234107501514,395.6498091081294,
2024-07-23 11:00:00,324.91151257739625,,150.31136266498834,24.99003244415386,400.31582827622805,
2024-07-23 12:00:00,383.73581537583567,,169.21184936812432,24.438629197889025,427.8902313179362,
2024-07-23 13:00:00,232.18332339570694,,97.2752350627343,24.17899521029861,564.3784047764251,
2024-07-23 14:00:00,198.9017577939974,,70.74056573470999,24.397241657991184,327.26888915157934,
2024-07-23 15:00:00,420.0388834066374,,179.29026904415358,23.800832069742185,270.55203415055604,
2024-07-23 16:00:00,310.2322812711315,,127.60749138554647,24.563703658012294,288.32392882574817,
2024-07-23 17:00:00,433.21971982072046,,182.03022251969284,25.524964457699337,129.84564994470463,
2024-07-23 18:00:00,414.4140415231662,,169.16124989151118,26.096485213240303,7.536078702940972e-14,
2024-07-23 19:00:00,401.6075277248391,,156.23262631943072,27.021740187925218,0.0,
2024-07-23 20:00:00,410.4974704339864,,156.69286318325572,27.575215232412692,0.0,
2024-07-23 21:00:00,289.7315320612152,,99.3142993013373,28.989921222693457,0.0,
2024-07-23 22:00:00,33.26770508727426,,0.0,30.015407649604736,0.0,
2024-07-23 23:00:00,36.5193073802654,,0.0,30.71029297883758,0.0,
2024-07-24 00:00:00,41.320755845130975,,0.0,30.41331691685655,0.0,
2024-07-24 01:00:00,36.579211408431064,,0.0,31.01860958356302,0.0,
2024-07-24 02:00:00,37.497663232255654,,0.0,31.10395317924681,0.0,
2024-07-24 03:00:00,33.794831552061225,,0.0,31.887417232543253,0.0,
2024-07-24 04:00:00,37.07907220766582,,0.0,30.80854533545934,0.0,
2024-07-24 05:00:00,40.06691228706194,,0.0,29.598924553024716,0.0,
2024-07-24 06:00:00,239.67703213301766,,62.67525799106512,28.462583243516008,0.0,
2024-07-24 07:00:00,388.39932873529176,,149.53944002715156,27.94371941766871,134.63733628696303,
2024-07-24 08:00:00,394.90400968642876,,153.32133872391017,27.002530459389455,319.476468949576,
2024-07-24 09:00:00,339.61634580722216,,147.83732781972526,26.518267513193553,420.1587941452939,
2024-07-24 10:00:00,422.12266989165624,,187.2183793682381,25.068294764594793,317.7489713182734,
2024-07-24 11:00:00,381.6757836862657,,165.92242945196244,25.28963773879673,425.4927792630706,
2024-07-24 12:00:00,406.3776187668739,,202.17191101717512,23.44255247099626,513.324888175839,
2024-07-24 13:00:00,242.0320702909148,,102.67365606654765,22.971419927019497,459.73549360713866,
2024-07-24 14:00:00,189.54218912182952,,69.88679447711243,23.60086488322677,324.70738935519887,
2024-07-24 15:00:00,332.4801352272763,,147.48351309519913,23.366402970579948,361.03362164682653,
2024-07-24 16:00:00,383.050829644322,,161.39955255156286,23.508217046951764,240.26667393239725,
2024-07-24 17:00:00,403.33497994907424,,166.19940656963914,24.37501417553411,162.22347148422415,
2024-07-24 18:00:00,394.92380659171295,,154.48539745459485,25.037679972649983,5.6584713566677695e-14,
2024-07-24 19:00:00,410.3638598311235,,157.33078306198854,26.26762339494773,0.0,
2024-07-24 20:00:00,424.6133321096401,,171.93243923425655,26.85818749303231,0.0,
2024-07-24 21:00:00,300.1910514753748,,103.35362200276302,27.80472236592323,0.0,
2024-07-24 22:00:00,38.36754184642473,,0.0,28.915990028078795,0.0,
2024-07-24 23:00:00,30.561354395839402,,0.0,30.15041740671007,0.0,
2024-07-25 00:00:00,31.611807438210953,,0.0,33.50020456116126,0.0,
2024-07-25 01:00:00,33.23465464784257,,0.0,33.1883670884251,0.0,
2024-07-25 02:00:00,28.651038649737828,,0.0,33.34651447455659,0.0,
2024-07-25 03:00:00,34.208575304163105,,0.0,33.022889798535154,0.0,
2024-07-25 04:00:00,38.810464600313665,,0.0,33.005456138446405,0.0,
2024-07-25 05:00:00,36.027198753855465,,0.0,32.40372632961632,0.0,
2024-07-25 06:00:00,223.51005734366885,,57.17616118135533,32.14666675671554,0.0,
2024-07-25 07:00:00,439.3859220871516,,169.6817248738136,29.695257258452443,89.55842362858942,
2024-07-25 08:00:00,413.4152786568196,,174.1247505103528,29.616494043315228,191.3081941066861,
2024-07-25 09:00:00,364.33426810976414,,155.26043213766044,28.997471191876333,399.8745821191361,
2024-07-25 10:00:00,347.03201647713337,,153.58342228831458,27.970600936400277,378.8288866941683,
2024-07-25 11:00:00,404.1653501128057,,172.28424081106098,26.78928266497036,343.5955005190194,
2024-07-25 12:00:00,291.2133782270703,,122.54405864603358,26.052970662305555,407.96895945509925,
2024-07-25 13:00:00,255.30655377685252,,99.02063625802022,26.756163736174027,299.90753609072783,
2024-07-25 14:00:00,213.01778206378015,,76.7872241704412,25.855279989973127,307.2792289022683,
2024-07-25 15:00:00,293.6158155132494,,122.16007132127352,25.475552277406795,378.49831316720275,
2024-07-25 16:00:00,425.4517802330475,,178.57743530009063,27.130940431930743,210.53148169774227,
2024-07-25 17:00:00,418.44186604386255,,173.9829703881768,27.488360631241452,148.97290903895592,
2024-07-25 18:00:00,380.36238849824383,,141.2713363180625,27.925805866442214,5.200403750620191e-14,
2024-07-25 19:00:00,427.3210617443449,,173.5880661507822,28.370600460931996,0.0,
2024-07-25 20:00:00,448.05909432475113,,181.52342828561038,29.67702219348609,0.0,
2024-07-25 21:00:00,262.1525627129568,,87.35148972797025,31.24740337328976,0.0,
2024-07-25 22:00:00,36.57498345276712,,0.0,30.676393272156933,0.0,
2024-07-25 23:00:00,30.258778536268125,,0.0,31.426627840954453,0.0,
2024-07-26 00:00:00,37.674881141757226,,0.0,29.880841665008123,0.0,
2024-07-26 01:00:00,41.44219994666714,,0.0,30.531053961833926,0.0,
2024-07-26 02:00:00,33.07528590754052,,0.0,30.415489464276902,0.0,
2024-07-26 03:00:00,35.575592348597894,,0.0,30.86578409281404,0.0,
2024-07-26 04:00:00,31.6048088299024,,0.0,30.7391412986885,0.0,
2024-07-26 05:00:00,39.01264302931633,,0.0,29.777893534675442,0.0,
2024-07-26 06:00:00,236.03398867307615,,61.33231936457961,29.193851585096844,0.0,
2024-07-26 07:00:00,428.1977210240127,,165.4307673255767,28.205551847089453,122.2020637696181,
2024-07-26 08:00:00,424.15658480910173,,181.13155741722974,27.16838945867645,302.2431762901046,
2024-07-26 09:00:00,380.20880764591845,,156.07154636625827,25.61098940545262,363.06416268402035,
2024-07-26 10:00:00,357.5887871826186,,164.30550290485243,24.899639559417476,435.77797877159065,
2024-07-26 11:00:00,336.5674190878086,,154.02925266679006,24.013302440579913,537.0665118469285,
2024-07-26 12:00:00,369.49315536754375,,165.40520087096624,24.058294102492713,570.6212316890876,
2024-07-26 13:00:00,263.90687514569754,,109.36211432332895,23.89903403683424,528.4744170042798,
2024-07-26 14:00:00,173.43201204956682,,66.69891912663812,22.939004220828103,515.6680826387646,
2024-07-26 15:00:00,373.0673049840402,,159.10192328925805,23.819192544758057,377.46975866906394,
2024-07-26 16:00:00,374.26754430196627,,164.4595145033192,23.69493833584315,250.15225001663535,
2024-07-26 17:00:00,383.65559967515196,,151.7896782796692,24.154162007297447,150.5654082331777,
2024-07-26 18:00:00,391.02324775739544,,148.59253083186843,25.100960704938437,5.886324628188783e-14,
2024-07-26 19:00:00,442.8290963772166,,184.8563974840144,25.697530506187444,0.0,
2024-07-26 20:00:00,479.3054403822214,,192.02220854840198,27.466964972198436,0.0,
2024-07-26 21:00:00,265.6137391702065,,81.26403733491321,27.98549986205315,0.0,
2024-07-26 22:00:00,26.774013082399197,,0.0,29.321242441712585,0.0,
2024-07-26 23:00:00,38.31342122640849,,0.0,29.41676097131857,0.0,
2024-07-27 00:00:00,40.17401713107355,,0.0,30.106373765982433,0.0,
2024-07-27 01:00:00,35.64789308176125,,0.0,31.595559596097203,0.0,
2024-07-27 02:00:00,38.77600733004104,,0.0,29.96659764783857,0.0,
2024-07-27 03:00:00,32.66674710333591,,0.0,31.301108897400326,0.0,
2024-07-27 04:00:00,29.39461420539713,,0.0,31.13647881574719,0.0,
2024-07-27 05:00:00,39.233600424847886,,0.0,30.135910365962403,0.0,
2024-07-27 06:00:00,188.73734997427306,,59.36574646432491,28.862892648993228,0.0,
2024-07-27 07:00:00,381.44335017716776,,152.29654193765685,28.89744557740743,103.78937874113863,
2024-07-27 08:00:00,299.97035248856963,,123.25611602441538,27.11724720373374,205.68818808911692,
2024-07-27 09:00:00,298.2750570751371,,133.63363409920228,26.019368432964555,256.44933217519673,
2024-07-27 10:00:00,280.40152846888714,,132.15692622609603,25.333993711582906,398.2806673749887,
2024-07-27 11:00:00,345.12040559429516,,166.91077831482482,24.518157279966555,472.4878440953791,
2024-07-27 12:00:00,326.23173949255573,,163.42561428476648,23.77372740797341,464.9163734274351,
2024-07-27 13:00:00,172.4873026748689,,76.39829711886256,24.452391408721482,357.5946964091424,
2024-07-27 14:00:00,9.553127954890762,,0.0,23.391403707367846,388.5393382232804,
2024-07-27 15:00:00,34.86337432432741,,0.0,23.882563997206315,280.81276087480836,
2024-07-27 16:00:00,41.09839879269232,,0.0,23.5251530257338,148.64372716930566,
2024-07-27 17:00:00,46.66850031242288,,0.0,24.81865949040042,114.48383753616456,
2024-07-27 18:00:00,58.32820373245464,,0.0,24.95016486156737,4.926878416531636e-14,
2024-07-27 19:00:00,62.22032637836314,,0.0,25.7820183143573,0.0,
2024-07-27 20:00:00,56.80266056470896,,0.0,27.223483928630696,0.0,
2024-07-27 21:00:00,57.14157712519659,,0.0,28.71248067412803,0.0,
2024-07-27 22:00:00,35.71488632294388,,0.0,29.248334727548638,0.0,
2024-07-27 23:00:00,32.32865213309258,,0.0,30.007561810898032,0.0,
2024-07-28 00:00:00,16.925498955502352,,0.0,30.546995195224003,0.0,
2024-07-28 01:00:00,18.380276692917224,,0.0,30.793785131404448,0.0,
2024-07-28 02:00:00,26.207958913359768,,0.0,31.476435191215085,0.0,
2024-07-28 03:00:00,14.046298011992139,0.0,0.0,30.680016682819303,0.0,14.046298011992139
2024-07-28 04:00:00,13.997962123374169,0.0,0.0,31.029170862437358,0.0,13.997962123374169
2024-07-28 05:00:00,19.17655658055961,0.0,0.0,30.673712075587915,0.0,19.17655658055961
2024-07-28 06:00:00,13.19937437952045,0.0,0.0,28.91017148048008,0.0,13.19937437952045
2024-07-28 07:00:00,0.03439283147725014,13.193025611390805,0.0,28.139508782010186,115.969946687177,13.227418442868055
2024-07-28 08:00:00,0.0,24.896421745325217,0.0,27.308017118760667,207.07744545831918,24.896421745325217
2024-07-28 09:00:00,0.0,37.48551966462174,0.0,25.94151690123244,310.05984255316395,37.48551966462174
2024-07-28 10:00:00,0.0,59.64826927881929,0.0,25.59616350615104,515.6850590475576,59.64826927881929
2024-07-28 11:00:00,0.0,59.576706738385695,0.0,25.756716006424806,497.2285999744708,59.576706738385695
2024-07-28 12:00:00,0.0,51.93849914506192,0.0,24.02698818755476,421.863025334678,51.93849914506192
2024-07-28 13:00:00,0.0,54.35493711824299,0.0,24.862722534283204,443.6028386951917,54.35493711824299
2024-07-28 14:00:00,0.0,50.17977112232499,0.0,23.86414264299143,400.3584093917939,50.17977112232499
2024-07-28 15:00:00,0.0,36.41943202401348,0.0,25.257142298507606,287.1428207301794,36.41943202401348
2024-07-28 16:00:00,0.0,26.423016258426653,0.0,24.208869426064723,202.9959939152022,26.423016258426653
2024-07-28 17:00:00,0.0,20.615189422891376,0.0,25.034000162903972,140.0846978083056,20.615189422891376
2024-07-28 18:00:00,15.53346505566052,5.131547868070592e-15,0.0,25.37577333937177,5.297115085182169e-14,15.533465055660525
2024-07-28 19:00:00,16.166295453728623,0.0,0.0,26.331147827316233,0.0,16.166295453728623
2024-07-28 20:00:00,18.903503937981366,0.0,0.0,28.249954455397162,0.0,18.903503937981366
2024-07-28 21:00:00,17.220131306414878,0.0,0.0,28.72399987239628,0.0,17.220131306414878
2024-07-28 22:00:00,14.080422037517078,0.0,0.0,29.845273761556694,0.0,14.080422037517078
2024-07-28 23:00:00,14.666815672860066,0.0,0.0,29.397943955625866,0.0,14.666815672860066
2024-07-29 00:00:00,35.56324560435651,0.0,0.0,31.995408037313688,0.0,35.56324560435651
2024-07-29 01:00:00,31.033197284366494,0.0,0.0,31.53192363114069,0.0,31.033197284366494
2024-07-29 02:00:00,31.59050129226293,0.0,0.0,31.46824564097276,0.0,31.59050129226293
2024-07-29 03:00:00,31.09793293931937,0.0,0.0,32.1370283589277,0.0,31.09793293931937
2024-07-29 04:00:00,41.43696258529771,0.0,0.0,31.782262977440435,0.0,41.43696258529771
2024-07-29 05:00:00,34.04190939057346,0.0,0.0,31.13845152479168,0.0,34.04190939057346
2024-07-29 06:00:00,231.79256783692378,0.0,65.75501239775885,30.745684103803026,0.0,231.79256783692378
2024-07-29 07:00:00,458.159947213701,13.450298813309878,196.36019704898646,29.979554714164852,121.61166056598596,471.6102460270109
2024-07-29 08:00:00,427.66195422192743,29.983334366010798,172.38199597575095,29.37176956708604,265.74115068611934,457.64528858793824
2024-07-29 09:00:00,389.9218062581813,35.515106462700416,159.81909382885905,27.13586674047745,293.43239322149833,425.4369127208817
2024-07-29 10:00:00,396.6463553098987,48.09659480647337,167.27590122145637,27.637913020214306,403.2752942218967,444.74295011637207
2024-07-29 11:00:00,364.89254252523335,47.79051429782741,163.34144546129164,27.103186908184064,394.3399316265478,412.6830568230608
2024-07-29 12:00:00,318.13554492993643,59.27642128642897,145.9518004339669,25.422700976017637,487.7248654462365,377.4119662163654
2024-07-29 13:00:00,276.97510834157316,48.895958142533054,118.0564323278074,24.421918663940865,394.032970236372,325.8710664841062
2024-07-29 14:00:00,204.21574732694955,43.865117326354685,76.55155016918592,24.445155440954633,350.9753911181247,248.08086465330425
2024-07-29 15:00:00,374.30505312376977,44.097253009031554,162.0909928433334,25.0252388150106,345.7059261453291,418.4023061328013
2024-07-29 16:00:00,409.1998507663282,28.996499150861585,176.5480320771446,26.612886779397368,223.5059847860672,438.1963499171898
2024-07-29 17:00:00,470.3008582721848,10.529472458505499,198.84858413709233,26.170571163437867,80.48921156600215,480.8303307306903
2024-07-29 18:00:00,450.81649372374875,4.856321325897353e-15,185.40878926984809,26.578312839113284,4.247757387547846e-14,450.81649372374875
2024-07-29 19:00:00,414.67430179156327,0.0,159.92804177217099,27.38833711045172,0.0,414.67430179156327
2024-07-29 20:00:00,421.1378628020309,0.0,163.54870587497544,27.975543734986296,0.0,421.1378628020309
2024-07-29 21:00:00,257.3323232530251,0.0,81.9964089723182,29.98005957018821,0.0,257.3323232530251
2024-07-29 22:00:00,33.527511988820315,0.0,0.0,30.34087052512965,0.0,33.527511988820315
2024-07-29 23:00:00,35.038393973041224,0.0,0.0,32.161693386523325,0.0,35.038393973041224
2024-07-30 00:00:00,36.85396578058678,0.0,0.0,32.590150538435644,0.0,36.85396578058678
2024-07-30 01:00:00,32.09009993244276,0.0,0.0,33.04066547701725,0.0,32.09009993244276
2024-07-30 02:00:00,39.248676691763286,0.0,0.0,32.62390451160554,0.0,39.248676691763286
2024-07-30 03:00:00,34.6271628769655,0.0,0.0,32.08018214990187,0.0,34.6271628769655
2024-07-30 04:00:00,40.35763455696692,0.0,0.0,31.839255350057826,0.0,40.35763455696692
2024-07-30 05:00:00,27.8420460760677,0.0,0.0,31.035207189185254,0.0,27.8420460760677
2024-07-30 06:00:00,261.60157975514915,0.0,71.11349416519626,31.450154286885926,0.0,261.60157975514915
2024-07-30 07:00:00,449.088795010492,13.47008070497717,185.506946362198,29.95836599121276,121.55688373719367,462.5588757154692
2024-07-30 08:00:00,446.1082951246221,12.21105663204984,185.62015174213573,29.721207196772912,97.38918242213155,458.31935175667195
2024-07-30 09:00:00,427.7482884725705,30.415743385419464,176.56716442522372,28.407047470271838,248.18250890684882,458.16403185799
2024-07-30 10:00:00,389.4386801964567,37.35112567936726,170.81371911714982,27.348547749091658,302.951444342442,426.78980587582396
2024-07-30 11:00:00,346.9812926006225,53.76558807303846,148.53609786406383,26.18528177533969,444.9654871617425,400.74688067366094
2024-07-30 12:00:00,362.33941016065137,59.141140076439704,170.27520744997702,26.364684380212683,492.48429104277966,421.48055023709105
2024-07-30 13:00:00,249.97535794227588,31.92074145405705,92.74654627754555,25.754900026741744,253.8884252455475,281.89609939633294
2024-07-30 14:00:00,183.4553613567528,51.350834621235855,69.46618422141559,26.19604889095459,415.95804327243985,234.80619597798866
2024-07-30 15:00:00,382.062115163565,25.527448593244838,152.39620781787184,25.506511197027343,200.83843394905375,407.58956375680987
2024-07-30 16:00:00,425.591883615555,18.262257602201455,173.56046447783862,26.52192190047986,143.16295630594936,443.8541412177564
2024-07-30 17:00:00,444.52624001398783,12.125357625439193,186.83153631865488,27.590507400935234,91.94612780529563,456.651597639427
2024-07-30 18:00:00,433.8677108183158,4.849653808982998e-15,171.2230023471476,27.63123488430674,4.272481369568367e-14,433.8677108183158
2024-07-30 19:00:00,440.4978387864469,0.0,170.41956921537312,28.731735995488997,0.0,440.4978387864469
2024-07-30 20:00:00,441.6257939782481,0.0,180.06494379768236,29.53090205006567,0.0,441.6257939782481
2024-07-30 21:00:00,330.20918456815474,0.0,116.52631307285678,31.099869327094464,0.0,330.20918456815474
2024-07-30 22:00:00,27.56995785001449,0.0,0.0,31.180737137823794,0.0,27.56995785001449
2024-07-30 23:00:00,39.29842445097082,0.0,0.0,32.06981008699755,0.0,39.29842445097082
2024-07-31 00:00:00,31.22084342344727,0.0,0.0,32.94415757908635,0.0,31.22084342344727
2024-07-31 01:00:00,29.78061462075121,0.0,0.0,32.924752804269154,0.0,29.78061462075121
2024-07-31 02:00:00,31.939445978803896,0.0,0.0,32.82711883725821,0.0,31.939445978803896
2024-07-31 03:00:00,32.07110974651071,0.0,0.0,33.94540910492887,0.0,32.07110974651071
2024-07-31 04:00:00,32.1961088678217,0.0,0.0,32.45811590767306,0.0,32.1961088678217
2024-07-31 05:00:00,39.325282700434784,0.0,0.0,32.77901266414343,0.0,39.325282700434784
2024-07-31 06:00:00,237.5195772488829,0.0,65.29192491199136,31.889214995290676,0.0,237.5195772488829
2024-07-31 07:00:00,450.8240970576318,12.374635370479131,173.59686314381736,31.295966010405486,107.44892940390608,463.19873242811093
2024-07-31 08:00:00,442.6046112157154,25.313944258086426,189.93533755380693,29.673850668807187,212.6006950309334,467.91855547380186
2024-07-31 09:00:00,407.64624041002486,32.946070150469914,176.0432661305895,28.62997506499837,272.09397278869784,440.59231056049475
2024-07-31 10:00:00,308.79094446248365,45.562032831153076,131.96077486071516,28.370392599148676,380.7764477419625,354.35297729363674
2024-07-31 11:00:00,355.918505778137,55.470495736387605,153.1922939899042,27.310162109342123,466.0809212711162,411.3890015145246
2024-07-31 12:00:00,389.01782912893464,51.11115228233206,177.3921946574322,26.28460359855012,416.8268810036238,440.1289814112667
2024-07-31 13:00:00,219.34316492159297,47.74829282911128,95.03829070924799,27.51972905925723,386.69906506085874,267.09145775070425
2024-07-31 14:00:00,219.59421950682858,45.44839698856944,75.50634086396383,26.035502597117524,365.6229326374685,265.042616495398
2024-07-31 15:00:00,420.1341490551566,38.817245776527756,195.6557462250688,26.05364993209455,307.0384700259017,458.9513948316844
2024-07-31 16:00:00,375.76683806032673,19.288808359757528,155.26095475961637,26.77904988276357,151.25942193028192,395.05564642008426
2024-07-31 17:00:00,365.5562025619127,16.914945083257674,147.96370593812398,28.08276223052484,121.60903451462957,382.4711476451704
2024-07-31 18:00:00,409.88464427343814,5.0890587165171146e-15,159.04049123579014,27.09783915853699,4.904796613732323e-14,409.88464427343814
2024-07-31 19:00:00,414.73094265472514,0.0,158.08786534417612,29.610281829527697,0.0,414.73094265472514
2024-07-31 20:00:00,457.1717791836709,0.0,190.34545674999322,29.475469929370647,0.0,457.1717791836709
2024-07-31 21:00:00,252.30265876933666,0.0,88.75018925901941,30.969335958011747,0.0,252.30265876933666
2024-07-31 22:00:00,33.953958305605404,0.0,0.0,31.343203199236896,0.0,33.953958305605404
2024-07-31 23:00:00,33.08307939934163,0.0,0.0,33.40203884125271,0.0,33.08307939934163
2024-08-01 00:00:00,34.35475952733134,0.0,0.0,32.84736451530276,0.0,34.35475952733134
2024-08-01 01:00:00,33.23236830257572,0.0,0.0,32.78066017557716,0.0,33.23236830257572
2024-08-01 02:00:00,39.503727796613695,0.0,0.0,33.1034198978172,0.0,39.503727796613695
2024-08-01 03:00:00,35.00284407842638,0.0,0.0,33.17952448819862,0.0,35.00284407842638
2024-08-01 04:00:00,38.535145832483586,0.0,0.0,32.87389277586268,0.0,38.535145832483586
2024-08-01 05:00:00,38.05092647944901,0.0,0.0,32.448220534649614,0.0,38.05092647944901
2024-08-01 06:00:00,246.0228070515378,0.0,70.90003935481401,31.503263254894883,0.0,246.0228070515378
2024-08-01 07:00:00,483.59722707663593,11.951892652324101,187.89932601572863,29.971251008290505,101.45008663212668,495.54911972896
2024-08-01 08:00:00,443.44635271588095,13.393749838745912,178.51713709416683,29.58383172328521,106.86071311131067,456.84010255462687
2024-08-01 09:00:00,420.7850530589777,19.94333350685604,172.20151197230214,29.15142808829765,159.55086703920736,440.7283865658338
2024-08-01 10:00:00,375.4228146024117,40.61339451773497,162.32351540273146,27.66902415554654,333.14143399087334,416.0362091201466
2024-08-01 11:00:00,440.6348418922871,24.167139759074328,195.50811442571668,27.615482464432315,192.54772667006787,464.8019816513614
2024-08-01 12:00:00,375.55312728656594,38.86069323189109,160.9532816368725,26.73873571196941,313.51040338484063,414.41382051845704
2024-08-01 13:00:00,291.5063040033336,43.086974599952406,108.38801474297797,26.26435508834106,347.5265735944509,334.59327860328597
2024-08-01 14:00:00,195.71499569624802,40.89566370667383,64.9523476730037,26.851037505005838,328.27352838889345,236.61065940292184
2024-08-01 15:00:00,322.60467303547165,30.202724277070107,134.61189912936217,25.504159444532164,238.0803295543824,352.80739731254175
2024-08-01 16:00:00,382.08025416129533,20.452184645052085,160.5508952714174,26.38521619635818,159.8347478018912,402.5324388063474
2024-08-01 17:00:00,415.1741559342689,14.377458823444533,162.42131681090328,27.895306179422516,106.54399654354351,429.5516147577135
2024-08-01 18:00:00,412.898874772309,4.943795646631319e-15,162.63398003199237,28.918990140312808,4.520693729015317e-14,412.898874772309
2024-08-01 19:00:00,390.3425632222698,0.0,154.10488364673944,29.99109514321307,0.0,390.3425632222698
2024-08-01 20:00:00,445.6019755054862,0.0,175.32521080602513,29.779143323905192,0.0,445.6019755054862
2024-08-01 21:00:00,318.21333829434906,0.0,106.29718587519618,30.888780906402637,0.0,318.21333829434906
2024-08-01 22:00:00,35.09420567646385,0.0,0.0,31.912679472353876,0.0,35.09420567646385
2024-08-01 23:00:00,34.77287555108576,0.0,0.0,32.8663769289681,0.0,34.77287555108576
2024-08-02 00:00:00,28.670836233272606,0.0,0.0,31.688563331664607,0.0,28.670836233272606
2024-08-02 01:00:00,40.98229686620303,0.0,0.0,32.34474330481646,0.0,40.98229686620303
2024-08-02 02:00:00,31.466786216085953,0.0,0.0,32.23081535130395,0.0,31.466786216085953
2024-08-02 03:00:00,38.80568953137782,0.0,0.0,32.14278081404762,0.0,38.80568953137782
2024-08-02 04:00:00,41.74108253835432,,0.0,31.07283274587719,0.0,
2024-08-02 05:00:00,29.923082648326442,,0.0,30.811195325546493,0.0,
2024-08-02 06:00:00,230.07818044036463,,63.981595197201045,29.989543852042782,0.0,
2024-08-02 07:00:00,408.11687137385377,,159.81544394806423,28.812347382151252,134.11888100708114,
2024-08-02 08:00:00,372.13178183452834,,147.66364366675538,27.675125838976232,213.9146609511688,
2024-08-02 09:00:00,400.360551308083,,169.19697851985904,27.383248043926795,353.4337825523134,
2024-08-02 10:00:00,405.49374920914255,,187.735670020764,26.61898728786356,405.30090720009076,
2024-08-02 11:00:00,414.9322932035885,,187.74718268212263,26.078573254942697,488.53414719896006,
2024-08-02 12:00:00,344.50273088274855,,155.1140394914274,25.747708458256223,348.8934979733043,
2024-08-02 13:00:00,278.55000899615163,,118.71279849356829,25.214249180872866,424.998281737693,
2024-08-02 14:00:00,181.40862262337512,,63.60966875412225,24.872472862316403,386.81016973226133,
2024-08-02 15:00:00,344.10759689669567,,148.23699497525007,24.662624901181516,352.4627766228674,
2024-08-02 16:00:00,351.0229661524083,,142.52953587480326,25.908374086586765,201.649790835705,
2024-08-02 17:00:00,365.43674575065234,,147.2415817424582,25.975143608284075,67.56887983158197,
2024-08-02 18:00:00,433.9948022362294,,170.50687197151868,26.534033553578237,4.517130057801531e-14,
2024-08-02 19:00:00,414.2634216522771,,160.75184194133374,27.501834652016232,0.0,
2024-08-02 20:00:00,401.0389800042403,,154.5718700966342,28.134556277404336,0.0,
2024-08-02 21:00:00,289.2065725533689,,90.6107889028378,29.14145814723496,0.0,
2024-08-02 22:00:00,33.512188329806584,,0.0,29.969699294436598,0.0,
2024-08-02 23:00:00,34.9511526688942,,0.0,30.83213347623437,0.0,
2024-08-03 00:00:00,33.4922628909189,,0.0,33.08359276016218,0.0,
2024-08-03 01:00:00,35.94045518368735,,0.0,33.308922794789645,0.0,
2024-08-03 02:00:00,30.074690379266066,,0.0,33.997995072147994,0.0,
2024-08-03 03:00:00,36.72262304332748,,0.0,33.71123130657534,0.0,
2024-08-03 04:00:00,39.44559823398969,,0.0,33.73392616837043,0.0,
2024-08-03 05:00:00,40.629655252294654,,0.0,32.47907934249593,0.0,
2024-08-03 06:00:00,171.35923924033523,,50.00688106760966,31.746178979694367,0.0,
2024-08-03 07:00:00,310.52651046418754,,127.7695900151153,30.386785137547854,105.84221916344224,
2024-08-03 08:00:00,354.3502334295864,,154.4908962477403,30.13763381725535,227.00806085948741,
2024-08-03 09:00:00,366.9958668972211,,165.54179462951174,28.490701245627232,354.5773947079094,
2024-08-03 10:00:00,353.6670625019396,,166.40887278421695,27.23939860631681,384.2208870526715,
2024-08-03 11:00:00,314.1610141033999,,149.88639416792603,28.012914330478562,407.71239910669317,
2024-08-03 12:00:00,269.5298304664463,,133.34582863450112,26.068946657945727,412.98990236835715,
2024-08-03 13:00:00,170.83397861645636,,78.53034950732588,26.56331187129366,471.83139734945024,
2024-08-03 14:00:00,11.691894347770976,,0.0,25.78446068209092,377.1562953408074,
2024-08-03 15:00:00,18.679642116464777,,0.0,26.90721978789178,302.80371087844446,
2024-08-03 16:00:00,42.65097512017396,,0.0,27.32501244814741,180.58700455947772,
2024-08-03 17:00:00,47.23403080123215,,0.0,27.51434153806628,121.2865868074924,
2024-08-03 18:00:00,60.70869094598579,,0.0,28.5978087232457,5.497950418161514e-14,
2024-08-03 19:00:00,53.93269272603523,,0.0,28.82242824856434,0.0,
2024-08-03 20:00:00,54.95970129827382,,0.0,30.841713708920626,0.0,
2024-08-03 21:00:00,59.787800627065685,,0.0,31.003575643112878,0.0,
2024-08-03 22:00:00,35.33162840999535,,0.0,31.024350588695754,0.0,
2024-08-03 23:00:00,35.21013900827968,,0.0,32.23430345703258,0.0,
2024-08-04 00:00:00,15.018019869780598,,0.0,30.64963836336637,0.0,
2024-08-04 01:00:00,13.223343797386189,,0.0,30.950328826021277,0.0,
2024-08-04 02:00:00,17.551819148960607,,0.0,30.366230849278764,0.0,
2024-08-04 03:00:00,13.340930359335005,,0.0,31.268973127461837,0.0,
2024-08-04 04:00:00,17.347205868033683,,0.0,30.03301288700363,0.0,
2024-08-04 05:00:00,11.272087750581544,,0.0,28.90697055712009,0.0,
2024-08-04 06:00:00,10.055920163446004,,0.0,29.272793642666716,0.0,
2024-08-04 07:00:00,7.377670888185287,,0.0,28.222720294391074,108.59042401070782,
2024-08-04 08:00:00,0.0,,0.0,27.264031956910593,183.35025205763046,
2024-08-04 09:00:00,0.0,,0.0,25.237385830186785,392.59328833889685,
2024-08-04 10:00:00,0.0,,0.0,25.519379025251844,395.67001421275165,
2024-08-04 11:00:00,0.0,,0.0,25.1331057964891,414.69256045736563,
2024-08-04 12:00:00,0.0,,0.0,24.346634579934786,409.8035049411893,
2024-08-04 13:00:00,0.0,,0.0,24.507731909343295,507.19472899619217,
2024-08-04 14:00:00,0.0,,0.0,24.89113078746615,517.3885816230041,
2024-08-04 15:00:00,0.0,,0.0,24.572243791344217,326.89707307542,
2024-08-04 16:00:00,0.0,,0.0,25.176908697033824,238.27653560271918,
2024-08-04 17:00:00,0.0,,0.0,25.774490073899678,148.66045918816562,
2024-08-04 18:00:00,19.571059974735245,,0.0,25.435370079695012,4.35168460229611e-14,
2024-08-04 19:00:00,12.41079945841167,,0.0,27.008491151712644,0.0,
2024-08-04 20:00:00,16.203109197183046,,0.0,28.1923791399111,0.0,
2024-08-04 21:00:00,17.8914245462652,,0.0,28.382686882062952,0.0,
2024-08-04 22:00:00,21.76166294316856,,0.0,29.049487138213223,0.0,
2024-08-04 23:00:00,20.950214035818174,,0.0,30.434877426989505,0.0,
2024-08-05 00:00:00,38.20365451512947,,0.0,28.60523525999734,0.0,
2024-08-05 01:00:00,37.66587948046755,,0.0,29.151698883124233,0.0,
2024-08-05 02:00:00,31.508488540566262,,0.0,29.481582608853927,0.0,
2024-08-05 03:00:00,35.58040650105905,,0.0,29.920958281222735,0.0,
2024-08-05 04:00:00,34.50101529377503,,0.0,29.45550595666901,0.0,
2024-08-05 05:00:00,37.43404462432704,,0.0,29.306019956574623,0.0,
2024-08-05 06:00:00,231.6783549552575,,68.07066103569632,27.604025755463933,0.0,
2024-08-05 07:00:00,394.95798802359843,,148.7626590232034,26.73309095487071,100.53735004072927,
2024-08-05 08:00:00,423.9461353096151,,178.2273165018587,26.576916767020474,176.64777609623084,
2024-08-05 09:00:00,411.8948204566628,,190.25836490954478,25.0097606727333,445.37669710983636,
2024-08-05 10:00:00,443.16324533309637,,201.34405198431304,24.26320882489843,372.0314234020437,
2024-08-05 11:00:00,376.7775355603225,,171.78628264413442,22.911704628866854,452.02477793213484,
2024-08-05 12:00:00,306.27799149013936,,133.64823743676598,23.429294870106897,448.17686171143674,
2024-08-05 13:00:00,250.31740949296199,,103.72219858434624,23.704865626541988,502.3432277350578,
2024-08-05 14:00:00,158.07542358989352,,70.89693323785876,22.30031632449545,530.9959823606825,
2024-08-05 15:00:00,364.3105570475662,,161.11943103944066,23.44507219649396,369.45218065145747,
2024-08-05 16:00:00,397.8050960193991,,168.54946804465186,23.25417257890513,181.50678067057044,
2024-08-05 17:00:00,389.119808570687,,157.0234656449433,22.957379729287712,96.59539116356584,
2024-08-05 18:00:00,403.78071815239093,,162.7940224698095,24.117597354831577,5.4874952223593696e-14,
2024-08-05 19:00:00,431.6960416628801,,181.78853525765834,24.930860458384934,0.0,
2024-08-05 20:00:00,451.06993896254926,,187.918891713327,26.156696890075327,0.0,
2024-08-05 21:00:00,262.800845268363,,86.4199816728509,27.430584584727818,0.0,
2024-08-05 22:00:00,34.84540574818437,,0.0,28.989422201266358,0.0,
2024-08-05 23:00:00,35.33084350145016,,0.0,28.074261619339314,0.0,
2024-08-06 00:00:00,35.456401237489665,,0.0,30.483342928732934,0.0,
2024-08-06 01:00:00,31.65553357123815,,0.0,30.627392679503775,0.0,
2024-08-06 02:00:00,32.867297733180024,,0.0,30.560652983202743,0.0,
2024-08-06 03:00:00,34.63953370401334,,0.0,31.123106949263914,0.0,
2024-08-06 04:00:00,32.23571388426379,,0.0,30.726471622786352,0.0,
2024-08-06 05:00:00,34.17320212436557,,0.0,29.262615274558872,0.0,
2024-08-06 06:00:00,235.44493742335735,,62.62527226275333,29.453717977920125,0.0,
2024-08-06 07:00:00,370.481980213372,,138.79050088458112,27.997811375350647,108.93259335132147,
2024-08-06 08:00:00,461.77683198995925,,195.33235027050043,27.70055657351488,203.73791571958213,
2024-08-06 09:00:00,414.2425911181785,,179.3678620715705,27.423524302691614,295.68417145427446,
2024-08-06 10:00:00,299.494997001142,,131.98344390133354,26.17617669448536,446.04495760861244,
2024-08-06 11:00:00,373.7682879012001,,163.9351764194189,25.30852752699802,370.1324441617803,
2024-08-06 12:00:00,346.6773844840909,,160.3229253095222,24.399170922000163,574.7344280607865,
2024-08-06 13:00:00,234.38802931156533,,91.51620445244465,24.347336147358043,330.50905107051614,
2024-08-06 14:00:00,191.93004287069832,,72.83943029244024,24.47626982507113,489.86326934036975,
2024-08-06 15:00:00,412.95458494191087,,181.72088290081666,24.54598549333986,258.53087718911763,
2024-08-06 16:00:00,394.7012879318787,,169.445951559748,24.613944418795082,221.39783720259453,
2024-08-06 17:00:00,393.3470045877598,,154.41273471492352,25.328457141763934,104.98160531952051,
2024-08-06 18:00:00,106.88489359935654,,0.0,25.28636180392635,5.103706975668736e-14,
2024-08-06 19:00:00,125.63168701980516,,0.0,26.4216076686997,0.0,
2024-08-06 20:00:00,433.18155008449804,0.0,157.45725010290627,28.048422590220383,0.0,433.18155008449804
2024-08-06 21:00:00,301.5987769358202,0.0,98.94236760424094,29.02152584749332,0.0,301.5987769358202
2024-08-06 22:00:00,33.81052741099516,0.0,0.0,29.491442009367073,0.0,33.81052741099516
2024-08-06 23:00:00,31.538263803831022,0.0,0.0,30.908999315282884,0.0,31.538263803831022
2024-08-07 00:00:00,32.28865801128828,0.0,0.0,30.817586004344676,0.0,32.28865801128828
2024-08-07 01:00:00,25.521878252322946,0.0,0.0,30.79666401594866,0.0,25.521878252322946
2024-08-07 02:00:00,43.73205918389695,0.0,0.0,30.422611006348177,0.0,43.73205918389695
2024-08-07 03:00:00,30.891928844449996,0.0,0.0,31.632594399894653,0.0,30.891928844449996
2024-08-07 04:00:00,33.7724436922788,0.0,0.0,30.94873502469128,0.0,33.7724436922788
2024-08-07 05:00:00,29.83437552253286,0.0,0.0,30.90651682848663,0.0,29.83437552253286
2024-08-07 06:00:00,242.7816310698346,0.0,69.68333523481195,30.365911110620413,0.0,242.7816310698346
2024-08-07 07:00:00,369.3490898673803,14.83284783897911,139.69678035664558,27.7948838873359,141.73513754326387,384.1819377063594
2024-08-07 08:00:00,392.6145056783238,29.931482334426956,152.48995931094083,26.890320510804862,258.8349255832786,422.54598801275074
2024-08-07 09:00:00,393.6449279992942,33.91922567250746,164.444066146491,25.1950207687251,274.30837210324677,427.5641536718017
2024-08-07 10:00:00,419.7202525939332,35.140938437781095,190.8281908041907,26.241668451383333,282.5340925789718,454.86119103171427
2024-08-07 11:00:00,387.1786069101225,54.91038538662527,178.94800357511966,25.38585499245934,451.4270897482911,442.08899229674773
2024-08-07 12:00:00,387.33345879153507,32.35958246613909,164.94086357786605,24.550287969685844,256.28006290115377,419.69304125767417
2024-08-07 13:00:00,241.20776910342184,61.649985183329505,102.98285620043778,23.53868037533502,499.16759653381297,302.85775428675134
2024-08-07 14:00:00,180.62698479138032,45.43534665559226,65.33007447307952,23.987970538306072,360.4154924028531,226.0623314469726
2024-08-07 15:00:00,409.8315250402233,51.815903195480495,182.77419226851399,24.24409973836057,404.17052239385345,461.6474282357038
2024-08-07 16:00:00,418.2567059661776,19.37897548254797,172.15692699801087,24.892761303062503,150.57761650655615,437.63568144872556
2024-08-07 17:00:00,437.54183495673936,18.621478831825755,186.10020403232394,25.194107105948184,129.97471166135725,456.1633137885651
2024-08-07 18:00:00,379.7964214582672,5.123700787562421e-15,142.63691174032115,26.11438803036404,5.201882467492401e-14,379.7964214582672
2024-08-07 19:00:00,381.0280417574225,0.0,151.6978560884964,26.56455529005261,0.0,381.0280417574225
2024-08-07 20:00:00,435.52605331372564,0.0,169.53042705448485,28.123228329831083,0.0,435.52605331372564
2024-08-07 21:00:00,299.6141771404617,0.0,103.88576076782158,28.754219079449,0.0,299.6141771404617
2024-08-07 22:00:00,38.530315679268526,0.0,0.0,28.689020847518044,0.0,38.530315679268526
2024-08-07 23:00:00,34.198713301110324,0.0,0.0,30.701971300849493,0.0,34.198713301110324
2024-08-08 00:00:00,24.700318058974236,0.0,0.0,31.38549018844409,0.0,24.700318058974236
2024-08-08 01:00:00,36.15438213153658,0.0,0.0,31.355093274379197,0.0,36.15438213153658
2024-08-08 02:00:00,34.90032326286784,0.0,0.0,31.38197436633472,0.0,34.90032326286784
2024-08-08 03:00:00,35.398419829456955,0.0,0.0,31.95166169029189,0.0,35.398419829456955
2024-08-08 04:00:00,29.696521150801118,0.0,0.0,29.956047993950488,0.0,29.696521150801118
2024-08-08 05:00:00,32.059920513861925,0.0,0.0,30.83710151002373,0.0,32.059920513861925
2024-08-08 06:00:00,272.71721896123853,0.0,81.84223377003327,29.25351216455381,0.0,272.71721896123853
2024-08-08 07:00:00,379.6999080496345,12.875151395884295,135.1721805112044,29.195070894905,111.81259225040928,392.5750594455188
2024-08-08 08:00:00,393.7908237756787,25.224071906665493,164.45425833599705,27.80180343742551,208.5889130658105,419.01489568234416
2024-08-08 09:00:00,376.18962093870056,32.1654718234281,163.71428717878186,26.214285844278045,260.7691123800761,408.35509276212866
2024-08-08 10:00:00,396.5276428498035,46.7341201554593,168.92433710493665,25.74335560882314,383.05719432632327,443.2617630052628
2024-08-08 11:00:00,414.6407909688526,46.37157951520091,193.59880025126043,25.777606316271054,377.6088318771442,461.0123704840535
2024-08-08 12:00:00,391.3133060551057,45.534180547199014,179.45854763658474,24.605422659935513,364.04499697885046,436.84748660230474
2024-08-08 13:00:00,207.53558337650415,53.170248713821444,83.12025821682961,24.050132414470195,429.8385100867227,260.7058320903256
2024-08-08 14:00:00,219.8938379227603,41.604431097749654,76.1228123520274,23.927529484943477,330.0971240254885,261.49826902050995
2024-08-08 15:00:00,438.53914208881395,29.790527394674687,189.84673990277878,24.681998832946146,234.3576477870685,468.32966948348866
2024-08-08 16:00:00,401.8961288204296,28.484088152277195,169.34073035878137,25.58584411566543,218.84602103274472,430.3802169727068
2024-08-08 17:00:00,363.01522453978123,13.561887260392334,138.30687341001027,24.19630009436993,100.2256816111937,376.57711180017355
2024-08-08 18:00:00,414.95018576319177,5.093296938458774e-15,162.498286901715,27.39195773751263,5.256947849950943e-14,414.95018576319177
2024-08-08 19:00:00,419.3821834514503,0.0,172.73401180051593,26.93762197047023,0.0,419.3821834514503
2024-08-08 20:00:00,455.89732087642244,0.0,181.44309172116826,28.0317275814904,0.0,455.89732087642244
2024-08-08 21:00:00,269.2684583640596,0.0,81.47256686663596,28.429351298126107,0.0,269.2684583640596
2024-08-08 22:00:00,36.783469975170156,0.0,0.0,29.489857951412574,0.0,36.783469975170156
2024-08-08 23:00:00,34.223945076837225,0.0,0.0,30.312745754059456,0.0,34.223945076837225
2024-08-09 00:00:00,41.09859108666138,0.0,0.0,29.85529124198675,0.0,41.09859108666138
2024-08-09 01:00:00,32.599689527184985,0.0,0.0,30.326649997792707,0.0,32.599689527184985
2024-08-09 02:00:00,30.883843301895578,0.0,0.0,31.44103409535536,0.0,30.883843301895578
2024-08-09 03:00:00,39.72635934272104,0.0,0.0,29.95331729424186,0.0,39.72635934272104
2024-08-09 04:00:00,27.667843974980446,0.0,0.0,30.60035878981204,0.0,27.667843974980446
2024-08-09 05:00:00,33.194476011840656,0.0,0.0,29.638365604378055,0.0,33.194476011840656
2024-08-09 06:00:00,235.7769284760645,0.0,60.92390998539341,28.618396750171947,0.0,235.7769284760645
2024-08-09 07:00:00,453.3527945798243,15.124013438585527,183.1172707887827,29.240582908753257,149.22202219147707,468.4768080184098
2024-08-09 08:00:00,446.70766354121895,20.819902032709674,189.77912366617966,26.871499044279016,167.93575508191014,467.5275655739286
2024-08-09 09:00:00,399.0694756480051,40.921061053441456,172.10370263894183,25.877832667183675,340.49408044132866,439.99053670144656
2024-08-09 10:00:00,407.41648959753246,60.37440275889818,183.9504515247345,25.505263973149464,519.2268930248006,467.7908923564306
2024-08-09 11:00:00,387.62926067996216,52.569132421984655,172.5121409716043,24.48959727370577,429.2674364383605,440.1983931019468
2024-08-09 12:00:00,404.8656698686556,51.97728451930962,180.89089850888027,24.320851740161473,422.08495396390794,456.84295438796516
2024-08-09 13:00:00,245.4312146649622,42.8525743640823,100.43671052381137,24.04570958122369,341.35833155051955,288.2837890290445
2024-08-09 14:00:00,166.8279703092681,56.67447797791789,69.16766038524024,23.966079357727196,454.1501021982742,223.50244828718598
2024-08-09 15:00:00,351.01221071187746,34.81891134176664,144.84065320917853,23.906064509276213,271.2599930464834,385.8311220536441
2024-08-09 16:00:00,419.6436430571382,28.565618918588655,176.91526488854745,23.966580560118086,217.47192243131065,448.20926197572686
2024-08-09 17:00:00,351.4659932371502,11.974551014738699,144.3361780098937,25.195578112096484,90.15369312834277,363.4405442518889
2024-08-09 18:00:00,438.81796803629067,4.112851582401038e-15,176.8967650886797,25.542903941657663,6.863818144628481e-14,438.81796803629067
2024-08-09 19:00:00,408.70529023128256,0.0,157.75677988980297,26.19507501102342,0.0,408.70529023128256
2024-08-09 20:00:00,449.08654451402947,0.0,171.1048070154044,28.088747174458494,0.0,449.08654451402947
2024-08-09 21:00:00,275.9469909384167,0.0,89.56731246599082,28.19396100257283,0.0,275.9469909384167
2024-08-09 22:00:00,35.39504167113801,0.0,0.0,29.64474362565803,0.0,35.39504167113801
2024-08-09 23:00:00,32.626965721280826,0.0,0.0,30.437043282617346,0.0,32.626965721280826
2024-08-10 00:00:00,35.8898605498409,0.0,0.0,31.62159383786278,0.0,35.8898605498409
2024-08-10 01:00:00,29.78810303176528,0.0,0.0,31.672987802971633,0.0,29.78810303176528
2024-08-10 02:00:00,38.11775238347071,0.0,0.0,31.446351758466463,0.0,38.11775238347071
2024-08-10 03:00:00,,0.0,0.0,31.29538805359057,0.0,
2024-08-10 04:00:00,,0.0,0.0,30.855697360908238,0.0,
2024-08-10 05:00:00,,0.0,0.0,29.338094406050697,0.0,
2024-08-10 06:00:00,,0.0,0.0,30.056071909778275,0.0,
2024-08-10 07:00:00,,14.14032564313859,0.0,28.97476794795571,129.49104912668622,
2024-08-10 08:00:00,,25.247668435112903,0.0,28.359430640008657,209.1544316669196,
2024-08-10 09:00:00,,40.380182105630716,0.0,26.98230107330954,338.16331509328535,
2024-08-10 10:00:00,,61.86477431420391,0.0,26.529081087881107,536.3042099261863,
2024-08-10 11:00:00,,52.73843824334221,0.0,24.783041241320706,431.5731048223904,
2024-08-10 12:00:00,,61.05853185998018,0.0,24.330946789028022,502.49893471738295,
2024-08-10 13:00:00,,42.87934036263229,0.0,23.327822315031916,342.2296725018294,
2024-08-10 14:00:00,,63.45211322009623,0.0,24.379493908988533,509.9247321633979,
2024-08-10 15:00:00,,39.43940449973303,0.0,24.179665321003306,309.01598265339425,
2024-08-10 16:00:00,,37.01680661456631,0.0,24.4638886560736,276.5614274255915,
2024-08-10 17:00:00,,16.787548930624077,0.0,25.639120961734083,120.07148539627542,
2024-08-10 18:00:00,,4.5912292647704884e-15,0.0,25.98391490980553,6.365252727719938e-14,
2024-08-10 19:00:00,,0.0,0.0,26.32425634564369,0.0,
2024-08-10 20:00:00,,0.0,0.0,29.219051893280394,0.0,
2024-08-10 21:00:00,,0.0,0.0,28.83402985451913,0.0,
2024-08-10 22:00:00,,0.0,0.0,29.155086980436497,0.0,
2024-08-10 23:00:00,,0.0,0.0,30.086624510590735,0.0,
2024-08-11 00:00:00,,0.0,0.0,32.18853808565323,0.0,
2024-08-11 01:00:00,,0.0,0.0,32.537138067795425,0.0,
2024-08-11 02:00:00,,0.0,0.0,33.39510279343523,0.0,
2024-08-11 03:00:00,,0.0,0.0,32.58504607010792,0.0,
2024-08-11 04:00:00,,0.0,0.0,33.20271365609196,0.0,
2024-08-11 05:00:00,,0.0,0.0,31.502682919059158,0.0,
2024-08-11 06:00:00,,0.0,0.0,31.20723867704224,0.0,
2024-08-11 07:00:00,,13.337084807123047,0.0,30.660877411935033,118.35255441206232,
2024-08-11 08:00:00,,28.72553466766578,0.0,29.841596809268133,247.07435015970913,
2024-08-11 09:00:00,,42.216334417977606,0.0,28.994090107767878,359.5745221821642,
2024-08-11 10:00:00,,47.30910938330943,0.0,27.35801478647223,390.9998087908096,
2024-08-11 11:00:00,,57.05563172830649,0.0,26.76640229262192,471.8984008847846,
2024-08-11 12:00:00,,51.87809951533921,0.0,24.97322046038492,421.9088782570669,
2024-08-11 13:00:00,,78.46694538510049,0.0,25.765275245600275,653.5517280597599,
2024-08-11 14:00:00,,62.22093352813138,0.0,26.289647745877286,501.27615316898135,
2024-08-11 15:00:00,,46.78236124504787,0.0,26.3116985048285,367.0492149163356,
2024-08-11 16:00:00,,39.26812653901452,0.0,26.169688183161718,293.7057041266548,
2024-08-11 17:00:00,,11.833330927362729,0.0,27.618716644224357,90.04512253122977,
2024-08-11 18:00:00,,4.463370080525186e-15,0.0,27.30201801473989,3.722279235717968e-14,
2024-08-11 19:00:00,,0.0,0.0,27.980084087043522,0.0,
2024-08-11 20:00:00,,0.0,0.0,29.00993978929911,0.0,
2024-08-11 21:00:00,,0.0,0.0,29.58865480235306,0.0,
2024-08-11 22:00:00,,0.0,0.0,31.30521817276406,0.0,
2024-08-11 23:00:00,,0.0,0.0,31.863135296869515,0.0,
2024-08-12 00:00:00,,0.0,0.0,33.89438715962714,0.0,
2024-08-12 01:00:00,,0.0,0.0,33.73186333924122,0.0,
2024-08-12 02:00:00,,0.0,0.0,34.02927203352546,0.0,
2024-08-12 03:00:00,,0.0,0.0,32.84983955350237,0.0,
2024-08-12 04:00:00,,0.0,0.0,33.777510212096146,0.0,
2024-08-12 05:00:00,,0.0,0.0,33.08260298487783,0.0,
2024-08-12 06:00:00,,0.0,0.0,31.758044692448355,0.0,
2024-08-12 07:00:00,,15.28118301116161,0.0,31.41184641501061,153.068364961656,
2024-08-12 08:00:00,,23.86343352881929,0.0,30.429383872160003,198.25168047554078,
2024-08-12 09:00:00,,42.395430394550026,0.0,30.53459783284001,362.76541967726274,
2024-08-12 10:00:00,,47.21385620401071,0.0,28.277745039131187,391.47647297611496,
2024-08-12 11:00:00,,50.50355625077321,0.0,28.249147878475522,416.95586465948634,
2024-08-12 12:00:00,,60.622410360549424,0.0,26.981835433610367,504.62886450646414,
2024-08-12 13:00:00,,51.490518233418,0.0,26.898631409148216,419.0531207244382,
2024-08-12 14:00:00,,27.63360425163816,0.0,27.1967180000412,220.1986788400223,
2024-08-12 15:00:00,,20.013361170981867,0.0,27.071886635751795,158.24690642490253,
2024-08-12 16:00:00,,36.78083902273922,0.0,27.52422418184277,276.6384914062591,
2024-08-12 17:00:00,,20.678767117394656,0.0,28.249795843158157,142.3692499099745,
2024-08-12 18:00:00,,3.5030475531420654e-15,0.0,28.56146373759581,7.348013185894362e-14,
2024-08-12 19:00:00,,0.0,0.0,30.094515132743986,0.0,
2024-08-12 20:00:00,,0.0,0.0,30.405568651576285,0.0,
2024-08-12 21:00:00,,0.0,0.0,31.415397450277624,0.0,
2024-08-12 22:00:00,,0.0,0.0,32.48896416048902,0.0,
2024-08-12 23:00:00,,0.0,0.0,33.14668235793042,0.0,
2024-08-13 00:00:00,,0.0,0.0,29.782787106406136,0.0,
2024-08-13 01:00:00,,0.0,0.0,29.968806823643263,0.0,
2024-08-13 02:00:00,,0.0,0.0,30.16409956166726,0.0,
2024-08-13 03:00:00,,0.0,0.0,29.64763836581834,0.0,
2024-08-13 04:00:00,,0.0,0.0,28.92628759509195,0.0,
2024-08-13 05:00:00,,0.0,0.0,28.190638513665657,0.0,
2024-08-13 06:00:00,,0.0,62.676185963114136,27.344229157068025,0.0,
2024-08-13 07:00:00,,12.136444099993383,171.07152016977724,28.216814247612632,101.58366454472663,
2024-08-13 08:00:00,,27.204444475448817,177.44647194864177,25.32319752544211,225.5174327349089,
2024-08-13 09:00:00,,32.36372749252019,183.047554423123,26.1205793225189,261.5952557452387,
2024-08-13 10:00:00,,45.42897584727558,146.02378454664165,24.269149725240435,368.6047886365645,
2024-08-13 11:00:00,,36.941793180274544,140.23130847514673,24.54793098279616,294.4510458509086,
2024-08-13 12:00:00,,61.41430735927502,148.9074455235433,22.297225303685913,497.08426111373797,
2024-08-13 13:00:00,,49.08377235811686,88.45047859531724,22.931296887935794,392.6782082856491,
2024-08-13 14:00:00,,54.84825906062424,76.34107092928075,23.656596432401805,435.20764339826155,
2024-08-13 15:00:00,,36.137514579439646,187.11343360017452,23.405448620615225,282.2623794844355,
2024-08-13 16:00:00,,26.443929644335192,148.55582390245922,23.22986258729824,202.0572284314853,
2024-08-13 17:00:00,,11.077010318960335,193.22009992037792,22.983221845972018,83.42501603324519,
2024-08-13 18:00:00,,5.013941005946612e-15,186.12822761801155,24.018339969813706,5.782869927597257e-14,
2024-08-13 19:00:00,,0.0,138.11155284276268,26.21829112131004,0.0,
2024-08-13 20:00:00,,0.0,148.00116655422318,26.25546363026231,0.0,
2024-08-13 21:00:00,,0.0,82.57332746229547,27.299538837041275,0.0,
2024-08-13 22:00:00,,0.0,0.0,28.321351783240488,0.0,
2024-08-13 23:00:00,,0.0,0.0,28.25303850849831,0.0,
2024-08-14 00:00:00,,0.0,0.0,30.189452450884733,0.0,
2024-08-14 01:00:00,,0.0,0.0,30.12565109939634,0.0,
2024-08-14 02:00:00,,0.0,0.0,30.601569840506876,0.0,
2024-08-14 03:00:00,,0.0,0.0,30.04643337946233,0.0,
2024-08-14 04:00:00,,0.0,0.0,29.199249330934062,0.0,
2024-08-14 05:00:00,,0.0,0.0,29.21590591596601,0.0,
2024-08-14 06:00:00,,0.0,65.42856114033549,29.025107256273106,0.0,
2024-08-14 07:00:00,,13.686494297137642,165.28730004693884,28.057615150116447,120.27711568490469,
2024-08-14 08:00:00,,31.204261522891315,165.2564074771522,26.97018388138647,271.51347786278126,
2024-08-14 09:00:00,,33.60310047450121,131.55899800982544,26.497917716365453,274.0661192376282,
2024-08-14 10:00:00,,46.302748980209216,141.45055758676224,25.10292144144699,380.1996765502512,
2024-08-14 11:00:00,,43.80415557488197,169.29255545111505,24.507982870573798,350.1224321054787,
2024-08-14 12:00:00,,65.17912009836799,175.26667102147718,23.683746094626706,539.0224230423806,
2024-08-14 13:00:00,,54.946498420039,79.00386816732325,24.052287044084096,444.76843937725266,
2024-08-14 14:00:00,,44.021769377203725,57.54452868230378,23.60048272157999,348.8889190408884,
2024-08-14 15:00:00,,43.083408567691635,181.86981680867325,23.295499000620683,335.51479991451043,
2024-08-14 16:00:00,,24.487277829910518,144.79817191557075,23.179114661209667,188.00188923653002,
2024-08-14 17:00:00,,13.588478464718628,164.75746376423564,25.032325351015356,100.66294011113077,
2024-08-14 18:00:00,,4.95333280727314e-15,143.2275342123096,24.832685922126785,4.36595458343613e-14,
2024-08-14 19:00:00,,0.0,178.71945223868983,26.084883966105057,0.0,
2024-08-14 20:00:00,,0.0,131.71978775251804,28.13101828929139,0.0,
2024-08-14 21:00:00,,0.0,95.98585584269979,28.261339876444584,0.0,
2024-08-14 22:00:00,,0.0,0.0,29.5102932421326,0.0,
2024-08-14 23:00:00,,0.0,0.0,29.160529775601447,0.0,
2024-08-15 00:00:00,,0.0,0.0,31.11684160118184,0.0,
2024-08-15 01:00:00,,0.0,0.0,30.944339378013883,0.0,
2024-08-15 02:00:00,,0.0,0.0,31.23327294991049,0.0,
2024-08-15 03:00:00,,0.0,0.0,31.941425738057717,0.0,
2024-08-15 04:00:00,,0.0,0.0,30.442030490696883,0.0,
2024-08-15 05:00:00,,0.0,0.0,30.034765450517384,0.0,
2024-08-15 06:00:00,,0.0,72.20602242597717,28.848657163772216,0.0,
2024-08-15 07:00:00,,14.298732736955152,175.06547198209623,28.90036542533906,129.2566930965586,
2024-08-15 08:00:00,,34.15698463606694,157.3421458849619,27.26995104038288,304.9235254250901,
2024-08-15 09:00:00,,28.396049300573434,153.4717446444788,27.155753039576815,228.744410903305,
2024-08-15 10:00:00,,41.27275875167012,161.15720734164302,24.975307868653776,331.9623946794974,
2024-08-15 11:00:00,,50.5221917801333,143.72570713390652,25.34970979129009,414.7121171382768,
2024-08-15 12:00:00,,51.526742637815396,163.34987768275977,24.197328923249135,415.6470858305162,
2024-08-15 13:00:00,,50.956544333374524,98.17952794937177,24.534782917179566,407.67506295088657,
2024-08-15 14:00:00,,38.19669383661178,63.241534907506725,24.043484903099085,301.570950505478,
2024-08-15 15:00:00,,50.28440864102981,181.50573563872055,23.901854640080316,391.77000270977317,
2024-08-15 16:00:00,,21.9941458581505,147.33702020655463,24.325895767842667,169.61376880454068,
2024-08-15 17:00:00,,15.434021106836894,136.87760761526226,24.650196605343965,111.84337497791302,
2024-08-15 18:00:00,,4.511498678833652e-15,156.3322303428848,26.21915836718663,6.45179345759865e-14,
2024-08-15 19:00:00,,0.0,167.04596109220293,26.12007915695467,0.0,
2024-08-15 20:00:00,,0.0,163.23898376368325,27.4167251701598,0.0,
2024-08-15 21:00:00,,0.0,97.50349604214789,28.62875093723626,0.0,
2024-08-15 22:00:00,32.10530262959631,0.0,0.0,30.107011752250457,0.0,32.10530262959631
2024-08-15 23:00:00,36.94248673366588,0.0,0.0,30.020488923233206,0.0,36.94248673366588
2024-08-16 00:00:00,34.84705007452854,0.0,0.0,32.32872387290023,0.0,34.84705007452854
2024-08-16 01:00:00,39.01084716245301,0.0,0.0,32.93644807749366,0.0,39.01084716245301
2024-08-16 02:00:00,30.33185688495341,0.0,0.0,31.882158145086695,0.0,30.33185688495341
2024-08-16 03:00:00,34.130099059698125,0.0,0.0,32.20030779459029,0.0,34.130099059698125
2024-08-16 04:00:00,32.568940855490716,0.0,0.0,32.262295916730224,0.0,32.568940855490716
2024-08-16 05:00:00,44.77438952413042,0.0,0.0,31.5372794117105,0.0,44.77438952413042
2024-08-16 06:00:00,220.11198216395803,0.0,58.565994214097344,30.368473608302207,0.0,220.11198216395803
2024-08-16 07:00:00,112.86891548950636,12.794010229024776,0.0,30.753646236366528,110.59262544300627,125.66292571853114
2024-08-16 08:00:00,98.30234194107021,26.22284254618474,0.0,29.548768617702574,220.41456274770786,124.52518448725495
2024-08-16 09:00:00,386.2810150477818,39.640538135081655,155.6412441209496,28.583156218706343,330.80374450728766,425.9215531828635
2024-08-16 10:00:00,419.7522935924967,49.2621316373234,183.1184118305409,27.321894677346727,411.8347687904586,469.0144252298201
2024-08-16 11:00:00,386.476813695743,49.3035872135565,169.35461158247438,26.98371300110283,405.0379417615348,435.7804009092995
2024-08-16 12:00:00,371.7411039852352,40.852377429622464,156.2127023723585,26.645026069398906,328.70468201926565,412.5934814148577
2024-08-16 13:00:00,262.0444437765882,52.581888986378445,109.84062927059878,25.905701833960535,424.8417625224902,314.6263327629666
2024-08-16 14:00:00,186.1746358277533,55.200165234295916,68.94543868452791,26.141176372544095,441.50487069413697,241.37480106204922
2024-08-16 15:00:00,337.54392790106016,44.52404474377236,142.60053054727953,25.640119619999616,348.4726816634998,382.06797264483254
2024-08-16 16:00:00,284.0275054542278,38.347143341979624,111.5123985050068,26.43654399617323,286.8126504782704,322.37464879620745
2024-08-16 17:00:00,,24.688980673632123,143.11712933213448,27.515265660234046,163.33452357711556,
2024-08-16 18:00:00,,4.3225229773392835e-15,174.81642120351952,28.28490010471193,6.615156586691411e-14,
2024-08-16 19:00:00,,0.0,179.70950340060492,29.17681799753992,0.0,
2024-08-16 20:00:00,,0.0,137.60619485753745,29.561674460640372,0.0,
2024-08-16 21:00:00,,0.0,105.52057773612842,30.34056388821161,0.0,
2024-08-16 22:00:00,,0.0,0.0,30.944495794844205,0.0,
2024-08-16 23:00:00,,0.0,0.0,30.990021608818118,0.0,
2024-08-17 00:00:00,,0.0,0.0,30.612702133477633,0.0,
2024-08-17 01:00:00,,0.0,0.0,31.550775974461448,0.0,
2024-08-17 02:00:00,,0.0,0.0,31.699918843868126,0.0,
2024-08-17 03:00:00,,0.0,0.0,32.34091497484732,0.0,
2024-08-17 04:00:00,,0.0,0.0,31.942551546365692,0.0,
2024-08-17 05:00:00,,0.0,0.0,30.385693731841965,0.0,
2024-08-17 06:00:00,,0.0,0.0,30.41322592597685,0.0,
2024-08-17 07:00:00,,8.149263360281687,0.0,28.92139529400421,64.8707305203389,
2024-08-17 08:00:00,,31.963293312176294,0.0,28.59537123993424,280.2944995977984,
2024-08-17 09:00:00,,35.57893619917619,0.0,27.75120527462689,291.9489035471442,
2024-08-17 10:00:00,,48.614703119413356,0.0,27.12510947450621,402.0594647700635,
2024-08-17 11:00:00,,62.54940263058828,0.0,25.532867656888076,522.0113880886207,
2024-08-17 12:00:00,,55.50109502369653,0.0,25.730125998777268,452.45646843841587,
2024-08-17 13:00:00,,63.973568574251715,0.0,23.93691565835997,521.024533123445,
2024-08-17 14:00:00,,36.43217532021602,0.0,25.40217090920177,290.3454898704381,
2024-08-17 15:00:00,,56.15378319165843,0.0,24.860814315011346,432.6325275622683,
2024-08-17 16:00:00,,34.05363427921426,0.0,25.221110156193955,256.12727113901616,
2024-08-17 17:00:00,,15.974181460052241,0.0,24.7604710814342,115.3125696860026,
2024-08-17 18:00:00,,4.383516582775348e-15,0.0,26.309730124808652,6.587867397426475e-14,
2024-08-17 19:00:00,,0.0,0.0,28.025936110380293,0.0,
2024-08-17 20:00:00,,0.0,0.0,28.040712122580935,0.0,
2024-08-17 21:00:00,,0.0,0.0,29.51666110677877,0.0,
2024-08-17 22:00:00,,0.0,0.0,30.021340632289395,0.0,
2024-08-17 23:00:00,,0.0,0.0,31.260271372385105,0.0,
2024-08-18 00:00:00,,0.0,0.0,30.757908328123253,0.0,
2024-08-18 01:00:00,,0.0,0.0,30.54590355873834,0.0,
2024-08-18 02:00:00,,0.0,0.0,31.159294272200125,0.0,
2024-08-18 03:00:00,,0.0,0.0,31.812417776138,0.0,
2024-08-18 04:00:00,,0.0,0.0,30.91098038453929,0.0,
2024-08-18 05:00:00,,0.0,0.0,30.047719512781736,0.0,
2024-08-18 06:00:00,,0.0,0.0,30.508940841842307,0.0,
2024-08-18 07:00:00,,11.15097200568894,0.0,29.116543441415086,91.77681753131176,
2024-08-18 08:00:00,,27.898114175916646,0.0,28.039435889974882,233.97142324321894,
2024-08-18 09:00:00,,30.88333975939429,0.0,26.883873507039016,249.4233770213965,
2024-08-18 10:00:00,,51.5325262996066,0.0,26.246205849651208,427.41536964232665,
2024-08-18 11:00:00,,46.20785518159341,0.0,25.537561234714158,373.7067806940055,
2024-08-18 12:00:00,,43.23589245005063,0.0,23.50857234625405,345.0845788354426,
2024-08-18 13:00:00,,47.99774261565126,0.0,24.44779664667864,383.6286978024243,
2024-08-18 14:00:00,0.0,50.570274559229624,0.0,24.050666002607823,400.8527572898689,50.570274559229624
2024-08-18 15:00:00,0.0,37.63421499645435,0.0,24.000440403695627,294.29522615720913,37.63421499645435
2024-08-18 16:00:00,0.0,28.87725899048757,0.0,24.502261379007997,219.9375585366162,28.87725899048757
2024-08-18 17:00:00,0.0,18.01002949892138,0.0,24.378270854711637,126.86970930850403,18.01002949892138
2024-08-18 18:00:00,19.993419944197615,4.611359419621902e-15,0.0,24.978763882257063,6.362519918626687e-14,19.99341994419762
2024-08-18 19:00:00,11.30592523854368,0.0,0.0,27.34845348314108,0.0,11.30592523854368
2024-08-18 20:00:00,13.305194472590795,0.0,0.0,27.862147842130117,0.0,13.305194472590795
2024-08-18 21:00:00,17.052692541450547,0.0,0.0,27.330429526528338,0.0,17.052692541450547
2024-08-18 22:00:00,17.810891754761286,0.0,0.0,29.09287666157478,0.0,17.810891754761286
2024-08-18 23:00:00,19.089800476874053,0.0,0.0,30.546218533126833,0.0,19.089800476874053
2024-08-19 00:00:00,37.652727558336515,0.0,0.0,32.25116133563173,0.0,37.652727558336515
2024-08-19 01:00:00,35.68329776627764,0.0,0.0,33.36332247815742,0.0,35.68329776627764
2024-08-19 02:00:00,35.49015187894882,0.0,0.0,33.38495550888482,0.0,35.49015187894882
2024-08-19 03:00:00,30.59227390080182,0.0,0.0,32.062464396602884,0.0,30.59227390080182
2024-08-19 04:00:00,37.8474854632544,0.0,0.0,32.31950647306763,0.0,37.8474854632544
2024-08-19 05:00:00,23.529214675246745,0.0,0.0,31.610908630995066,0.0,23.529214675246745
2024-08-19 06:00:00,254.93283059164816,0.0,70.09688297145806,30.415460462070456,0.0,254.93283059164816
2024-08-19 07:00:00,474.07580254766805,12.647314180189223,188.01818913107138,29.538809104677693,107.52508636338868,486.72311672785725
2024-08-19 08:00:00,445.2460554795149,25.778549278986404,180.68150340914542,28.95706883612564,213.7354840648403,471.0246047585013
2024-08-19 09:00:00,434.64040197526106,28.853131229082546,187.3060607220398,28.13375024663136,233.53449273453037,463.4935332043436
2024-08-19 10:00:00,386.7836636363363,41.68609281241087,173.05803754158825,27.751694497868186,341.8268685984248,428.4697564487472
2024-08-19 11:00:00,390.60324452068323,48.303497210397836,172.50621118170676,27.4073126117008,396.3592120490194,438.90674173108107
2024-08-19 12:00:00,354.71859836233506,50.56795975704774,159.43480431019387,26.58581317390715,410.92993727062674,405.2865581193828
2024-08-19 13:00:00,264.55058528958614,53.89433801302945,107.12053799750164,26.35452533737518,436.94965897419786,318.44492330261556
2024-08-19 14:00:00,155.0833639097683,42.40936745940169,57.20611564436549,25.72677069851132,338.2180687092132,197.49273136917
2024-08-19 15:00:00,366.5535410774865,49.89136764303009,162.7118224253787,26.28083931554121,391.1263155451279,416.4449087205166
2024-08-19 16:00:00,410.7011057293557,31.283416541613683,173.90807838235713,26.25480320520584,238.9620669320306,441.98452227096936
2024-08-19 17:00:00,444.4303812461678,13.073277786837531,188.23554521083219,26.6644696834672,98.21663924585975,457.50365903300536
2024-08-19 18:00:00,416.6476885894973,5.028597491781024e-15,157.1140200714548,28.558630083694318,5.486459968545975e-14,416.6476885894973
2024-08-19 19:00:00,439.2964119890515,0.0,180.94858736356022,27.288974973113934,0.0,439.2964119890515
2024-08-19 20:00:00,407.06580929728017,0.0,161.74655313799138,28.423427460592823,0.0,407.06580929728017
2024-08-19 21:00:00,126.9701706038807,0.0,0.0,30.45729614417213,0.0,126.9701706038807
2024-08-19 22:00:00,39.941705675637344,0.0,0.0,30.97758843498028,0.0,39.941705675637344
2024-08-19 23:00:00,39.18411558312715,0.0,0.0,31.116461168315958,0.0,39.18411558312715
2024-08-20 00:00:00,38.01064835035283,0.0,0.0,32.15145175727402,0.0,38.01064835035283
2024-08-20 01:00:00,36.66548712928348,0.0,0.0,32.56620581319121,0.0,36.66548712928348
2024-08-20 02:00:00,32.78245371893188,0.0,0.0,33.59383658817582,0.0,32.78245371893188
2024-08-20 03:00:00,34.748215343386946,0.0,0.0,33.63461392715432,0.0,34.748215343386946
2024-08-20 04:00:00,40.59799223857278,0.0,0.0,33.49853851547121,0.0,40.59799223857278
2024-08-20 05:00:00,32.17693780625262,0.0,0.0,31.328036442658608,0.0,32.17693780625262
2024-08-20 06:00:00,231.34772677123163,0.0,60.71107610213742,30.714106553354593,0.0,231.34772677123163
2024-08-20 07:00:00,444.610575304978,13.679951869857017,176.97853092716133,29.835721740218922,119.71363828814785,458.290527174835
2024-08-20 08:00:00,392.47980573692735,25.454930931084643,163.4269267789455,30.292096822495367,212.87270695688545,417.93473666801196
2024-08-20 09:00:00,346.8654361228667,36.16508384940477,145.44583042999258,28.950413888961304,298.14698335631647,383.03051997227146
2024-08-20 10:00:00,374.46336412205767,38.66274681946462,162.4705893727094,27.937767927845222,315.56541059649714,413.1261109415223
2024-08-20 11:00:00,399.2402475287338,57.93548688112905,186.8082351468313,27.28760893238117,481.8740710543835,457.17573440986286
2024-08-20 12:00:00,338.6464166736646,48.533791619922404,148.18311882578766,26.588190267795454,394.25340258414434,387.180208293587
2024-08-20 13:00:00,195.40185228647346,63.50379546944926,84.3052573650157,25.70635690389537,521.6323251415895,258.9056477559227
2024-08-20 14:00:00,207.5761811926822,38.92229711878146,68.63170065355185,26.404254714502812,310.3065928968527,246.49847831146366
2024-08-20 15:00:00,332.53390168723996,41.793128014394526,137.31633131240662,26.17385867477178,329.6847212554945,374.3270297016345
2024-08-20 16:00:00,414.5444471550107,36.0946955367072,190.7953568548111,26.01641864962518,271.99562981527646,450.6391426917179
2024-08-20 17:00:00,442.33980487259373,9.817620186638193,190.37964602081382,27.459937308136475,75.83488014784291,452.1574250592319
2024-08-20 18:00:00,457.31695560417404,3.3661356853045475e-15,182.1316254073215,27.684774501474067,7.46988544006132e-14,457.31695560417404
2024-08-20 19:00:00,405.26969452896935,0.0,164.8146721860634,28.855543405172227,0.0,405.26969452896935
2024-08-20 20:00:00,451.39569000386,0.0,192.46691751855872,29.58517873896135,0.0,451.39569000386
2024-08-20 21:00:00,316.3898941856789,0.0,112.31992997927284,30.99922436358159,0.0,316.3898941856789
2024-08-20 22:00:00,31.48886583174223,0.0,0.0,31.50774980672483,0.0,31.48886583174223
2024-08-20 23:00:00,41.08094851413651,0.0,0.0,31.680691966334873,0.0,41.08094851413651
2024-08-21 00:00:00,33.86883228699061,0.0,0.0,31.669578573706445,0.0,33.86883228699061
2024-08-21 01:00:00,36.6511941060981,0.0,0.0,32.03557280293991,0.0,36.6511941060981
2024-08-21 02:00:00,35.469184085622416,0.0,0.0,32.23315453571108,0.0,35.469184085622416
2024-08-21 03:00:00,30.654651666154123,0.0,0.0,32.37616556806934,0.0,30.654651666154123
2024-08-21 04:00:00,34.888855378743955,0.0,0.0,31.200585569348593,0.0,34.888855378743955
2024-08-21 05:00:00,33.12900610973146,0.0,0.0,31.286329616434823,0.0,33.12900610973146
2024-08-21 06:00:00,242.9892237231821,0.0,62.48405561350391,29.365079429771242,0.0,242.9892237231821
2024-08-21 07:00:00,468.0707665949158,16.59013431682223,188.74079444565118,29.323362298906314,167.26364785376188,484.66090091173805
2024-08-21 08:00:00,378.7909719155376,24.54576739221366,149.95738722485055,28.340158106287824,202.08157662166508,403.33673930775126
2024-08-21 09:00:00,387.98855757787265,46.56678171854146,161.74895660883786,28.29554400092296,397.02253293396404,434.5553392964141
2024-08-21 10:00:00,320.64208024678607,47.55793292967524,135.40784459255335,26.649320334203402,389.58118768705975,368.2000131764613
2024-08-21 11:00:00,380.4411473184761,61.151209237383696,167.4077421139281,26.306608703624534,510.4494578983439,441.5923565558598
2024-08-21 12:00:00,360.43084564550395,49.06743342558819,160.14060980607036,24.56550982400983,395.4889082617985,409.49827907109216
2024-08-21 13:00:00,48.537684081761505,59.59865130694943,0.0,24.920868674335615,478.490571053404,108.13633538871093
2024-08-21 14:00:00,67.53912561185544,46.74787727506226,0.0,24.554308114974855,371.153220937413,114.28700288691769
2024-08-21 15:00:00,385.42252593159117,51.437413061924595,155.43750339306177,26.33450321832767,401.5076344025542,436.85993899351575
2024-08-21 16:00:00,422.0291820663471,31.82854420337877,165.6876233474806,25.113000756885427,240.57604310564577,453.8577262697259
2024-08-21 17:00:00,441.9998732325862,19.22503994325691,186.17889001084112,26.039253850869454,134.3128354431265,461.2249131758431
2024-08-21 18:00:00,386.5995967664008,4.24195939446573e-15,147.47942848752632,26.79077594982923,3.469956653353519e-14,386.5995967664008
2024-08-21 19:00:00,440.2049939712466,0.0,179.2317023118167,26.776882245364494,0.0,440.2049939712466
2024-08-21 20:00:00,437.2803493809497,0.0,168.5514965269427,28.214470343420086,0.0,437.2803493809497
2024-08-21 21:00:00,289.1366442288844,0.0,102.70385168945876,29.585737962875093,0.0,289.1366442288844
2024-08-21 22:00:00,32.03951971847987,0.0,0.0,30.270349186312288,0.0,32.03951971847987
2024-08-21 23:00:00,36.51262089059866,0.0,0.0,29.80215629684059,0.0,36.51262089059866
2024-08-22 00:00:00,37.38340896341108,0.0,0.0,30.268130119048582,0.0,37.38340896341108
2024-08-22 01:00:00,37.25527181147723,0.0,0.0,31.411688150790532,0.0,37.25527181147723
2024-08-22 02:00:00,28.959934810935128,0.0,0.0,31.314648391711813,0.0,28.959934810935128
2024-08-22 03:00:00,35.35780153136988,0.0,0.0,31.510293995979687,0.0,35.35780153136988
2024-08-22 04:00:00,39.306782560799654,0.0,0.0,30.05880217258924,0.0,39.306782560799654
2024-08-22 05:00:00,27.760880825087188,0.0,0.0,30.63587542984779,0.0,27.760880825087188
2024-08-22 06:00:00,244.33569265105956,0.0,65.79732150647918,29.248333903910755,0.0,244.33569265105956
2024-08-22 07:00:00,406.7767191447091,15.426868562349814,153.16289823419197,29.22251483638364,144.83864999009265,422.2035877070589
2024-08-22 08:00:00,410.30226594987545,31.796069774228638,172.34025100735582,27.522189145097233,272.6511016582168,442.09833572410406
2024-08-22 09:00:00,414.2179127111939,39.34878452774976,173.56084840748807,25.590932523839367,322.4821865019108,453.5666972389437
2024-08-22 10:00:00,349.6520507042154,55.69509568165623,151.79225583698616,26.195164213708917,461.49072218969286,405.3471463858716
2024-08-22 11:00:00,323.8583930697286,62.39723150124321,142.91450994624367,24.82390635491511,514.1627350053303,386.2556245709718
2024-08-22 12:00:00,386.742462159493,56.90502058902493,166.40758134289968,24.301333209125566,459.6870555661552,443.647482748518
2024-08-22 13:00:00,273.2111750643266,49.813364099135185,106.47173635515801,23.413248320508725,399.55826087747914,323.0245391634618
2024-08-22 14:00:00,195.51188746551657,45.701217153954914,72.63359433094068,24.831636677558368,362.04147470574236,241.2131046194715
2024-08-22 15:00:00,397.69203294759643,48.65444620502309,184.85483318489582,23.879245949142184,374.7695120023108,446.3464791526195
2024-08-22 16:00:00,400.7893346210122,30.47057732344648,171.12794876299617,25.27696590226607,231.56205714073567,431.2599119444587
2024-08-22 17:00:00,392.1726506913658,13.45848960893447,160.6569907828289,24.830041613106005,100.115716159646,405.6311403003003
2024-08-22 18:00:00,415.26382622331494,4.8148854795338815e-15,164.96445089079657,25.30666432698071,4.142706983946751e-14,415.26382622331494
2024-08-22 19:00:00,375.0194075486376,0.0,144.4875832125722,27.27443485721143,0.0,375.0194075486376
2024-08-22 20:00:00,408.5091762201009,0.0,153.73635006778375,27.48386955355523,0.0,408.5091762201009
2024-08-22 21:00:00,294.3718146616652,0.0,98.47286820503798,28.39461758223659,0.0,294.3718146616652
2024-08-22 22:00:00,29.556369711998073,0.0,0.0,28.629723957913786,0.0,29.556369711998073
2024-08-22 23:00:00,33.06114620141967,0.0,0.0,29.766598984860135,0.0,33.06114620141967
2024-08-23 00:00:00,35.79753791921681,0.0,0.0,32.069772305743506,0.0,35.79753791921681
2024-08-23 01:00:00,36.50202378412319,0.0,0.0,31.55548587581478,0.0,36.50202378412319
2024-08-23 02:00:00,39.004202262737465,0.0,0.0,32.054791633596565,0.0,39.004202262737465
2024-08-23 03:00:00,32.04527796572962,0.0,0.0,31.99485265399048,0.0,32.04527796572962
2024-08-23 04:00:00,26.857802754702256,0.0,0.0,31.888644796285007,0.0,26.857802754702256
2024-08-23 05:00:00,36.22717422730869,0.0,0.0,32.03898903765452,0.0,36.22717422730869
2024-08-23 06:00:00,240.50642820655204,0.0,64.24018316804886,30.42435891419098,0.0,240.50642820655204
2024-08-23 07:00:00,436.9967061615245,11.41675183394301,166.51815334085092,29.384951807335014,94.23918456388918,448.4134579954675
2024-08-23 08:00:00,362.7582043356159,22.44868973455542,142.315185512544,30.197520796694807,183.91546713778442,385.20689407017136
2024-08-23 09:00:00,358.4031499716213,35.34582203600058,146.0007565215552,27.701876146061934,289.9696825776262,393.7489720076219
2024-08-23 10:00:00,398.4898604770349,42.896151621984366,177.7972959290134,26.979006400097873,350.2925565643247,441.38601209901924
2024-08-23 11:00:00,348.9346025379968,49.89959282317608,151.24981288710677,26.17053856193404,408.1381489217467,398.8341953611729
2024-08-23 12:00:00,352.7873986164761,52.04581320723454,153.84299664738754,25.65486201688212,420.9342257419387,404.8332118237106
2024-08-23 13:00:00,260.82005442270184,36.789432498853024,99.94085369367063,25.482472520178714,293.30048952577965,297.6094869215549
2024-08-23 14:00:00,169.61583942438097,49.369932290941016,59.854164404138224,25.78473371947911,392.77470174008147,218.985771715322
2024-08-23 15:00:00,416.0610301944114,42.26440542182482,183.25444380508256,25.645588950307435,330.1852269598825,458.3254356162362
2024-08-23 16:00:00,363.09005783283703,25.360096029704746,144.26230291235433,26.331794349120145,196.20960282795443,388.45015386254175
2024-08-23 17:00:00,426.91334705637564,8.84938267080062,165.02514581990616,26.871476083833272,68.51486295140481,435.76272972717624
2024-08-23 18:00:00,400.01986788144535,4.9787088068951865e-15,152.64834700508328,27.17861153349041,4.525758567210418e-14,400.01986788144535
2024-08-23 19:00:00,445.1722658244268,0.0,167.57709367527764,28.106624807855535,0.0,445.1722658244268
2024-08-23 20:00:00,405.9993391826059,0.0,156.79183799855366,29.37870381881678,0.0,405.9993391826059
2024-08-23 21:00:00,291.84963517768665,0.0,98.7658465350042,29.174597174540054,0.0,291.84963517768665
2024-08-23 22:00:00,31.85514276398286,0.0,0.0,31.823441081801622,0.0,31.85514276398286
2024-08-23 23:00:00,37.578428256180246,0.0,0.0,31.042916649571584,0.0,37.578428256180246
2024-08-24 00:00:00,36.038011538531734,0.0,0.0,31.07568460231797,0.0,36.038011538531734
2024-08-24 01:00:00,35.20683053076539,0.0,0.0,30.994868054531775,0.0,35.20683053076539
2024-08-24 02:00:00,26.76037260347181,0.0,0.0,31.12900274587972,0.0,26.76037260347181
2024-08-24 03:00:00,33.8991793065047,0.0,0.0,32.08783557631353,0.0,33.8991793065047
2024-08-24 04:00:00,33.91170668214355,0.0,0.0,32.38626370192358,0.0,33.91170668214355
2024-08-24 05:00:00,35.03405709429147,0.0,0.0,30.41133182860566,0.0,35.03405709429147
2024-08-24 06:00:00,58.486546012627606,0.0,0.0,30.14373641392068,0.0,58.486546012627606
2024-08-24 07:00:00,40.16538146505072,11.890930970312,0.0,29.236028105571826,98.64310304384892,52.05631243536272
2024-08-24 08:00:00,34.37903009824323,24.23470677977619,0.0,28.7202004310653,199.40546920725225,58.61373687801942
2024-08-24 09:00:00,19.004098152085668,37.713447725929846,0.0,28.423568724256796,311.93491135249167,56.717545878015514
2024-08-24 10:00:00,9.28331591299765,47.40354066490062,0.0,27.230564858847714,390.5399740069703,56.68685657789827
2024-08-24 11:00:00,9.747554658144814,50.28876840940053,0.0,25.62587477521363,410.72824064235186,60.03632306754535
2024-08-24 12:00:00,3.8969645064210496,50.29759150374726,0.0,25.4533730544662,407.5395891484479,54.19455601016831
2024-08-24 13:00:00,10.591077052839886,49.81332103858211,0.0,25.153366679216298,398.93241467235464,60.404398091421996
2024-08-24 14:00:00,0.0,68.79990122754188,0.0,24.71003283427311,545.8549101011106,68.79990122754188
2024-08-24 15:00:00,23.841426026409266,34.393605273275384,0.0,24.29136969109682,269.50438993016013,58.23503129968465
2024-08-24 16:00:00,29.161253646477057,25.91144015683333,0.0,24.789601127329874,198.6530011113363,55.072693803310386
2024-08-24 17:00:00,34.036200114478724,27.429565773552177,0.0,26.319280741168612,178.59673287730703,61.4657658880309
2024-08-24 18:00:00,62.41177658642129,4.954225644323397e-15,0.0,27.095732147767947,5.776767771968154e-14,62.4117765864213
2024-08-24 19:00:00,54.71732979175066,0.0,0.0,27.210427809578505,0.0,54.71732979175066
2024-08-24 20:00:00,65.65360708208186,0.0,0.0,28.350605846886964,0.0,65.65360708208186
2024-08-24 21:00:00,54.298185417721164,0.0,0.0,29.724576718380565,0.0,54.298185417721164
2024-08-24 22:00:00,35.655564461036455,0.0,0.0,29.117943713840273,0.0,35.655564461036455
2024-08-24 23:00:00,26.858948664893376,0.0,0.0,30.471775668590407,0.0,26.858948664893376
2024-08-25 00:00:00,17.817722846645516,0.0,0.0,32.25080871144431,0.0,17.817722846645516
2024-08-25 01:00:00,13.254017414826018,0.0,0.0,31.741178357570842,0.0,13.254017414826018
2024-08-25 02:00:00,15.54360322816986,0.0,0.0,31.146176065105728,0.0,15.54360322816986
2024-08-25 03:00:00,16.66663600687693,0.0,0.0,31.650165646256042,0.0,16.66663600687693
2024-08-25 04:00:00,14.321099083478268,0.0,0.0,31.75259081683712,0.0,14.321099083478268
2024-08-25 05:00:00,20.332170855736123,0.0,0.0,29.412391372946068,0.0,20.332170855736123
2024-08-25 06:00:00,18.662052816895514,0.0,0.0,30.048927016052993,0.0,18.662052816895514
2024-08-25 07:00:00,12.440072031251882,15.250976746773363,0.0,28.930443488020025,139.6290268428187,27.691048778025245
2024-08-25 08:00:00,0.0,27.5387527439219,0.0,27.389785044238973,228.9124269858338,27.5387527439219
2024-08-25 09:00:00,0.0,48.289432703666016,0.0,27.345881077163778,413.31070224913026,48.289432703666016
2024-08-25 10:00:00,0.0,53.362592163684425,0.0,26.392543991577224,443.5970826051904,53.362592163684425
2024-08-25 11:00:00,0.0,54.881945956669696,0.0,25.723865247205712,447.8953975965155,54.881945956669696
2024-08-25 12:00:00,0.0,57.49808603284204,0.0,25.005564884089527,466.69773902168777,57.49808603284204
2024-08-25 13:00:00,0.0,55.02682788474843,0.0,24.319374939468638,442.408309137808,55.02682788474843
2024-08-25 14:00:00,0.0,38.65965040809719,0.0,23.983382690658324,305.265827150192,38.65965040809719
2024-08-25 15:00:00,0.0,39.94691301245643,0.0,24.484698745308396,311.64973064132215,39.94691301245643
2024-08-25 16:00:00,0.0,30.336372118056296,0.0,25.60932125124994,232.19746777513112,30.336372118056296
2024-08-25 17:00:00,5.545958412343991,14.571238040362063,0.0,25.852445520167905,107.65896358888602,20.117196452706054
2024-08-25 18:00:00,13.63354740205635,4.958716707810298e-15,0.0,26.42619744273415,5.795619130317806e-14,13.633547402056355
2024-08-25 19:00:00,16.09551618865154,0.0,0.0,26.785033375062877,0.0,16.09551618865154
2024-08-25 20:00:00,19.95678720761137,0.0,0.0,28.02382664103034,0.0,19.95678720761137
2024-08-25 21:00:00,26.69364987274362,0.0,0.0,29.485229544494874,0.0,26.69364987274362
2024-08-25 22:00:00,18.665800124229236,0.0,0.0,30.21317598870019,0.0,18.665800124229236
2024-08-25 23:00:00,23.694314337714665,0.0,0.0,30.447058406724004,0.0,23.694314337714665
2024-08-26 00:00:00,26.64680344348047,0.0,0.0,29.610507575189434,0.0,26.64680344348047
2024-08-26 01:00:00,39.30893734391051,0.0,0.0,30.928436314608746,0.0,39.30893734391051
2024-08-26 02:00:00,32.047105305431586,0.0,0.0,31.143772478872478,0.0,32.047105305431586
2024-08-26 03:00:00,41.305356049802185,0.0,0.0,30.812307160838156,0.0,41.305356049802185
2024-08-26 04:00:00,38.759602651235255,0.0,0.0,30.70962075935348,0.0,38.759602651235255
2024-08-26 05:00:00,36.74627669183815,0.0,0.0,30.76826853592832,0.0,36.74627669183815
2024-08-26 06:00:00,248.18900938522827,0.0,74.06045404431863,29.616471511199542,0.0,248.18900938522827
2024-08-26 07:00:00,401.69244454251094,15.364445403409906,153.65713361215734,29.285834419489092,140.6688482518927,417.05688994592083
2024-08-26 08:00:00,380.25321869601385,29.74036285323092,153.51978868731538,27.130933694855095,250.77939175736296,409.99358154924477
2024-08-26 09:00:00,368.3409073076744,46.61522197621661,159.7876352975764,26.826721050841503,393.7041596307484,414.956129283891
2024-08-26 10:00:00,406.0933359170913,53.898688111294284,189.3213197829306,25.165608682255296,446.295250359254,459.9920240283856
2024-08-26 11:00:00,373.92423265665064,57.96872094729565,163.5192457339253,25.19695723860646,478.39587429001176,431.8929536039463
2024-08-26 12:00:00,402.0028978040008,65.41038187510594,185.36434305503383,24.331202096783425,535.4248452859423,467.4132796791067
2024-08-26 13:00:00,242.6018221339184,57.56763768790096,97.24857691644151,25.14500576238025,459.9746574821991,300.1694598218194
2024-08-26 14:00:00,200.82739896761294,57.557036103473514,73.85160435369482,24.58997574059955,458.04159757134283,258.38443507108644
2024-08-26 15:00:00,395.6581573541482,47.56308316685736,171.72196066291806,25.011794093462566,371.40754379226865,443.2212405210056
2024-08-26 16:00:00,399.8502180489775,37.09137720627215,174.1503463129254,24.639356911795797,277.77596643353166,436.9415952552497
2024-08-26 17:00:00,371.86884124638397,16.59284782482508,141.3098255499288,24.90038695496656,119.7489429030063,388.46168907120904
2024-08-26 18:00:00,369.0549490726795,4.066941959966108e-15,138.8615664081095,25.60933824040858,6.903323696125792e-14,369.0549490726795
2024-08-26 19:00:00,444.43359608492574,0.0,182.65832494846532,27.111972720204403,0.0,444.43359608492574
2024-08-26 20:00:00,446.49883361771555,0.0,182.45322833125255,28.79020048477451,0.0,446.49883361771555
2024-08-26 21:00:00,347.5322275707173,0.0,122.97240685554591,28.997177541546865,0.0,347.5322275707173
2024-08-26 22:00:00,33.34955606046909,0.0,0.0,29.447735873034006,0.0,33.34955606046909
2024-08-26 23:00:00,36.50436354859631,0.0,0.0,30.26560804426742,0.0,36.50436354859631
2024-08-27 00:00:00,31.156069169370586,0.0,0.0,32.62541864415615,0.0,31.156069169370586
2024-08-27 01:00:00,37.205664535593655,0.0,0.0,34.004041568887324,0.0,37.205664535593655
2024-08-27 02:00:00,39.211385905534044,0.0,0.0,33.72678417970395,0.0,39.211385905534044
2024-08-27 03:00:00,35.144145052118716,0.0,0.0,33.120699790873424,0.0,35.144145052118716
2024-08-27 04:00:00,35.538008785494554,0.0,0.0,32.6959347939351,0.0,35.538008785494554
2024-08-27 05:00:00,36.06135676495448,0.0,0.0,32.23453032612436,0.0,36.06135676495448
2024-08-27 06:00:00,213.14804787353492,0.0,56.19271012425706,31.607117731428044,0.0,213.14804787353492
2024-08-27 07:00:00,450.1399348986813,15.470769676920018,173.01569041086205,30.30924757815753,142.7204930377234,465.61070457560135
2024-08-27 08:00:00,352.44068238121463,31.663509475803302,148.1069539671971,29.187940423098187,271.6187874091229,384.10419185701795
2024-08-27 09:00:00,369.4714785183121,44.31954714181677,152.7800814072769,29.220223369205115,373.30284979145614,413.79102566012887
2024-08-27 10:00:00,353.7058993461205,51.15244457550578,156.7129382373811,27.870971262072498,426.66513279179816,404.8583439216263
2024-08-27 11:00:00,389.50824247405137,52.478731765953036,171.30885817520365,27.609470130541077,431.9862350551008,441.98697424000443
2024-08-27 12:00:00,352.1163126103316,51.79832859976317,154.0435697940101,27.40197035792919,425.14001879824633,403.91464121009477
2024-08-27 13:00:00,239.19778783596863,68.7572465086129,99.33319630149704,26.489546871824547,565.1733491124879,307.9550343445815
2024-08-27 14:00:00,180.58313995713053,58.82976747531922,71.49142596747518,26.28925413657154,472.1594843294492,239.41290743244974
2024-08-27 15:00:00,410.05995025482525,38.696850229300395,183.6115597256717,27.829360995033298,307.15768565301926,448.7568004841256
2024-08-27 16:00:00,400.1370607250972,32.05301125517821,176.4277237708695,26.682401047680877,245.05245024491106,432.1900719802754
2024-08-27 17:00:00,424.0779588308694,16.558629197925637,172.4558233455071,26.589832758710415,120.16164347257644,440.6365880287951
2024-08-27 18:00:00,415.4246412297256,5.075178246305847e-15,162.66304429094006,27.719367280700514,4.914919973819402e-14,415.4246412297256
2024-08-27 19:00:00,404.1468081381683,0.0,155.61262376640624,29.479955594800455,0.0,404.1468081381683
2024-08-27 20:00:00,446.2645048745112,0.0,173.89369026148347,28.96289622164648,0.0,446.2645048745112
2024-08-27 21:00:00,282.77196029258255,0.0,88.59600034206098,30.139616752568838,0.0,282.77196029258255
2024-08-27 22:00:00,30.75876722782411,0.0,0.0,31.913193299770764,0.0,30.75876722782411
2024-08-27 23:00:00,34.71982250644877,0.0,0.0,31.949043309682903,0.0,34.71982250644877
2024-08-28 00:00:00,28.616796271269973,0.0,0.0,31.775822291349442,0.0,28.616796271269973
2024-08-28 01:00:00,28.802758426756764,0.0,0.0,32.71728307366921,0.0,28.802758426756764
2024-08-28 02:00:00,35.419069061353355,0.0,0.0,31.941445683765174,0.0,35.419069061353355
2024-08-28 03:00:00,36.44328791920397,0.0,0.0,31.446295437842863,0.0,36.44328791920397
2024-08-28 04:00:00,35.226148240222145,0.0,0.0,31.13650219940642,0.0,35.226148240222145
2024-08-28 05:00:00,35.65138572108533,0.0,0.0,31.565620227449877,0.0,35.65138572108533
2024-08-28 06:00:00,234.40474109537467,0.0,66.78624956813572,30.679422318507548,0.0,234.40474109537467
2024-08-28 07:00:00,396.0403883790181,11.944642535704581,147.2513245701499,29.35943967281131,98.76179259966835,407.9850309147227
2024-08-28 08:00:00,395.6717039783608,27.252936033096944,164.318909919585,28.220460461188583,225.04007008638584,422.92464001145777
2024-08-28 09:00:00,362.5315762206276,30.170777094688322,147.61378076788552,27.758703051158896,244.26575380395778,392.7023533153159
2024-08-28 10:00:00,372.2909198833737,50.272246289799256,158.39070161970113,27.608114914717387,417.7745799025346,422.56316617317293
2024-08-28 11:00:00,355.4968792318132,44.448462077705294,153.8467752692287,25.90707356052461,357.5701557478174,399.9453413095185
2024-08-28 12:00:00,342.65517244309075,62.771354226146514,151.85679251533793,25.437425347370333,511.19287678277925,405.42652666923726
2024-08-28 13:00:00,239.8239217507935,49.855526853727824,98.13516552103039,24.823855095907224,401.52045987109915,289.6794486045213
2024-08-28 14:00:00,153.48245667717248,57.123756485740515,50.002910083195964,25.116149827041067,452.20361007079737,210.60621316291298
2024-08-28 15:00:00,333.93118150820663,32.114209873741935,135.2590998561359,25.588155374938705,251.79212808283248,366.04539138194855
2024-08-28 16:00:00,409.43075470750136,25.1304482871011,178.2612585433617,26.82635193686816,194.94835375542334,434.56120299460247
2024-08-28 17:00:00,416.60054712372755,16.823496030687508,167.43340007639785,26.433873293849206,121.73767589737446,433.4240431544151
2024-08-28 18:00:00,395.25977274133726,4.456845600305939e-15,153.06445093269164,27.023017218973642,6.495097798721555e-14,395.25977274133726
2024-08-28 19:00:00,460.3609713943055,0.0,181.06940549070868,28.325457916725895,0.0,460.3609713943055
2024-08-28 20:00:00,403.5888743739347,0.0,154.4535717457372,29.147964047507273,0.0,403.5888743739347
2024-08-28 21:00:00,279.6932175390243,0.0,93.26103617662785,29.416892522267634,0.0,279.6932175390243
2024-08-28 22:00:00,27.94089914576312,0.0,0.0,31.70088630830719,0.0,27.94089914576312
2024-08-28 23:00:00,33.16317529761049,0.0,0.0,31.26253832959809,0.0,33.16317529761049
2024-08-29 00:00:00,33.70769913423083,0.0,0.0,32.89211763169099,0.0,33.70769913423083
2024-08-29 01:00:00,32.88981526126666,0.0,0.0,33.39925574392236,0.0,32.88981526126666
2024-08-29 02:00:00,36.39389420165302,0.0,0.0,33.415777242074036,0.0,36.39389420165302
2024-08-29 03:00:00,32.7925629713494,0.0,0.0,33.88628028471659,0.0,32.7925629713494
2024-08-29 04:00:00,28.99538113693527,0.0,0.0,32.47897560194811,0.0,28.99538113693527
2024-08-29 05:00:00,37.9201069841142,0.0,0.0,32.609405916846825,0.0,37.9201069841142
2024-08-29 06:00:00,244.18972852676472,0.0,60.82965718434443,31.575125280960044,0.0,244.18972852676472
2024-08-29 07:00:00,478.2619621969912,15.869688168629217,196.45920971695685,31.14006931368114,148.37216026204257,494.13165036562043
2024-08-29 08:00:00,408.7598126897924,27.89296228421209,168.8791786204407,29.635348333283417,233.1374270846507,436.6527749740045
2024-08-29 09:00:00,404.18270922776003,37.031357234967295,168.229229424006,28.66176672233217,304.57547264775553,441.2140664627273
2024-08-29 10:00:00,388.6669794609101,48.95196646073146,172.69561626274796,28.35887780198056,405.5917447378111,437.61894592164157
2024-08-29 11:00:00,312.80232644367976,50.98062221176088,134.43029339660907,27.44696395265963,416.2883882706349,363.78294865544063
2024-08-29 12:00:00,342.799892866435,60.21804268638288,155.1988602737866,26.301604993859385,496.6829584066808,403.0179355528179
2024-08-29 13:00:00,238.99842502757537,60.434366548654005,103.50436992927138,27.034906809462946,494.68353082799945,299.43279157622936
2024-08-29 14:00:00,179.06094631209706,51.96591025989712,65.9728840053495,26.609095745821783,416.6607734814392,231.0268565719942
2024-08-29 15:00:00,425.4259783050602,57.322874674570876,201.38940855530043,26.32499857100779,446.62737501272437,482.74885297963107
2024-08-29 16:00:00,390.958361257347,29.22832107885458,156.16933901146157,26.47763658915646,224.8502492598402,420.1866823362016
2024-08-29 17:00:00,419.2563859975994,23.222948115358086,180.56252027402311,27.45003277255143,157.91173965792322,442.4793341129575
2024-08-29 18:00:00,431.25284080093036,5.075759049974374e-15,178.29907079177786,28.323083670280948,5.2077003791260614e-14,431.25284080093036
2024-08-29 19:00:00,427.069161142076,0.0,167.35654486920527,28.039936863423318,0.0,427.069161142076
2024-08-29 20:00:00,434.75894561422524,0.0,170.3526567920258,29.93068151952897,0.0,434.75894561422524
2024-08-29 21:00:00,288.169979534406,0.0,96.12701604715987,30.974985067333144,0.0,288.169979534406
2024-08-29 22:00:00,35.387598482663236,0.0,0.0,30.31661675828367,0.0,35.387598482663236
2024-08-29 23:00:00,34.06462298091118,0.0,0.0,32.31580962179312,0.0,34.06462298091118
2024-08-30 00:00:00,37.08157670381324,0.0,0.0,33.481984855017075,0.0,37.08157670381324
2024-08-30 01:00:00,27.889555206316604,0.0,0.0,33.77477092371777,0.0,27.889555206316604
2024-08-30 02:00:00,39.018404268033485,0.0,0.0,34.004815551964164,0.0,39.018404268033485
2024-08-30 03:00:00,37.6408276906695,0.0,0.0,33.32054847057637,0.0,37.6408276906695
2024-08-30 04:00:00,31.382046835841493,0.0,0.0,32.61472707048156,0.0,31.382046835841493
2024-08-30 05:00:00,33.38268157117888,0.0,0.0,31.67859294284397,0.0,33.38268157117888
2024-08-30 06:00:00,213.68337544647034,0.0,52.97708858790078,32.399702994857776,0.0,213.68337544647034
2024-08-30 07:00:00,432.8702460823053,11.0727919939488,170.7615294293136,31.360990779329743,91.0603520630978,443.9430380762541
2024-08-30 08:00:00,411.75533870331424,29.413351980045746,172.069068265837,30.687835839987983,248.92074027877672,441.16869068335996
2024-08-30 09:00:00,411.8379794470486,33.409675454550566,174.66315246901806,28.835154037292856,272.65378296833336,445.24765490159916
2024-08-30 10:00:00,387.3667511646113,43.962243937254065,166.04108944115393,28.755509585886433,362.0271958022967,431.32899510186536
2024-08-30 11:00:00,377.18677423626235,72.34207347118551,181.011617794023,26.877377164442436,605.8016137450132,449.5288477074479
2024-08-30 12:00:00,347.7736210527597,54.791868479636406,150.71116502535696,26.637755681973307,443.61652305980596,402.5654895323961
2024-08-30 13:00:00,288.70646989517684,48.64202167474161,113.53703732223758,26.78583959081593,392.7562337099764,337.34849156991845
2024-08-30 14:00:00,159.25820835995148,59.3395407179344,59.47976049905922,26.93519518948696,476.7129338685623,218.59774907788588
2024-08-30 15:00:00,379.6583012779801,34.76742695267838,163.2206532772369,27.562357206510523,276.3662883574751,414.4257282306585
2024-08-30 16:00:00,404.1645760104578,27.69519981113374,176.23441693591414,26.95247042862901,214.43027521773,431.85977582159154
2024-08-30 17:00:00,382.62590128441394,20.724526269707717,156.50327393610007,27.195842779526302,144.36728861049644,403.35042755412167
2024-08-30 18:00:00,443.85144980402526,4.967381876752986e-15,177.3585842254836,27.895016935658035,5.70825924813943e-14,443.85144980402526
2024-08-30 19:00:00,418.6377404628022,0.0,159.344040230606,28.85380174420278,0.0,418.6377404628022
2024-08-30 20:00:00,430.9347855036526,0.0,166.9491949409412,31.21410477281131,0.0,430.9347855036526
2024-08-30 21:00:00,286.7634474381224,0.0,97.2068273057319,31.3878948229998,0.0,286.7634474381224
2024-08-30 22:00:00,32.699955346469565,0.0,0.0,32.40985729975498,0.0,32.699955346469565
2024-08-30 23:00:00,33.38853714094298,0.0,0.0,32.45897231513672,0.0,33.38853714094298
2024-08-31 00:00:00,33.25622836526487,0.0,0.0,32.08104149468613,0.0,33.25622836526487
2024-08-31 01:00:00,34.293772149356066,0.0,0.0,32.78114956763097,0.0,34.293772149356066
2024-08-31 02:00:00,33.82717800977517,0.0,0.0,32.2978775447495,0.0,33.82717800977517
2024-08-31 03:00:00,33.67509088663425,0.0,0.0,32.28586337137837,0.0,33.67509088663425
2024-08-31 04:00:00,37.267887819702366,0.0,0.0,31.744513677753588,0.0,37.267887819702366
2024-08-31 05:00:00,36.34290507656377,0.0,0.0,31.301904306914327,0.0,36.34290507656377
2024-08-31 06:00:00,173.45583744065766,0.0,52.8640626590928,30.825266228891632,0.0,173.45583744065766
2024-08-31 07:00:00,409.6728490507136,13.93486513477327,171.82132888174482,29.545788517416813,119.97966854458484,423.6077141854868
2024-08-31 08:00:00,321.5049579190885,27.636237314769478,128.47253988300045,29.193766412204663,231.01732415831313,349.14119523385796
2024-08-31 09:00:00,250.8957712102418,41.28316451923657,108.18727729898346,28.287201137556703,342.5077474089098,292.1789357294784
2024-08-31 10:00:00,255.69123637437042,50.74677127142531,128.97900146698598,27.21115260121188,420.9540794221449,306.4380076457957
2024-08-31 11:00:00,299.1767131730504,58.160125540780285,142.0914248372948,26.162173260705345,476.31224550358485,357.33683871383073
2024-08-31 12:00:00,273.2285205118879,53.80194041172104,134.96463526015344,26.072169533870362,435.14898150300644,327.0304609236089
2024-08-31 13:00:00,195.2611724358579,52.59236340765764,92.72131416651621,25.417584249152334,423.52634109041304,247.85353584351554
2024-08-31 14:00:00,8.159869396737804,51.126778516540995,0.0,25.574074006192987,408.4583936100379,59.2866479132788
2024-08-31 15:00:00,19.668702258400018,43.13857264588805,0.0,26.21910026432995,337.47251173503616,62.807274904288064
2024-08-31 16:00:00,29.38360186090272,29.2194844987101,0.0,25.393217950842416,223.65361696088956,58.60308635961282
2024-08-31 17:00:00,45.847837690716304,18.212468570246457,0.0,27.66264635693374,130.7758791628601,64.06030626096276
2024-08-31 18:00:00,64.51879719696812,4.810125870621104e-15,0.0,27.264515126746097,4.1973286098626304e-14,64.51879719696812
2024-08-31 19:00:00,54.684917843613846,0.0,0.0,28.350829901734105,0.0,54.684917843613846
2024-08-31 20:00:00,55.08478496931403,0.0,0.0,28.674401877519053,0.0,55.08478496931403
2024-08-31 21:00:00,63.017893524779005,0.0,0.0,30.527749355269616,0.0,63.017893524779005
2024-08-31 22:00:00,38.971088159717304,0.0,0.0,30.737963687914633,0.0,38.971088159717304
2024-08-31 23:00:00,27.01536410574917,0.0,0.0,31.328591501893296,0.0,27.01536410574917
2024-09-01 00:00:00,15.57758917967443,0.0,0.0,30.63555886474557,0.0,15.57758917967443
2024-09-01 01:00:00,25.265801530346945,0.0,0.0,31.13872184125496,0.0,25.265801530346945
2024-09-01 02:00:00,17.574296956745613,0.0,0.0,31.601401123614274,0.0,17.574296956745613
2024-09-01 03:00:00,27.713063045083373,0.0,0.0,31.359373199464844,0.0,27.713063045083373
2024-09-01 04:00:00,15.017716152204429,0.0,0.0,30.90338650882822,0.0,15.017716152204429
2024-09-01 05:00:00,13.132030795234604,0.0,0.0,30.011390487315822,0.0,13.132030795234604
2024-09-01 06:00:00,10.039223458051605,0.0,0.0,29.25764072517533,0.0,10.039223458051605
2024-09-01 07:00:00,3.1502798744384437,9.621566002338644,0.0,28.567656978706776,77.00762091640863,12.771845876777089
2024-09-01 08:00:00,0.0,24.939436927462538,0.0,28.122365318218176,203.1800073271156,24.939436927462538
2024-09-01 09:00:00,0.0,50.334547066675306,0.0,27.317490742164196,426.63051839680685,50.334547066675306
2024-09-01 10:00:00,0.0,57.40167878717879,0.0,26.54074956058683,480.8159942554406,57.40167878717879
2024-09-01 11:00:00,0.0,68.80858176074257,0.0,25.416620281215497,572.1519138891682,68.80858176074257
2024-09-01 12:00:00,0.0,73.16884156314401,0.0,25.052919519351192,597.5550749909294,73.16884156314401
2024-09-01 13:00:00,0.0,64.71585476220929,0.0,24.427261717684623,524.7250086612238,64.71585476220929
2024-09-01 14:00:00,0.0,50.2545925675801,0.0,23.521078466673632,396.35405301665077,50.2545925675801
2024-09-01 15:00:00,0.0,37.30061533160732,0.0,24.403523675356382,292.2169590046169,37.30061533160732
2024-09-01 16:00:00,0.0,38.71784437893381,0.0,24.673475236213406,289.620424255058,38.71784437893381
2024-09-01 17:00:00,0.0,18.00277675215119,0.0,24.897831125770377,128.63188120219277,18.00277675215119
2024-09-01 18:00:00,13.007649686010907,2.380846559918456e-15,0.0,25.858530374261417,8.347608871553224e-14,13.00764968601091
2024-09-01 19:00:00,13.632218888077723,0.0,0.0,27.053906511424483,0.0,13.632218888077723
2024-09-01 20:00:00,12.360714916659315,0.0,0.0,27.32560406929528,0.0,12.360714916659315
2024-09-01 21:00:00,14.634148796056666,0.0,0.0,28.442701384288736,0.0,14.634148796056666
2024-09-01 22:00:00,12.918890078233442,0.0,0.0,30.416178469914176,0.0,12.918890078233442
2024-09-01 23:00:00,9.947169974914642,0.0,0.0,29.56574803335058,0.0,9.947169974914642
2024-09-02 00:00:00,31.206648141276737,0.0,0.0,32.68788931210573,0.0,31.206648141276737
2024-09-02 01:00:00,30.013239428002365,0.0,0.0,32.54597718779344,0.0,30.013239428002365
2024-09-02 02:00:00,26.86276934327077,0.0,0.0,32.87257307975069,0.0,26.86276934327077
2024-09-02 03:00:00,22.304226244383397,0.0,0.0,33.03026325586642,0.0,22.304226244383397
2024-09-02 04:00:00,20.395888073488823,0.0,0.0,32.2856923305949,0.0,20.395888073488823
2024-09-02 05:00:00,33.48970130462183,0.0,0.0,32.51023052049987,0.0,33.48970130462183
2024-09-02 06:00:00,195.20940170383653,0.0,68.26269873380606,32.17396678854995,0.0,195.20940170383653
2024-09-02 07:00:00,354.4102414849036,15.6899631377324,165.75352085542104,31.07509720457393,142.53970854801474,370.100204622636
2024-09-02 08:00:00,287.29537255734465,22.50672376516284,147.82725178315744,30.260698037524175,183.64778470633684,309.8020963225075
2024-09-02 09:00:00,302.53638980723207,50.54521599767519,167.99867137824737,28.152656981290512,428.6843240694388,353.08160580490727
2024-09-02 10:00:00,299.2550637931887,50.44381709482673,160.7343518025912,27.876855967754175,417.3599962442289,349.6988808880154
2024-09-02 11:00:00,300.14074506959247,63.50757310148205,168.9375060227208,27.507228278187544,530.2154907414678,363.6483181710745
2024-09-02 12:00:00,295.48336856461236,66.87559566639969,176.99711415790202,27.152898022475473,555.6311445563769,362.35896423101207
2024-09-02 13:00:00,190.8107741805485,72.49625839640565,107.89142421803838,27.244327582956917,591.7623905443158,263.30703257695416
2024-09-02 14:00:00,147.6193538111635,54.15151608261625,66.85067803560516,26.782911274478213,433.4351554091991,201.77086989377975
2024-09-02 15:00:00,330.2382359445226,30.99235412627449,173.44672832803585,26.815895398488944,245.4088485089664,361.2305900707971
2024-09-02 16:00:00,300.38004075696284,33.33849180196308,156.55231912265322,28.034100355687883,256.39933369873893,333.7185325589259
2024-09-02 17:00:00,339.619913288882,18.994628861602347,183.68739275477202,27.321672285314474,135.54630069456306,358.61454215048434
2024-09-02 18:00:00,85.18479724027124,5.080663852306447e-15,0.0,27.853862259542957,5.264182762666487e-14,85.18479724027124
2024-09-02 19:00:00,352.61408904677927,0.0,161.57677223861467,28.931203772635143,0.0,352.61408904677927
2024-09-02 20:00:00,389.1672058064259,0.0,185.40419228100436,29.29086510082034,0.0,389.1672058064259
2024-09-02 21:00:00,237.33297096548637,0.0,94.23154200595644,30.688075029406466,0.0,237.33297096548637
2024-09-02 22:00:00,26.428172710579243,0.0,0.0,30.634965381775,0.0,26.428172710579243
2024-09-02 23:00:00,21.706416752239576,0.0,0.0,31.958505694532754,0.0,21.706416752239576
2024-09-03 00:00:00,29.33765658508412,0.0,0.0,32.03221961494677,0.0,29.33765658508412
2024-09-03 01:00:00,22.42577607679723,0.0,0.0,32.914355680172285,0.0,22.42577607679723
2024-09-03 02:00:00,27.970298304789882,0.0,0.0,33.11434291492721,0.0,27.970298304789882
2024-09-03 03:00:00,28.85224195780236,0.0,0.0,31.957729502370224,0.0,28.85224195780236
2024-09-03 04:00:00,29.82959205270148,0.0,0.0,33.127903272961355,0.0,29.82959205270148
2024-09-03 05:00:00,24.679502743512714,0.0,0.0,31.60785811610669,0.0,24.679502743512714
2024-09-03 06:00:00,184.31626275456534,0.0,57.15081459465526,30.92882012574941,0.0,184.31626275456534
2024-09-03 07:00:00,337.44135141026453,16.005183817697738,158.22262089637334,29.155817558098683,144.42903993376038,353.4465352279623
2024-09-03 08:00:00,346.01164696629274,29.994693512167686,187.9636155987573,28.748768947673994,252.3601046996704,376.0063404784604
2024-09-03 09:00:00,256.72202145239004,42.98107579719081,127.53285169882948,28.67784289064144,358.9872773387242,299.7030972495809
2024-09-03 10:00:00,302.4039150049365,52.39446325352778,166.68948745407548,27.393686874090573,434.3604824343164,354.79837825846425
2024-09-03 11:00:00,289.56176519649205,41.90633830932482,154.53894179789893,26.637831271707547,338.638474459876,331.4681035058169
2024-09-03 12:00:00,295.56412590203945,48.18330464796588,162.23403732290313,26.141294814776227,388.89775606123186,343.74743055000533
2024-09-03 13:00:00,180.0945326273683,53.19299198594404,95.54941423445493,24.956455098179262,424.91438872145454,233.28752461331234
2024-09-03 14:00:00,160.0423566834494,43.4863404684239,72.33918946134798,25.51049336603328,346.6847955252278,203.5286971518733
2024-09-03 15:00:00,317.21253300041064,33.40627477659751,165.8878328877004,26.382222428371097,264.8666250664128,350.61880777700816
2024-09-03 16:00:00,353.63073111576796,20.02014514692539,181.67382366625884,26.571062540521236,156.59871548210134,373.6508762626934
2024-09-03 17:00:00,350.1947302572799,11.997365125168777,186.18816927719774,26.52132418752331,91.40105727085283,362.19209538244866
2024-09-03 18:00:00,339.8454910516075,5.066421917157904e-15,165.4933005922577,28.090631979914804,5.339298940922368e-14,339.8454910516075
2024-09-03 19:00:00,325.47880572696323,0.0,159.06828560205795,27.523381731491003,0.0,325.47880572696323
2024-09-03 20:00:00,348.3526037684804,0.0,171.22353432808168,28.572948810305896,0.0,348.3526037684804
2024-09-03 21:00:00,91.80926244274356,0.0,0.0,30.8964754891715,0.0,91.80926244274356
2024-09-03 22:00:00,22.67385326273977,0.0,0.0,31.097784201888285,0.0,22.67385326273977
2024-09-03 23:00:00,27.792997007585157,0.0,0.0,31.389227705835783,0.0,27.792997007585157
2024-09-04 00:00:00,32.26787952214828,0.0,0.0,34.62747096239708,0.0,32.26787952214828
2024-09-04 01:00:00,26.051778829256687,0.0,0.0,34.60146616761731,0.0,26.051778829256687
2024-09-04 02:00:00,27.403179698376515,0.0,0.0,35.262337633072896,0.0,27.403179698376515
2024-09-04 03:00:00,27.94222473637921,0.0,0.0,35.103475947336634,0.0,27.94222473637921
2024-09-04 04:00:00,27.775625457609955,0.0,0.0,34.66507260034605,0.0,27.775625457609955
2024-09-04 05:00:00,26.80038201531439,0.0,0.0,33.51903695871653,0.0,26.80038201531439
2024-09-04 06:00:00,172.24954027160447,0.0,58.38828098141839,33.50641938770362,0.0,172.24954027160447
2024-09-04 07:00:00,332.6326083381477,13.52038580413883,168.8950528393295,32.26515227381698,115.67467758834886,346.1529941422865
2024-09-04 08:00:00,304.29490698691495,31.1865377739046,160.81626618053684,31.131052701924574,266.2958833876838,335.48144476081956
2024-09-04 09:00:00,310.1170728731992,34.37700133912848,158.0642503433351,31.351545920079026,283.934235441278,344.4940742123277
2024-09-04 10:00:00,268.2833815176503,52.109386442328606,153.59940786870357,30.958902011086796,437.0656271279936,320.3927679599789
2024-09-04 11:00:00,332.0616935050096,63.225320525473,154.67561743260282,30.12047766242607,528.425333120894,395.2870140304826
2024-09-04 12:00:00,396.31340978803445,69.34588730723573,185.71807404497778,28.918013800804772,572.5398394980059,465.6592970952702
2024-09-04 13:00:00,236.90448778276874,52.613065027639955,95.39647395725288,28.110508400617835,430.3062651889276,289.5175528104087
2024-09-04 14:00:00,200.62513004993298,53.96794067778368,73.54880615655749,28.088863540866857,437.26631566913994,254.59307072771665
2024-09-04 15:00:00,394.9069752921738,46.14518999253798,167.16193859535787,28.446102071888568,365.968591973707,441.0521652847118
2024-09-04 16:00:00,355.72629239645136,41.14857348901112,146.31020872768013,28.382828542693037,310.57208673788625,396.8748658854625
2024-09-04 17:00:00,429.103948488421,13.256179904774632,168.14767309453714,29.80857262807745,101.19345631216845,442.3601283931956
2024-09-04 18:00:00,387.59648772234425,5.053524290537383e-15,145.39932726643775,28.856177585004897,5.318871071718677e-14,387.59648772234425
2024-09-04 19:00:00,438.81895841021543,0.0,175.01790294109526,30.57031189731663,0.0,438.81895841021543
2024-09-04 20:00:00,409.530572525418,0.0,161.57173969295184,32.024577078202825,0.0,409.530572525418
2024-09-04 21:00:00,308.950376422517,0.0,107.466300226856,32.107328166388086,0.0,308.950376422517
2024-09-04 22:00:00,,0.0,0.0,33.25396688658025,0.0,
2024-09-04 23:00:00,,0.0,0.0,34.39573677444368,0.0,
2024-09-05 00:00:00,,0.0,0.0,32.66234693295806,0.0,
2024-09-05 01:00:00,,0.0,0.0,31.605894717122236,0.0,
2024-09-05 02:00:00,,0.0,0.0,31.68808622231619,0.0,
2024-09-05 03:00:00,,0.0,0.0,31.77984876428544,0.0,
2024-09-05 04:00:00,,0.0,0.0,31.13444445418508,0.0,
2024-09-05 05:00:00,,0.0,0.0,30.613807972640803,0.0,
2024-09-05 06:00:00,,0.0,75.46140260999701,30.135792867346275,0.0,
2024-09-05 07:00:00,,12.292964003298184,136.36680530930605,30.39473689817544,101.60499274945415,
2024-09-05 08:00:00,,21.815520469075956,157.39109808096234,28.716085057159244,176.3654262346778,
2024-09-05 09:00:00,,33.80906717445144,145.04390997789574,27.981944361413106,274.0564977035569,
2024-09-05 10:00:00,,33.969710792877315,200.61131008555296,26.644391337816536,271.81357019412116,
2024-09-05 11:00:00,,50.7844497193994,157.73484549751996,26.714018269573,411.6738442470955,
2024-09-05 12:00:00,,49.11038431935677,143.30064781538485,26.778916566864474,398.5665856431547,
2024-09-05 13:00:00,,54.30740704799312,121.17935244178581,25.047568132162176,436.2572869199431,
2024-09-05 14:00:00,,45.928558304308446,61.207919256134716,26.23449765173099,368.18088155571894,
2024-09-05 15:00:00,,38.17176853949327,138.23929902982894,25.673595265765808,300.9564870190704,
2024-09-05 16:00:00,,19.177459635439092,145.886412574188,25.849466302592443,149.9944705862726,
2024-09-05 17:00:00,,15.680904491096669,167.36265456749697,26.59731164820333,115.78147251753096,
2024-09-05 18:00:00,,5.03881015706757e-15,165.75483257406017,27.31738671567713,4.7119810720845704e-14,
2024-09-05 19:00:00,,0.0,151.20595713686788,28.89480901786642,0.0,
2024-09-05 20:00:00,,0.0,156.99671202019528,29.132233832104486,0.0,
2024-09-05 21:00:00,,0.0,99.52550215361354,30.048543709622933,0.0,
2024-09-05 22:00:00,,0.0,0.0,30.411373556212354,0.0,
2024-09-05 23:00:00,,0.0,0.0,31.76653576857874,0.0,
2024-09-06 00:00:00,,0.0,0.0,31.889891073250944,0.0,
2024-09-06 01:00:00,,0.0,0.0,32.77246803361843,0.0,
2024-09-06 02:00:00,,0.0,0.0,34.278867424707315,0.0,
2024-09-06 03:00:00,,0.0,0.0,31.46587107900549,0.0,
2024-09-06 04:00:00,,0.0,0.0,32.48488805823016,0.0,
2024-09-06 05:00:00,,0.0,0.0,31.947910841409264,0.0,
2024-09-06 06:00:00,,0.0,74.73782394321003,30.973181125573298,0.0,
2024-09-06 07:00:00,,13.048334090327748,170.4991025177797,30.140832674142008,109.09147323393067,
2024-09-06 08:00:00,,27.520377156118823,155.70776342120942,29.38293053339764,227.36988050973343,
2024-09-06 09:00:00,,44.516823374659616,161.23098601009318,28.305357351225812,372.5513899393033,
2024-09-06 10:00:00,,42.99020224881793,177.70021386211417,27.698215511227403,348.4381725559932,
2024-09-06 11:00:00,,56.64817797131695,192.72110363359482,26.618546559755536,462.3452375049154,
2024-09-06 12:00:00,,68.44660645052754,146.77395792117602,27.317333142944904,569.7499866224341,
2024-09-06 13:00:00,,60.44125296988685,110.02968446350302,25.830478383156485,485.87998707839813,
2024-09-06 14:00:00,,62.6877638152607,63.93566297304563,26.122031350629257,503.83622671572505,
2024-09-06 15:00:00,,52.061303913884196,138.20025728782477,25.621967204883553,405.26364270736127,
2024-09-06 16:00:00,,31.830248257891554,134.93312721139827,26.772708248771938,243.7818370305308,
2024-09-06 17:00:00,,10.361745876497366,187.01388133392035,27.229085806339654,80.0742685467004,
2024-09-06 18:00:00,,5.075352752253031e-15,188.98039613814817,27.796855765082984,4.934553434608949e-14,
2024-09-06 19:00:00,,0.0,155.61013846454193,27.917691310848816,0.0,
2024-09-06 20:00:00,,0.0,161.49961329181184,28.96102412653514,0.0,
2024-09-06 21:00:00,,0.0,81.35464635081883,31.086178797548815,0.0,
2024-09-06 22:00:00,,0.0,0.0,30.70548879296156,0.0,
2024-09-06 23:00:00,,0.0,0.0,32.13255046607607,0.0,
2024-09-07 00:00:00,,0.0,0.0,31.407261917710123,0.0,
2024-09-07 01:00:00,,0.0,0.0,32.73344067936786,0.0,
2024-09-07 02:00:00,,0.0,0.0,32.005309990806545,0.0,
2024-09-07 03:00:00,,0.0,0.0,31.747655117796974,0.0,
2024-09-07 04:00:00,,0.0,0.0,31.52342634445232,0.0,
2024-09-07 05:00:00,,0.0,0.0,31.04648110537764,0.0,
2024-09-07 06:00:00,,0.0,0.0,30.800845347017347,0.0,
2024-09-07 07:00:00,,14.356652143722684,0.0,29.789067180482952,122.71892081498302,
2024-09-07 08:00:00,,29.99446818460175,0.0,28.30093062959882,249.4267175000135,
2024-09-07 09:00:00,26.02358095414064,37.55418490643605,0.0,27.928668504797002,307.3083069145064,63.57776586057669
2024-09-07 10:00:00,7.742407681720927,55.31315561281325,0.0,26.526757965909688,457.98473857307556,63.055563294534174
2024-09-07 11:00:00,7.901987303670616,56.14773618494676,0.0,26.695413617902812,460.1072903724976,64.04972348861737
2024-09-07 12:00:00,0.268877470953214,63.70087454895311,0.0,26.230871205745903,524.9695432208265,63.96975201990632
2024-09-07 13:00:00,4.795019896110901,57.23987571448457,0.0,25.455794608268818,463.4214428104813,62.03489561059547
2024-09-07 14:00:00,6.9079830416269985,53.334403714633524,0.0,25.484335371051618,427.49093816751684,60.24238675626052
2024-09-07 15:00:00,24.946645828620653,37.42784434391451,0.0,26.343830332875704,294.83205832154385,62.37449017253516
2024-09-07 16:00:00,37.54735696273697,27.004042256679757,0.0,25.73861826011364,208.5393097133603,64.55139921941672
2024-09-07 17:00:00,39.41554887746621,20.476192843177397,0.0,25.901505960376877,144.4395072341791,59.89174172064361
2024-09-07 18:00:00,65.01742155698177,4.627113662743379e-15,0.0,27.38810628752413,6.286308732648186e-14,65.01742155698177
2024-09-07 19:00:00,55.420111801153,0.0,0.0,27.37631512881374,0.0,55.420111801153
2024-09-07 20:00:00,57.5781216600114,0.0,0.0,28.743224187918766,0.0,57.5781216600114
2024-09-07 21:00:00,62.269223563167714,0.0,0.0,29.454880304372303,0.0,62.269223563167714
2024-09-07 22:00:00,36.34056878711107,0.0,0.0,30.2475987529508,0.0,36.34056878711107
2024-09-07 23:00:00,32.10200121358261,0.0,0.0,31.198338605885898,0.0,32.10200121358261
2024-09-08 00:00:00,12.546386818359226,0.0,0.0,31.862116266110835,0.0,12.546386818359226
2024-09-08 01:00:00,14.926271951940722,0.0,0.0,32.31465647593209,0.0,14.926271951940722
2024-09-08 02:00:00,16.613182613470137,0.0,0.0,32.34418462130359,0.0,16.613182613470137
2024-09-08 03:00:00,15.780706291732631,0.0,0.0,31.929999126334202,0.0,15.780706291732631
2024-09-08 04:00:00,19.6776293158505,0.0,0.0,31.283312322309968,0.0,19.6776293158505
2024-09-08 05:00:00,18.272896825889895,0.0,0.0,29.677042926211193,0.0,18.272896825889895
2024-09-08 06:00:00,18.13615486186002,0.0,0.0,30.314912186396896,0.0,18.13615486186002
2024-09-08 07:00:00,4.675439752475587,13.984528493040553,0.0,28.147282485237636,117.08394729551728,18.65996824551614
2024-09-08 08:00:00,0.0,27.791499339414788,0.0,27.41939805152175,227.8836907608891,27.791499339414788
2024-09-08 09:00:00,0.0,32.18067910248796,0.0,27.39438120400596,259.5904242567376,32.18067910248796
2024-09-08 10:00:00,0.0,48.00976404374444,0.0,26.763370312073505,392.1480689180451,48.00976404374444
2024-09-08 11:00:00,0.0,44.47011272444299,0.0,25.68066550369071,359.78565486886686,44.47011272444299
2024-09-08 12:00:00,0.0,40.812317924520805,0.0,26.117758350809705,327.91909417600186,40.812317924520805
2024-09-08 13:00:00,0.0,46.33775192475342,0.0,25.231392126505774,372.73492663567066,46.33775192475342
2024-09-08 14:00:00,0.0,63.90912851952622,0.0,24.75637773636063,504.9077720987677,63.90912851952622
2024-09-08 15:00:00,0.0,40.19976503119128,0.0,25.693496270337416,316.63857841583075,40.19976503119128
2024-09-08 16:00:00,0.0,31.637751032949037,0.0,26.132549450294768,242.53395143549466,31.637751032949037
2024-09-08 17:00:00,1.8399702741270278,14.915121040240289,0.0,26.162487302342676,111.11917098220273,16.755091314367316
2024-09-08 18:00:00,14.306339071031696,4.746893673594549e-15,0.0,26.24345285987951,4.069199386730639e-14,14.3063390710317
2024-09-08 19:00:00,20.5632487101048,0.0,0.0,27.20007981638857,0.0,20.5632487101048
2024-09-08 20:00:00,20.37984025036523,0.0,0.0,27.65771233326159,0.0,20.37984025036523
2024-09-08 21:00:00,17.354806863966406,0.0,0.0,29.265739907716824,0.0,17.354806863966406
2024-09-08 22:00:00,19.97765177523134,0.0,0.0,29.60606096903599,0.0,19.97765177523134
2024-09-08 23:00:00,14.116267080125828,0.0,0.0,30.691418039312914,0.0,14.116267080125828
2024-09-09 00:00:00,31.783699756972485,0.0,0.0,31.350839205268038,0.0,31.783699756972485
2024-09-09 01:00:00,30.547327984365047,0.0,0.0,30.578336211504688,0.0,30.547327984365047
2024-09-09 02:00:00,32.718042066569105,0.0,0.0,31.0575795062343,0.0,32.718042066569105
2024-09-09 03:00:00,27.15165099691095,0.0,0.0,31.316766505088996,0.0,27.15165099691095
2024-09-09 04:00:00,30.68498685133674,0.0,0.0,31.194275369378868,0.0,30.68498685133674
2024-09-09 05:00:00,28.940754265944342,0.0,0.0,30.41737847477878,0.0,28.940754265944342
2024-09-09 06:00:00,234.9665908455984,0.0,71.02947024173075,29.80419117480173,0.0,234.9665908455984
2024-09-09 07:00:00,418.98061581240836,13.896303939055812,164.5317220221902,28.742223200290965,116.45051887913058,432.8769197514642
2024-09-09 08:00:00,348.5529836793255,26.900422311899074,139.3874253986179,27.464750219590606,219.54320232586068,375.4534059912246
2024-09-09 09:00:00,402.6508565797073,42.87691488382398,168.378222502899,27.016208093940246,353.58903988440494,445.5277714635313
2024-09-09 10:00:00,338.2422715159677,44.51328130669765,142.0743100249708,26.332865878029768,361.07873315480634,382.7555528226653
2024-09-09 11:00:00,395.1591776421704,57.78780281318989,174.19869522119436,25.559381354538882,470.5814666161805,452.9469804553603
2024-09-09 12:00:00,338.7062251672297,51.49876664041562,147.13369649465903,25.21425918664761,413.9670993280084,390.20499180764534
2024-09-09 13:00:00,238.71157972280048,54.94054080865514,102.33698476713873,25.01815703372078,444.393168266816,293.65212053145564
2024-09-09 14:00:00,182.90304157495314,34.231646919419674,61.68998567300509,25.030313253943255,270.9207251530894,217.13468849437282
2024-09-09 15:00:00,329.96174290076385,20.479124969724705,125.96596331905162,24.491934330727485,160.19270501471013,350.44086787048855
2024-09-09 16:00:00,416.2697932594476,29.75555067517148,181.43666154792703,24.37046282528949,227.8746953470823,446.0253439346191
2024-09-09 17:00:00,438.4448132860889,16.10814416947983,182.3404174203169,26.350374589206307,119.01166085617523,454.55295745556873
2024-09-09 18:00:00,415.50322081681674,5.0060890154707064e-15,156.39057444868408,26.632173098300463,5.6724905823154725e-14,415.50322081681674
2024-09-09 19:00:00,437.45825125068734,0.0,169.52801324913764,26.806252307049128,0.0,437.45825125068734
2024-09-09 20:00:00,430.49064794586786,0.0,172.22993619942181,28.32830266874113,0.0,430.49064794586786
2024-09-09 21:00:00,301.41385280991835,0.0,103.65784557611907,29.629314164987804,0.0,301.41385280991835
2024-09-09 22:00:00,25.83228942043606,0.0,0.0,30.804038403114614,0.0,25.83228942043606
2024-09-09 23:00:00,36.17182365931652,0.0,0.0,30.7896290127267,0.0,36.17182365931652
2024-09-10 00:00:00,35.096545241440424,0.0,0.0,32.41401684551075,0.0,35.096545241440424
2024-09-10 01:00:00,38.916659872335636,0.0,0.0,31.629031969444654,0.0,38.916659872335636
2024-09-10 02:00:00,33.04402936929804,0.0,0.0,32.33514123779194,0.0,33.04402936929804
2024-09-10 03:00:00,27.45307797648035,0.0,0.0,32.06632668097386,0.0,27.45307797648035
2024-09-10 04:00:00,27.003942476497347,0.0,0.0,32.055466452687924,0.0,27.003942476497347
2024-09-10 05:00:00,35.15215066247379,0.0,0.0,32.13356331546131,0.0,35.15215066247379
2024-09-10 06:00:00,268.0826735703996,0.0,77.3889500969285,30.72803731072991,0.0,268.0826735703996
2024-09-10 07:00:00,426.2395637109968,20.356494940239795,171.8771693119838,29.290113901815666,191.46920128056058,446.59605865123655
2024-09-10 08:00:00,384.5626630593336,31.676299512719673,159.0986573964314,28.22137332364834,263.80703190643726,416.23896257205325
2024-09-10 09:00:00,404.07765033998845,34.96198899612093,172.06061670005556,28.770115987108426,285.62463792052665,439.03963933610936
2024-09-10 10:00:00,347.50680514577175,51.10298001807034,157.9058578783333,27.359989319782898,422.6394424897748,398.6097851638421
2024-09-10 11:00:00,334.52641173464707,50.85999924242068,147.41835901786618,26.602259552924895,414.2152678914679,385.3864109770677
2024-09-10 12:00:00,391.6701138607528,57.920851348002934,185.12571561428467,25.65013800606566,472.8246654944251,449.59096520875573
2024-09-10 13:00:00,245.5606147081673,56.48159959000701,104.2881888289736,25.606283113912465,456.22014937721985,302.0422142981743
2024-09-10 14:00:00,142.37787526387913,49.757651024505016,53.713311079200416,24.859612660526874,396.8966797269271,192.13552628838414
2024-09-10 15:00:00,360.5166973542137,35.75273605311421,153.71951976834742,25.66595139943037,280.7363778986051,396.26943340732794
2024-09-10 16:00:00,413.2296711498944,41.46670007380906,177.50107626221424,25.23456863205773,311.97039382090514,454.69637122370347
2024-09-10 17:00:00,347.8993411882966,18.878877809730493,139.19689433801838,26.198574656923487,136.04127267188665,366.7782189980271
2024-09-10 18:00:00,394.4850701835652,4.869625022713733e-15,152.57660232370185,26.78164603926058,5.9490254026612e-14,394.4850701835652
2024-09-10 19:00:00,479.4316781286642,0.0,208.914908699195,26.31854213439817,0.0,479.4316781286642
2024-09-10 20:00:00,415.9748468560508,0.0,159.53711587761617,28.67970830032358,0.0,415.9748468560508
2024-09-10 21:00:00,311.5812716804903,0.0,109.71866850201536,29.30952605921764,0.0,311.5812716804903
2024-09-10 22:00:00,36.810191636725285,0.0,0.0,30.49789767164489,0.0,36.810191636725285
2024-09-10 23:00:00,33.55265474454711,0.0,0.0,31.32882774798412,0.0,33.55265474454711
2024-09-11 00:00:00,37.57629339526423,0.0,0.0,33.04046578691296,0.0,37.57629339526423
2024-09-11 01:00:00,40.17531895677761,0.0,0.0,32.658505792767116,0.0,40.17531895677761
2024-09-11 02:00:00,35.083369337889685,0.0,0.0,32.79246721866839,0.0,35.083369337889685
2024-09-11 03:00:00,33.98561689233343,0.0,0.0,32.753958211797986,0.0,33.98561689233343
2024-09-11 04:00:00,27.236246067425814,0.0,0.0,32.59240407154273,0.0,27.236246067425814
2024-09-11 05:00:00,35.44776232346515,0.0,0.0,31.8274243632568,0.0,35.44776232346515
2024-09-11 06:00:00,258.9105180029198,0.0,75.90308218849029,31.016267414388686,0.0,258.9105180029198
2024-09-11 07:00:00,402.6155415356983,15.396304607226927,150.00979241423843,30.38690101931702,133.2080298180309,418.0118461429252
2024-09-11 08:00:00,421.0844053101913,26.762270099545823,169.3950272486497,27.912093691761072,218.446434546538,447.84667540973714
2024-09-11 09:00:00,439.9991321565147,36.520568965775816,198.97053695922688,29.264070035957214,298.2751515079544,476.5197011222905
2024-09-11 10:00:00,378.93785951423683,47.95187698877439,172.58215815183064,28.170275824533324,395.19035205396875,426.88973650301125
2024-09-11 11:00:00,428.54377671951454,52.49917742724317,204.03105839475612,26.759105043953355,430.6201508926595,481.0429541467577
2024-09-11 12:00:00,366.13580217335686,46.39744567314586,154.4912883226253,25.387818763726706,372.4013431805586,412.5332478465027
2024-09-11 13:00:00,282.3585409631446,51.64862091863021,116.79126106747309,26.34984572641136,418.9274782907228,334.00716188177483
2024-09-11 14:00:00,189.8879288816397,54.79869113821698,66.11004832282518,25.27847265264427,436.0024057873822,244.6866200198567
2024-09-11 15:00:00,359.0407678924296,52.51443991721504,159.59657889436818,26.011591018452354,409.719573957488,411.5552078096446
2024-09-11 16:00:00,397.8862642165294,34.44326050858601,175.56067141062113,25.452869188038356,262.6765036691542,432.32952472511545
2024-09-11 17:00:00,407.08308287644354,9.489653915160277,163.16093536454653,27.763740617510273,73.9328621863269,416.5727367916038
2024-09-11 18:00:00,409.9443456585382,4.444362079311615e-15,163.60461532190217,26.654302521122315,6.514610883865176e-14,409.9443456585382
2024-09-11 19:00:00,453.97465019419167,0.0,173.00567821560688,28.25403727947605,0.0,453.97465019419167
2024-09-11 20:00:00,376.1443315632904,0.0,135.17238828544345,28.06431729492088,0.0,376.1443315632904
2024-09-11 21:00:00,275.9696823086519,0.0,91.09330376431755,30.010666333937287,0.0,275.9696823086519
2024-09-11 22:00:00,35.964796876624376,0.0,0.0,30.66276829960749,0.0,35.964796876624376
2024-09-11 23:00:00,33.53677776695287,0.0,0.0,32.168876333282526,0.0,33.53677776695287
2024-09-12 00:00:00,33.663424545372976,0.0,0.0,32.703664677022914,0.0,33.663424545372976
2024-09-12 01:00:00,39.03801887320627,0.0,0.0,33.83531766300822,0.0,39.03801887320627
2024-09-12 02:00:00,37.18893199012077,0.0,0.0,32.87320519577898,0.0,37.18893199012077
2024-09-12 03:00:00,37.702248986674704,0.0,0.0,33.12502507006268,0.0,37.702248986674704
2024-09-12 04:00:00,32.311589785876805,0.0,0.0,32.785398343858596,0.0,32.311589785876805
2024-09-12 05:00:00,34.159401010460236,0.0,0.0,32.60793334154269,0.0,34.159401010460236
2024-09-12 06:00:00,244.21380128007328,0.0,70.76944419925591,31.81945269277684,0.0,244.21380128007328
2024-09-12 07:00:00,447.40911937974045,16.246699776867587,181.36025195600212,31.152244714893815,143.0170740768695,463.655819156608
2024-09-12 08:00:00,420.7613631839868,26.337163395596306,170.89425718859988,30.01868078121818,216.45548079099675,447.0985265795831
2024-09-12 09:00:00,393.32950632510784,44.45507377031977,169.55186407806374,29.310056235021044,369.1852116181585,437.7845800954276
2024-09-12 10:00:00,401.84360967848454,42.02991246138661,171.63864502622752,27.68633351522674,341.03990733629234,443.87352213987117
2024-09-12 11:00:00,408.0250438934814,44.96624998765602,180.80367391654914,27.604791078861012,364.7778629424871,452.9912938811374
2024-09-12 12:00:00,304.2642555359438,75.06094055544798,141.4672379363181,27.658279530050613,617.9170039354694,379.3251960913918
2024-09-12 13:00:00,237.76984448554612,47.31039651023785,93.95620749853637,25.664528703867774,381.5221042757362,285.080240995784
2024-09-12 14:00:00,151.27275147671378,59.69621417187809,65.50876805531027,26.629769457057773,480.484373275668,210.96896564859188
2024-09-12 15:00:00,389.1527915380291,42.473133626336576,168.23052997907675,26.84291497653063,337.085866695789,431.62592516436564
2024-09-12 16:00:00,331.5421945763716,28.009748129321416,130.19096060274126,27.584769755063615,217.89116775046259,359.551942705693
2024-09-12 17:00:00,364.4873193658056,16.143286049048143,144.25300610647415,27.773415212065498,120.17083819753171,380.63060541485373
2024-09-12 18:00:00,430.15580415649043,4.952954356897931e-15,164.72510214450506,28.185423450652664,4.516843703325598e-14,430.15580415649043
2024-09-12 19:00:00,439.66727566358855,0.0,181.71682185360285,29.194435419469507,0.0,439.66727566358855
2024-09-12 20:00:00,418.6302218690048,0.0,158.08584088721028,29.51774656229264,0.0,418.6302218690048
2024-09-12 21:00:00,292.3028135471472,0.0,92.39778806882065,30.59714810125326,0.0,292.3028135471472
2024-09-12 22:00:00,38.11911768972235,0.0,0.0,30.967414059722312,0.0,38.11911768972235
2024-09-12 23:00:00,35.00134401666596,0.0,0.0,33.10365397089834,0.0,35.00134401666596
2024-09-13 00:00:00,40.57612944428773,0.0,0.0,32.12678824268548,0.0,40.57612944428773
2024-09-13 01:00:00,31.65545217776154,0.0,0.0,31.79330483181395,0.0,31.65545217776154
2024-09-13 02:00:00,35.63958397560766,0.0,0.0,32.506299151295806,0.0,35.63958397560766
2024-09-13 03:00:00,34.59607021654094,0.0,0.0,32.83103491697342,0.0,34.59607021654094
2024-09-13 04:00:00,32.40381522774293,0.0,0.0,32.398105745937244,0.0,32.40381522774293
2024-09-13 05:00:00,28.40422392418666,0.0,0.0,30.88167509753423,0.0,28.40422392418666
2024-09-13 06:00:00,263.171734603396,0.0,69.48921174933828,29.05370126202474,0.0,263.171734603396
2024-09-13 07:00:00,417.19870158304434,17.14749844558718,159.58682896310216,29.97418037027153,151.77313303938706,434.34620002863153
2024-09-13 08:00:00,438.29507013324377,27.32628215234772,179.5348247311324,28.4271858540454,222.32948601415882,465.6213522855915
2024-09-13 09:00:00,383.76245469537804,38.186139364662445,161.34812506518983,28.275917765095944,310.97675333378,421.9485940600405
2024-09-13 10:00:00,342.9467032042623,44.10958467434557,146.59893832008783,27.595755864132638,359.5606054010031,387.05628787860786
2024-09-13 11:00:00,404.77534337652594,62.58967911108002,188.4398385329287,26.952563491393292,517.3983754505326,467.365022487606
2024-09-13 12:00:00,399.4843405332152,49.9727444948308,185.41480539098447,26.711901999708246,406.08205106923765,449.457085028046
2024-09-13 13:00:00,231.86875468116628,39.572173177241524,89.54075317173081,26.10805873699143,317.35913047686194,271.4409278584078
2024-09-13 14:00:00,184.993801932189,42.55530919270327,68.61164375103498,26.245395084356527,341.5546302052587,227.54911112489228
2024-09-13 15:00:00,354.5363687091504,49.268190562835066,159.6099552703179,26.179410449570444,386.65142371074177,403.80455927198545
2024-09-13 16:00:00,413.3117511601768,32.98067638566051,175.2145580913827,26.572640543730063,254.60743097938683,446.2924275458373
2024-09-13 17:00:00,386.3160551324716,14.681687304849113,150.5511405459659,26.375312866162716,110.4100378299181,400.9977424373207
2024-09-13 18:00:00,452.18982293964694,4.226543795351858e-15,179.3853963404551,26.47595745434833,6.739723747236969e-14,452.18982293964694
2024-09-13 19:00:00,454.79115742968605,0.0,184.71669951515935,29.2058891393469,0.0,454.79115742968605
2024-09-13 20:00:00,398.0136157969512,0.0,149.36884481075109,28.902097137572525,0.0,398.0136157969512
2024-09-13 21:00:00,287.3547949932161,0.0,99.67023145250796,30.390841359810455,0.0,287.3547949932161
2024-09-13 22:00:00,30.87679748685313,0.0,0.0,30.345483254452404,0.0,30.87679748685313
2024-09-13 23:00:00,41.958390217053456,0.0,0.0,31.82745562539025,0.0,41.958390217053456
2024-09-14 00:00:00,38.34348301677049,0.0,0.0,29.75314024021528,0.0,38.34348301677049
2024-09-14 01:00:00,36.720219910912945,0.0,0.0,31.120051686000988,0.0,36.720219910912945
2024-09-14 02:00:00,23.901075061214776,0.0,0.0,31.395327447793584,0.0,23.901075061214776
2024-09-14 03:00:00,37.214416807110844,0.0,0.0,31.55657776565406,0.0,37.214416807110844
2024-09-14 04:00:00,37.041558809907606,0.0,0.0,31.511634241035818,0.0,37.041558809907606
2024-09-14 05:00:00,35.59514716351369,0.0,0.0,29.872335262827484,0.0,35.59514716351369
2024-09-14 06:00:00,58.30191377028288,0.0,0.0,30.024517083949828,0.0,58.30191377028288
2024-09-14 07:00:00,44.78755265548289,11.22057258733507,0.0,29.46373313566692,90.59969105576194,56.00812524281796
2024-09-14 08:00:00,35.28362391342199,21.247126002511035,0.0,29.117488780866854,171.21571503802903,56.53074991593303
2024-09-14 09:00:00,18.62152009326563,39.24070199183914,0.0,27.39198032354967,319.61946099238435,57.86222208510477
2024-09-14 10:00:00,18.910838212615708,40.539159930437,0.0,25.964779998749115,325.3962664046389,59.44999814305271
2024-09-14 11:00:00,0.0,61.14746417686152,0.0,24.83377692678268,497.98110504303617,61.14746417686152
2024-09-14 12:00:00,12.753394767464087,53.12197593917544,0.0,25.828045225176805,429.3730003006521,65.87537070663953
2024-09-14 13:00:00,14.333935333156624,42.12738840957948,0.0,24.93246356527446,336.014526654684,56.461323742736106
2024-09-14 14:00:00,15.523759968527777,43.559484221088915,0.0,24.433545173699606,344.0362509675832,59.08324418961669
2024-09-14 15:00:00,33.03480608266493,31.908012307552724,0.0,23.75388345036708,248.99743796318384,64.94281839021765
2024-09-14 16:00:00,28.32803847477862,28.822593115394103,0.0,24.447852100795163,222.1794430765193,57.15063159017272
2024-09-14 17:00:00,48.46069081389547,9.293748594749173,0.0,25.78531939972378,71.89935021535359,57.75443940864464
2024-09-14 18:00:00,59.65093902138722,4.602413284572597e-15,0.0,26.371449501552675,3.875319958425935e-14,59.650939021387224
2024-09-14 19:00:00,63.38030227397768,0.0,0.0,26.065500552147675,0.0,63.38030227397768
2024-09-14 20:00:00,52.3631176061496,0.0,0.0,28.26083926774064,0.0,52.3631176061496
2024-09-14 21:00:00,60.717269418916665,0.0,0.0,28.066181423238568,0.0,60.717269418916665
2024-09-14 22:00:00,34.604395968408745,0.0,0.0,30.371537523790856,0.0,34.604395968408745
2024-09-14 23:00:00,30.967611403075445,0.0,0.0,30.52368468109512,0.0,30.967611403075445
2024-09-15 00:00:00,16.473558297589076,0.0,0.0,30.907153392952107,0.0,16.473558297589076
2024-09-15 01:00:00,19.61912702774283,0.0,0.0,31.983592765648297,0.0,19.61912702774283
2024-09-15 02:00:00,20.630308562636905,0.0,0.0,31.784524848304113,0.0,20.630308562636905
2024-09-15 03:00:00,26.040369949569605,0.0,0.0,32.15097940034547,0.0,26.040369949569605
2024-09-15 04:00:00,15.751924577562857,0.0,0.0,31.17910192402154,0.0,15.751924577562857
2024-09-15 05:00:00,20.70362865221342,0.0,0.0,30.652058621436993,0.0,20.70362865221342
2024-09-15 06:00:00,21.496931308708128,0.0,0.0,29.71514998778227,0.0,21.496931308708128
2024-09-15 07:00:00,2.3988289595958,12.84225168438041,0.0,29.145125433323628,105.01147764044529,15.24108064397621
2024-09-15 08:00:00,0.0,27.89517499088583,0.0,28.956750643975848,229.2748546532068,27.89517499088583
2024-09-15 09:00:00,0.0,42.407587492022785,0.0,26.950526461191878,348.24913978868443,42.407587492022785
2024-09-15 10:00:00,0.0,53.723422380456064,0.0,26.68175277874654,439.49317621134094,53.723422380456064
2024-09-15 11:00:00,0.0,51.2401678001219,0.0,25.19267967842433,415.31696156056086,51.2401678001219
2024-09-15 12:00:00,0.0,68.10369803309156,0.0,24.04332023199646,558.4542239941288,68.10369803309156
2024-09-15 13:00:00,0.0,53.17334175379556,0.0,24.830764182254537,427.6328659877502,53.17334175379556
2024-09-15 14:00:00,0.0,46.116365832979135,0.0,24.792977915815932,367.0611913170689,46.116365832979135
2024-09-15 15:00:00,0.0,40.303114830870484,0.0,24.67200917734824,317.29473679780085,40.303114830870484
2024-09-15 16:00:00,0.0,37.73119403579724,0.0,24.328693805449568,285.8160640610198,37.73119403579724
2024-09-15 17:00:00,2.1569881746066173,16.806036151646197,0.0,25.785052007249117,124.19477026219114,18.963024326252814
2024-09-15 18:00:00,15.212234266564256,5.0958228695370226e-15,0.0,26.490932021150943,5.3536812373006326e-14,15.212234266564261
2024-09-15 19:00:00,9.634881852437886,0.0,0.0,26.757518230676112,0.0,9.634881852437886
2024-09-15 20:00:00,16.684894401467048,0.0,0.0,27.43102941834471,0.0,16.684894401467048
2024-09-15 21:00:00,15.218621751336775,0.0,0.0,28.88744789808706,0.0,15.218621751336775
2024-09-15 22:00:00,18.23827519573042,0.0,0.0,30.184239827470105,0.0,18.23827519573042
2024-09-15 23:00:00,15.73064159825025,0.0,0.0,30.790976304130133,0.0,15.73064159825025
2024-09-16 00:00:00,26.608475746994912,0.0,0.0,29.50314608284468,0.0,26.608475746994912
2024-09-16 01:00:00,32.58071390416298,0.0,0.0,30.361678603038925,0.0,32.58071390416298
2024-09-16 02:00:00,33.87569448235535,0.0,0.0,30.85603887125397,0.0,33.87569448235535
2024-09-16 03:00:00,25.23525466791267,0.0,0.0,29.706883205894513,0.0,25.23525466791267
2024-09-16 04:00:00,39.12897792177283,0.0,0.0,29.975142265783315,0.0,39.12897792177283
2024-09-16 05:00:00,39.09498415259537,0.0,0.0,30.057169892754533,0.0,39.09498415259537
2024-09-16 06:00:00,263.754586585397,0.0,74.02536903113364,28.025009590869235,0.0,263.754586585397
2024-09-16 07:00:00,387.49933010282257,12.030426888948066,148.4775171304135,28.396105471899762,97.36889524495052,399.5297569917706
2024-09-16 08:00:00,379.045884578252,27.027156338050013,153.96436091325134,27.722069394677376,219.23678197816344,406.07304091630203
2024-09-16 09:00:00,411.64021552523707,34.291387944926726,175.9186771049814,25.895506248071918,275.02387542804775,445.9316034701638
2024-09-16 10:00:00,402.1051826290343,28.02746989187082,162.3486293540197,24.990971359008043,221.98960531409588,430.1326525209051
2024-09-16 11:00:00,335.3443275594194,41.24084943409382,139.00796629216362,24.95414914387305,329.6885636185591,376.58517699351324
2024-09-16 12:00:00,388.56245138141185,35.58506667450045,159.71637647747934,23.788321567755887,282.5495290057662,424.1475180559123
2024-09-16 13:00:00,268.6585798978172,50.87747031859537,116.28976063956445,22.3551719261569,402.37809471265854,319.5360502164126
2024-09-16 14:00:00,212.67259963651895,47.73184865355675,79.6150630424677,23.363078371171394,377.8260986010042,260.4044482900757
2024-09-16 15:00:00,344.0789348820575,37.679540643518926,154.48807420621407,23.766937260601726,295.23231552135286,381.75847552557644
2024-09-16 16:00:00,363.366541574235,21.742573408448074,149.93052144538092,24.25142868206188,169.09057295471996,385.1091149826831
2024-09-16 17:00:00,402.7114523375722,14.398742270910232,157.44280271169174,23.997287351987307,107.8718383624202,417.11019460848246
2024-09-16 18:00:00,470.60093652837037,4.980803068339849e-15,194.73135695035697,25.027575108779878,4.436836525708898e-14,470.60093652837037
2024-09-16 19:00:00,455.8550473981659,0.0,178.89454609071615,26.49506264273351,0.0,455.8550473981659
2024-09-16 20:00:00,473.876011639585,0.0,189.1574046877629,26.882476357809516,0.0,473.876011639585
2024-09-16 21:00:00,322.333002421421,0.0,108.88694939329207,27.053973329394548,0.0,322.333002421421
2024-09-16 22:00:00,32.45524824975612,0.0,0.0,29.28129467332637,0.0,32.45524824975612
2024-09-16 23:00:00,35.97780933478932,0.0,0.0,29.280293891480476,0.0,35.97780933478932
2024-09-17 00:00:00,40.2811173379782,0.0,0.0,34.070154914123,0.0,40.2811173379782
2024-09-17 01:00:00,35.89050792309479,0.0,0.0,33.17646865636524,0.0,35.89050792309479
2024-09-17 02:00:00,36.132907093328235,0.0,0.0,33.93296323849223,0.0,36.132907093328235
2024-09-17 03:00:00,39.753309167950206,0.0,0.0,34.129065016137126,0.0,39.753309167950206
2024-09-17 04:00:00,29.355653092105666,0.0,0.0,33.48097309478182,0.0,29.355653092105666
2024-09-17 05:00:00,33.606825310651004,0.0,0.0,32.37682724527919,0.0,33.606825310651004
2024-09-17 06:00:00,212.2791583025497,0.0,57.29219638411471,31.05005495886501,0.0,212.2791583025497
2024-09-17 07:00:00,386.6250986068432,15.28600261718139,149.34401081123835,32.16095583489727,130.46190570045388,401.9111012240246
2024-09-17 08:00:00,392.6550653324983,28.146085004132058,153.51314311597602,30.617475713237432,232.98974392825798,420.8011503366303
2024-09-17 09:00:00,355.40963869328124,53.20410763110167,156.38741759957236,30.170990480823516,445.91111889243155,408.61374632438293
2024-09-17 10:00:00,353.5213367282322,43.45391674222677,153.8079346163316,29.207791161966995,354.02757918969746,396.97525347045894
2024-09-17 11:00:00,344.462421630676,53.28711115088569,155.72757964764986,28.317006291193646,438.8308099354825,397.7495327815617
2024-09-17 12:00:00,396.65633365255144,52.46228592585188,175.56809044544514,27.3016990214677,428.37294041724294,449.1186195784033
2024-09-17 13:00:00,234.76396825409734,53.96434937830411,100.34438385101186,27.357599683094598,438.81644045220935,288.72831763240146
2024-09-17 14:00:00,182.57009715845948,61.71436874824954,74.05053531592478,27.709725085472133,498.4241649072768,244.28446590670902
2024-09-17 15:00:00,375.2415649370337,54.5642941153514,169.15533220008945,27.15422168441191,430.9629686497285,429.8058590523851
2024-09-17 16:00:00,377.2597302296905,28.266516946592084,153.8414384741711,28.41321822124083,221.94151017316406,405.5262471762826
2024-09-17 17:00:00,428.0094306322489,15.156630478233673,168.10962219949928,27.268871934900428,114.44840625807824,443.1660611104826
2024-09-17 18:00:00,367.7710654394793,5.079506305122184e-15,140.06337735825332,27.940002306655547,5.011272845045478e-14,367.7710654394793
2024-09-17 19:00:00,338.5703144796664,0.0,126.85468608221989,30.081627561687643,0.0,338.5703144796664
2024-09-17 20:00:00,462.16994690946836,0.0,175.61300069449632,30.084085144026332,0.0,462.16994690946836
2024-09-17 21:00:00,316.74428024951675,0.0,109.0812695820623,32.42099173035999,0.0,316.74428024951675
2024-09-17 22:00:00,35.663808434667835,0.0,0.0,32.91212729790324,0.0,35.663808434667835
2024-09-17 23:00:00,34.064146657824665,0.0,0.0,33.762116099818705,0.0,34.064146657824665
2024-09-18 00:00:00,39.19495888722444,0.0,0.0,31.32389872979614,0.0,39.19495888722444
2024-09-18 01:00:00,35.797689067933575,0.0,0.0,30.770540243951572,0.0,35.797689067933575
2024-09-18 02:00:00,35.727642415713355,0.0,0.0,30.520920863707385,0.0,35.727642415713355
2024-09-18 03:00:00,31.907033292980742,0.0,0.0,31.97897939038123,0.0,31.907033292980742
2024-09-18 04:00:00,35.25876275557843,0.0,0.0,30.13189647401449,0.0,35.25876275557843
2024-09-18 05:00:00,38.791543097636236,0.0,0.0,31.117908241791657,0.0,38.791543097636236
2024-09-18 06:00:00,233.95412997179747,0.0,66.47605417899496,29.93539904388966,0.0,233.95412997179747
2024-09-18 07:00:00,406.7294975996016,16.457649122249858,158.54345743703755,28.718331994723755,139.89917252105985,423.18714672185143
2024-09-18 08:00:00,357.01353703845797,25.32567304563353,142.85914160042623,28.07161550594264,204.39806989706372,382.3392100840915
2024-09-18 09:00:00,412.6286895568199,40.68646009653586,184.2542629967268,27.177370473640707,331.6036443434658,453.3151496533558
2024-09-18 10:00:00,391.88079354114507,51.33562854022674,173.126747166862,25.99938646948144,416.92249317207705,443.21642208137183
2024-09-18 11:00:00,370.75264584781456,49.74526082315198,169.8043635526749,26.088561547081724,404.53988820317807,420.49790667096653
2024-09-18 12:00:00,380.4623875438728,51.644479430940336,164.92040756572828,25.51520318082921,417.49141972398314,432.10686697481316
2024-09-18 13:00:00,210.6848179584425,72.38832136361523,94.35124988406257,24.547680922673713,585.0765369861938,283.0731393220577
2024-09-18 14:00:00,171.56176551141624,45.411644045902946,58.652332917344594,24.05059447042483,361.0650281207507,216.9734095573192
2024-09-18 15:00:00,378.8991738812655,51.779750369509934,169.1696185302495,25.122828293965387,405.28711257929785,430.6789242507754
2024-09-18 16:00:00,372.47887789507877,29.696049237395588,156.11433894550947,23.808222560460035,229.01428455093668,402.17492713247435
2024-09-18 17:00:00,385.78282961931575,17.141328378827467,158.0046428021163,25.597664233127727,126.62794260976658,402.9241579981432
2024-09-18 18:00:00,465.87078687289215,4.4249258339900425e-15,193.34445512475702,26.470379217879444,6.538408429355156e-14,465.87078687289215
2024-09-18 19:00:00,414.65902473949245,0.0,164.20672300865397,26.530549088527152,0.0,414.65902473949245
2024-09-18 20:00:00,336.40415328154705,0.0,124.52623450147746,28.337484407493804,0.0,336.40415328154705
2024-09-18 21:00:00,284.06054049445726,0.0,93.69896141022117,28.74326539097549,0.0,284.06054049445726
2024-09-18 22:00:00,35.03540601515458,0.0,0.0,29.327741602800423,0.0,35.03540601515458
2024-09-18 23:00:00,37.66307730802909,0.0,0.0,30.80707706775973,0.0,37.66307730802909
2024-09-19 00:00:00,35.726972877696646,0.0,0.0,32.149175251062154,0.0,35.726972877696646
2024-09-19 01:00:00,39.80662105832312,0.0,0.0,33.476265612459166,0.0,39.80662105832312
2024-09-19 02:00:00,40.50361496349154,0.0,0.0,32.16975544525586,0.0,40.50361496349154
2024-09-19 03:00:00,31.703174090089554,0.0,0.0,33.184521167542826,0.0,31.703174090089554
2024-09-19 04:00:00,41.03737403689653,0.0,0.0,32.71393944351777,0.0,41.03737403689653
2024-09-19 05:00:00,26.927695827157017,0.0,0.0,31.86595440288552,0.0,26.927695827157017
2024-09-19 06:00:00,237.9391919244872,0.0,59.39041846266861,31.605740986109993,0.0,237.9391919244872
2024-09-19 07:00:00,421.4424864887794,10.454403831381532,162.70287494099915,30.527010145340416,84.09222642370973,431.89689032016094
2024-09-19 08:00:00,357.44997063633036,29.08487292872196,141.4968654340071,30.18827636581826,239.16467192503399,386.5348435650523
2024-09-19 09:00:00,388.39149509662786,43.41918945849154,172.15492185033304,29.03513738870838,355.6768096462804,431.8106845551194
2024-09-19 10:00:00,366.5220435725205,48.655140195644094,160.11490230230825,28.137275668602662,396.4867899957586,415.1771837681646
2024-09-19 11:00:00,346.33565740875434,60.95034557767841,157.15074275363958,27.331985419792673,501.5654170473689,407.2860029864328
2024-09-19 12:00:00,376.4413490659884,60.86323876220344,167.46870758266988,26.39375641064643,496.33737164735,437.3045878281918
2024-09-19 13:00:00,242.1199747736843,52.463129908023966,98.24109720691229,26.1292863851659,423.2383785036758,294.5831046817083
2024-09-19 14:00:00,198.16775471538728,36.065084489319965,65.11091376901649,26.28503647227593,287.6797344366824,234.23283920470723
2024-09-19 15:00:00,362.9774550828536,43.78569118660198,161.30091959932955,26.19350841660018,346.1101935641097,406.7631462694556
2024-09-19 16:00:00,382.1479974004422,25.97352600582783,164.664815426041,27.185566054136448,203.45030392854005,408.12152340627
2024-09-19 17:00:00,417.5845219752276,14.870647635031322,170.66240518187337,27.232779912784448,112.6847124995463,432.4551696102589
2024-09-19 18:00:00,427.3642576620681,4.589039262262257e-15,168.5965099003135,28.098911856078054,6.316088632658999e-14,427.3642576620681
2024-09-19 19:00:00,453.1208416817047,0.0,183.59351304602373,28.053719927358884,0.0,453.1208416817047
2024-09-19 20:00:00,415.97838556937495,0.0,155.97962203685833,30.132543688195675,0.0,415.97838556937495
2024-09-19 21:00:00,306.5517834789289,0.0,101.35744635125707,30.27620841318714,0.0,306.5517834789289
2024-09-19 22:00:00,33.07905797753973,0.0,0.0,30.88960176101713,0.0,33.07905797753973
2024-09-19 23:00:00,35.237275891687986,0.0,0.0,32.958895290874686,0.0,35.237275891687986
2024-09-20 00:00:00,44.72211398231175,0.0,0.0,32.211760703392876,0.0,44.72211398231175
2024-09-20 01:00:00,37.10734639741427,0.0,0.0,32.70114928038866,0.0,37.10734639741427
2024-09-20 02:00:00,32.12521417219244,0.0,0.0,32.5591091203847,0.0,32.12521417219244
2024-09-20 03:00:00,30.817330976962495,0.0,0.0,32.16602602299092,0.0,30.817330976962495
2024-09-20 04:00:00,37.01951570059491,0.0,0.0,31.723147938148447,0.0,37.01951570059491
2024-09-20 05:00:00,39.35226332936333,0.0,0.0,31.696289855812292,0.0,39.35226332936333
2024-09-20 06:00:00,272.85084193289873,0.0,82.1442737035574,31.148120550050187,0.0,272.85084193289873
2024-09-20 07:00:00,418.4185354549828,18.088621767265728,164.32426515437788,29.703635812826942,156.77746877439645,436.50715722224857
2024-09-20 08:00:00,404.4025697921043,20.50882211676603,164.96403507009748,29.86813246128144,164.92222274701447,424.91139190887037
2024-09-20 09:00:00,346.48003957533547,35.565787044067925,144.15412800176148,27.827335096216814,287.72195383776784,382.0458266194034
2024-09-20 10:00:00,358.87351241196745,46.85200125117123,153.23202702818833,26.384856806486056,379.4627098559951,405.7255136631387
2024-09-20 11:00:00,364.48126259838125,51.74148124988492,163.2449591574625,25.496225924281138,417.4310530575561,416.2227438482662
2024-09-20 12:00:00,398.06624021485646,49.36657137665207,173.80198497989943,24.95688443174584,397.39697400313435,447.43281159150854
2024-09-20 13:00:00,259.13681420687317,47.697456449861264,105.42671570640044,25.244214740633055,384.2218287974697,306.8342706567344
2024-09-20 14:00:00,200.79891102021264,42.86485753912787,68.15340822680989,25.215852018374648,341.18168354083025,243.6637685593405
2024-09-20 15:00:00,413.79552896217,29.234458801008646,178.26761722909447,25.79242045575925,231.2285293785114,443.02998776317867
2024-09-20 16:00:00,367.63865476506214,37.50738153440918,148.51084121798817,25.78646809805862,287.61707790187404,405.14603629947135
2024-09-20 17:00:00,417.86426651604114,13.369446164257841,173.06712448439222,26.778672812095216,102.25893516050505,431.233712680299
2024-09-20 18:00:00,411.6158997250183,5.022022998750414e-15,165.22032503961745,27.104307445242455,5.5988922956140894e-14,411.6158997250183
2024-09-20 19:00:00,427.1885416759363,0.0,167.06077624307156,27.93275508413565,0.0,427.1885416759363
2024-09-20 20:00:00,398.8179353107305,0.0,159.0217397666143,28.543103591926815,0.0,398.8179353107305
2024-09-20 21:00:00,280.09379315910815,0.0,89.5649996383598,30.44902191698877,0.0,280.09379315910815
2024-09-20 22:00:00,37.296460549968785,0.0,0.0,29.816118880642044,0.0,37.296460549968785
2024-09-20 23:00:00,33.2373350156614,0.0,0.0,31.457389908440895,0.0,33.2373350156614
2024-09-21 00:00:00,31.003346831098778,0.0,0.0,31.804741879378206,0.0,31.003346831098778
2024-09-21 01:00:00,31.711785971000122,0.0,0.0,32.636095887771276,0.0,31.711785971000122
2024-09-21 02:00:00,44.54180100574247,0.0,0.0,32.35406349642936,0.0,44.54180100574247
2024-09-21 03:00:00,26.40376123215799,0.0,0.0,32.24954044182697,0.0,26.40376123215799
2024-09-21 04:00:00,37.25819309978844,0.0,0.0,31.762247299097968,0.0,37.25819309978844
2024-09-21 05:00:00,31.85614346170442,0.0,0.0,32.035980133226204,0.0,31.85614346170442
2024-09-21 06:00:00,168.12668439116626,0.0,49.282991848776014,30.615681139537433,0.0,168.12668439116626
2024-09-21 07:00:00,348.81401087565234,14.008470889914639,144.7474220006888,30.755170460672847,115.83768766033978,362.822481765567
2024-09-21 08:00:00,344.2000126438052,29.22928268851205,147.23236972040397,29.000601737821054,239.27997022729144,373.4292953323173
2024-09-21 09:00:00,317.62467009533066,34.461360431740815,138.43277687764606,27.96949145954713,278.40372747343685,352.08603052707144
2024-09-21 10:00:00,306.3116545817502,32.38205530462797,140.04224032090812,27.04181471708007,259.9721940249568,338.69370988637814
2024-09-21 11:00:00,274.6115424727837,36.317180769597954,130.1490445389353,26.671727912696962,290.8904704930029,310.92872324238164
2024-09-21 12:00:00,311.4498000701308,58.078520226135396,147.3054410681291,25.539192597308148,470.1697374002306,369.5283202962662
2024-09-21 13:00:00,196.33162756786896,37.41615904861178,84.66016431739415,25.556609004515067,298.49283591604757,233.74778661648074
2024-09-21 14:00:00,10.90611863591333,47.14422135787076,0.0,25.368546704061195,376.3934253692485,58.05033999378409
2024-09-21 15:00:00,23.474788418192617,37.09180150421723,0.0,25.646361654628144,292.4015239453631,60.56658992240985
2024-09-21 16:00:00,36.865344391418134,27.872481992460745,0.0,26.008404446892627,216.74486864168324,64.73782638387888
2024-09-21 17:00:00,46.944245274551555,15.05849570369278,0.0,26.59060190294633,114.05330043948415,62.00274097824433
2024-09-21 18:00:00,66.47249442971949,4.741260117923634e-15,0.0,27.161930570093933,4.088712211478833e-14,66.47249442971949
2024-09-21 19:00:00,60.582374109138684,0.0,0.0,28.743083285323152,0.0,60.582374109138684
2024-09-21 20:00:00,63.75337832483096,0.0,0.0,29.07576260509853,0.0,63.75337832483096
2024-09-21 21:00:00,64.74789814848417,0.0,0.0,31.073337999045773,0.0,64.74789814848417
2024-09-21 22:00:00,36.471212213906696,0.0,0.0,30.639403901290223,0.0,36.471212213906696
2024-09-21 23:00:00,38.46944414937652,0.0,0.0,31.818808577387788,0.0,38.46944414937652
2024-09-22 00:00:00,13.470102576932014,0.0,0.0,31.027126858731393,0.0,13.470102576932014
2024-09-22 01:00:00,14.692928209294397,0.0,0.0,32.44019756934059,0.0,14.692928209294397
2024-09-22 02:00:00,19.10946978543977,0.0,0.0,31.506920581285964,0.0,19.10946978543977
2024-09-22 03:00:00,19.006136875437946,0.0,0.0,31.967741950662983,0.0,19.006136875437946
2024-09-22 04:00:00,14.401290068592836,0.0,0.0,31.25793786213667,0.0,14.401290068592836
2024-09-22 05:00:00,15.876243275888221,0.0,0.0,31.059940182384555,0.0,15.876243275888221
2024-09-22 06:00:00,16.363185174616756,0.0,0.0,29.991664431237453,0.0,16.363185174616756
2024-09-22 07:00:00,5.9244358265299795,12.242796485234237,0.0,28.870302760571413,98.75412256128803,18.167232311764216
2024-09-22 08:00:00,0.0,28.387513664336666,0.0,28.223266404774304,230.8262157458715,28.387513664336666
2024-09-22 09:00:00,0.0,44.19265551234165,0.0,28.223985953885197,363.05482117211784,44.19265551234165
2024-09-22 10:00:00,0.0,47.81709541044608,0.0,26.84270068392577,387.8109185773627,47.81709541044608
2024-09-22 11:00:00,0.0,64.71965059055367,0.0,25.239763800580718,531.1098856067567,64.71965059055367
2024-09-22 12:00:00,0.0,52.8482955194151,0.0,25.875664987047692,429.441765000577,52.8482955194151
2024-09-22 13:00:00,0.0,73.59965824606587,0.0,24.53256506749782,598.4383580445001,73.59965824606587
2024-09-22 14:00:00,0.0,67.75333082376306,0.0,25.230742193702273,540.0220746439826,67.75333082376306
2024-09-22 15:00:00,0.0,43.34907041889559,0.0,25.254904731459412,342.0376204743669,43.34907041889559
2024-09-22 16:00:00,0.0,32.625457388695516,0.0,25.63612886955334,252.1372298551736,32.625457388695516
2024-09-22 17:00:00,0.9029071937921564,19.404866492607002,0.0,26.81078339860437,143.08650417672501,20.30777368639916
2024-09-22 18:00:00,10.65813123231671,5.00768885624192e-15,0.0,26.19474208722219,4.556295571151263e-14,10.658131232316716
2024-09-22 19:00:00,18.625940517872806,0.0,0.0,27.75859327975779,0.0,18.625940517872806
2024-09-22 20:00:00,15.943464313222215,0.0,0.0,28.98885685588939,0.0,15.943464313222215
2024-09-22 21:00:00,14.859768744257577,0.0,0.0,28.943258356719586,0.0,14.859768744257577
2024-09-22 22:00:00,15.307475826085874,0.0,0.0,29.7361857594157,0.0,15.307475826085874
2024-09-22 23:00:00,22.88942433970118,0.0,0.0,30.690342514439894,0.0,22.88942433970118
2024-09-23 00:00:00,37.812695871411805,0.0,0.0,30.748096764804565,0.0,37.812695871411805
2024-09-23 01:00:00,36.10030410238675,0.0,0.0,30.230143588679255,0.0,36.10030410238675
2024-09-23 02:00:00,34.739726856829755,0.0,0.0,31.33034232907715,0.0,34.739726856829755
2024-09-23 03:00:00,31.368388224355602,0.0,0.0,30.231188354786866,0.0,31.368388224355602
2024-09-23 04:00:00,31.558083125531937,0.0,0.0,31.232395659797252,0.0,31.558083125531937
2024-09-23 05:00:00,38.421103648755334,0.0,0.0,30.28639848184597,0.0,38.421103648755334
2024-09-23 06:00:00,245.70787309252108,0.0,67.30115089250289,30.261211269715794,0.0,245.70787309252108
2024-09-23 07:00:00,442.8245110873776,11.463176627867249,176.74773304387887,28.794899871811467,91.93035585166479,454.28768771524483
2024-09-23 08:00:00,393.0180462233528,31.502144346278644,163.17194146545174,27.402261108087497,256.9394233653862,424.5201905696315
2024-09-23 09:00:00,340.9640362881998,45.0226185413208,145.78214465895041,26.249436108180337,365.44990817620203,385.9866548295206
2024-09-23 10:00:00,421.1317851686529,59.146341807895276,197.28011029410686,25.924086862686924,488.1132342144244,480.2781269765482
2024-09-23 11:00:00,375.5143750763856,73.35201130338713,184.07334878867252,25.06464230525614,608.5080776669334,448.86638637977273
2024-09-23 12:00:00,365.6648174767989,42.582372179141885,156.2374871375368,25.116621937841096,340.35536145956775,408.24718965594076
2024-09-23 13:00:00,243.58942626643034,52.86007890293388,96.41586422685323,23.70959153345883,424.4913021469779,296.4495051693642
2024-09-23 14:00:00,169.18808035509164,44.74218128267864,52.92519650651268,25.065092333878482,357.30277635977114,213.9302616377703
2024-09-23 15:00:00,392.2702777568299,43.41758531396186,172.8111109508742,24.811289412493753,340.89654617602156,435.68786307079176
2024-09-23 16:00:00,347.5503708364331,30.48160983239957,142.40756152733894,24.421790605273884,235.00425693779044,378.03198066883266
2024-09-23 17:00:00,426.4323185640954,15.419441022364424,175.99502969419854,25.97867804831389,116.77908458829499,441.8517595864598
2024-09-23 18:00:00,452.3324455205652,4.284841905418302e-15,181.92804174064906,25.413077286119357,6.699894506297294e-14,452.3324455205652
2024-09-23 19:00:00,418.4346634571016,0.0,163.84064883542086,26.751569570746785,0.0,418.4346634571016
2024-09-23 20:00:00,396.2613112475713,0.0,147.43651284674692,26.916405807863168,0.0,396.2613112475713
2024-09-23 21:00:00,297.7390658507761,0.0,111.36526567047858,29.38379261965752,0.0,297.7390658507761
2024-09-23 22:00:00,36.208169810137214,0.0,0.0,28.480947927107504,0.0,36.208169810137214
2024-09-23 23:00:00,36.25624362605264,0.0,0.0,29.30929421966983,0.0,36.25624362605264
2024-09-24 00:00:00,33.8153600820126,0.0,0.0,30.051489879124567,0.0,33.8153600820126
2024-09-24 01:00:00,37.55840464758535,0.0,0.0,31.37965974875945,0.0,37.55840464758535
2024-09-24 02:00:00,29.209161493807038,0.0,0.0,31.315179962449076,0.0,29.209161493807038
2024-09-24 03:00:00,27.440939270615946,0.0,0.0,30.77952322553592,0.0,27.440939270615946
2024-09-24 04:00:00,36.12325251778889,0.0,0.0,30.878309538238817,0.0,36.12325251778889
2024-09-24 05:00:00,28.832488967780346,0.0,0.0,29.754924391206973,0.0,28.832488967780346
2024-09-24 06:00:00,244.4119277391915,0.0,66.0143184144415,29.29897190904363,0.0,244.4119277391915
2024-09-24 07:00:00,435.88375583681005,11.609134111499955,166.53821876875338,29.069487215096512,93.24154065796496,447.49288994831
2024-09-24 08:00:00,375.89622244499327,20.05936957089773,149.6296922413774,27.214448082807525,159.66249878390758,395.955592015891
2024-09-24 09:00:00,405.37140220248983,32.137878444813566,168.1853899828055,26.048704551164956,255.66218063714348,437.5092806473034
2024-09-24 10:00:00,373.5426043660705,44.9000287238665,161.65194255341333,25.82294337657313,360.4623240012337,418.44263308993703
2024-09-24 11:00:00,336.6936538571861,39.93880515982607,143.07995122942708,25.233020939002493,319.56212741225784,376.6324590170122
2024-09-24 12:00:00,412.49101554478506,49.952696598138445,187.10987270171748,24.361892474736734,401.49576947625974,462.4437121429235
2024-09-24 13:00:00,296.82823796872344,36.5330555892998,116.41533854263457,24.458707784250908,290.09427336112975,333.36129355802325
2024-09-24 14:00:00,195.31926693906036,45.9305080373329,72.72013536394289,23.737127951292877,363.5438707706211,241.24977497639327
2024-09-24 15:00:00,436.4254586142132,28.69209219028478,179.3357475693887,24.02079013218964,224.87665647489982,465.11755080449797
2024-09-24 16:00:00,431.959239246686,27.400606547257333,194.1242186497437,24.4939560474459,213.41206534451652,459.35984579394335
2024-09-24 17:00:00,373.0703060898019,12.388357935499497,147.7162871411306,25.00656430427544,94.91688377292499,385.45866402530135
2024-09-24 18:00:00,385.8112848931669,4.929756241807914e-15,147.51819369598857,26.394393334054055,5.850002363328065e-14,385.8112848931669
2024-09-24 19:00:00,408.41049696372255,0.0,158.16249651418804,26.616668986550973,0.0,408.41049696372255
2024-09-24 20:00:00,441.2380297911842,0.0,169.91459706142808,27.185806451948956,0.0,441.2380297911842
2024-09-24 21:00:00,295.99993039673814,0.0,96.1030239978332,28.507615028013962,0.0,295.99993039673814
2024-09-24 22:00:00,30.192950892992492,0.0,0.0,29.592182939544696,0.0,30.192950892992492
2024-09-24 23:00:00,36.983177891005596,0.0,0.0,30.199748974321945,0.0,36.983177891005596
2024-09-25 00:00:00,35.468335136307715,0.0,0.0,33.96465116539295,0.0,35.468335136307715
2024-09-25 01:00:00,26.122784407023293,0.0,0.0,33.205873786820646,0.0,26.122784407023293
2024-09-25 02:00:00,26.11237822887482,0.0,0.0,32.82790215814576,0.0,26.11237822887482
2024-09-25 03:00:00,35.504790460587834,0.0,0.0,34.59253112788797,0.0,35.504790460587834
2024-09-25 04:00:00,27.023305536481274,0.0,0.0,33.82467610291452,0.0,27.023305536481274
2024-09-25 05:00:00,29.06411930958054,0.0,0.0,33.038243492411205,0.0,29.06411930958054
2024-09-25 06:00:00,215.4243332356288,0.0,59.26805075667471,32.671314980456,0.0,215.4243332356288
2024-09-25 07:00:00,108.1698543303417,14.4036434205453,0.0,32.44368009225771,92.59371478143963,122.57349775088701
2024-09-25 08:00:00,401.50001998209166,39.60537402337739,163.44273417926723,31.28092404948913,259.36833251051854,441.10539400546907
2024-09-25 09:00:00,426.56495462638145,48.027429778959494,178.8818442818254,30.149402095108083,312.4276293717771,474.59238440534097
2024-09-25 10:00:00,355.6220727250603,80.53491949288967,165.7349134292947,28.380795650149604,531.0325907554403,436.15699221795
2024-09-25 11:00:00,308.2659732282174,62.99792612495475,133.57474110859783,27.720889330928074,403.9938303014477,371.2638993531721
2024-09-25 12:00:00,351.254947310082,81.24146961926388,171.36022346598224,26.349867212636532,522.5316157535925,432.49641692934586
2024-09-25 13:00:00,247.10714913375463,80.59688995104706,114.65967546358506,27.510174811496647,522.0672758099511,327.7040390848017
2024-09-25 14:00:00,183.1808012561798,56.61342178959953,66.19092014116622,27.62847206529651,362.531479748244,239.79422304577932
2024-09-25 15:00:00,398.7931182065678,45.14276256039421,181.28481730392863,27.788507097649944,284.0977136839211,443.935880766962
2024-09-25 16:00:00,372.53765251979934,41.49513186763403,156.66545963645885,27.880784788958774,257.29033722141247,414.03278438743337
2024-09-25 17:00:00,425.33946924836397,21.693742319688894,174.33485949627624,28.022251303299353,129.9086819590135,447.0332115680529
2024-09-25 18:00:00,390.5956881247184,6.124866131978425e-15,152.7142778823227,28.542019735610854,4.2988831753220647e-14,390.5956881247184
2024-09-25 19:00:00,415.7249565774109,0.0,160.9327661091691,29.25560941066172,0.0,415.7249565774109
2024-09-25 20:00:00,425.9829129939919,0.0,161.06264434433064,30.492446041983328,0.0,425.9829129939919
2024-09-25 21:00:00,312.5832355114318,0.0,103.71923195361231,30.991111997476526,0.0,312.5832355114318
2024-09-25 22:00:00,34.85622313156309,0.0,0.0,33.202135499070216,0.0,34.85622313156309
2024-09-25 23:00:00,30.509049050971086,0.0,0.0,32.39784642418604,0.0,30.509049050971086
2024-09-26 00:00:00,30.784148745368945,0.0,0.0,31.56931556940562,0.0,30.784148745368945
2024-09-26 01:00:00,32.56731076545279,0.0,0.0,31.049384479900997,0.0,32.56731076545279
2024-09-26 02:00:00,39.79603980329382,0.0,0.0,32.285030725253726,0.0,39.79603980329382
2024-09-26 03:00:00,34.32240859299962,0.0,0.0,32.01630183173787,0.0,34.32240859299962
2024-09-26 04:00:00,32.22595936320039,0.0,0.0,31.489447031030462,0.0,32.22595936320039
2024-09-26 05:00:00,31.249479579976466,0.0,0.0,30.64523539574258,0.0,31.249479579976466
2024-09-26 06:00:00,221.48986478872615,0.0,60.5605650428312,30.387984212398504,0.0,221.48986478872615
2024-09-26 07:00:00,383.8435674185031,15.097494212672027,140.8294010548259,29.2703895074564,95.91265536857226,398.9410616311751
2024-09-26 08:00:00,415.7618222360385,35.60629481680395,172.75685098036635,28.56831934992136,228.43497011579268,451.3681170528424
2024-09-26 09:00:00,413.24720306752323,34.42600616421021,172.1366692244566,28.709601637704868,218.51113227001372,447.67320923173344
2024-09-26 10:00:00,400.23230942435816,33.65760578035085,166.8560277499761,26.97284190255098,212.0059788330045,433.88991520470904
2024-09-26 11:00:00,393.34049653671065,52.37332761827119,180.39265790939479,26.428313164438798,333.5577686617514,445.7138241549818
2024-09-26 12:00:00,381.3960165578875,39.93622923015488,161.65646525558728,25.37343199351891,250.67248727777525,421.33224578804237
2024-09-26 13:00:00,230.9102194930385,57.007924012494264,101.78535943477233,24.863795147755575,360.4975228863428,287.9181435055328
2024-09-26 14:00:00,184.89729423520635,43.26214076107707,63.69053629084505,25.12527443788037,270.8796038257562,228.1594349962834
2024-09-26 15:00:00,382.00396322218023,25.34365701647878,160.7329080176624,26.50797590501907,158.09119527018512,407.34762023865903
2024-09-26 16:00:00,399.7276017190335,41.1607368610965,170.6135709479651,25.461950533912177,252.0186244607955,440.88833858013
2024-09-26 17:00:00,98.44010246746028,13.997930768783323,0.0,26.34259846213419,85.73242339755986,112.4380332362436
2024-09-26 18:00:00,103.28784603124488,4.791622698458111e-15,0.0,26.472554037059425,3.0327186499046103e-14,103.28784603124488
2024-09-26 19:00:00,465.8194200680202,0.0,174.0520526196335,26.353250617544997,0.0,465.8194200680202
2024-09-26 20:00:00,461.4149956408452,0.0,177.7617502166243,28.241837628638866,0.0,461.4149956408452
2024-09-26 21:00:00,257.56386582294056,0.0,75.75699911478556,30.732974716140397,0.0,257.56386582294056
2024-09-26 22:00:00,34.385955667909286,0.0,0.0,30.684448441967078,0.0,34.385955667909286
2024-09-26 23:00:00,37.59790116467236,0.0,0.0,31.932089129284336,0.0,37.59790116467236
2024-09-27 00:00:00,28.606873364159,0.0,0.0,32.707549091204726,0.0,28.606873364159
2024-09-27 01:00:00,31.812680094947236,0.0,0.0,32.05264613555859,0.0,31.812680094947236
2024-09-27 02:00:00,33.86376791212876,0.0,0.0,32.79596679369396,0.0,33.86376791212876
2024-09-27 03:00:00,30.36748386334944,0.0,0.0,33.429574067959,0.0,30.36748386334944
2024-09-27 04:00:00,26.606395186366594,0.0,0.0,33.00021713913894,0.0,26.606395186366594
2024-09-27 05:00:00,36.41935754516716,0.0,0.0,32.319983131288986,0.0,36.41935754516716
2024-09-27 06:00:00,245.19991398236,0.0,68.10657373577878,31.33519678920702,0.0,245.19991398236
2024-09-27 07:00:00,450.683943144799,16.754377528574953,180.02281591551144,31.22604579668563,107.87463240584425,467.43832067337394
2024-09-27 08:00:00,412.4236214087967,25.009976849279273,166.3930390975339,29.5996479584247,158.89758715574953,437.43359825807596
2024-09-27 09:00:00,371.37934315188124,52.04167849789232,164.28759550575168,29.098363072647707,334.58512835808324,423.4210216497736
2024-09-27 10:00:00,319.1572520534499,57.96075068227853,149.4910082998315,28.197985377941485,373.12080248661476,377.1180027357284
2024-09-27 11:00:00,69.28357107684434,47.20998181498333,0.0,27.191196339591162,382.702503057176,116.49355289182768
2024-09-27 12:00:00,368.8792955948321,64.00999031995873,151.24732501671505,26.378584356659864,524.7478340100312,432.88928591479083
2024-09-27 13:00:00,288.14538881817464,38.53836291430034,108.89511776860981,26.255915860051964,308.24840782992374,326.683751732475
2024-09-27 14:00:00,196.4290526056804,59.45017697013613,75.91100740440785,27.287132186774055,478.55208513231406,255.8792295758165
2024-09-27 15:00:00,432.79703745814317,37.80871707745067,196.92859016274656,27.025804835046532,301.1884714824095,470.60575453559386
2024-09-27 16:00:00,363.11557030798855,28.691579215446854,150.97509275355034,27.329426747820634,225.88448597164262,391.8071495234354
2024-09-27 17:00:00,385.37377763899326,13.344771131291731,153.97119440280733,26.98221570788486,102.91013731363172,398.718548770285
2024-09-27 18:00:00,406.25906368612414,4.4262314339558486e-15,152.63002979304292,27.381476658941736,3.685452677740713e-14,406.25906368612414
2024-09-27 19:00:00,389.0190186028947,0.0,148.19382382829875,29.492701745445668,0.0,389.0190186028947
2024-09-27 20:00:00,395.21045339489467,0.0,148.46009983081842,30.302704925650154,0.0,395.21045339489467
2024-09-27 21:00:00,119.09445600222828,0.0,0.0,30.82481244162528,0.0,119.09445600222828
2024-09-27 22:00:00,34.24692390402282,0.0,0.0,31.41505135163345,0.0,34.24692390402282
2024-09-27 23:00:00,39.10277941656225,0.0,0.0,31.593222702460583,0.0,39.10277941656225
2024-09-28 00:00:00,33.16286607558054,0.0,0.0,33.62667746060909,0.0,33.16286607558054
2024-09-28 01:00:00,39.43705268056894,0.0,0.0,34.135696274668994,0.0,39.43705268056894
2024-09-28 02:00:00,32.18074068132778,0.0,0.0,33.32234211092871,0.0,32.18074068132778
2024-09-28 03:00:00,38.33242436684741,0.0,0.0,33.16132891681623,0.0,38.33242436684741
2024-09-28 04:00:00,33.104059567361254,0.0,0.0,33.81350820092424,0.0,33.104059567361254
2024-09-28 05:00:00,32.498592586253736,0.0,0.0,32.31582982788048,0.0,32.498592586253736
2024-09-28 06:00:00,62.26406888942063,0.0,0.0,32.8014184291025,0.0,62.26406888942063
2024-09-28 07:00:00,52.601803780952416,12.647299382622883,0.0,31.013229104100272,102.70418713532385,65.2491031635753
2024-09-28 08:00:00,26.213156989541332,35.257973618590995,0.0,29.968607471740977,290.0808177729868,61.47113060813233
2024-09-28 09:00:00,14.262629481190686,40.13825800746527,0.0,29.27857566792218,328.7400522883923,54.400887488655954
2024-09-28 10:00:00,9.6764024193902,52.0536784953524,0.0,28.218572457992295,427.970658297859,61.7300809147426
2024-09-28 11:00:00,6.443140941358742,51.745623691326884,0.0,28.25012078419523,423.8628888815089,58.188764632685626
2024-09-28 12:00:00,0.0,62.36832146903383,0.0,27.573704481716454,509.2160270415845,62.36832146903383
2024-09-28 13:00:00,0.0,68.17745329907186,0.0,27.32520107953798,559.4077642426502,68.17745329907186
2024-09-28 14:00:00,18.168524104534107,48.14736004811814,0.0,26.754148195521335,388.997440496034,66.31588415265225
2024-09-28 15:00:00,2.5700601101040306,52.32548128141509,0.0,26.552970684008383,417.62536652113766,54.89554139151912
2024-09-28 16:00:00,42.197339130310866,26.16441150399979,0.0,27.126267408214897,206.33600189573627,68.36175063431065
2024-09-28 17:00:00,36.19371428527036,17.651143912578423,0.0,27.47416619523625,133.86757299111406,53.84485819784878
2024-09-28 18:00:00,64.63364948076398,4.742342224027225e-15,0.0,29.14518658176578,6.078240163513936e-14,64.63364948076398
2024-09-28 19:00:00,64.06314046372628,0.0,0.0,29.75715852921478,0.0,64.06314046372628
2024-09-28 20:00:00,60.47297340696004,0.0,0.0,30.1161267917457,0.0,60.47297340696004
2024-09-28 21:00:00,63.30836128970981,0.0,0.0,30.60451750464749,0.0,63.30836128970981
2024-09-28 22:00:00,33.283993829121265,0.0,0.0,32.68230816927621,0.0,33.283993829121265
2024-09-28 23:00:00,41.331946390765076,0.0,0.0,32.70510412709937,0.0,41.331946390765076
2024-09-29 00:00:00,15.069528617781215,0.0,0.0,30.97298886702811,0.0,15.069528617781215
2024-09-29 01:00:00,11.554101077579755,0.0,0.0,32.16255043575216,0.0,11.554101077579755
2024-09-29 02:00:00,14.822416453590527,0.0,0.0,31.25200927719191,0.0,14.822416453590527
2024-09-29 03:00:00,24.48878831886422,0.0,0.0,31.228260625227914,0.0,24.48878831886422
2024-09-29 04:00:00,22.18244264274957,0.0,0.0,30.922693122938597,0.0,22.18244264274957
2024-09-29 05:00:00,13.015153582861394,0.0,0.0,29.82357283221294,0.0,13.015153582861394
2024-09-29 06:00:00,20.433677791322342,0.0,0.0,29.91485136659392,0.0,20.433677791322342
2024-09-29 07:00:00,1.5186234649731958,18.141406852693265,0.0,28.53167796940054,150.86854472461587,19.66003031766646
2024-09-29 08:00:00,2.4913589046880276,17.28388714580387,0.0,27.721622817725383,136.9422234447657,19.775246050491898
2024-09-29 09:00:00,0.0,29.856931373083572,0.0,26.748899286321286,237.97949661176253,29.856931373083572
2024-09-29 10:00:00,0.0,37.01316121699403,0.0,25.96344858222897,296.66338778872023,37.01316121699403
2024-09-29 11:00:00,0.0,63.268565780278,0.0,25.11265271772012,517.8050873547745,63.268565780278
2024-09-29 12:00:00,0.0,35.37812493168301,0.0,25.099501859445393,280.6635401466055,35.37812493168301
2024-09-29 13:00:00,0.0,49.89144642654623,0.0,24.548446745626347,399.2788359412484,49.89144642654623
2024-09-29 14:00:00,0.0,43.34427513131925,0.0,24.530987752985002,346.2990699300238,43.34427513131925
2024-09-29 15:00:00,0.0,36.1827830742589,0.0,25.803137330100363,287.3311072044148,36.1827830742589
2024-09-29 16:00:00,0.0,30.502199918056732,0.0,24.89811418008581,237.47792695166342,30.502199918056732
2024-09-29 17:00:00,0.0,16.12385191964727,0.0,25.83458376084621,122.52410899509465,16.12385191964727
2024-09-29 18:00:00,14.206219027070889,4.84883076735487e-15,0.0,26.616358483548932,4.2461082987131297e-14,14.206219027070894
2024-09-29 19:00:00,22.691882909026063,0.0,0.0,27.069688713839984,0.0,22.691882909026063
2024-09-29 20:00:00,21.16419034561546,0.0,0.0,28.143883249653463,0.0,21.16419034561546
2024-09-29 21:00:00,16.377170929329203,0.0,0.0,28.923199436870977,0.0,16.377170929329203
2024-09-29 22:00:00,19.822221841806844,0.0,0.0,29.85826288173668,0.0,19.822221841806844
2024-09-29 23:00:00,18.074776917466416,0.0,0.0,30.18859902335979,0.0,18.074776917466416
2024-09-30 00:00:00,33.12795991005663,0.0,0.0,31.79219017756904,0.0,33.12795991005663
2024-09-30 01:00:00,36.60160520362975,0.0,0.0,32.397408437766686,0.0,36.60160520362975
2024-09-30 02:00:00,40.08355909046998,0.0,0.0,31.522255097187916,0.0,40.08355909046998
2024-09-30 03:00:00,37.56254305219462,0.0,0.0,33.13698370600781,0.0,37.56254305219462
2024-09-30 04:00:00,32.622317587358076,0.0,0.0,33.11972484135852,0.0,32.622317587358076
2024-09-30 05:00:00,39.250919606778076,0.0,0.0,31.568255783228686,0.0,39.250919606778076
2024-09-30 06:00:00,253.1780178857634,0.0,71.7715516729663,31.090941507738915,0.0,253.1780178857634
2024-09-30 07:00:00,419.60997621798316,14.247529209613894,153.15571839981573,30.454602411997485,116.02535199769792,433.85750542759706
2024-09-30 08:00:00,431.8747452714926,30.13296214267415,182.3758236260994,28.345872049324278,245.4726052844757,462.00770741416676
2024-09-30 09:00:00,424.2509428330383,45.092050429016446,187.56321953535206,28.5664792338968,369.21229442879365,469.3429932620548
2024-09-30 10:00:00,395.80634131445845,37.108193336284245,169.704092099749,27.0449870218963,298.6662072985875,432.91453465074267
2024-09-30 11:00:00,393.3539720082669,60.723718547719876,185.28065905665844,27.67869529986892,499.8932924801754,454.0776905559868
2024-09-30 12:00:00,349.4058948676755,36.727594077337066,142.53920512706839,25.88298822086853,292.2273422363937,386.1334889450126
2024-09-30 13:00:00,232.71850192632084,55.0365631212612,93.4739529446319,26.081557638687503,444.62473515914354,287.75506504758204
2024-09-30 14:00:00,192.94059840375223,39.722572742867584,67.25014921829053,25.419000453933347,317.0623842526919,232.66317114661982
2024-09-30 15:00:00,409.76927016463065,29.622439629227394,168.68336133793468,26.7258129052669,235.3979413878485,439.39170979385807
2024-09-30 16:00:00,437.2917901463533,28.807744803091,188.58233666012896,25.720942897348422,225.15274101056391,466.0995349494443
2024-09-30 17:00:00,365.8286943308824,16.085678343307325,148.5190517282134,27.115877578624193,123.04829084168554,381.91437267418974
2024-09-30 18:00:00,406.2426814381427,4.932917520967233e-15,156.1402330358212,27.571545860339384,5.794614349321235e-14,406.2426814381427
2024-09-30 19:00:00,431.3385316205804,0.0,163.59777933294325,28.30449524208667,0.0,431.3385316205804
2024-09-30 20:00:00,411.23294125256245,0.0,156.44278328067838,29.1227106196358,0.0,411.23294125256245
2024-09-30 21:00:00,272.6591097819466,0.0,88.67799976330315,29.580567318123805,0.0,272.6591097819466
2024-09-30 22:00:00,36.86364772495457,0.0,0.0,29.465178763896375,0.0,36.86364772495457
2024-09-30 23:00:00,31.149177798067708,0.0,0.0,32.02027670749713,0.0,31.149177798067708
2024-10-01 00:00:00,36.21236205755894,0.0,0.0,31.34068228866301,0.0,36.21236205755894
2024-10-01 01:00:00,30.587194649352657,0.0,0.0,32.51955339444237,0.0,30.587194649352657
2024-10-01 02:00:00,35.47886294905919,0.0,0.0,32.22986181454745,0.0,35.47886294905919
2024-10-01 03:00:00,32.289632711374836,0.0,0.0,32.53488171311142,0.0,32.289632711374836
2024-10-01 04:00:00,36.65020646100217,0.0,0.0,31.986048103889893,0.0,36.65020646100217
2024-10-01 05:00:00,32.7039311871592,0.0,0.0,29.79653907450293,0.0,32.7039311871592
2024-10-01 06:00:00,208.11473463038936,0.0,54.2836624632646,30.611460738713618,0.0,208.11473463038936
2024-10-01 07:00:00,367.663468565678,15.353645806236965,139.00124790527113,29.2880418456412,125.064234239888,383.01711437191494
2024-10-01 08:00:00,401.8250565521578,32.35915986041372,163.12750863022762,29.136518524223707,264.4563464600257,434.1842164125715
2024-10-01 09:00:00,296.3540301934469,49.490987794823724,127.96169530046177,27.943750020299195,407.8128963660404,345.84501798827057
2024-10-01 10:00:00,364.1028834921762,39.12665469823828,154.11637987110433,27.10549744957242,313.58311853863574,403.2295381904145
2024-10-01 11:00:00,349.79171331526425,57.03481765655859,160.62792856859588,25.943017798582577,463.2204923178529,406.8265309718228
2024-10-01 12:00:00,316.9776544536258,66.78441101260312,135.1955262503316,25.066620921290184,546.9447287221998,383.76206546622893
2024-10-01 13:00:00,239.85911693632545,36.30218701209854,87.7220860196356,24.956829059092616,288.87937839837656,276.161303948424
2024-10-01 14:00:00,180.29983319763588,48.523985517672855,60.282837005832306,24.154066799824143,385.38484945055745,228.82381871530873
2024-10-01 15:00:00,327.9101188339268,53.93700752534032,148.35681592295634,24.87810067130456,426.31944752583524,381.8471263592671
2024-10-01 16:00:00,337.4385078972085,38.333685931223,143.6705409034102,24.790844467574367,297.7346515258591,375.7721938284315
2024-10-01 17:00:00,347.38880244085914,18.85324449826575,132.82673069860044,25.360268794557797,141.75253135163786,366.24204693912486
2024-10-01 18:00:00,397.2470818006425,3.726159927353495e-15,151.94000643078533,26.862252354202724,7.17996407466077e-14,397.2470818006425
2024-10-01 19:00:00,377.4120904469056,0.0,137.16397506264317,27.915170742482776,0.0,377.4120904469056
2024-10-01 20:00:00,379.86823756565315,0.0,142.9082758060607,28.53811619050201,0.0,379.86823756565315
2024-10-01 21:00:00,268.24530438204437,0.0,87.00324652613855,29.21048433977924,0.0,268.24530438204437
2024-10-01 22:00:00,27.587560888535243,0.0,0.0,29.830308849470153,0.0,27.587560888535243
2024-10-01 23:00:00,39.59286533372673,0.0,0.0,30.870290168560178,0.0,39.59286533372673
2024-10-02 00:00:00,42.85538949875123,0.0,0.0,29.7313208290114,0.0,42.85538949875123
2024-10-02 01:00:00,34.436171272473715,0.0,0.0,30.460668457330815,0.0,34.436171272473715
2024-10-02 02:00:00,37.74696610597548,0.0,0.0,29.85057754934028,0.0,37.74696610597548
2024-10-02 03:00:00,33.61222620032033,0.0,0.0,30.842742617494334,0.0,33.61222620032033
2024-10-02 04:00:00,31.457635135526687,0.0,0.0,29.858916788587425,0.0,31.457635135526687
2024-10-02 05:00:00,34.85063298136287,0.0,0.0,29.774345620673817,0.0,34.85063298136287
2024-10-02 06:00:00,232.81747701273144,0.0,61.87913858501456,29.30495443419533,0.0,232.81747701273144
2024-10-02 07:00:00,443.62046276414355,16.488893442514737,169.9731621826198,28.181145535204056,134.51825481706516,460.1093562066583
2024-10-02 08:00:00,340.24027946459216,27.826045244356138,131.9865620333133,27.510906831178776,223.30508866446021,368.0663247089483
2024-10-02 09:00:00,330.94209294419596,46.25760787148464,143.24918977316327,25.172157147093877,372.72776868341384,377.1997008156806
2024-10-02 10:00:00,303.45567540978516,44.60525265939891,121.34705799719556,25.11491510452779,357.0493556962671,348.06092806918406
2024-10-02 11:00:00,348.08660448965117,63.9081629055454,163.61054741544035,25.188008035621362,524.4542133980985,411.99476739519656
2024-10-02 12:00:00,308.34414462435103,74.09985724353999,143.1248546036194,24.334869292292307,599.5616049548236,382.444001867891
2024-10-02 13:00:00,185.2154370500997,73.02683488142951,82.93775712041251,24.65483467714373,597.6431109200954,258.2422719315292
2024-10-02 14:00:00,144.1300568142085,59.08209629705862,57.297688540544826,24.46353367636324,475.11369888779774,203.21215311126713
2024-10-02 15:00:00,338.30876263785035,34.99614018219897,143.96438004592653,23.880399111593313,275.5825487626938,373.30490282004934
2024-10-02 16:00:00,317.01009937921066,32.82029268352022,132.07128765711323,23.954265213691794,254.88165286832458,349.8303920627309
2024-10-02 17:00:00,383.88040932087796,22.943217174437297,159.42857564148454,24.157250345693324,170.1429888407411,406.82362649531524
2024-10-02 18:00:00,392.8428338474953,5.135082950924869e-15,151.68754113689945,25.12343915361211,5.2506943978779954e-14,392.8428338474953
2024-10-02 19:00:00,401.2161153780497,0.0,153.6744274133618,26.001353324276227,0.0,401.2161153780497
2024-10-02 20:00:00,363.53810918194256,0.0,132.8098628394538,26.814718840188878,0.0,363.53810918194256
2024-10-02 21:00:00,262.4092674464721,0.0,79.2233276169265,27.558041220368032,0.0,262.4092674464721
2024-10-02 22:00:00,40.848599687055696,0.0,0.0,29.062131730140756,0.0,40.848599687055696
2024-10-02 23:00:00,33.196330488148575,0.0,0.0,30.434537009603766,0.0,33.196330488148575
2024-10-03 00:00:00,38.593021342360906,0.0,0.0,31.77514132627556,0.0,38.593021342360906
2024-10-03 01:00:00,31.222787590203602,,0.0,31.49695439179147,0.0,
2024-10-03 02:00:00,33.06109702670406,,0.0,32.28443845271525,0.0,
2024-10-03 03:00:00,39.76885057252053,,0.0,31.831489854346074,0.0,
2024-10-03 04:00:00,32.667884125262525,,0.0,31.28816076669201,0.0,
2024-10-03 05:00:00,30.563267707780145,,0.0,30.700736400244107,0.0,
2024-10-03 06:00:00,223.3227432243062,,56.352760921056216,29.92745395992076,0.0,
2024-10-03 07:00:00,408.9441711429424,17.774455062565412,153.8993999295656,29.50882374814235,146.09718523962047,426.71862620550786
2024-10-03 08:00:00,364.18356121468986,30.780252415785117,149.6491651852378,28.347259070053106,249.5772486431909,394.963813630475
2024-10-03 09:00:00,305.58654420125964,53.55584833301241,131.41799386671522,27.007345972267576,439.8766678586132,359.14239253427206
2024-10-03 10:00:00,307.15570075698565,85.75726294467657,152.01559520049494,26.138997974364717,723.7390504963126,392.9129637016622
2024-10-03 11:00:00,292.31355488008296,68.45394753163384,128.6472768354704,25.95550228540281,562.4360866627923,360.7675024117168
2024-10-03 12:00:00,296.99382355586226,65.83518743057007,133.07192804114294,25.460660723510994,537.314331780468,362.8290109864323
2024-10-03 13:00:00,225.0271531974015,52.18610597022973,86.84853470776812,24.740117314744765,416.41222542253473,277.21325916763124
2024-10-03 14:00:00,141.91553921306587,52.241263580791085,50.32260265583109,24.211421217541773,416.80993284574794,194.15680279385697
2024-10-03 15:00:00,298.8182190427683,45.67025421248846,128.76971847861014,25.52216619544572,363.09739906980445,344.48847325525674
2024-10-03 16:00:00,386.0006823752116,31.086588461165775,164.61773204806303,25.765637420432906,244.55481287330315,417.0872708363774
2024-10-03 17:00:00,402.62884752793866,18.051875484471786,161.96929014881866,24.80886204427523,136.79035030395323,420.68072301241045
2024-10-03 18:00:00,446.2242898410043,2.5742568591350794e-15,175.1284513082869,27.197215490571658,8.14229038550187e-14,446.2242898410043
2024-10-03 19:00:00,382.95238070956344,0.0,148.92066388381542,27.267069472389565,0.0,382.95238070956344
2024-10-03 20:00:00,401.8808994466814,0.0,151.68789207669036,28.372417568928466,0.0,401.8808994466814
2024-10-03 21:00:00,257.73267057506047,0.0,84.17511221850944,29.75240221680003,0.0,257.73267057506047
2024-10-03 22:00:00,30.487501483521843,0.0,0.0,30.85369342222942,0.0,30.487501483521843
2024-10-03 23:00:00,37.76841785512888,0.0,0.0,31.253730405590574,0.0,37.76841785512888
2024-10-04 00:00:00,39.819517088684506,0.0,0.0,32.356612071007895,0.0,39.819517088684506
2024-10-04 01:00:00,31.815734169867596,0.0,0.0,31.89792795714731,0.0,31.815734169867596
2024-10-04 02:00:00,31.02800589406862,0.0,0.0,31.691891996294704,0.0,31.02800589406862
2024-10-04 03:00:00,30.30544744048533,0.0,0.0,33.02482776981106,0.0,30.30544744048533
2024-10-04 04:00:00,38.051757764432914,0.0,0.0,32.90711199440485,0.0,38.051757764432914
2024-10-04 05:00:00,35.276583371702564,0.0,0.0,31.272559212020962,0.0,35.276583371702564
2024-10-04 06:00:00,109.11101012400326,0.0,0.0,30.820117925917707,0.0,109.11101012400326
2024-10-04 07:00:00,416.15305716343016,17.15912336940432,154.92479608083963,29.83224162195317,140.37033269808046,433.3121805328345
2024-10-04 08:00:00,399.1570506366372,31.889242762455808,161.90817424226745,28.91305787154257,259.1516371364385,431.04629339909303
2024-10-04 09:00:00,361.15150359026813,54.08233277514299,153.70981232424924,28.83662184237423,450.2933211374446,415.2338363654111
2024-10-04 10:00:00,299.55433161180673,57.84333862093971,130.53265302842854,27.564194474663893,472.80965090509585,357.39767023274646
2024-10-04 11:00:00,326.0650337448242,71.932359593096,148.0806423154636,26.615545018436322,601.5227859467634,397.9973933379202
2024-10-04 12:00:00,294.9863417115703,60.790250242858804,131.52535412709582,27.502679005296724,497.07086904482736,355.7765919544291
2024-10-04 13:00:00,211.34549355345402,57.19680010541246,82.72552623541023,25.107057066771553,462.4550998278401,268.54229365886647
2024-10-04 14:00:00,161.95518925670427,68.14568672741187,66.32649188979703,25.978963449034964,553.3439134748112,230.10087598411616
2024-10-04 15:00:00,280.7242446764529,52.996017353617056,125.40597202731118,25.299778373689236,424.78561087969484,333.72026203006993
2024-10-04 16:00:00,390.7801890416762,41.52927712101325,173.4039264849579,26.095200559044414,325.826347274424,432.30946616268943
2024-10-04 17:00:00,378.96130332839795,18.298367885200566,150.33086449646012,26.804453366365493,140.03895952124174,397.2596712135985
2024-10-04 18:00:00,352.35630466614543,4.537553800772341e-15,135.85789308601503,27.87730576810462,6.381855590555331e-14,352.35630466614543
2024-10-04 19:00:00,382.79789467099636,0.0,143.47207973057755,28.168550302847738,0.0,382.79789467099636
2024-10-04 20:00:00,357.07091643641337,0.0,132.73925703663252,29.02153385938865,0.0,357.07091643641337
2024-10-04 21:00:00,269.16127444567815,0.0,80.82388515927919,29.971332017239142,0.0,269.16127444567815
2024-10-04 22:00:00,35.002462082387964,0.0,0.0,30.415031565136484,0.0,35.002462082387964
2024-10-04 23:00:00,27.644616308218563,0.0,0.0,31.99603654348583,0.0,27.644616308218563
2024-10-05 00:00:00,31.906065315370967,0.0,0.0,31.07292099262346,0.0,31.906065315370967
2024-10-05 01:00:00,33.734034254064355,0.0,0.0,31.49948962165623,0.0,33.734034254064355
2024-10-05 02:00:00,34.716241936642255,0.0,0.0,31.36639339272043,0.0,34.716241936642255
2024-10-05 03:00:00,29.45192757038504,0.0,0.0,31.185466306053662,0.0,29.45192757038504
2024-10-05 04:00:00,33.81459581774519,0.0,0.0,31.52005397634793,0.0,33.81459581774519
2024-10-05 05:00:00,39.52652283782892,,0.0,30.886931863218393,0.0,
2024-10-05 06:00:00,55.068420960218816,,0.0,30.358565187079165,0.0,
2024-10-05 07:00:00,47.481329603338054,,0.0,28.993328727593727,125.90224336626471,
2024-10-05 08:00:00,24.22752188046811,,0.0,28.577496941314678,308.80093386014437,
2024-10-05 09:00:00,5.384767191331839,,0.0,26.78725691626794,424.7899099946698,
2024-10-05 10:00:00,0.0,,0.0,26.050739000916305,589.7355490464705,
2024-10-05 11:00:00,0.0,,0.0,26.023841536675036,588.7037505083883,
2024-10-05 12:00:00,0.0,,0.0,25.29178674987155,646.6687607212959,
2024-10-05 13:00:00,0.0,,0.0,24.37519929851778,581.9456768623163,
2024-10-05 14:00:00,0.0,,0.0,23.878035775977114,554.8548664173567,
2024-10-05 15:00:00,16.134178239808115,,0.0,24.418442398478994,331.20577344227246,
2024-10-05 16:00:00,30.095209708960006,,0.0,24.527641760102917,278.48201094852686,
2024-10-05 17:00:00,36.15926308230976,,0.0,26.28854290107839,145.7808392017331,
2024-10-05 18:00:00,60.077788310592545,,0.0,26.531185215746845,6.707287705794849e-14,
2024-10-05 19:00:00,64.03836915242827,,0.0,26.612336947434763,0.0,
2024-10-05 20:00:00,60.581688516404505,,0.0,27.378669413654464,0.0,
2024-10-05 21:00:00,58.519459177657176,,0.0,28.417874914953515,0.0,
2024-10-05 22:00:00,36.955071317899005,,0.0,29.371752274753803,0.0,
2024-10-05 23:00:00,33.60532803275236,,0.0,30.292688431241288,0.0,
2024-10-06 00:00:00,26.970519807948676,,0.0,31.698550324239747,0.0,
2024-10-06 01:00:00,20.763652889781316,,0.0,31.007670111889002,0.0,
2024-10-06 02:00:00,16.21448671094984,,0.0,32.754956787977044,0.0,
2024-10-06 03:00:00,17.485777661750973,,0.0,31.019278439151176,0.0,
2024-10-06 04:00:00,25.029615094524132,,0.0,30.436753213252004,0.0,
2024-10-06 05:00:00,18.537283839418315,,0.0,31.429214312368416,0.0,
2024-10-06 06:00:00,17.72848329616426,,0.0,30.520815965472245,0.0,
2024-10-06 07:00:00,3.9087895297390656,,0.0,28.924880424534447,124.68737272647937,
2024-10-06 08:00:00,0.0,,0.0,28.300854323116027,322.92205838331216,
2024-10-06 09:00:00,0.0,,0.0,27.40760606724595,309.3923017695703,
2024-10-06 10:00:00,0.0,,0.0,26.428544379925544,501.5156288765955,
2024-10-06 11:00:00,0.0,,0.0,24.987074662165615,668.0384767458161,
2024-10-06 12:00:00,0.0,,0.0,23.838115660975102,607.2868630240245,
2024-10-06 13:00:00,0.0,,0.0,24.307084682380317,505.19616388252405,
2024-10-06 14:00:00,0.0,,0.0,25.518265371239238,380.38025543998106,
2024-10-06 15:00:00,0.0,,0.0,25.657154524905355,298.3267790284657,
2024-10-06 16:00:00,0.0,,0.0,24.948180770062073,247.0682867623922,
2024-10-06 17:00:00,5.109104870240056,,0.0,25.156332320139015,122.47380535989686,
2024-10-06 18:00:00,22.4553460781646,,0.0,26.499248775418454,5.764766862823982e-14,
2024-10-06 19:00:00,18.541426358505277,,0.0,27.423812105428453,0.0,
2024-10-06 20:00:00,20.78071098911664,,0.0,28.410547925200795,0.0,
2024-10-06 21:00:00,15.054063358094549,,0.0,27.75254048199379,0.0,
2024-10-06 22:00:00,23.292077890685512,,0.0,31.439066257466347,0.0,
2024-10-06 23:00:00,23.555100376604038,,0.0,31.151299233728498,0.0,
2024-10-07 00:00:00,30.425044438624038,,0.0,31.22411683491293,0.0,
2024-10-07 01:00:00,32.031969172734776,,0.0,31.313461350468536,0.0,
2024-10-07 02:00:00,31.497252180173902,,0.0,32.28561262057703,0.0,
2024-10-07 03:00:00,37.11352251622621,,0.0,31.920397473066235,0.0,
2024-10-07 04:00:00,34.13504528724163,,0.0,31.36912243080002,0.0,
2024-10-07 05:00:00,31.11118865539921,,0.0,30.996000824510546,0.0,
2024-10-07 06:00:00,225.9369748733503,,57.417786023100945,29.985599971424918,0.0,
2024-10-07 07:00:00,374.3706464991327,,137.81287623905212,29.3987575642547,145.44517162947471,
2024-10-07 08:00:00,338.45681376439643,,129.20521124021624,28.65514119901398,239.62428661766182,
2024-10-07 09:00:00,313.0832101231907,,139.34490054571148,27.557751552719417,498.5660554344434,
2024-10-07 10:00:00,286.4256371688296,,123.76673941394024,26.687420722698185,424.4871520941996,
2024-10-07 11:00:00,267.66706066299184,,124.3766410726972,26.5135161059899,600.5019915862242,
2024-10-07 12:00:00,274.10535438381226,,124.23073346542292,24.462317300582463,586.6705606992821,
2024-10-07 13:00:00,228.09507797845075,,99.78982533786147,24.51227824224627,596.1001845635384,
2024-10-07 14:00:00,146.21183774795486,,59.31205682144294,24.805240116527738,607.2465539085434,
2024-10-07 15:00:00,353.27949427584775,,150.99096299696185,24.54628559006087,434.27053106645116,
2024-10-07 16:00:00,346.7055960850379,,142.66046878657406,25.062854591169717,264.50411961755725,
2024-10-07 17:00:00,351.47253369682056,,149.71452040930535,26.460956930829333,169.6616126101937,
2024-10-07 18:00:00,409.31344383159114,,159.2558046632587,26.467474286558364,6.411064720383777e-14,
2024-10-07 19:00:00,378.43568040709334,,148.31142669151336,26.471487601821416,0.0,
2024-10-07 20:00:00,424.2210294694952,,165.87470287799343,28.080288908870088,0.0,
2024-10-07 21:00:00,266.2995359680089,,85.18206478802404,29.226883018462985,0.0,
2024-10-07 22:00:00,32.942861584819866,,0.0,30.06180453976539,0.0,
2024-10-07 23:00:00,31.541995648451046,,0.0,31.044852228363347,0.0,
2024-10-08 00:00:00,33.65910752693714,,0.0,34.3021183981954,0.0,
2024-10-08 01:00:00,38.84221372563769,,0.0,34.34516254032087,0.0,
2024-10-08 02:00:00,30.491944603547317,,0.0,33.93731531844941,0.0,
2024-10-08 03:00:00,35.50865453140311,,0.0,34.19400596376508,0.0,
2024-10-08 04:00:00,30.815400079456175,,0.0,33.753535832506756,0.0,
2024-10-08 05:00:00,31.78927666241529,,0.0,33.36615703038191,0.0,
2024-10-08 06:00:00,231.61671356889852,,60.413801584259204,33.12941946520107,0.0,
2024-10-08 07:00:00,398.9971734270184,,152.532187143091,32.14175323021282,123.57707614796993,
2024-10-08 08:00:00,324.18602397929993,,129.21835663350737,31.445838054442966,321.7694241926803,
2024-10-08 09:00:00,344.1763066603897,,143.10905875281102,29.935926937911905,386.8859187652264,
2024-10-08 10:00:00,274.27518665681964,,116.25974639326536,30.03801558171449,463.8186061929845,
2024-10-08 11:00:00,328.04108125306516,,140.64928653229387,28.89538071971757,571.901398176352,
2024-10-08 12:00:00,325.8985363078363,,138.522574641457,28.058863625247564,470.7230122572208,
2024-10-08 13:00:00,210.49932826157504,,82.6019906747277,27.95476809774937,433.8198331324245,
2024-10-08 14:00:00,153.00852667309564,,54.67717074868543,27.19595499025661,500.67850361053917,
2024-10-08 15:00:00,349.89349422215724,,149.7956331101503,26.598717697580174,327.7609946336292,
2024-10-08 16:00:00,333.91426910733355,,129.8769086964542,27.699398099791697,231.74912297574215,
2024-10-08 17:00:00,407.90121298505915,,169.00486157820487,28.932689942040295,158.05884349200326,
2024-10-08 18:00:00,392.54176359298094,,150.58660658478703,29.323943217416605,7.188724349696943e-14,
2024-10-08 19:00:00,359.7795000082611,,131.05774058677153,30.059551303374363,0.0,
2024-10-08 20:00:00,413.3154198715464,,151.72282964657538,30.60991516218326,0.0,
2024-10-08 21:00:00,290.0415263786835,,94.00599288831106,30.96178894247268,0.0,
2024-10-08 22:00:00,33.83550493402334,,0.0,33.49625800797952,0.0,
2024-10-08 23:00:00,37.4446684253141,,0.0,33.40476156081924,0.0,
2024-10-09 00:00:00,29.43972070236656,,0.0,29.115461197771612,0.0,
2024-10-09 01:00:00,45.45108000406387,,0.0,29.344058533940473,0.0,
2024-10-09 02:00:00,35.744261661803826,,0.0,30.426402514287986,0.0,
2024-10-09 03:00:00,35.24537386634241,,0.0,30.1205570736761,0.0,
2024-10-09 04:00:00,29.578950939674858,,0.0,28.84661045661473,0.0,
2024-10-09 05:00:00,35.082849799569416,,0.0,29.356286492149355,0.0,
2024-10-09 06:00:00,209.50838578649106,,59.10396970664777,27.97660606601404,0.0,
2024-10-09 07:00:00,341.5057636773201,,128.1672596500996,26.89973683933988,142.87844328714743,
2024-10-09 08:00:00,405.9512073527882,,174.38133977653445,26.152335082075897,269.57222885314553,
2024-10-09 09:00:00,365.43353389255174,,151.61251042112752,25.0016259923584,368.2322232310566,
2024-10-09 10:00:00,290.65434657674473,,124.72199121093406,23.888702724100277,442.26516293146113,
2024-10-09 11:00:00,315.295761156103,,145.47989001999875,24.212333024076052,483.73058890234705,
2024-10-09 12:00:00,295.00077251566626,,139.36047560371296,23.1576999327134,550.8181374056262,
2024-10-09 13:00:00,189.7723371910794,,85.55495297705606,23.22700565028557,545.1809692998469,
2024-10-09 14:00:00,145.02013002177668,,50.19581602479127,22.942747941039443,474.8124429175694,
2024-10-09 15:00:00,355.0787360398361,,143.27415262100646,23.192671439139552,313.684950245682,
2024-10-09 16:00:00,330.95505908755206,,130.65464814482652,22.24505895952559,228.6361850314856,
2024-10-09 17:00:00,356.0811200555224,,137.5190628773647,23.39088741664325,145.84605998340635,
2024-10-09 18:00:00,380.1695709260505,,148.02107681899963,24.833823653175596,7.899437925690949e-14,
2024-10-09 19:00:00,362.92044164050793,,135.70798492750652,24.755859270547866,0.0,
2024-10-09 20:00:00,369.40512516056214,,138.36148963028685,26.485673817380786,0.0,
2024-10-09 21:00:00,273.4297887319158,,92.51298065569395,26.50965564332421,0.0,
2024-10-09 22:00:00,33.67722708309071,,0.0,28.05736326722202,0.0,
2024-10-09 23:00:00,38.64140081798125,,0.0,29.579010206595616,0.0,
2024-10-10 00:00:00,35.34476099937151,,0.0,32.52036092974406,0.0,
2024-10-10 01:00:00,35.239519662010046,,0.0,31.557341877124085,0.0,
2024-10-10 02:00:00,33.339241048607256,,0.0,33.026157660990805,0.0,
2024-10-10 03:00:00,42.3368832597949,,0.0,33.39383146420924,0.0,
2024-10-10 04:00:00,29.169091391760745,,0.0,33.53156887715912,0.0,
2024-10-10 05:00:00,32.16211037860611,0.0,0.0,31.81438356171997,0.0,32.16211037860611
2024-10-10 06:00:00,208.19139903903883,0.0,51.934996343058785,30.16976199689003,0.0,208.19139903903883
2024-10-10 07:00:00,339.68479782209874,16.34910947634259,133.26000203563578,30.22517760570375,132.49969383342017,356.03390729844136
2024-10-10 08:00:00,322.6155498664347,25.479687405057195,124.62209986049372,29.899988758003442,206.0190162023882,348.0952372714919
2024-10-10 09:00:00,319.79023442788764,42.08391665607687,130.77419619713203,28.102561211098735,341.5737386272598,361.87415108396453
2024-10-10 10:00:00,339.315212084793,52.01215686860058,144.34002027009225,27.87352642027399,423.6539096547734,391.3273689533936
2024-10-10 11:00:00,355.4164014781671,42.01765301887914,151.61236012620944,26.20729672524095,338.2926319763161,397.4340544970462
2024-10-10 12:00:00,296.21278191446123,59.675407167967926,131.01211806942527,26.2570596721506,487.54122743798007,355.88818908242916
2024-10-10 13:00:00,230.33862262157461,55.82885742827049,90.71389499894296,24.476441809235908,449.0187122542201,286.1674800498451
2024-10-10 14:00:00,156.67772277996505,51.496575766709356,57.599727165456656,25.126804267914352,414.14524077638583,208.1742985466744
2024-10-10 15:00:00,289.0408792881602,41.73221359554002,122.79791188008896,25.718171243180045,333.0785144824505,330.77309288370026
2024-10-10 16:00:00,358.8253138142402,30.78909368378219,144.98748523738368,25.889204680298956,244.0166023175439,389.6144074980224
2024-10-10 17:00:00,390.55397937239445,19.034037516818373,159.5195904899156,25.97678947754192,147.52022462015023,409.58801688921284
2024-10-10 18:00:00,339.95033220329503,5.016889741631451e-15,115.53707415813432,27.10214385979023,4.6376606549253486e-14,339.95033220329503
2024-10-10 19:00:00,432.2211662958862,0.0,171.07417813633253,28.360932825207886,0.0,432.2211662958862
2024-10-10 20:00:00,358.16454679100013,0.0,133.800114997144,29.058858165277602,0.0,358.16454679100013
2024-10-10 21:00:00,234.3407356453764,0.0,71.40014696672546,30.038307401626966,0.0,234.3407356453764
2024-10-10 22:00:00,36.747402377472255,0.0,0.0,31.21795636037558,0.0,36.747402377472255
2024-10-10 23:00:00,31.508225055920935,0.0,0.0,31.405264342619002,0.0,31.508225055920935
2024-10-11 00:00:00,44.87728981865392,0.0,0.0,31.906670962068894,0.0,44.87728981865392
2024-10-11 01:00:00,40.42797238222353,0.0,0.0,31.082097966258434,0.0,40.42797238222353
2024-10-11 02:00:00,35.43157378062845,0.0,0.0,32.65999438382716,0.0,35.43157378062845
2024-10-11 03:00:00,31.802938638058187,0.0,0.0,32.13325281455627,0.0,31.802938638058187
2024-10-11 04:00:00,25.775728029928427,0.0,0.0,31.049083130286828,0.0,25.775728029928427
2024-10-11 05:00:00,39.64756422405429,0.0,0.0,30.526207489334777,0.0,39.64756422405429
2024-10-11 06:00:00,219.31051018915545,0.0,57.7890143374662,30.04936090310327,0.0,219.31051018915545
2024-10-11 07:00:00,405.7334943884656,17.60755795204102,154.34299024555634,29.401195230092213,142.07832160516048,423.3410523405066
2024-10-11 08:00:00,347.71483558777976,30.982044139492583,138.50382363702303,28.74326724491413,251.005601607409,378.69687972727235
2024-10-11 09:00:00,345.02837189246054,42.700243736176176,146.94028957750794,26.619830825431038,346.40622223955955,387.7286156286367
2024-10-11 10:00:00,399.1830932520425,53.4249957127917,172.70624923789998,26.664714418328025,437.02432732335706,452.6080889648342
2024-10-11 11:00:00,315.8703523809299,67.73710255193505,145.43056806528222,24.66286224691313,553.8246911049782,383.6074549328649
2024-10-11 12:00:00,389.1384633398142,70.95285795419136,185.00044808208693,25.076253951134124,582.1966611523515,460.0913212940056
2024-10-11 13:00:00,233.96976015185504,52.886712308597176,96.31259145011191,25.54220896717939,426.77212090533607,286.8564724604522
2024-10-11 14:00:00,155.8908422578403,61.73586600809328,57.2937513187605,23.98718859118815,499.03796869879784,217.6267082659336
2024-10-11 15:00:00,346.58731684595176,41.52007824659311,146.65440587072723,24.01563382226983,331.5245840855797,388.1073950925449
2024-10-11 16:00:00,342.5044782931946,35.15540996459904,137.9480555340339,25.275301743825853,276.96971107565986,377.6598882577936
2024-10-11 17:00:00,87.37517898349466,16.772808558996726,0.0,26.414833955230787,130.37025371798774,104.14798754249139
2024-10-11 18:00:00,422.08782493928436,2.9677310417464608e-15,150.50219907075723,26.60869083284006,7.804690049183171e-14,422.08782493928436
2024-10-11 19:00:00,386.15806310602915,0.0,136.74086328623034,26.3378175009978,0.0,386.15806310602915
2024-10-11 20:00:00,110.41109728246079,0.0,0.0,27.354428900774263,0.0,110.41109728246079
2024-10-11 21:00:00,109.37751605620755,0.0,0.0,29.150732981620934,0.0,109.37751605620755
2024-10-11 22:00:00,29.07318325325733,0.0,0.0,29.356371897649517,0.0,29.07318325325733
2024-10-11 23:00:00,30.321709551837074,0.0,0.0,30.739209988403143,0.0,30.321709551837074
2024-10-12 00:00:00,36.577515049471685,0.0,0.0,30.860300579676085,0.0,36.577515049471685
2024-10-12 01:00:00,37.122111634909935,0.0,0.0,30.867075746479962,0.0,37.122111634909935
2024-10-12 02:00:00,36.74500939430895,0.0,0.0,32.138591256771484,0.0,36.74500939430895
2024-10-12 03:00:00,32.306614645445805,0.0,0.0,31.407188104275964,0.0,32.306614645445805
2024-10-12 04:00:00,32.917073660720575,0.0,0.0,31.368098462439704,0.0,32.917073660720575
2024-10-12 05:00:00,35.657835260913565,0.0,0.0,30.666378723085806,0.0,35.657835260913565
2024-10-12 06:00:00,65.68866999869584,0.0,0.0,29.406177328822146,0.0,65.68866999869584
2024-10-12 07:00:00,48.36734934323399,13.987438927596946,0.0,28.53985714198623,111.53274553608044,62.35478827083094
2024-10-12 08:00:00,26.9170848820956,35.756121201519896,0.0,27.582404091382696,288.2784018401152,62.6732060836155
2024-10-12 09:00:00,21.69120531722365,37.58610746489448,0.0,27.16589857818838,303.82463713417616,59.27731278211813
2024-10-12 10:00:00,0.0,61.54172219125468,0.0,25.65603152111115,506.4818850099896,61.54172219125468
2024-10-12 11:00:00,0.0,58.779261729659495,0.0,26.118856846661448,481.5655676385741,58.779261729659495
2024-10-12 12:00:00,0.0,65.9570551949469,0.0,24.327190544715346,537.7358376073114,65.9570551949469
2024-10-12 13:00:00,6.698360386037152,52.999301962930765,0.0,24.457711253933855,423.785129504701,59.69766234896792
2024-10-12 14:00:00,1.566898727240897,58.65936537280959,0.0,24.116673703774104,473.19713189076765,60.226264100050486
2024-10-12 15:00:00,9.330997411596002,53.36398720468269,0.0,24.125077060592076,429.6014225080002,62.69498461627869
2024-10-12 16:00:00,25.43424020969275,30.08368290203494,0.0,25.78629862278335,237.88527691505084,55.51792311172769
2024-10-12 17:00:00,41.12452367317533,16.349845988886177,0.0,25.036813204937932,127.06856325061925,57.474369662061505
2024-10-12 18:00:00,63.86257174738628,3.950240924503005e-15,0.0,25.828853519300868,7.000707194204473e-14,63.86257174738629
2024-10-12 19:00:00,64.23563534223868,0.0,0.0,26.49328065271031,0.0,64.23563534223868
2024-10-12 20:00:00,57.55386918164103,0.0,0.0,27.75173441764154,0.0,57.55386918164103
2024-10-12 21:00:00,60.59802560533935,0.0,0.0,28.586427583984555,0.0,60.59802560533935
2024-10-12 22:00:00,39.75919452497275,0.0,0.0,28.92158754444493,0.0,39.75919452497275
2024-10-12 23:00:00,35.70139235667551,0.0,0.0,29.993902911776168,0.0,35.70139235667551
2024-10-13 00:00:00,22.43305902383309,0.0,0.0,31.50248133605,0.0,22.43305902383309
2024-10-13 01:00:00,18.121822474559437,0.0,0.0,32.0607829681352,0.0,18.121822474559437
2024-10-13 02:00:00,13.502977892503377,0.0,0.0,31.678549457895222,0.0,13.502977892503377
2024-10-13 03:00:00,18.603919120947772,0.0,0.0,31.576786938750825,0.0,18.603919120947772
2024-10-13 04:00:00,23.978610231079635,0.0,0.0,31.017140528775382,0.0,23.978610231079635
2024-10-13 05:00:00,13.17526167037925,0.0,0.0,30.390202034586455,0.0,13.17526167037925
2024-10-13 06:00:00,19.068740400073217,0.0,0.0,29.456762636471332,0.0,19.068740400073217
2024-10-13 07:00:00,9.050885184420949,13.544382809739957,0.0,28.29409108215183,107.68775684687695,22.595267994160906
2024-10-13 08:00:00,0.0,33.54645944809192,0.0,27.815325814359213,270.3334133424225,33.54645944809192
2024-10-13 09:00:00,0.0,33.756955844543036,0.0,27.712708927223915,271.9931913232379,33.756955844543036
2024-10-13 10:00:00,0.0,67.55726909731855,0.0,26.204340680063893,559.1376481674167,67.55726909731855
2024-10-13 11:00:00,0.0,75.37044041063248,0.0,25.518666075412547,623.0775666496505,75.37044041063248
2024-10-13 12:00:00,0.0,72.5515835268942,0.0,24.952717638309622,599.058435536701,72.5515835268942
2024-10-13 13:00:00,0.0,67.20679940174925,0.0,25.40816259231711,552.4223205189267,67.20679940174925
2024-10-13 14:00:00,0.0,50.79615723249248,0.0,24.202357866146812,405.77411739423565,50.79615723249248
2024-10-13 15:00:00,0.0,49.48885865535321,0.0,24.92433542859574,398.54717255874976,49.48885865535321
2024-10-13 16:00:00,0.0,29.579370353322624,0.0,25.101227171381865,233.8319265861302,29.579370353322624
2024-10-13 17:00:00,0.0,11.836638064840988,0.0,25.72563882980695,92.37405298546018,11.836638064840988
2024-10-13 18:00:00,22.1465487329268,3.687388442413205e-15,0.0,26.538724354970707,7.215821919752739e-14,22.146548732926803
2024-10-13 19:00:00,17.31033233203929,0.0,0.0,27.289264963687696,0.0,17.31033233203929
2024-10-13 20:00:00,13.492165087279975,0.0,0.0,28.563060094737942,0.0,13.492165087279975
2024-10-13 21:00:00,17.020471376041687,0.0,0.0,29.05778714528984,0.0,17.020471376041687
2024-10-13 22:00:00,23.10550829340888,0.0,0.0,30.78873734812533,0.0,23.10550829340888
2024-10-13 23:00:00,21.62888526215515,0.0,0.0,30.66366285504882,0.0,21.62888526215515
2024-10-14 00:00:00,38.3485614994427,0.0,0.0,31.48020696454551,0.0,38.3485614994427
2024-10-14 01:00:00,35.89582599968215,0.0,0.0,33.00074706368371,0.0,35.89582599968215
2024-10-14 02:00:00,32.7425770519443,0.0,0.0,32.99689989523,0.0,32.7425770519443
2024-10-14 03:00:00,30.368527749706757,0.0,0.0,32.69786440049281,0.0,30.368527749706757
2024-10-14 04:00:00,27.170249275530043,0.0,0.0,32.20215474803507,0.0,27.170249275530043
2024-10-14 05:00:00,31.927928578263938,0.0,0.0,30.718415693523127,0.0,31.927928578263938
2024-10-14 06:00:00,232.09963447408128,0.0,62.54884907392502,30.07742946146727,0.0,232.09963447408128
2024-10-14 07:00:00,334.2429237098643,20.03336015089554,122.3064829186613,31.03047776070767,163.3975525547178,354.2762838607598
2024-10-14 08:00:00,368.9952962461152,29.243018255194205,144.93662284618196,29.008100191050413,235.63964571219972,398.2383145013094
2024-10-14 09:00:00,371.58442695921207,44.11775210835973,157.1357854751926,28.877795048517388,360.6678597650213,415.7021790675718
2024-10-14 10:00:00,381.76790168181026,41.504442959815606,155.66313253410416,26.749334855979875,334.42132498222117,423.27234464162586
2024-10-14 11:00:00,308.1509500004282,47.771665443346905,132.61092486907538,26.302548610763058,387.92251921779814,355.92261544377516
2024-10-14 12:00:00,321.87328056581487,83.12421918104128,156.4951636922187,26.609083052795427,704.2799150061483,404.99749974685614
2024-10-14 13:00:00,191.96653920493048,82.79123459957492,85.62908158912614,25.868860582739053,701.2339046685995,274.7577738045054
2024-10-14 14:00:00,146.23868364066294,61.09226208752254,59.215459748730595,26.069685078594794,497.6740413158602,207.3309457281855
2024-10-14 15:00:00,313.28830040941716,44.53114106903747,129.39724064119125,25.913294817623463,357.0933832592228,357.8194414784546
2024-10-14 16:00:00,232.66668251583224,34.229501299391714,81.83761764246607,26.165926597351266,272.4675867552665,266.89618381522394
2024-10-14 17:00:00,107.86290650996246,20.936711712273716,0.0,26.485955844359747,164.0935861691642,128.79961822223618
2024-10-14 18:00:00,428.2920804669867,4.474448720545955e-15,150.14622369437717,26.953850164635107,6.472548897373115e-14,428.2920804669867
2024-10-14 19:00:00,126.73847861444379,0.0,0.0,29.096335479607532,0.0,126.73847861444379
2024-10-14 20:00:00,118.33103277717304,0.0,0.0,30.084506045665048,0.0,118.33103277717304
2024-10-14 21:00:00,295.1733862187434,0.0,94.95757949138576,29.68736667308684,0.0,295.1733862187434
2024-10-14 22:00:00,37.09136848387418,0.0,0.0,30.49881194159663,0.0,37.09136848387418
2024-10-14 23:00:00,38.22997127892116,0.0,0.0,31.601838655541975,0.0,38.22997127892116
2024-10-15 00:00:00,33.1421304478396,0.0,0.0,32.57073473350178,0.0,33.1421304478396
2024-10-15 01:00:00,34.34423890764217,0.0,0.0,32.65925960085808,0.0,34.34423890764217
2024-10-15 02:00:00,37.805058105781946,0.0,0.0,33.119188345448535,0.0,37.805058105781946
2024-10-15 03:00:00,30.447843266880753,0.0,0.0,32.72554423103073,0.0,30.447843266880753
2024-10-15 04:00:00,34.52082440977024,0.0,0.0,32.34320165534559,0.0,34.52082440977024
2024-10-15 05:00:00,38.47058773839806,0.0,0.0,33.05084141536253,0.0,38.47058773839806
2024-10-15 06:00:00,217.42340091181427,0.0,55.11603224399597,30.85682668702702,0.0,217.42340091181427
2024-10-15 07:00:00,379.0724618871871,12.474731535493238,136.38747800127854,31.09526841709577,99.90313323834606,391.5471934226803
2024-10-15 08:00:00,300.3572753157539,30.053626752171436,111.33729498553878,30.092859846665107,243.2214870494755,330.41090206792535
2024-10-15 09:00:00,62.30389358665303,45.23601566773584,0.0,28.715608408258174,370.73247795589964,107.53990925438887
2024-10-15 10:00:00,41.95374616485887,69.56179611558503,0.0,26.65636239459991,578.8199386253415,111.5155422804439
2024-10-15 11:00:00,374.5530847097085,44.538467690527824,150.43210857540677,26.91008332385324,360.5165576783993,419.0915524002363
2024-10-15 12:00:00,316.4710012227844,62.78678062599035,137.9324409870043,26.080992020881364,514.8786136317852,379.25778184877475
2024-10-15 13:00:00,186.19369598249153,74.37120678590544,80.93229490075217,25.998733266533172,611.3334082066631,260.56490276839696
2024-10-15 14:00:00,155.07035512899046,49.434358845908285,53.30214943366282,25.337944916630732,400.5618746697426,204.50471397489875
2024-10-15 15:00:00,321.03157812300145,44.28169420994251,131.3995208383608,26.366816895337962,357.8065060373035,365.31327233294394
2024-10-15 16:00:00,372.24790768252444,34.25051642274125,155.65931874324335,26.83083191313467,273.70136299992856,406.4984241052657
2024-10-15 17:00:00,366.76218262996304,17.605111096283032,143.83018900829472,27.47956672970523,138.78219181658415,384.3672937262461
2024-10-15 18:00:00,402.11487993360674,2.9009065572849154e-15,156.62641016536344,27.428338954632405,7.852302025623263e-14,402.11487993360674
2024-10-15 19:00:00,322.75010433957635,0.0,111.24424682611632,27.933849103942464,0.0,322.75010433957635
2024-10-15 20:00:00,400.96705679894177,0.0,150.09145217862525,29.545269021060065,0.0,400.96705679894177
2024-10-15 21:00:00,261.32838850677956,0.0,81.36357079831954,31.153332131757868,0.0,261.32838850677956
2024-10-15 22:00:00,36.167426123193394,0.0,0.0,31.154123130131442,0.0,36.167426123193394
2024-10-15 23:00:00,30.209767339639928,0.0,0.0,32.07045059003364,0.0,30.209767339639928
2024-10-16 00:00:00,34.67543391142416,0.0,0.0,31.63684773722624,0.0,34.67543391142416
2024-10-16 01:00:00,32.59836790428523,0.0,0.0,31.852225835985557,0.0,32.59836790428523
2024-10-16 02:00:00,32.49920612957937,0.0,0.0,32.552358516223954,0.0,32.49920612957937
2024-10-16 03:00:00,35.8046872217916,0.0,0.0,32.05092755526401,0.0,35.8046872217916
2024-10-16 04:00:00,33.20624831426722,0.0,0.0,31.956070915931903,0.0,33.20624831426722
2024-10-16 05:00:00,32.05899755468037,0.0,0.0,31.45184770971313,0.0,32.05899755468037
2024-10-16 06:00:00,229.8153597638906,0.0,55.39560452046442,30.646978966491154,0.0,229.8153597638906
2024-10-16 07:00:00,411.7992163080412,15.391989723337874,161.77777338433668,29.908014864474396,123.42078390726064,427.19120603137907
2024-10-16 08:00:00,345.79618807109966,36.928552757784104,136.94463974593168,28.296717680541658,300.65313099198124,382.7247408288838
2024-10-16 09:00:00,360.5938213971024,42.07646404911492,149.50952489759408,27.360339210889464,341.79199602374945,402.6702854462173
2024-10-16 10:00:00,299.65023643848104,59.11869503297469,127.99427756806445,26.951909743618074,486.0481555494627,358.76893147145574
2024-10-16 11:00:00,329.9297065784791,61.743019241119185,143.01456972615938,26.239066152638163,508.9092964843935,391.6727258195983
2024-10-16 12:00:00,251.23471459477918,69.50348076459902,119.82473391733824,25.43097022031635,569.7514746351055,320.7381953593782
2024-10-16 13:00:00,204.54585657321206,62.09736005265144,85.00999075879506,25.462980303117302,503.7987987219265,266.6432166258635
2024-10-16 14:00:00,174.55288592092086,41.64610243232137,59.19682867128413,25.677329262338723,334.97579332354826,216.1989883532422
2024-10-16 15:00:00,355.03783450751575,51.73729032134632,158.26583608186266,25.936236091986707,417.1104399715726,406.7751248288621
2024-10-16 16:00:00,315.21329959401544,31.724475430630797,130.84501251756285,26.398262569999744,253.2755150630018,346.9377750246462
2024-10-16 17:00:00,329.86651047997714,18.865430543469685,134.96226216125692,25.590945981240196,148.3597752826381,348.73194102344684
2024-10-16 18:00:00,351.4502367690238,4.02340799983444e-15,133.32126752756145,26.391721260067488,6.927504425610637e-14,351.4502367690238
2024-10-16 19:00:00,367.9402815409913,0.0,138.88035440709945,27.672531192342056,0.0,367.9402815409913
2024-10-16 20:00:00,345.3431897276282,0.0,128.76433603710595,28.76336381742539,0.0,345.3431897276282
2024-10-16 21:00:00,231.11949242593772,0.0,67.05578285292967,29.50987820285203,0.0,231.11949242593772
2024-10-16 22:00:00,37.241416974353726,0.0,0.0,30.196900881830427,0.0,37.241416974353726
2024-10-16 23:00:00,34.82320204222194,0.0,0.0,31.04588516097593,0.0,34.82320204222194
2024-10-17 00:00:00,28.279144356906833,0.0,0.0,33.08403540420974,0.0,28.279144356906833
2024-10-17 01:00:00,35.18722138827853,0.0,0.0,32.52721874836367,0.0,35.18722138827853
2024-10-17 02:00:00,34.93690329517041,0.0,0.0,34.4829681660415,0.0,34.93690329517041
2024-10-17 03:00:00,34.71087417437662,0.0,0.0,33.202526743451834,0.0,34.71087417437662
2024-10-17 04:00:00,36.450782248199,0.0,0.0,33.36780219010785,0.0,36.450782248199
2024-10-17 05:00:00,30.053704596988112,0.0,0.0,31.99616086641861,0.0,30.053704596988112
2024-10-17 06:00:00,212.49137567026096,0.0,51.05654010825053,31.848464376010337,0.0,212.49137567026096
2024-10-17 07:00:00,366.7314083954243,19.188241970265477,141.80229127717178,30.767201774021064,155.00528809499147,385.9196503656898
2024-10-17 08:00:00,353.0272699869987,39.150498747158686,140.38956437807283,30.2396937766921,321.6920382538521,392.1777687341574
2024-10-17 09:00:00,343.80351052972895,52.457294739693985,150.3677017744384,28.806099462977254,428.8872633670113,396.2608052694229
2024-10-17 10:00:00,353.0184111046638,63.59470965203946,154.50126445948547,28.837071363292793,530.4273321774601,416.61312075670327
2024-10-17 11:00:00,293.7427187145965,83.72832088170206,136.09388403696107,26.590387921851516,708.9837960188553,377.47103959629857
2024-10-17 12:00:00,263.0143536583379,82.33194139573538,119.90321482522252,27.254887581601427,694.3463011467371,345.34629505407327
2024-10-17 13:00:00,205.52567516797103,70.94598102511348,88.9475251050508,26.48990906550274,588.2966499831526,276.4716561930845
2024-10-17 14:00:00,133.2786359818927,65.57755261992344,56.944088177574265,25.80212623056148,536.3410762240952,198.85618860181614
2024-10-17 15:00:00,320.8497947013009,47.71330809230383,138.8171892315983,27.40658212275977,388.6772656850282,368.5631027936047
2024-10-17 16:00:00,385.275211908095,36.41386992638868,159.8910568738405,27.704549529786206,294.9344906357974,421.68908183448366
2024-10-17 17:00:00,362.64001217521457,20.464513818534236,148.92030852979505,26.299480473183312,162.1576506160029,383.1045259937488
2024-10-17 18:00:00,373.01104834587204,2.5274031355436544e-15,144.25131546493722,28.149681773420866,8.176494596098739e-14,373.01104834587204
2024-10-17 19:00:00,382.1726594884006,0.0,144.8353497128525,29.258254199254498,0.0,382.1726594884006
2024-10-17 20:00:00,401.66845304093715,0.0,154.6083126721722,30.03214198390686,0.0,401.66845304093715
2024-10-17 21:00:00,260.5139771823751,0.0,79.604322428738,31.474921041745993,0.0,260.5139771823751
2024-10-17 22:00:00,33.078860776085655,0.0,0.0,32.215105933505264,0.0,33.078860776085655
2024-10-17 23:00:00,32.172292913737394,0.0,0.0,32.41875699205946,0.0,32.172292913737394
2024-10-18 00:00:00,38.53047857519031,0.0,0.0,34.19224031357204,0.0,38.53047857519031
2024-10-18 01:00:00,35.1531000742234,0.0,0.0,33.87176324748622,0.0,35.1531000742234
2024-10-18 02:00:00,31.163831303919082,0.0,0.0,33.34689234653173,0.0,31.163831303919082
2024-10-18 03:00:00,32.61408346230408,0.0,0.0,33.127166188718256,0.0,32.61408346230408
2024-10-18 04:00:00,26.182900274337932,0.0,0.0,33.67535925885303,0.0,26.182900274337932
2024-10-18 05:00:00,34.76421985484068,0.0,0.0,32.10099621500839,0.0,34.76421985484068
2024-10-18 06:00:00,225.56651895432452,0.0,51.98274946181289,31.56773045439145,0.0,225.56651895432452
2024-10-18 07:00:00,376.1051310873701,15.750069529850721,139.1635762725691,30.80868030625209,126.65451689325985,391.8552006172209
2024-10-18 08:00:00,317.77432839904,44.95243001035055,125.71441451615048,30.200426290758767,371.502586770298,362.7267584093905
2024-10-18 09:00:00,333.77705216536253,57.033179717143916,141.85277978914064,29.02000375478108,474.64522055133983,390.81023188250646
2024-10-18 10:00:00,326.4650782861712,58.221923269341765,143.88155525805027,27.614114145880624,477.64413948589765,384.68700155551295
2024-10-18 11:00:00,317.274437329037,59.93689567794082,141.51957477533006,28.12876572896316,494.5620200754699,377.21133300697784
2024-10-18 12:00:00,298.47610919060816,75.1337462499394,137.34979800188864,26.789311356482596,628.6256053295008,373.60985544054756
2024-10-18 13:00:00,228.14477288154595,65.6721286611955,99.63323908181195,27.6518268365087,549.7199998143717,293.81690154274145
2024-10-18 14:00:00,167.20714919952673,64.38501107250083,62.36176849995316,26.674594597750612,532.899579648943,231.59216027202757
2024-10-18 15:00:00,317.792620431866,55.89229949069485,141.1157573118331,27.275462944310032,457.3274657829309,373.6849199225609
2024-10-18 16:00:00,349.34913156384766,34.00156417989376,143.8256481437845,27.306941437965552,273.605100565517,383.3506957437414
2024-10-18 17:00:00,396.8031194118026,16.4376929017351,162.11290791958663,28.20525399569609,130.8163534452183,413.2408123135377
2024-10-18 18:00:00,350.57140108165635,3.2065917478193305e-15,134.1701005337189,28.557769092252908,7.587690986303906e-14,350.57140108165635
2024-10-18 19:00:00,360.39785727187603,0.0,128.74022571360757,29.234317353257772,0.0,360.39785727187603
2024-10-18 20:00:00,107.45677731388881,0.0,0.0,30.56921664004895,0.0,107.45677731388881
2024-10-18 21:00:00,288.118464505032,0.0,89.03889372189695,32.171452309275544,0.0,288.118464505032
2024-10-18 22:00:00,31.303028230158727,0.0,0.0,31.637701124818253,0.0,31.303028230158727
2024-10-18 23:00:00,35.11445018441015,0.0,0.0,32.89493682213612,0.0,35.11445018441015
2024-10-19 00:00:00,36.969800923559404,0.0,0.0,32.5081175823312,0.0,36.969800923559404
2024-10-19 01:00:00,38.64989755188967,0.0,0.0,33.11342103259899,0.0,38.64989755188967
2024-10-19 02:00:00,28.492904364971977,0.0,0.0,33.000730409129,0.0,28.492904364971977
2024-10-19 03:00:00,37.872487176580265,0.0,0.0,31.78152007949727,0.0,37.872487176580265
2024-10-19 04:00:00,36.15871974595635,0.0,0.0,32.410646684717186,0.0,36.15871974595635
2024-10-19 05:00:00,33.42364717219463,0.0,0.0,32.45430240089792,0.0,33.42364717219463
2024-10-19 06:00:00,55.984601415972314,0.0,0.0,30.847047818706454,0.0,55.984601415972314
2024-10-19 07:00:00,52.33384719831203,14.35705608924387,0.0,30.845991009735332,115.11755822203531,66.6909032875559
2024-10-19 08:00:00,33.07489885226343,33.05116117755952,0.0,29.57145571253591,268.1622241859956,66.12606002982295
2024-10-19 09:00:00,28.673663863166134,38.23667843478322,0.0,28.47803920705481,309.5263971701461,66.91034229794936
2024-10-19 10:00:00,27.97130015066714,32.06930872347209,0.0,28.182558822982422,258.0982510418787,60.04060887413923
2024-10-19 11:00:00,10.617158637799385,51.528093036500984,0.0,27.345293167969952,422.6781862954978,62.14525167430037
2024-10-19 12:00:00,0.0,69.63248912281999,0.0,26.65883575269422,577.4861623671741,69.63248912281999
2024-10-19 13:00:00,20.318312749371685,38.971968397742614,0.0,26.606860839719207,313.2533491012713,59.2902811471143
2024-10-19 14:00:00,15.588448929417133,45.64519043245846,0.0,26.08120029013503,367.54508441618947,61.233639361875596
2024-10-19 15:00:00,24.59944909930072,35.84291835554084,0.0,25.27657772183449,286.338605723074,60.44236745484156
2024-10-19 16:00:00,38.04325800776947,26.935280236287863,0.0,26.259501780529042,214.7162687299603,64.97853824405733
2024-10-19 17:00:00,52.405385904259944,14.34122269940127,0.0,26.10257618479789,113.08026566419582,66.74660860366122
2024-10-19 18:00:00,59.55010584056328,4.653635983122766e-15,0.0,28.058333543445055,6.230798440857453e-14,59.55010584056329
2024-10-19 19:00:00,62.27041825024621,0.0,0.0,29.0218843921284,0.0,62.27041825024621
2024-10-19 20:00:00,57.5804056210405,0.0,0.0,29.950502251407258,0.0,57.5804056210405
2024-10-19 21:00:00,59.89134106874053,0.0,0.0,30.630065137814462,0.0,59.89134106874053
2024-10-19 22:00:00,33.54089238904207,0.0,0.0,31.713613695035388,0.0,33.54089238904207
2024-10-19 23:00:00,35.088025740906744,0.0,0.0,31.166223195359922,0.0,35.088025740906744
2024-10-20 00:00:00,14.819844733346365,0.0,0.0,30.821874510971732,0.0,14.819844733346365
2024-10-20 01:00:00,16.538823350045853,0.0,0.0,30.517851456230968,0.0,16.538823350045853
2024-10-20 02:00:00,14.970211237334222,0.0,0.0,31.165404252220394,0.0,14.970211237334222
2024-10-20 03:00:00,15.409877966469402,0.0,0.0,32.033435318601455,0.0,15.409877966469402
2024-10-20 04:00:00,18.88678439473658,0.0,0.0,31.42227656304622,0.0,18.88678439473658
2024-10-20 05:00:00,20.30462641632451,0.0,0.0,30.650585496013466,0.0,20.30462641632451
2024-10-20 06:00:00,18.29778964200558,0.0,0.0,29.503758944323017,0.0,18.29778964200558
2024-10-20 07:00:00,0.0,21.883522500863197,0.0,28.25363832425937,174.99049300811836,21.883522500863197
2024-10-20 08:00:00,0.0,45.968662511061524,0.0,27.938082900515553,376.9696548775455,45.968662511061524
2024-10-20 09:00:00,0.0,60.820976009229256,0.0,27.49404031667567,505.13066429295156,60.820976009229256
2024-10-20 10:00:00,0.0,69.21718575817883,0.0,26.299504803252955,573.7220715963756,69.21718575817883
2024-10-20 11:00:00,0.0,70.787785297994,0.0,24.576849929878144,583.3709386489631,70.787785297994
2024-10-20 12:00:00,0.0,74.13238983021199,0.0,24.86578559393572,617.2172305773813,74.13238983021199
2024-10-20 13:00:00,0.0,64.58133461402166,0.0,23.50716457057843,525.4752761731937,64.58133461402166
2024-10-20 14:00:00,0.0,52.6378116241266,0.0,24.746660975176344,425.4071468292038,52.6378116241266
2024-10-20 15:00:00,0.0,45.260596057769206,0.0,24.117324792578245,364.613896813467,45.260596057769206
2024-10-20 16:00:00,0.0,37.69335695350982,0.0,24.201919445451335,302.531697858366,37.69335695350982
2024-10-20 17:00:00,2.6744509895417146,18.87575385992275,0.0,25.778660655836525,149.87879127567115,21.550204849464464
2024-10-20 18:00:00,17.46946700643611,4.846085993751056e-15,0.0,26.374257977215333,5.995883263306325e-14,17.469467006436112
2024-10-20 19:00:00,18.41153440752001,0.0,0.0,27.05490188197162,0.0,18.41153440752001
2024-10-20 20:00:00,13.715093587737602,0.0,0.0,28.940423032198865,0.0,13.715093587737602
2024-10-20 21:00:00,15.102622922146752,0.0,0.0,29.06793563461014,0.0,15.102622922146752
2024-10-20 22:00:00,15.812779217246266,0.0,0.0,29.272090593659655,0.0,15.812779217246266
2024-10-20 23:00:00,14.094653421725274,0.0,0.0,30.579044726518724,0.0,14.094653421725274
2024-10-21 00:00:00,27.461085892329542,0.0,0.0,31.98138010060277,0.0,27.461085892329542
2024-10-21 01:00:00,35.983257017711104,0.0,0.0,33.10744966201569,0.0,35.983257017711104
2024-10-21 02:00:00,28.9810599418157,0.0,0.0,32.733818462470666,0.0,28.9810599418157
2024-10-21 03:00:00,31.819358481964052,0.0,0.0,32.66403189446741,0.0,31.819358481964052
2024-10-21 04:00:00,37.90993017279893,0.0,0.0,31.403234567203345,0.0,37.90993017279893
2024-10-21 05:00:00,37.17043248157094,0.0,0.0,31.59887940295984,0.0,37.17043248157094
2024-10-21 06:00:00,226.38668722425314,0.0,75.21735971101953,30.81519693192282,0.0,226.38668722425314
2024-10-21 07:00:00,409.7937420254557,17.603127092357322,194.12604068191868,29.487089789309,140.70915029851847,427.396869117813
2024-10-21 08:00:00,330.6879200660659,31.739218282907306,166.15118773848863,28.98257911586103,257.4290932581553,362.4271383489732
2024-10-21 09:00:00,297.664047474159,50.411934667367525,154.03379597332594,28.405339422988668,412.9958764066959,348.07598214152654
2024-10-21 10:00:00,304.32053646629106,57.816254419316394,168.80478807736773,27.341155059383446,477.2323551440911,362.13679088560747
2024-10-21 11:00:00,321.45804735332183,80.64599748813133,189.716770300344,25.91240627911052,678.5646533265093,402.1040448414532
2024-10-21 12:00:00,289.0074625864355,67.80794834955952,162.75697201295336,25.925632529211445,559.9791247090133,356.81541093599503
2024-10-21 13:00:00,174.32690928041876,68.47270764007031,86.76864785840104,25.478577072523777,560.7955975021633,242.7996169204891
2024-10-21 14:00:00,139.59031341834304,79.64253278321137,72.74870181597011,25.690086620571044,669.223013784521,219.23284620155442
2024-10-21 15:00:00,320.51063243912995,49.56978851170663,169.11823915572919,25.755355747990926,402.9226091677569,370.0804209508366
2024-10-21 16:00:00,283.73763093423656,38.87508736450839,148.32105706302835,25.85643441475399,313.44415872922934,322.61271829874494
2024-10-21 17:00:00,355.63827539980804,20.497120561423465,180.62001897594084,26.39312440319086,164.02395903301866,376.1353959612315
2024-10-21 18:00:00,364.3990896365224,2.9154732897330655e-15,172.3599179490436,27.376941153047703,7.840273561365069e-14,364.3990896365224
2024-10-21 19:00:00,424.126649656954,0.0,209.33310914562443,28.66895157868991,0.0,424.126649656954
2024-10-21 20:00:00,375.90949714124093,0.0,180.87805235436184,29.232650120409545,0.0,375.90949714124093
2024-10-21 21:00:00,267.33769469538913,0.0,113.87570839957948,30.71073117955963,0.0,267.33769469538913
2024-10-21 22:00:00,32.56669371340183,0.0,0.0,31.409925348476396,0.0,32.56669371340183
2024-10-21 23:00:00,29.995637298077902,0.0,0.0,32.31654484131294,0.0,29.995637298077902
2024-10-22 00:00:00,27.111217014557795,0.0,0.0,32.814443530113344,0.0,27.111217014557795
2024-10-22 01:00:00,34.68839090987851,0.0,0.0,33.26125594134838,0.0,34.68839090987851
2024-10-22 02:00:00,32.27828252789997,0.0,0.0,32.022469385730666,0.0,32.27828252789997
2024-10-22 03:00:00,38.88596152468441,0.0,0.0,32.80349432193326,0.0,38.88596152468441
2024-10-22 04:00:00,36.616816631833245,0.0,0.0,32.73928998064377,0.0,36.616816631833245
2024-10-22 05:00:00,39.97171534530375,0.0,0.0,32.27342818604751,0.0,39.97171534530375
2024-10-22 06:00:00,215.94754259713582,0.0,71.59052478197842,30.46368138445931,0.0,215.94754259713582
2024-10-22 07:00:00,360.4214944952566,20.39957364534682,168.5723861777922,30.333597711290828,164.1374553164132,380.8210681406034
2024-10-22 08:00:00,347.50669517564,28.608869405394216,170.54302656303,29.136642323441496,231.28394641194726,376.1155645810342
2024-10-22 09:00:00,380.1587501770201,41.91235245127289,198.66520847652652,29.116704249611267,342.5232392582512,422.07110262829303
2024-10-22 10:00:00,353.0047920114878,71.45080679142642,192.6919670094557,26.65539497876906,594.9060032500765,424.4555988029142
2024-10-22 11:00:00,275.11276517425495,62.4173028375316,121.28703751125963,26.239522266101936,510.4624127218432,337.53006801178657
2024-10-22 12:00:00,251.32666940220122,78.67046013456412,124.70736179817655,25.162634965239576,659.729231828372,329.9971295367653
2024-10-22 13:00:00,194.70469489095342,62.983168983612366,75.29920111873274,25.790608542471087,518.5813101615475,257.6878638745658
2024-10-22 14:00:00,160.56731368394662,56.55933511501191,63.04256854235613,26.73096092560111,467.53543920368634,217.12664879895854
2024-10-22 15:00:00,282.2710781218846,43.44836117918079,117.82792106119433,25.6961295896879,352.09421525094,325.7194393010654
2024-10-22 16:00:00,358.28835704328907,36.57614071045777,153.70745270579167,26.118468538982874,296.3939563289603,394.86449775374683
2024-10-22 17:00:00,367.26615501972054,20.032998970908263,148.17659251686035,26.89928644212497,161.59232902097676,387.2991539906288
2024-10-22 18:00:00,382.73802116550013,5.063801522915888e-15,144.59208648596677,27.29089554846264,5.41898312605233e-14,382.73802116550013
2024-10-22 19:00:00,370.30522290331726,0.0,135.75983364448254,28.376187142679502,0.0,370.30522290331726
2024-10-22 20:00:00,406.05108472057236,0.0,159.43779146704227,29.295146625630192,0.0,406.05108472057236
2024-10-22 21:00:00,257.52720112628595,0.0,86.4701525111499,29.582129122778344,0.0,257.52720112628595
2024-10-22 22:00:00,38.81199421495445,0.0,0.0,30.802017435191452,0.0,38.81199421495445
2024-10-22 23:00:00,40.131312966605606,0.0,0.0,31.94488098836432,0.0,40.131312966605606
2024-10-23 00:00:00,11.62843681410111,0.0,0.0,31.01661925115122,0.0,11.62843681410111
2024-10-23 01:00:00,16.441161739369676,0.0,0.0,31.551233499733016,0.0,16.441161739369676
2024-10-23 02:00:00,20.213456146913753,0.0,0.0,31.188960313015535,0.0,20.213456146913753
2024-10-23 03:00:00,17.120200816530158,0.0,0.0,31.0798755272581,0.0,17.120200816530158
2024-10-23 04:00:00,11.58198740192869,0.0,0.0,30.927423625476987,0.0,11.58198740192869
2024-10-23 05:00:00,14.424263705854507,0.0,0.0,29.6987309069914,0.0,14.424263705854507
2024-10-23 06:00:00,51.76454922050764,0.0,0.0,28.95335275362956,0.0,51.76454922050764
2024-10-23 07:00:00,41.86311832602881,14.93694867737624,0.0,28.364710008655763,118.4714612871443,56.80006700340505
2024-10-23 08:00:00,0.0,29.809722831237252,0.0,26.883733429847087,238.40357061710867,29.809722831237252
2024-10-23 09:00:00,0.0,39.33637074220379,0.0,26.81882600761527,318.3944768859084,39.33637074220379
2024-10-23 10:00:00,0.0,59.98568943028231,0.0,26.295783297708272,490.00211728742704,59.98568943028231
2024-10-23 11:00:00,0.48529693081349023,46.047415035219174,0.0,24.691346723052046,368.6751301605233,46.532711966032664
2024-10-23 12:00:00,0.0,55.88635747369854,0.0,24.707727961321236,454.34129006678626,55.88635747369854
2024-10-23 13:00:00,0.0,46.82504144028847,0.0,23.825936362141405,376.3610225473994,46.82504144028847
2024-10-23 14:00:00,0.0,60.55674051451697,0.0,23.512954528626675,487.6300882278045,60.55674051451697
2024-10-23 15:00:00,6.17140368955517,34.91395275612007,0.0,25.168282409492235,278.75097524004883,41.08535644567524
2024-10-23 16:00:00,0.0,33.44110249389929,0.0,23.98903679836998,266.8162893010311,33.44110249389929
2024-10-23 17:00:00,24.50616462452147,21.264139759332966,0.0,24.406708886427303,169.73999629706043,45.77030438385444
2024-10-23 18:00:00,27.375359808061884,2.6740426083166374e-15,0.0,25.878599978151797,8.063100758622176e-14,27.375359808061887
2024-10-23 19:00:00,47.36519091943563,0.0,0.0,26.7496363609957,0.0,47.36519091943563
2024-10-23 20:00:00,37.41049782307643,0.0,0.0,27.85485835021911,0.0,37.41049782307643
2024-10-23 21:00:00,52.383760133158766,0.0,0.0,29.427722964237915,0.0,52.383760133158766
2024-10-23 22:00:00,12.297847564895928,0.0,0.0,28.882677372026826,0.0,12.297847564895928
2024-10-23 23:00:00,21.670331288129184,0.0,0.0,29.706897594790103,0.0,21.670331288129184
2024-10-24 00:00:00,32.8743443107743,0.0,0.0,30.452164989033854,0.0,32.8743443107743
2024-10-24 01:00:00,34.63710123680044,0.0,0.0,30.46697560189952,0.0,34.63710123680044
2024-10-24 02:00:00,38.42421042901815,0.0,0.0,30.516713996015756,0.0,38.42421042901815
2024-10-24 03:00:00,30.64279343113103,0.0,0.0,29.70247937139297,0.0,30.64279343113103
2024-10-24 04:00:00,34.31513642481795,0.0,0.0,30.210706350586552,0.0,34.31513642481795
2024-10-24 05:00:00,33.106072191184055,0.0,0.0,29.493138471378323,0.0,33.106072191184055
2024-10-24 06:00:00,121.99569134701599,0.0,0.0,28.461441961194573,0.0,121.99569134701599
2024-10-24 07:00:00,353.93865035743494,15.471244820867366,125.23865335434047,27.230076079876966,122.26409257458499,369.4098951783023
2024-10-24 08:00:00,321.1338704091092,28.317289425010664,119.06220174054995,26.670021104329113,225.5124403860189,349.45115983411984
2024-10-24 09:00:00,376.8098173544657,40.006743266788455,159.6047623433022,26.535050113517702,322.22007695247083,416.81656062125415
2024-10-24 10:00:00,373.76628383076934,48.713647576495504,162.7956345712571,24.31968945083305,392.44904341881795,422.47993140726487
2024-10-24 11:00:00,355.4573389857671,55.83675955086352,157.97944031660407,23.74190005895024,452.1911787248235,411.2940985366306
2024-10-24 12:00:00,305.6767543578562,62.257098900518926,140.46035152880145,23.271683196354022,507.4897594990228,367.93385325837517
2024-10-24 13:00:00,176.0594895993425,57.003201940009504,73.30446192439122,23.03052235711828,461.508699837682,233.062691539352
2024-10-24 14:00:00,147.0262491315746,48.183583450548134,50.99213551859454,23.10880498387438,385.23327318493995,195.20983258212271
2024-10-24 15:00:00,302.01890299185425,43.54934108812149,128.40855687514704,23.715218449224107,351.4127487516281,345.5682440799757
2024-10-24 16:00:00,344.83845065672983,33.165186453422606,141.84887455132372,23.816291471098086,264.6125976639039,378.00363711015245
2024-10-24 17:00:00,398.37751282378275,14.015716936836156,162.27105892572183,24.17222011823369,109.78633834259222,412.3932297606189
2024-10-24 18:00:00,397.00703967744795,5.040472287321792e-15,162.21513116616268,25.005170064675063,5.6569521576290435e-14,397.00703967744795
2024-10-24 19:00:00,369.68496697395557,0.0,135.54120960724637,26.022802149457657,0.0,369.68496697395557
2024-10-24 20:00:00,314.79754930508784,0.0,110.62904211762522,25.775820354020095,0.0,314.79754930508784
2024-10-24 21:00:00,261.5872503219186,0.0,75.52223047622212,28.058332080871015,0.0,261.5872503219186
2024-10-24 22:00:00,33.3387773454516,0.0,0.0,27.95346685569169,0.0,33.3387773454516
2024-10-24 23:00:00,35.50457439187463,0.0,0.0,28.86979187569906,0.0,35.50457439187463
2024-10-25 00:00:00,31.324470370921823,0.0,0.0,29.273975828447863,0.0,31.324470370921823
2024-10-25 01:00:00,34.14603083273862,0.0,0.0,29.415706732360313,0.0,34.14603083273862
2024-10-25 02:00:00,27.38059355035699,0.0,0.0,29.816134474897204,0.0,27.38059355035699
2024-10-25 03:00:00,41.12859367865349,0.0,0.0,29.524323605590475,0.0,41.12859367865349
2024-10-25 04:00:00,41.069862983586695,0.0,0.0,28.95909202406526,0.0,41.069862983586695
2024-10-25 05:00:00,35.79141498762145,0.0,0.0,29.31192207319159,0.0,35.79141498762145
2024-10-25 06:00:00,236.00169950218097,0.0,63.775025133250914,28.1767020203556,0.0,236.00169950218097
2024-10-25 07:00:00,397.82253647805754,15.528008870786197,145.80070915637543,27.129594574777165,122.61248922873838,413.35054534884375
2024-10-25 08:00:00,364.56314210256664,13.711451300805077,137.4320414749769,26.418929174780217,107.80886030400637,378.27459340337174
2024-10-25 09:00:00,344.53712432810255,43.00837788997759,136.43854008101903,24.81413785013796,345.1966786082656,387.5455022180801
2024-10-25 10:00:00,310.7881738568733,51.471226397814036,131.80037363308733,25.410055125258875,420.18771460158877,362.2594002546873
2024-10-25 11:00:00,269.9740781884121,66.62018285285806,125.3462297639273,23.053976919656048,543.593020191231,336.59426104127016
2024-10-25 12:00:00,377.65439988374374,70.60385127500439,172.02690364898325,23.0981646702517,583.3263091070513,448.2582511587481
2024-10-25 13:00:00,240.48214560321517,55.945217575478615,100.19303172848599,22.548715723029925,453.57159109566123,296.4273631786938
2024-10-25 14:00:00,139.46569948362617,58.269386458021565,52.315362226944686,22.41046206663701,472.7382287456341,197.73508594164772
2024-10-25 15:00:00,281.1699390406739,35.77818684876928,117.50732861789984,22.464800484181414,282.9264690776973,316.9481258894432
2024-10-25 16:00:00,353.22138671894436,34.06549513078405,144.90851141560714,22.655725340605745,271.07784754136037,387.2868818497284
2024-10-25 17:00:00,378.7477791995346,14.47263978617723,140.39857920515047,24.191966622601676,113.96566494014985,393.22041898571183
2024-10-25 18:00:00,395.5283395178057,5.134733348930499e-15,151.45102793222537,23.72031785705909,4.822667293561913e-14,395.5283395178057
2024-10-25 19:00:00,394.16771769201887,0.0,154.67814826802234,25.65858454583362,0.0,394.16771769201887
2024-10-25 20:00:00,352.94300910579653,0.0,125.82713475114231,26.396938121711024,0.0,352.94300910579653
2024-10-25 21:00:00,102.13366273995602,0.0,0.0,26.788090346369682,0.0,102.13366273995602
2024-10-25 22:00:00,43.406344928626005,0.0,0.0,28.08897289624746,0.0,43.406344928626005
2024-10-25 23:00:00,28.169156584830105,0.0,0.0,28.468593479655162,0.0,28.169156584830105
2024-10-26 00:00:00,34.890449581935776,0.0,0.0,31.064412332125443,0.0,34.890449581935776
2024-10-26 01:00:00,33.684488932751094,0.0,0.0,31.419350152810868,0.0,33.684488932751094
2024-10-26 02:00:00,25.9461067794078,0.0,0.0,32.41154734636943,0.0,25.9461067794078
2024-10-26 03:00:00,31.91384567858045,0.0,0.0,32.26635214198883,0.0,31.91384567858045
2024-10-26 04:00:00,39.961410093003536,0.0,0.0,31.73592120853973,0.0,39.961410093003536
2024-10-26 05:00:00,30.581157287236685,0.0,0.0,30.862942052617242,0.0,30.581157287236685
2024-10-26 06:00:00,69.10293733253158,0.0,0.0,30.23861082131907,0.0,69.10293733253158
2024-10-26 07:00:00,41.220127420659686,17.496252589243127,0.0,29.326916667411393,139.7635275125665,58.716380009902814
2024-10-26 08:00:00,19.37460959296115,37.22089860837327,0.0,27.710354520546147,302.353688000149,56.59550820133442
2024-10-26 09:00:00,24.92247572033544,37.51598003932146,0.0,27.708586555403897,303.1595977772102,62.438455759656904
2024-10-26 10:00:00,14.767173045050086,35.832307582572156,0.0,27.095054018739333,288.926718168871,50.59948062762224
2024-10-26 11:00:00,0.0,59.5245966746296,0.0,26.142757253370768,493.63616366023626,59.5245966746296
2024-10-26 12:00:00,5.119125284673416,55.02456976818741,0.0,26.437312260898647,447.9317648836047,60.14369505286083
2024-10-26 13:00:00,1.1619054553351305,54.76905091071497,0.0,24.700805123707852,447.356624775731,55.9309563660501
2024-10-26 14:00:00,4.7285427175521875,54.59173923970542,0.0,24.75327472968772,446.3243647487206,59.320281957257606
2024-10-26 15:00:00,29.3389068534062,38.49341437220633,0.0,25.26959569396468,310.0066792098552,67.83232122561253
2024-10-26 16:00:00,33.75889285859637,28.31359091342834,0.0,25.67462107998526,226.3343625047245,62.07248377202471
2024-10-26 17:00:00,44.40814236437849,15.19889173934596,0.0,25.15834854146853,120.4782962820072,59.60703410372445
2024-10-26 18:00:00,57.310013176792395,3.741798230746391e-15,0.0,27.135175588072382,7.16176845456627e-14,57.3100131767924
2024-10-26 19:00:00,56.08280286919571,0.0,0.0,27.802118350053558,0.0,56.08280286919571
2024-10-26 20:00:00,60.54201737944008,0.0,0.0,27.524130116218036,0.0,60.54201737944008
2024-10-26 21:00:00,52.89328831247123,0.0,0.0,29.43133861155094,0.0,52.89328831247123
2024-10-26 22:00:00,30.66142118989165,0.0,0.0,29.92955582716525,0.0,30.66142118989165
2024-10-26 23:00:00,29.432596922102256,0.0,0.0,30.832038690130602,0.0,29.432596922102256
2024-10-27 00:00:00,12.051541720056164,0.0,0.0,31.219686178746908,0.0,12.051541720056164
2024-10-27 01:00:00,20.45438687025468,0.0,0.0,32.44648238918883,0.0,20.45438687025468
2024-10-27 02:00:00,17.574507124366512,0.0,0.0,33.238535848125416,0.0,17.574507124366512
2024-10-27 03:00:00,14.281345250103652,0.0,0.0,32.370899836937184,0.0,14.281345250103652
2024-10-27 04:00:00,23.2800477771668,0.0,0.0,30.809044520204015,0.0,23.2800477771668
2024-10-27 05:00:00,12.217800864871588,0.0,0.0,31.47531941065962,0.0,12.217800864871588
2024-10-27 06:00:00,12.729228278079301,0.0,0.0,30.510328261740785,0.0,12.729228278079301
2024-10-27 07:00:00,2.2015947766954937,19.67341181960885,0.0,29.213008048322074,157.42589182083927,21.875006596304345
2024-10-27 08:00:00,2.6236041804222694,22.715833428674884,0.0,29.034459573535816,182.12300659692832,25.339437609097153
2024-10-27 09:00:00,0.0,46.674541888539345,0.0,28.391663364045158,384.6717634982945,46.674541888539345
2024-10-27 10:00:00,0.0,62.83290784862263,0.0,26.773400916893735,521.041295253868,62.83290784862263
2024-10-27 11:00:00,0.0,61.99263664363416,0.0,25.560907518281443,512.9947495909646,61.99263664363416
2024-10-27 12:00:00,0.0,67.9866452238191,0.0,24.820722624823333,565.0373464296727,67.9866452238191
2024-10-27 13:00:00,0.0,71.55850054827363,0.0,25.144064719035903,598.2356748593728,71.55850054827363
2024-10-27 14:00:00,0.0,59.72177315731268,0.0,25.279895923210397,492.28024468660306,59.72177315731268
2024-10-27 15:00:00,0.0,57.67569072630557,0.0,25.218904484009826,478.6319687246788,57.67569072630557
2024-10-27 16:00:00,0.0,39.67863231908974,0.0,25.484917698263576,323.96845050964555,39.67863231908974
2024-10-27 17:00:00,0.0,17.73892109267212,0.0,26.666723687251466,143.19812535339574,17.73892109267212
2024-10-27 18:00:00,19.988928604215534,4.2471726549145075e-15,0.0,27.339060680913267,6.701689014970817e-14,19.988928604215538
2024-10-27 19:00:00,15.446733424183403,0.0,0.0,28.051577701361577,0.0,15.446733424183403
2024-10-27 20:00:00,17.053227266741082,0.0,0.0,29.265891550012356,0.0,17.053227266741082
2024-10-27 21:00:00,19.512384606910494,0.0,0.0,29.435360639301468,0.0,19.512384606910494
2024-10-27 22:00:00,14.659564237753909,0.0,0.0,30.06036804031102,0.0,14.659564237753909
2024-10-27 23:00:00,15.524705979838837,0.0,0.0,31.071354554879534,0.0,15.524705979838837
2024-10-28 00:00:00,35.08841314892651,0.0,0.0,29.817299634221754,0.0,35.08841314892651
2024-10-28 01:00:00,33.71969129908822,0.0,0.0,29.43695777080533,0.0,33.71969129908822
2024-10-28 02:00:00,36.26445365580175,0.0,0.0,30.309077787043616,0.0,36.26445365580175
2024-10-28 03:00:00,35.90819515387215,0.0,0.0,31.015027776419952,0.0,35.90819515387215
2024-10-28 04:00:00,36.307770817759604,0.0,0.0,30.51337773537157,0.0,36.307770817759604
2024-10-28 05:00:00,35.21607421945956,0.0,0.0,29.81932776944806,0.0,35.21607421945956
2024-10-28 06:00:00,229.70073188550683,0.0,54.98697621021998,28.89767112843559,0.0,229.70073188550683
2024-10-28 07:00:00,408.74346479819917,16.196481781514468,151.1627155067098,28.71217802774694,128.99531238929777,424.93994657971365
2024-10-28 08:00:00,343.90204071849917,35.44370030738832,138.774116111823,26.551778159383122,285.8650137696235,379.3457410258875
2024-10-28 09:00:00,383.4176600317388,39.98389666907712,155.64548493738653,25.693581887976844,321.5478791414641,423.40155670081595
2024-10-28 10:00:00,267.4571157948842,53.61968530481808,108.83730020535756,25.894009743661368,436.5479881611648,321.07680109970227
2024-10-28 11:00:00,331.9694838721286,60.54323151481999,153.02125156747786,24.620790821083542,496.958504838094,392.51271538694857
2024-10-28 12:00:00,290.87446722204044,60.35651256851991,130.64514710804875,23.715184040049476,492.6711826697688,351.23097979056035
2024-10-28 13:00:00,210.52693107156887,68.45141071298605,86.12811975956886,23.977084028183597,568.3468278253822,278.9783417845549
2024-10-28 14:00:00,167.50014371381252,60.922378296849274,64.09480686504449,23.36262862597311,498.37059085699457,228.4225220106618
2024-10-28 15:00:00,309.3934340861914,53.141388829066855,131.05511284414104,23.282358967068998,435.1446504917203,362.53482291525825
2024-10-28 16:00:00,323.21802425077306,31.433341550050006,128.81981990045497,23.61809728713802,250.78522514356948,354.65136580082304
2024-10-28 17:00:00,364.9603667238589,19.810534373422993,137.1993062471364,24.767763053177195,159.98134700662024,384.77090109728186
2024-10-28 18:00:00,362.25071098376344,5.130541242292184e-15,136.3002465302354,25.434769855132433,5.1810469048640564e-14,362.25071098376344
2024-10-28 19:00:00,365.55550153741984,0.0,127.53518266298943,26.934368832286253,0.0,365.55550153741984
2024-10-28 20:00:00,379.81597221797625,0.0,144.01437339124723,26.93681748351635,0.0,379.81597221797625
2024-10-28 21:00:00,268.36943718641817,0.0,86.85235790119778,27.834154040276967,0.0,268.36943718641817
2024-10-28 22:00:00,34.59080231231725,0.0,0.0,29.55167887208056,0.0,34.59080231231725
2024-10-28 23:00:00,32.04662687443656,0.0,0.0,30.04955923760881,0.0,32.04662687443656
2024-10-29 00:00:00,35.6673884794588,0.0,0.0,32.85877686418854,0.0,35.6673884794588
2024-10-29 01:00:00,34.481355602919336,0.0,0.0,32.35547282978272,0.0,34.481355602919336
2024-10-29 02:00:00,42.98295503473095,0.0,0.0,32.84931140792002,0.0,42.98295503473095
2024-10-29 03:00:00,37.463158129267356,0.0,0.0,32.60893179237951,0.0,37.463158129267356
2024-10-29 04:00:00,37.11923415101744,0.0,0.0,32.804553600756854,0.0,37.11923415101744
2024-10-29 05:00:00,36.57967597250125,0.0,0.0,31.97594197594378,0.0,36.57967597250125
2024-10-29 06:00:00,227.80369741386204,0.0,59.63903429259196,32.30669124548279,0.0,227.80369741386204
2024-10-29 07:00:00,334.51815317780597,20.956400727865116,130.82111883822543,29.875386850033454,168.07747650342975,355.4745539056711
2024-10-29 08:00:00,314.9042927899821,34.89786723772088,129.04796620739955,29.17456894060528,283.41239245495314,349.802160027703
2024-10-29 09:00:00,344.0372176654475,43.286424920072854,140.8099964598472,28.97168653364274,356.1594082307487,387.32364258552036
2024-10-29 10:00:00,325.36219284387005,67.5388785098568,139.00810160757342,28.26595682394372,566.26053981988,392.9010713537268
2024-10-29 11:00:00,323.96538514671784,60.24772937246492,139.28179461025798,25.9867969494608,497.8750519545401,384.21311451918274
2024-10-29 12:00:00,284.81954659158134,78.93352502800757,132.42197787591806,25.856444806233476,667.8310323062095,363.7530716195889
2024-10-29 13:00:00,192.0894321152324,76.22109321094774,88.32184143947342,26.24269656047959,643.875084928456,268.31052532618014
2024-10-29 14:00:00,141.02492604338232,59.207292950312905,51.62786568907056,26.93326061480412,488.5866708453199,200.23221899369523
2024-10-29 15:00:00,328.28218594190645,38.98849761911448,140.7590083929438,27.318378849658384,315.3870504797383,367.2706835610209
2024-10-29 16:00:00,331.88852388007183,44.24534837295909,138.13424989477895,26.516901140734582,366.9582275159097,376.1338722530309
2024-10-29 17:00:00,366.1237728205458,18.7404988781065,142.0232208941713,27.195041576198513,152.53432833601366,384.8642716986523
2024-10-29 18:00:00,421.96037525922316,4.385554182263169e-15,159.39009491697576,27.586805920419316,6.555522000625638e-14,421.96037525922316
2024-10-29 19:00:00,345.9499518554233,0.0,123.76837494411254,29.165975341145874,0.0,345.9499518554233
2024-10-29 20:00:00,315.1010606802989,0.0,108.42360784571684,30.519503591308602,0.0,315.1010606802989
2024-10-29 21:00:00,267.13934346550224,0.0,80.41966310178299,31.289115825610484,0.0,267.13934346550224
2024-10-29 22:00:00,36.984591413517265,0.0,0.0,31.49073849273393,0.0,36.984591413517265
2024-10-29 23:00:00,33.42616383818286,0.0,0.0,31.81084668064694,0.0,33.42616383818286
2024-10-30 00:00:00,30.45970808685204,,0.0,31.71784919455614,0.0,
2024-10-30 01:00:00,30.41545426319271,,0.0,32.75379552338422,0.0,
2024-10-30 02:00:00,37.9999679415584,,0.0,31.982403229982385,0.0,
2024-10-30 03:00:00,33.81283391760793,,0.0,31.155687656493555,0.0,
2024-10-30 04:00:00,35.576960939602785,,0.0,31.5337460657425,0.0,
2024-10-30 05:00:00,33.09159625683933,,0.0,31.01802263656444,0.0,
2024-10-30 06:00:00,206.2422362628525,,50.43755554989601,29.522012698520946,0.0,
2024-10-30 07:00:00,271.21368521649237,,99.57212419646868,29.704547103013677,161.59836400574557,
2024-10-30 08:00:00,388.75510978161066,,167.38549702465488,28.935664110783392,338.7564717965966,
2024-10-30 09:00:00,360.0644074374595,,150.4758708534945,28.706741428706025,369.1017081237462,
2024-10-30 10:00:00,341.8642057097394,,152.00698811564737,26.266473300734138,525.1270740981433,
2024-10-30 11:00:00,304.1180690707386,,138.43208350048513,26.57304876064716,576.7942927446558,
2024-10-30 12:00:00,322.194993236643,,148.49664798935132,26.134990941498096,564.9108704633572,
2024-10-30 13:00:00,214.1686754361481,,81.88642460949146,25.56173185261161,432.99958943087023,
2024-10-30 14:00:00,180.0886190018316,,61.641629383224,24.679260962733633,403.02573927058387,
2024-10-30 15:00:00,337.3013000293952,,145.19418381200933,24.7694580467727,357.0470697975899,
2024-10-30 16:00:00,345.52844647098124,,141.97951337464514,25.700171242052065,200.86553890468858,
2024-10-30 17:00:00,364.1977199477078,,143.05472535639888,26.252876874925924,173.74671895168188,
2024-10-30 18:00:00,418.2397554811264,,163.38265576776533,26.65294486684134,7.252859007330933e-14,
2024-10-30 19:00:00,389.7335590595167,,144.88446596973301,28.4226136280635,0.0,
2024-10-30 20:00:00,349.2221049020122,,127.82806884707082,28.482285987909663,0.0,
2024-10-30 21:00:00,272.4995886181136,,88.37443237818226,28.641678064955,0.0,
2024-10-30 22:00:00,35.04415576830988,,0.0,30.320633521903275,0.0,
2024-10-30 23:00:00,36.99066223420545,,0.0,31.39767218743146,0.0,
2024-10-31 00:00:00,29.871691795178968,,0.0,33.32141262717448,0.0,
2024-10-31 01:00:00,27.492814374344178,,0.0,33.66719482348014,0.0,
2024-10-31 02:00:00,33.03891534714099,,0.0,34.36633764507676,0.0,
2024-10-31 03:00:00,32.22638378641069,,0.0,32.9426882440591,0.0,
2024-10-31 04:00:00,27.53264147209234,,0.0,32.93857787696862,0.0,
2024-10-31 05:00:00,37.75440862792371,,0.0,33.366743891056544,0.0,
2024-10-31 06:00:00,223.77540263923296,,59.78753174772928,30.88566819441628,0.0,
2024-10-31 07:00:00,354.12320293608576,,140.43788457119496,30.99836257215586,178.17984625640858,
2024-10-31 08:00:00,345.2243572086223,,141.75753275881996,30.73380369551694,292.0615465921368,
2024-10-31 09:00:00,305.33428808124495,,127.3064203202942,29.82048460550663,469.2306051362284,
2024-10-31 10:00:00,318.7389640298777,,143.8833279617063,28.6994013243216,457.76525195383255,
2024-10-31 11:00:00,298.2867059632871,,125.19364081034013,27.987189054626356,664.1396292806835,
2024-10-31 12:00:00,302.3396892569802,,138.9264484871272,26.56774266312532,601.4563716442708,
2024-10-31 13:00:00,189.01928566282265,,79.77729027307718,27.425191287851277,592.7930826427978,
2024-10-31 14:00:00,159.3547145603582,,62.60256541620268,26.019312282255527,511.5304850184967,
2024-10-31 15:00:00,381.17728154139957,,164.58669061213692,26.168396236199996,383.42483382637255,
2024-10-31 16:00:00,307.2191733076749,,126.19337836378028,27.28219129023476,290.26640259101123,
2024-10-31 17:00:00,363.2067173262536,,142.4341590339051,27.39796215588691,141.5801880963331,
2024-10-31 18:00:00,380.94005197847554,,138.07737900896137,28.472691487418302,8.00412247234333e-14,
2024-10-31 19:00:00,392.1072712956212,,149.11824736867035,29.428860019679714,0.0,
2024-10-31 20:00:00,386.3691715129061,,143.8714436459737,31.008398007586198,0.0,
2024-10-31 21:00:00,267.75841437390847,,82.18793995506927,31.24207208854045,0.0,
2024-10-31 22:00:00,35.26455525414249,,0.0,31.560075985819193,0.0,
2024-10-31 23:00:00,37.50975976161749,,0.0,32.932460851144405,0.0,
2024-11-01 00:00:00,35.80638952642049,,0.0,30.559854857184792,0.0,
2024-11-01 01:00:00,37.342291443250794,,0.0,31.78196119818007,0.0,
2024-11-01 02:00:00,37.445517999252075,,0.0,31.476957003764937,0.0,
2024-11-01 03:00:00,34.65914688730892,,0.0,31.525655344070522,0.0,
2024-11-01 04:00:00,35.2326322276275,,0.0,30.085404968668506,0.0,
2024-11-01 05:00:00,34.5416222832141,,0.0,29.294143980542483,0.0,
2024-11-01 06:00:00,227.90073260318428,,57.534377976927324,28.943930927773593,0.0,
2024-11-01 07:00:00,365.55431330582104,,139.44121957438773,29.723395129688367,131.24741662224133,
2024-11-01 08:00:00,406.01688937470004,,165.14516807596493,27.370565632556765,282.00221694494115,
2024-11-01 09:00:00,291.99834752889313,,131.19055358242164,27.404931287115954,464.1152558437156,
2024-11-01 10:00:00,320.7498354874259,,146.16918556843913,25.873689144524956,571.4619094986543,
2024-11-01 11:00:00,358.3828065182936,,149.76227697630333,25.349754260217775,413.51009978710084,
2024-11-01 12:00:00,340.0167688251074,,148.74830037455035,24.891194003200145,505.1174729532908,
2024-11-01 13:00:00,219.69658023897526,,82.95304453247054,25.38579186587432,398.6104168800545,
2024-11-01 14:00:00,169.17813180848407,,64.79916142602538,24.736895809376023,560.4984495095629,
2024-11-01 15:00:00,270.9263528623452,,112.73340786274473,24.75641922212875,430.39727783332654,
2024-11-01 16:00:00,316.19115148226456,,126.91140813505761,25.561903346790373,279.1706375513314,
2024-11-01 17:00:00,372.85068820380377,,151.955871671493,25.153170877946604,140.88033220108298,
2024-11-01 18:00:00,351.21548262765145,,129.9584665910936,26.728814532456028,7.79640228839166e-14,
2024-11-01 19:00:00,337.9185219989213,,129.12623327271936,27.489427683700853,0.0,
2024-11-01 20:00:00,370.06106557172984,,135.8424629242948,28.389592725602075,0.0,
2024-11-01 21:00:00,258.30460457097274,,78.78274956305997,28.773001350383378,0.0,
2024-11-01 22:00:00,29.749679894297067,,0.0,29.475985596091597,0.0,
2024-11-01 23:00:00,35.63535970331893,,0.0,29.984604955548516,0.0,
2024-11-02 00:00:00,22.549367438016084,,0.0,28.847897444507286,0.0,
2024-11-02 01:00:00,34.38982383403439,,0.0,29.14263353022751,0.0,
2024-11-02 02:00:00,34.8609418495408,,0.0,29.903823594658057,0.0,
2024-11-02 03:00:00,43.87271660841209,,0.0,29.48697194912172,0.0,
2024-11-02 04:00:00,40.020599272631344,,0.0,29.467188725830564,0.0,
2024-11-02 05:00:00,37.66361068555952,,0.0,28.939214457724333,0.0,
2024-11-02 06:00:00,185.04607334326974,,51.536696256246906,27.44052168660085,0.0,
2024-11-02 07:00:00,312.2941010741585,,132.07960294977752,26.581382105549224,198.9194034297097,
2024-11-02 08:00:00,271.1678068812169,,122.19471944000772,26.10606952215836,389.43808325471036,
2024-11-02 09:00:00,288.07251229697863,,133.89916191906465,24.926972694079303,496.52670435424403,
2024-11-02 10:00:00,180.4160628146205,,104.33181211634209,24.030193643981875,766.4690377895963,
2024-11-02 11:00:00,223.15163055475028,,122.04418985844939,24.59336948412954,747.6013623295967,
2024-11-02 12:00:00,248.5050488292395,,137.45208659730702,22.422633414560774,782.2797817242885,
2024-11-02 13:00:00,122.30256554783365,,79.77429955248655,23.851191535372283,845.7355142939713,
2024-11-02 14:00:00,0.0,,0.0,22.86483790542456,612.9433005680976,
2024-11-02 15:00:00,0.0,,0.0,23.332778463242242,519.8463935229615,
2024-11-02 16:00:00,13.74161523673719,,0.0,23.623477209164598,323.32107663744125,
2024-11-02 17:00:00,31.38599077733439,,0.0,24.05400556822512,188.62628655172526,
2024-11-02 18:00:00,59.604385190472975,,0.0,25.30131561331661,7.699797146606884e-14,
2024-11-02 19:00:00,60.57903513875194,,0.0,24.773324711647803,0.0,
2024-11-02 20:00:00,61.46864303794408,,0.0,26.142210524855813,0.0,
2024-11-02 21:00:00,63.83073731601404,,0.0,26.699842915353468,0.0,
2024-11-02 22:00:00,31.438974342399078,,0.0,27.122359948228826,0.0,
2024-11-02 23:00:00,32.0098147633472,,0.0,28.36465288861882,0.0,
2024-11-03 00:00:00,20.054177654311935,,0.0,32.017300258305625,0.0,
2024-11-03 01:00:00,15.08941709398762,,0.0,31.34394449925106,0.0,
2024-11-03 02:00:00,17.51047629939154,,0.0,32.541695312614955,0.0,
2024-11-03 03:00:00,13.879281452149726,,0.0,32.47359142968152,0.0,
2024-11-03 04:00:00,13.306540826295288,,0.0,32.578591551041754,0.0,
2024-11-03 05:00:00,10.144377296280776,,0.0,31.477557699650248,0.0,
2024-11-03 06:00:00,9.66032537633242,,0.0,30.979003388615084,0.0,
2024-11-03 07:00:00,0.0,,0.0,29.118387884334865,181.97642986625934,
2024-11-03 08:00:00,0.0,,0.0,28.164101572791516,450.1476987360416,
2024-11-03 09:00:00,0.0,,0.0,27.291490478697032,497.5058053819221,
2024-11-03 10:00:00,0.0,,0.0,26.29996855825336,576.8649130376488,
2024-11-03 11:00:00,0.0,89.39915478015101,0.0,25.649895289379035,774.3396741629066,89.39915478015101
2024-11-03 12:00:00,0.0,87.76217978256301,0.0,25.39493982527935,760.0792309644596,87.76217978256301
2024-11-03 13:00:00,0.0,77.21785320829352,0.0,24.436288136288173,654.0966293644942,77.21785320829352
2024-11-03 14:00:00,0.0,85.76028458006985,0.0,23.861125337043823,720.0850653009028,85.76028458006985
2024-11-03 15:00:00,0.0,54.348971474682564,0.0,24.851006462722705,452.6662349536845,54.348971474682564
2024-11-03 16:00:00,0.0,42.84929280728251,0.0,24.672446125540233,356.3831717648623,42.84929280728251
2024-11-03 17:00:00,0.0,23.427592623351693,0.0,25.280426973059594,193.54593503494112,23.427592623351693
2024-11-03 18:00:00,23.147481525351512,2.2496404134716916e-15,0.0,26.228560840791094,1.0439986100418456e-13,23.147481525351516
2024-11-03 19:00:00,18.735788538883703,0.0,0.0,26.957999188322418,0.0,18.735788538883703
2024-11-03 20:00:00,19.44059599032029,0.0,0.0,28.604958702206524,0.0,19.44059599032029
2024-11-03 21:00:00,16.720360275530844,0.0,0.0,28.87243334404533,0.0,16.720360275530844
2024-11-03 22:00:00,15.31932983882259,0.0,0.0,30.380162274886537,0.0,15.31932983882259
2024-11-03 23:00:00,16.64934860711896,0.0,0.0,30.62781931457217,0.0,16.64934860711896
2024-11-04 00:00:00,36.51700273578641,0.0,0.0,31.290957246124222,0.0,36.51700273578641
2024-11-04 01:00:00,30.482898245458067,0.0,0.0,31.76398346900166,0.0,30.482898245458067
2024-11-04 02:00:00,32.2995007896324,0.0,0.0,31.158317901836156,0.0,32.2995007896324
2024-11-04 03:00:00,26.72609803335145,0.0,0.0,31.85391182059361,0.0,26.72609803335145
2024-11-04 04:00:00,37.45565200790203,0.0,0.0,31.759816395249537,0.0,37.45565200790203
2024-11-04 05:00:00,33.845054671071864,0.0,0.0,31.27443178142255,0.0,33.845054671071864
2024-11-04 06:00:00,247.95203367910665,0.0,67.53112248668783,29.37804579115759,0.0,247.95203367910665
2024-11-04 07:00:00,376.67964521377354,23.46758513433021,149.4558128689309,28.450509390583857,188.7020692531048,400.14723034810373
2024-11-04 08:00:00,337.49319818270493,53.13313084794472,140.97411629049256,28.035723571306104,443.9793299455199,390.62632903064963
2024-11-04 09:00:00,321.21111405771757,65.38842336250156,140.19139675660625,28.09059735498414,554.0582131615436,386.5995374202191
2024-11-04 10:00:00,247.2983172036673,74.28488084118932,112.62926575367152,26.664620530636647,629.1772875889234,321.5831980448566
2024-11-04 11:00:00,281.23507581563956,103.67120464848189,145.47441963268545,25.441911479819506,900.6780695138516,384.90628046412144
2024-11-04 12:00:00,254.57029133791258,97.60324915947068,134.9394450205474,24.546574187135793,851.364996341509,352.17354049738327
2024-11-04 13:00:00,189.56549040099833,88.59603578722759,85.94865995943981,24.581397789607976,760.4809889453387,278.16152618822593
2024-11-04 14:00:00,135.68916614135338,74.47137201313238,57.172669476619255,24.428357269589984,631.5454355790737,210.16053815448578
2024-11-04 15:00:00,214.91806985277705,78.57120076286245,94.36693688156306,25.391201301157412,671.7514421272202,293.4892706156395
2024-11-04 16:00:00,347.8465322033927,48.530386237375915,149.48200206588115,25.779316045294504,407.23320188886805,396.37691844076863
2024-11-04 17:00:00,325.5668832296873,28.694451485660316,145.19281532605498,25.30430816359814,238.76617894521485,354.2613347153476
2024-11-04 18:00:00,385.5258179856673,2.3267982456162343e-15,147.1065975824411,26.930715864637325,1.0828827773193896e-13,385.5258179856673
2024-11-04 19:00:00,381.5154921970642,0.0,139.88626888250434,27.723644625325413,0.0,381.5154921970642
2024-11-04 20:00:00,368.4964711708969,0.0,143.19715804599193,27.714292426465057,0.0,368.4964711708969
2024-11-04 21:00:00,268.9660306704735,0.0,86.97751195602808,29.168090142291394,0.0,268.9660306704735
2024-11-04 22:00:00,29.04830995864505,0.0,0.0,30.224542827925234,0.0,29.04830995864505
2024-11-04 23:00:00,23.629236441919115,0.0,0.0,30.860624277358117,0.0,23.629236441919115
2024-11-05 00:00:00,40.00696763401223,0.0,0.0,29.018670071776853,0.0,40.00696763401223
2024-11-05 01:00:00,31.152433459662905,0.0,0.0,30.28918331620564,0.0,31.152433459662905
2024-11-05 02:00:00,41.59630842551147,0.0,0.0,30.660984142651433,0.0,41.59630842551147
2024-11-05 03:00:00,35.116280815647,0.0,0.0,31.013389173381093,0.0,35.116280815647
2024-11-05 04:00:00,33.8273692178231,0.0,0.0,29.539545010107556,0.0,33.8273692178231
2024-11-05 05:00:00,34.134068024983,0.0,0.0,29.04499885282406,0.0,34.134068024983
2024-11-05 06:00:00,223.4438535962829,0.0,58.56329957816415,28.488418313999286,0.0,223.4438535962829
2024-11-05 07:00:00,380.7281919777495,24.323938514940362,149.27710337309998,27.89432631545286,195.16545024279242,405.05213049268986
2024-11-05 08:00:00,333.649177602122,47.58394949622954,146.5293688419806,26.891360580747023,393.30658285646695,381.23312709835153
2024-11-05 09:00:00,389.5752949449486,61.04549609692607,168.8586357975601,26.239139033060315,505.48409656520784,450.62079104187467
2024-11-05 10:00:00,273.3082420672762,93.71756687738782,132.15428655179383,24.530258425828023,789.4749392817952,367.025808944664
2024-11-05 11:00:00,264.9246727380955,92.19092235676192,137.1568968773579,24.566404807430953,801.2693353387226,357.11559509485744
2024-11-05 12:00:00,320.9714630894927,105.64139735584929,166.62462913822807,23.44065509357723,928.4323213882813,426.612860445342
2024-11-05 13:00:00,179.41893714680174,88.47814641586349,84.17814779851173,23.390444353896065,753.3057056063994,267.8970835626652
2024-11-05 14:00:00,151.24290361807275,76.79042745890595,62.31033579316134,24.196858510563697,649.8113312996682,228.0333310769787
2024-11-05 15:00:00,311.5035685351514,77.8113566262512,144.4309444226161,22.762989900540852,654.5582241336921,389.3149251614026
2024-11-05 16:00:00,324.44247627815946,45.30296556653348,139.253681331447,23.67202904947037,374.05649550041113,369.74544184469295
2024-11-05 17:00:00,370.0082304208859,24.45933946085254,156.55403718148523,23.730655076627365,201.4894198840625,394.4675698817385
2024-11-05 18:00:00,383.02978426701185,2.243972012054106e-15,149.88752144286516,25.16938568421148,1.0369931100953e-13,383.02978426701185
2024-11-05 19:00:00,337.62709242071344,0.0,120.64035981541349,26.46110149677178,0.0,337.62709242071344
2024-11-05 20:00:00,381.6898884439513,0.0,144.9722776504552,26.927679256357727,0.0,381.6898884439513
2024-11-05 21:00:00,249.64927410642602,0.0,76.99222268410433,27.690360428126585,0.0,249.64927410642602
2024-11-05 22:00:00,28.96852006944628,0.0,0.0,29.25705286146162,0.0,28.96852006944628
2024-11-05 23:00:00,24.419726440305105,0.0,0.0,29.48297664847458,0.0,24.419726440305105
2024-11-06 00:00:00,38.96928151287836,0.0,0.0,29.210360344629592,0.0,38.96928151287836
2024-11-06 01:00:00,37.251464521208504,0.0,0.0,29.507857488662452,0.0,37.251464521208504
2024-11-06 02:00:00,36.03993222150557,0.0,0.0,27.83136820114977,0.0,36.03993222150557
2024-11-06 03:00:00,30.573202672682722,0.0,0.0,29.111894392429413,0.0,30.573202672682722
2024-11-06 04:00:00,36.22591168161875,0.0,0.0,28.261540082033008,0.0,36.22591168161875
2024-11-06 05:00:00,33.440935572609604,0.0,0.0,27.829703690302633,0.0,33.440935572609604
2024-11-06 06:00:00,230.58731651780846,0.0,64.24556982714235,28.256781456890796,0.0,230.58731651780846
2024-11-06 07:00:00,429.8592603601265,25.57407244403771,167.4886580915762,26.487952288425674,205.40503080950222,455.4333328041642
2024-11-06 08:00:00,403.47787148950255,41.59590457321543,169.2041038498712,26.715772501131152,342.26551053119886,445.07377606271797
2024-11-06 09:00:00,337.5347739438879,63.13652036318419,147.5945677383468,24.159777535233896,527.5527387096728,400.6712943070721
2024-11-06 10:00:00,324.61214424786243,54.97865924069904,135.92266101094947,23.477653013089466,448.98580389747246,379.59080348856145
2024-11-06 11:00:00,316.47283198259305,72.95671597215348,147.08505642801265,23.67578999955122,610.6194188653604,389.4295479547465
2024-11-06 12:00:00,284.98328545925835,63.92687598940128,129.10892535229937,22.567713730103357,527.7051234300336,348.91016144865966
2024-11-06 13:00:00,229.84517414281572,82.75062006520851,105.55401474378158,22.542411679516935,704.5814473480522,312.59579420802424
2024-11-06 14:00:00,164.41943767392593,58.30260466580971,63.807835075635914,22.213334990043272,478.50984526923355,222.72204233973565
2024-11-06 15:00:00,354.79319287225,49.45002654643031,146.83950050306115,22.31745989223341,405.17991038984934,404.2432194186803
2024-11-06 16:00:00,368.4785554267115,42.97714227473407,156.70795103611113,22.586281455616575,354.595536174994,411.4556977014456
2024-11-06 17:00:00,349.8136791802788,23.583165504613575,135.49293122072558,23.384361349279104,194.3275009041879,373.3968446848924
2024-11-06 18:00:00,351.15978659839345,2.6947748965932226e-15,126.71159720036502,24.3403075469921,8.058709646169603e-14,351.15978659839345
2024-11-06 19:00:00,317.6367628832406,0.0,110.96113918290362,25.670832820855562,0.0,317.6367628832406
2024-11-06 20:00:00,373.0095032161282,0.0,143.68355884994477,25.66823213555674,0.0,373.0095032161282
2024-11-06 21:00:00,266.86850799615524,0.0,83.72027967693899,26.478535913269035,0.0,266.86850799615524
2024-11-06 22:00:00,35.322917929291094,0.0,0.0,27.25825762499858,0.0,35.322917929291094
2024-11-06 23:00:00,38.22527979440689,0.0,0.0,28.97925406489731,0.0,38.22527979440689
2024-11-07 00:00:00,39.10948528625171,0.0,0.0,30.996606638970373,0.0,39.10948528625171
2024-11-07 01:00:00,34.17129106050356,0.0,0.0,30.05157895596058,0.0,34.17129106050356
2024-11-07 02:00:00,36.405835313093476,0.0,0.0,30.148794925769735,0.0,36.405835313093476
2024-11-07 03:00:00,32.91740617399252,0.0,0.0,30.586066729430623,0.0,32.91740617399252
2024-11-07 04:00:00,30.228277008874187,0.0,0.0,30.76651691244065,0.0,30.228277008874187
2024-11-07 05:00:00,39.29019163216785,0.0,0.0,30.078493941711496,0.0,39.29019163216785
2024-11-07 06:00:00,221.81661131383495,0.0,59.959948902230984,29.62774455308977,0.0,221.81661131383495
2024-11-07 07:00:00,357.8544040200081,22.86468721253978,142.68628598134057,28.43850021393511,185.04721114176843,380.71909123254784
2024-11-07 08:00:00,359.64166266953333,41.291238990000565,149.2528649726988,28.3190646628574,342.4501496837273,400.9329016595339
2024-11-07 09:00:00,343.49426522736564,67.36546515165207,154.05793845706,27.10054430869611,569.1587137429176,410.8597303790177
2024-11-07 10:00:00,285.1997987358781,65.0741996257737,121.6924192725111,25.90914358072577,545.2349801938526,350.2739983616518
2024-11-07 11:00:00,324.2033657642873,74.70995271813786,154.88182086783223,25.718151258282067,639.3027545728606,398.91331848242515
2024-11-07 12:00:00,293.7381102424165,83.44514968094316,136.7062313896555,23.76481325176478,712.3731056900748,377.1832599233596
2024-11-07 13:00:00,176.53832261655532,95.80239690527243,89.92529920220491,24.197077528823577,830.7009527164348,272.34071952182774
2024-11-07 14:00:00,,83.62023227675643,62.82669290151879,24.18911143023192,707.9629215412076,
2024-11-07 15:00:00,,52.280742823377594,157.1645929345488,24.540633135132445,433.2131724506153,
2024-11-07 16:00:00,,50.30024726889086,144.34042763266754,23.731683362508083,420.0311118351562,
2024-11-07 17:00:00,,26.19936516776366,145.0432805301018,25.015278089577773,217.38620051259673,
2024-11-07 18:00:00,,2.8150559074520167e-15,155.209749306339,26.070585675343466,7.937367129710074e-14,
2024-11-07 19:00:00,,0.0,121.10823971413375,26.953069682507774,0.0,
2024-11-07 20:00:00,,0.0,128.93999846700515,28.21342019789503,0.0,
2024-11-07 21:00:00,,0.0,83.11235497541259,28.90697460123012,0.0,
2024-11-07 22:00:00,,0.0,0.0,29.33993225248191,0.0,
2024-11-07 23:00:00,,0.0,0.0,30.43271588579522,0.0,
2024-11-08 00:00:00,,0.0,0.0,29.229393533088796,0.0,
2024-11-08 01:00:00,,0.0,0.0,29.75311380601374,0.0,
2024-11-08 02:00:00,,0.0,0.0,30.19638761269426,0.0,
2024-11-08 03:00:00,,0.0,0.0,29.657076433038295,0.0,
2024-11-08 04:00:00,,0.0,0.0,29.511070190632033,0.0,
2024-11-08 05:00:00,,0.0,0.0,29.254514556432,0.0,
2024-11-08 06:00:00,,0.0,49.40307375748557,28.405068867990103,0.0,
2024-11-08 07:00:00,,23.33331896121429,138.62803611245025,27.821589023420085,189.20684284431243,
2024-11-08 08:00:00,,53.983081157211906,137.8495275033227,27.463210586597032,449.6199770885798,
2024-11-08 09:00:00,,72.60702857186219,143.7412688584967,25.744583666440224,616.8573973436414,
2024-11-08 10:00:00,,72.14557213679959,141.68941113522558,24.3183401619182,611.9916558375189,
2024-11-08 11:00:00,,76.92299104270703,157.73821654405594,24.080024227377564,653.5336846091737,
2024-11-08 12:00:00,,104.39655303866793,150.66531689652683,23.502306732620248,912.5680938020205,
2024-11-08 13:00:00,,92.43907110031546,84.89268259500797,23.22500139236403,792.052764665378,
2024-11-08 14:00:00,,75.28097401296944,55.10040457544815,23.546494561239264,637.4008188884518,
2024-11-08 15:00:00,,69.23526818007859,141.82229693377565,22.076190291116838,578.3142397575234,
2024-11-08 16:00:00,,51.23437762431889,142.07448013855182,24.02481652003991,430.67401496252245,
2024-11-08 17:00:00,,25.82550474232629,178.3922771451139,24.749321137496718,214.14279430553842,
2024-11-08 18:00:00,,2.0727242240950526e-15,121.73023721829551,24.833021769255684,8.765164047183219e-14,
2024-11-08 19:00:00,,0.0,129.3005806358489,25.68918732037332,0.0,
2024-11-08 20:00:00,,0.0,127.21080543059632,26.17816403399083,0.0,
2024-11-08 21:00:00,,0.0,87.80227289672025,27.208015090387754,0.0,
2024-11-08 22:00:00,,0.0,0.0,28.397962517194653,0.0,
2024-11-08 23:00:00,,0.0,0.0,29.090636368158656,0.0,
2024-11-09 00:00:00,,0.0,0.0,32.236508973920586,0.0,
2024-11-09 01:00:00,,0.0,0.0,32.53913987348674,0.0,
2024-11-09 02:00:00,,0.0,0.0,32.794260182744544,0.0,
2024-11-09 03:00:00,,0.0,0.0,32.61912992267792,0.0,
2024-11-09 04:00:00,,0.0,0.0,31.363979776288826,0.0,
2024-11-09 05:00:00,,0.0,0.0,31.736072951580212,0.0,
2024-11-09 06:00:00,,0.0,49.56276736443302,31.52435850388147,0.0,
2024-11-09 07:00:00,,18.065130701344856,114.18366790130408,29.737618477554477,146.4078817358317,
2024-11-09 08:00:00,,34.935612898416174,131.9792252430024,29.594805169664596,288.46917074426216,
2024-11-09 09:00:00,,35.57253945615884,125.6024687706052,27.480550887858737,288.7191793513117,
2024-11-09 10:00:00,,53.53320773254038,132.48774006146343,27.080183885868138,446.69877410330326,
2024-11-09 11:00:00,,68.22306428020208,135.70184084963344,26.04961238561551,575.9116078411023,
2024-11-09 12:00:00,,68.0857045336192,95.3127188190442,26.50358690863972,575.929804810046,
2024-11-09 13:00:00,,47.06076562571504,77.65771917844951,26.284563080866043,383.9257482169759,
2024-11-09 14:00:00,,60.61777856316376,0.0,25.295467135629575,499.6255835073406,
2024-11-09 15:00:00,,49.94882067394472,0.0,26.049855564992544,416.50987753178845,
2024-11-09 16:00:00,,39.35060670402691,0.0,26.639289596379488,329.3706802305684,
2024-11-09 17:00:00,,16.373622433171207,0.0,26.353732032539607,132.3543355092165,
2024-11-09 18:00:00,,5.054770598210862e-15,0.0,27.15994100157185,4.785653034853904e-14,
2024-11-09 19:00:00,,0.0,0.0,28.306006222628024,0.0,
2024-11-09 20:00:00,,0.0,0.0,28.423796204913213,0.0,
2024-11-09 21:00:00,,0.0,0.0,29.80598065113946,0.0,
2024-11-09 22:00:00,,0.0,0.0,31.666458748774325,0.0,
2024-11-09 23:00:00,,0.0,0.0,31.069932169701122,0.0,
2024-11-10 00:00:00,,0.0,0.0,30.46939001708688,0.0,
2024-11-10 01:00:00,,0.0,0.0,30.654030598568333,0.0,
2024-11-10 02:00:00,,0.0,0.0,30.429505029136614,0.0,
2024-11-10 03:00:00,,0.0,0.0,30.502955921954523,0.0,
2024-11-10 04:00:00,,0.0,0.0,30.91878685900334,0.0,
2024-11-10 05:00:00,,0.0,0.0,29.763060290930653,0.0,
2024-11-10 06:00:00,,0.0,0.0,29.11629729511872,0.0,
2024-11-10 07:00:00,,25.27282149733046,0.0,28.71768578947279,206.19383773705297,
2024-11-10 08:00:00,,42.533460588453856,0.0,26.866682764989005,351.9216729517406,
2024-11-10 09:00:00,,67.1977138465046,0.0,25.582063870710343,563.1980865063322,
2024-11-10 10:00:00,,71.55452157317612,0.0,26.14556167928323,607.717483730217,
2024-11-10 11:00:00,,98.86633807293029,0.0,24.60477514064439,849.0730604931449,
2024-11-10 12:00:00,,108.15901243177724,0.0,24.42709949531706,950.0,
2024-11-10 13:00:00,,92.53374102692239,0.0,23.24948299866667,797.470758567196,
2024-11-10 14:00:00,,76.8424421055026,0.0,23.70565113611117,641.3498659869014,
2024-11-10 15:00:00,,51.26008885937028,0.0,23.082181199045422,421.62297377594626,
2024-11-10 16:00:00,,40.07993338617702,0.0,24.0121689901066,330.4018440671975,
2024-11-10 17:00:00,,28.202566449577287,0.0,24.212552656746034,234.74692241178482,
2024-11-10 18:00:00,,2.107964005337833e-15,0.0,24.822560816031814,8.70239380346813e-14,
2024-11-10 19:00:00,,0.0,0.0,25.953959990946302,0.0,
2024-11-10 20:00:00,,0.0,0.0,25.864692662003986,0.0,
2024-11-10 21:00:00,,0.0,0.0,27.337303422458145,0.0,
2024-11-10 22:00:00,,0.0,0.0,29.152595061618253,0.0,
2024-11-10 23:00:00,,0.0,0.0,29.660094912414866,0.0,
2024-11-11 00:00:00,,0.0,0.0,32.06351676755619,0.0,
2024-11-11 01:00:00,,0.0,0.0,33.22419850453623,0.0,
2024-11-11 02:00:00,,0.0,0.0,32.63041479171602,0.0,
2024-11-11 03:00:00,,0.0,0.0,33.31124365501041,0.0,
2024-11-11 04:00:00,,0.0,0.0,32.54279070430658,0.0,
2024-11-11 05:00:00,,0.0,0.0,31.88183348674871,0.0,
2024-11-11 06:00:00,,0.0,48.838224784574045,31.27398951592823,0.0,
2024-11-11 07:00:00,,26.689290702912597,142.24555129451974,31.755152213983635,222.23255476216812,
2024-11-11 08:00:00,,41.34884320791708,168.21257561990328,29.190120568030782,344.8679606309112,
2024-11-11 09:00:00,,67.0929808394578,176.15323531336176,28.776934003066323,573.5099494973641,
2024-11-11 10:00:00,,71.6229370808873,119.43325627393772,28.21020568253814,620.2534670646079,
2024-11-11 11:00:00,,87.95603207958797,132.46033013438762,26.613441169094575,773.9075406776506,
2024-11-11 12:00:00,,94.12430023224736,135.05207638602346,25.741303495843454,823.4807041495085,
2024-11-11 13:00:00,,86.74367901719152,104.78070813910398,25.888231864299133,748.5380630798729,
2024-11-11 14:00:00,,93.45569726126514,56.610538196548084,26.44925292834639,822.7241335952168,
2024-11-11 15:00:00,,72.22266499353908,0.0,26.01777920991608,622.0277336818154,
2024-11-11 16:00:00,,50.625520734643736,0.0,26.42287944886591,430.3121199938959,
2024-11-11 17:00:00,,25.47358786007626,125.41122183224827,27.55003241928508,214.62293551532485,
2024-11-11 18:00:00,,2.376884766691128e-15,115.99782003151398,27.416349788044528,1.1085123391607859e-13,
2024-11-11 19:00:00,,0.0,133.76344256934425,28.619277014360076,0.0,
2024-11-11 20:00:00,,0.0,175.51544341022375,28.81260080713355,0.0,
2024-11-11 21:00:00,,0.0,87.70259337342176,30.635747516013677,0.0,
2024-11-11 22:00:00,,0.0,0.0,31.434274865076162,0.0,
2024-11-11 23:00:00,,0.0,0.0,32.442163211028486,0.0,
2024-11-12 00:00:00,,0.0,0.0,27.40947044638724,0.0,
2024-11-12 01:00:00,,0.0,0.0,28.235806200602926,0.0,
2024-11-12 02:00:00,,0.0,0.0,27.811774418748303,0.0,
2024-11-12 03:00:00,,0.0,0.0,28.208696647911236,0.0,
2024-11-12 04:00:00,,0.0,0.0,28.722992549943545,0.0,
2024-11-12 05:00:00,,0.0,0.0,27.26550695514332,0.0,
2024-11-12 06:00:00,,0.0,0.0,26.018049686854944,0.0,
2024-11-12 07:00:00,,25.620153543440622,0.0,25.516936624348812,208.3863868002603,
2024-11-12 08:00:00,,43.50041264603316,137.86558770299337,24.14553368226879,358.69993414071814,
2024-11-12 09:00:00,,57.87836268432099,153.59852591177386,23.397256501714963,477.1133458237902,
2024-11-12 10:00:00,,76.66314429982617,126.95087084156026,23.536503072725097,648.2680792718309,
2024-11-12 11:00:00,,79.9085835756071,141.58846467350722,21.75299424614343,677.9020125485629,
2024-11-12 12:00:00,,93.61409179536041,129.96333283377572,22.0760849809093,808.8085817719046,
2024-11-12 13:00:00,,91.5131201284834,92.56601398252087,21.583140544906946,780.1091700781371,
2024-11-12 14:00:00,,75.77821521842048,59.271544311025224,21.18524547443073,639.1908460299529,
2024-11-12 15:00:00,,76.36984485241807,152.23824221696614,21.683944196994545,653.4595645360793,
2024-11-12 16:00:00,,43.452932079247475,154.91281926015859,21.45108993105823,358.6904006597702,
2024-11-12 17:00:00,,24.01533246041053,139.25563405432067,22.896558065238004,197.78900605583712,
2024-11-12 18:00:00,,2.1978451094373896e-15,156.79605203732095,22.85183944969123,1.0064773927014855e-13,
2024-11-12 19:00:00,,0.0,134.09466385977734,23.85195949681513,0.0,
2024-11-12 20:00:00,,0.0,151.41651144546253,24.698334096278842,0.0,
2024-11-12 21:00:00,,0.0,68.64834945517804,26.2016130390401,0.0,
2024-11-12 22:00:00,,0.0,0.0,26.973231555731846,0.0,
2024-11-12 23:00:00,,0.0,0.0,26.11503275016841,0.0,
2024-11-13 00:00:00,,0.0,0.0,30.819965106358804,0.0,
2024-11-13 01:00:00,,0.0,0.0,30.170198701073126,0.0,
2024-11-13 02:00:00,,0.0,0.0,30.991093868879595,0.0,
2024-11-13 03:00:00,,0.0,0.0,30.988408106112566,0.0,
2024-11-13 04:00:00,,0.0,0.0,30.516814523453796,0.0,
2024-11-13 05:00:00,33.158066109211376,0.0,0.0,30.38703807017655,0.0,33.158066109211376
2024-11-13 06:00:00,233.77030241873896,0.0,52.745769721051495,29.771793008013944,0.0,233.77030241873896
2024-11-13 07:00:00,439.4147637211445,23.06390646209016,175.50019565103818,28.180888486423356,189.25306313481374,462.4786701832346
2024-11-13 08:00:00,363.37286016164904,45.96087501747009,151.20657809840944,27.256856223725517,387.18517631589896,409.3337351791191
2024-11-13 09:00:00,351.2047614923931,54.473624839807556,151.2116931330473,26.737903290289097,459.63404313025075,405.67838633220066
2024-11-13 10:00:00,304.0103906788635,67.7656585869156,130.75948297708416,25.139888684691098,572.5560475242163,371.7760492657791
2024-11-13 11:00:00,291.0496111752827,69.76332020368478,126.90750100223725,24.948392003227422,591.3308830347925,360.81293137896745
2024-11-13 12:00:00,309.07016354540536,77.05687734109581,138.73286765959287,25.30470472842232,654.1876352374275,386.12704088650116
2024-11-13 13:00:00,189.8451858443553,74.65603618357764,84.92605145643326,23.52786405035708,634.0240629586572,264.50122202793295
2024-11-13 14:00:00,167.80101888076848,66.47127230656791,67.91246296654718,23.99169604531747,555.9270634606722,234.2722911873364
2024-11-13 15:00:00,359.4109747467208,53.88711956361203,157.01988676268545,23.98486392649738,450.9656050499249,413.29809431033283
2024-11-13 16:00:00,337.7073603529493,40.456470688872905,144.052222165507,25.63329975242252,336.6144263427481,378.1638310418222
2024-11-13 17:00:00,366.0204458627072,21.13158147279177,143.43640745609648,24.917950387486435,174.00644802356453,387.152027335499
2024-11-13 18:00:00,401.15524044552575,2.211321923561106e-15,153.30350584077016,25.67184928229493,1.0241222024130482e-13,401.15524044552575
2024-11-13 19:00:00,352.9691934257155,0.0,123.70715891650559,26.240505603214487,0.0,352.9691934257155
2024-11-13 20:00:00,332.35967131049335,0.0,115.12076378059326,27.666415626757804,0.0,332.35967131049335
2024-11-13 21:00:00,280.2513514419963,0.0,91.85596809158507,28.702704910344842,0.0,280.2513514419963
2024-11-13 22:00:00,38.418279336931626,0.0,0.0,28.96884480116438,0.0,38.418279336931626
2024-11-13 23:00:00,30.839173718238595,0.0,0.0,30.630989859488075,0.0,30.839173718238595
2024-11-14 00:00:00,35.26205988132455,0.0,0.0,32.38189187351138,0.0,35.26205988132455
2024-11-14 01:00:00,32.909114551864505,0.0,0.0,33.02196119451591,0.0,32.909114551864505
2024-11-14 02:00:00,33.66138366195516,0.0,0.0,32.55120340420162,0.0,33.66138366195516
2024-11-14 03:00:00,34.30213604346947,0.0,0.0,32.71760372557899,0.0,34.30213604346947
2024-11-14 04:00:00,42.61716418730618,0.0,0.0,32.13981183393008,0.0,42.61716418730618
2024-11-14 05:00:00,29.457507454953774,0.0,0.0,32.418985677020075,0.0,29.457507454953774
2024-11-14 06:00:00,218.26040854541674,0.0,57.41047218397421,31.023403236807116,0.0,218.26040854541674
2024-11-14 07:00:00,333.73572347125236,20.564300634962994,123.80234137484575,30.125514800137907,170.05398262149393,354.30002410621535
2024-11-14 08:00:00,283.251776546237,44.87198531240218,112.64794791842321,28.98615016861113,379.44083769277336,328.12376185863917
2024-11-14 09:00:00,363.5710900236116,53.55876097434861,155.23760185496192,28.05142269502668,454.78289026047395,417.1298509979602
2024-11-14 10:00:00,316.47689372886293,67.51604673168978,135.06783891962218,27.5841322055335,583.278418594984,383.99294046055275
2024-11-14 11:00:00,305.53726051503423,86.86007924784842,148.2037147399811,27.150191163655027,760.879625065454,392.39733976288267
2024-11-14 12:00:00,299.0229384484482,82.15943752847708,138.74141962560162,25.841903205921003,711.9236645824046,381.1823759769253
2024-11-14 13:00:00,206.3320998778014,69.82854877095713,85.20725677993256,25.89782041469791,598.2521616370942,276.1606486487585
2024-11-14 14:00:00,130.21606825148655,69.33906710339052,53.624170874439095,25.80735591363114,596.8653626460479,199.55513535487705
2024-11-14 15:00:00,325.4046806538167,51.678886139652846,141.40973215271782,26.013712534297653,434.32582273255315,377.0835667934695
2024-11-14 16:00:00,364.79053627907274,42.46238729969783,150.72329361859371,25.33043405394569,354.53991341586965,407.25292357877055
2024-11-14 17:00:00,349.1834962302953,22.267179230407237,138.5708685884008,26.278031084113177,185.38924679268624,371.45067546070254
2024-11-14 18:00:00,389.73504101130436,3.910751141512135e-15,137.75726425899887,26.782348908060634,7.019908829071996e-14,389.73504101130436
2024-11-14 19:00:00,408.75512473289115,0.0,151.15741495354237,28.325846723588636,0.0,408.75512473289115
2024-11-14 20:00:00,407.43037233170054,0.0,152.1070635578626,28.76478448317643,0.0,407.43037233170054
2024-11-14 21:00:00,269.85642095573917,0.0,75.77445867134293,29.873017266767036,0.0,269.85642095573917
2024-11-14 22:00:00,30.83209168286782,0.0,0.0,30.36813090616616,0.0,30.83209168286782
2024-11-14 23:00:00,35.80263704689269,0.0,0.0,31.4885266336906,0.0,35.80263704689269
2024-11-15 00:00:00,38.29865397317515,0.0,0.0,28.900671933571395,0.0,38.29865397317515
2024-11-15 01:00:00,31.91866274899456,0.0,0.0,30.191329433963457,0.0,31.91866274899456
2024-11-15 02:00:00,31.632176005853335,0.0,0.0,30.171248805833034,0.0,31.632176005853335
2024-11-15 03:00:00,35.42512205895883,0.0,0.0,29.88748985368416,0.0,35.42512205895883
2024-11-15 04:00:00,30.71126488414721,0.0,0.0,29.311752769340497,0.0,30.71126488414721
2024-11-15 05:00:00,40.445991520593104,0.0,0.0,27.887665171936796,0.0,40.445991520593104
2024-11-15 06:00:00,214.77186517268674,0.0,56.83521960144891,27.95253150818782,0.0,214.77186517268674
2024-11-15 07:00:00,347.59431572822024,24.611598849684352,135.03637995987341,26.95677320695038,203.09658279800087,372.2059145779046
2024-11-15 08:00:00,341.420365048188,36.46086440161111,142.6954811574016,26.555271929568004,302.33115804674105,377.8812294497991
2024-11-15 09:00:00,351.94063528103976,58.60231009895754,162.93402815689203,25.83562174747861,498.7153616240203,410.5429453799973
2024-11-15 10:00:00,321.6167273491933,79.3697057906286,147.61528412493635,24.843951152181788,684.3472265074976,400.9864331398219
2024-11-15 11:00:00,369.40470462496273,76.04942463448589,173.34048995262899,24.588280241345622,653.1668203266098,445.4541292594486
2024-11-15 12:00:00,306.0249481687812,90.98431747538055,145.6292220487255,23.11638879049716,785.5791109354317,397.0092656441617
2024-11-15 13:00:00,178.1147347761601,80.93240422681988,84.07677974935619,22.746006488263184,687.8762346619399,259.04713900298
2024-11-15 14:00:00,127.36994566575133,75.64537921019392,56.88780994345529,23.450573935386533,651.2356593797589,203.01532487594525
2024-11-15 15:00:00,329.8258515857608,66.61381326737744,144.53247535891268,23.134002626192572,565.4786715427906,396.43966485313825
2024-11-15 16:00:00,65.50636168176163,49.48740711248404,0.0,23.2770465374186,413.44408589880896,114.99376879424568
2024-11-15 17:00:00,108.82863661887987,23.823084928110298,0.0,24.88002165922972,197.09200245395675,132.65172154699016
2024-11-15 18:00:00,391.7837580315474,2.26574734753334e-15,139.17746727158226,24.970500094626587,8.482036184162022e-14,391.7837580315474
2024-11-15 19:00:00,370.6425806804619,0.0,132.17735542914141,25.430496076109378,0.0,370.6425806804619
2024-11-15 20:00:00,415.91126404698264,0.0,157.17211421929724,26.088662414111592,0.0,415.91126404698264
2024-11-15 21:00:00,235.4413036480862,0.0,69.03553325781883,28.000757814586002,0.0,235.4413036480862
2024-11-15 22:00:00,36.68761078483431,0.0,0.0,28.285133331380077,0.0,36.68761078483431
2024-11-15 23:00:00,27.86261785081315,0.0,0.0,28.918767014857373,0.0,27.86261785081315
2024-11-16 00:00:00,34.3186941134939,0.0,0.0,30.678186004220642,0.0,34.3186941134939
2024-11-16 01:00:00,33.149921523806256,0.0,0.0,31.129743197686285,0.0,33.149921523806256
2024-11-16 02:00:00,32.50953610261579,0.0,0.0,31.083893869493007,0.0,32.50953610261579
2024-11-16 03:00:00,30.228973550563754,0.0,0.0,31.13168705707527,0.0,30.228973550563754
2024-11-16 04:00:00,32.68915771399863,0.0,0.0,30.565734969944437,0.0,32.68915771399863
2024-11-16 05:00:00,32.97969892964763,0.0,0.0,30.061277903115588,0.0,32.97969892964763
2024-11-16 06:00:00,58.46337386178186,0.0,0.0,28.69313994982584,0.0,58.46337386178186
2024-11-16 07:00:00,25.81886111322958,27.312015735945778,0.0,29.12000247591516,227.8572376292265,53.13087684917536
2024-11-16 08:00:00,12.17990128206501,,0.0,26.692120547752207,421.6700500787619,
2024-11-16 09:00:00,0.0,,0.0,26.55778102663747,541.9152717911924,
2024-11-16 10:00:00,0.0,,0.0,24.890575348158254,629.0333401264664,
2024-11-16 11:00:00,0.0,,0.0,24.785020773676667,776.8025671329876,
2024-11-16 12:00:00,0.0,,0.0,23.992223145067978,816.8825250759503,
2024-11-16 13:00:00,0.0,,0.0,23.99609642090781,777.8912011019472,
2024-11-16 14:00:00,0.0,,0.0,23.97983771792638,679.276230195223,
2024-11-16 15:00:00,0.0,,0.0,23.450051633738525,506.12534670447815,
2024-11-16 16:00:00,8.381355136633289,,0.0,24.263162736526233,415.08758537153,
2024-11-16 17:00:00,30.750413448377373,,0.0,25.530922254322785,215.8125860922673,
2024-11-16 18:00:00,66.05825578583011,,0.0,24.90282632849683,9.960215811539637e-14,
2024-11-16 19:00:00,64.35744500136664,,0.0,25.976065334807704,0.0,
2024-11-16 20:00:00,66.79098174656822,,0.0,27.739336201205226,0.0,
2024-11-16 21:00:00,56.32991181932594,,0.0,28.253602941729593,0.0,
2024-11-16 22:00:00,38.80453929558734,,0.0,29.13453634215984,0.0,
2024-11-16 23:00:00,37.35453698660232,,0.0,30.294983785746638,0.0,
2024-11-17 00:00:00,17.137551252159493,,0.0,29.650411705109537,0.0,
2024-11-17 01:00:00,14.167159434684041,,0.0,30.137429919726088,0.0,
2024-11-17 02:00:00,16.92384271568146,,0.0,30.19503620952973,0.0,
2024-11-17 03:00:00,17.933033606114346,,0.0,30.222996011107107,0.0,
2024-11-17 04:00:00,18.69409715462171,,0.0,30.717207098482525,0.0,
2024-11-17 05:00:00,15.61150019704213,,0.0,28.640690829153808,0.0,
2024-11-17 06:00:00,17.14323269194913,,0.0,28.169247737308112,0.0,
2024-11-17 07:00:00,0.0,,0.0,27.239382266975383,168.3126629854967,
2024-11-17 08:00:00,0.0,,0.0,27.71720411810613,317.1865871776187,
2024-11-17 09:00:00,0.0,,0.0,25.803290517554444,342.1047565800026,
2024-11-17 10:00:00,0.0,,0.0,25.10302031972065,479.46344778120914,
2024-11-17 11:00:00,0.0,,0.0,23.734166319649766,559.9356139672864,
2024-11-17 12:00:00,0.0,,0.0,23.85407521143465,525.6423082428657,
2024-11-17 13:00:00,0.0,,0.0,24.068877611172393,718.0818510618274,
2024-11-17 14:00:00,0.0,,0.0,23.64283566689963,504.0083399703681,
2024-11-17 15:00:00,0.0,,0.0,23.581684725102097,395.64217554602146,
2024-11-17 16:00:00,0.0,,0.0,23.20282546679174,327.36246818811344,
2024-11-17 17:00:00,4.120046547566609,,0.0,24.377507364956248,138.84710755324497,
2024-11-17 18:00:00,20.06992820522513,,0.0,25.33981452472609,7.847349996669453e-14,
2024-11-17 19:00:00,20.332713638417005,,0.0,25.61457805638767,0.0,
2024-11-17 20:00:00,22.753048287796815,,0.0,27.343802721752088,0.0,
2024-11-17 21:00:00,18.49955883715794,,0.0,28.364758073944508,0.0,
2024-11-17 22:00:00,23.001119399122956,,0.0,28.5020327884361,0.0,
2024-11-17 23:00:00,21.4251235803609,,0.0,29.854146973801914,0.0,
2024-11-18 00:00:00,39.58140731480507,,0.0,29.65569794392078,0.0,
2024-11-18 01:00:00,33.89742934332268,,0.0,30.633788212218406,0.0,
2024-11-18 02:00:00,35.34598041998361,,0.0,31.1965541594463,0.0,
2024-11-18 03:00:00,32.217113576139894,,0.0,29.513386480462373,0.0,
2024-11-18 04:00:00,35.68656915221949,,0.0,30.095309944436128,0.0,
2024-11-18 05:00:00,38.27452549702048,,0.0,29.80683484665154,0.0,
2024-11-18 06:00:00,227.32133672798633,,57.89434720328948,27.944138659241343,0.0,
2024-11-18 07:00:00,335.7429158023926,,120.86608052865992,27.297785153166753,169.3188024295454,
2024-11-18 08:00:00,365.102974475978,,148.6593915744691,26.386290280302656,376.91832909646246,
2024-11-18 09:00:00,319.89175495660606,,136.8156051159362,25.707221552290374,432.3674236076448,
2024-11-18 10:00:00,251.47531517315758,,116.61067743072311,24.75129607630695,632.6279564993691,
2024-11-18 11:00:00,337.8905941492508,,155.92678542650552,24.105462801236804,625.2251434851385,
2024-11-18 12:00:00,214.73951097877722,,106.64148250312587,24.06738408031081,877.7153981999692,
2024-11-18 13:00:00,175.78134975234724,,85.23136339982378,22.350832576462444,886.3633571834833,
2024-11-18 14:00:00,154.0256532099366,,60.93978590432235,22.69253211859657,582.5380967123599,
2024-11-18 15:00:00,359.2600200120676,,162.11842691108959,23.633702475510454,546.3062396775696,
2024-11-18 16:00:00,291.80936075829135,,119.55526563439338,23.92477799048216,340.0446750232114,
2024-11-18 17:00:00,345.4022742139602,,135.1466600791533,23.67533399824765,188.8271407766733,
2024-11-18 18:00:00,395.64889606909577,,157.94205564388486,25.209329804569094,1.090111636173723e-13,
2024-11-18 19:00:00,410.6512984440102,,158.90518001716865,26.437045649968326,0.0,
2024-11-18 20:00:00,408.4545817998747,0.0,160.7505951721292,26.654965572184505,0.0,408.4545817998747
2024-11-18 21:00:00,319.6289193157045,0.0,107.40152066371553,27.08136497624414,0.0,319.6289193157045
2024-11-18 22:00:00,30.690195762664153,0.0,0.0,28.866955957574383,0.0,30.690195762664153
2024-11-18 23:00:00,40.74703946667027,0.0,0.0,30.01587527905561,0.0,40.74703946667027
2024-11-19 00:00:00,29.50230157798765,0.0,0.0,30.38156593086289,0.0,29.50230157798765
2024-11-19 01:00:00,31.34883487893046,0.0,0.0,31.193913598323892,0.0,31.34883487893046
2024-11-19 02:00:00,37.35017181574061,0.0,0.0,31.838624986780648,0.0,37.35017181574061
2024-11-19 03:00:00,40.29260911812964,0.0,0.0,31.23196691883047,0.0,40.29260911812964
2024-11-19 04:00:00,34.18520533654772,0.0,0.0,29.95098791607863,0.0,34.18520533654772
2024-11-19 05:00:00,34.03652154269341,0.0,0.0,30.49012976288295,0.0,34.03652154269341
2024-11-19 06:00:00,206.7084811269647,0.0,54.10045057983587,29.05414285117569,0.0,206.7084811269647
2024-11-19 07:00:00,370.0473744664078,21.118974352400993,147.80644221898038,28.064052527698955,176.9099207280366,391.1663488188088
2024-11-19 08:00:00,323.6588923272209,52.10315499989451,137.57143087118564,26.92967317384424,444.81552394504024,375.7620473271154
2024-11-19 09:00:00,276.9256551213382,65.46559649778338,114.35462899116659,27.482884158061154,567.8647430193162,342.3912516191216
2024-11-19 10:00:00,303.2267719733776,75.18096626395365,141.21745848472543,25.626191509828423,652.4755186825887,378.4077382373313
2024-11-19 11:00:00,232.3987799218412,84.52195685786016,114.08030603689157,25.485341525308158,734.666984346224,316.9207367797014
2024-11-19 12:00:00,282.80364766102934,89.39001517753515,135.07819352793587,25.051935471381302,789.1481439925327,372.1936628385645
2024-11-19 13:00:00,159.82355435705887,89.57064766633648,72.94724809087546,24.493716272233,780.018790024215,249.39420202339534
2024-11-19 14:00:00,154.42687306906288,73.15281512215752,59.50148566812163,24.441832559324123,625.0654272592221,227.57968819122038
2024-11-19 15:00:00,271.68688424875023,64.23666654885103,131.406000430993,24.60333082102515,547.2410248990287,335.92355079760125
2024-11-19 16:00:00,280.39407417581333,43.6510524979337,117.06078551753829,24.8315070994143,366.5619907701097,324.045126673747
2024-11-19 17:00:00,385.0831133931199,22.062254258870347,154.83563595059087,24.938593678026212,181.00544912229395,407.1453676519902
2024-11-19 18:00:00,347.13790790728393,1.997384551711512e-15,133.8965408148817,25.618878588261342,8.934771096269149e-14,347.13790790728393
2024-11-19 19:00:00,372.31092084787826,0.0,136.34254489782032,26.83518973939035,0.0,372.31092084787826
2024-11-19 20:00:00,349.5361763007415,0.0,128.56695899388825,27.73046514531263,0.0,349.5361763007415
2024-11-19 21:00:00,295.1162571485467,0.0,95.32460139870275,28.91407369340925,0.0,295.1162571485467
2024-11-19 22:00:00,29.690038480640013,0.0,0.0,30.09437220291972,0.0,29.690038480640013
2024-11-19 23:00:00,35.395918555344046,0.0,0.0,30.4403735837748,0.0,35.395918555344046
2024-11-20 00:00:00,36.63359679287652,0.0,0.0,28.57114113248803,0.0,36.63359679287652
2024-11-20 01:00:00,33.071490186701034,0.0,0.0,28.235656563447506,0.0,33.071490186701034
2024-11-20 02:00:00,27.371179564564883,0.0,0.0,29.061025475861413,0.0,27.371179564564883
2024-11-20 03:00:00,30.540895688316418,0.0,0.0,28.65398929004955,0.0,30.540895688316418
2024-11-20 04:00:00,35.169502698402695,0.0,0.0,28.611396890866214,0.0,35.169502698402695
2024-11-20 05:00:00,31.851259391886604,0.0,0.0,28.541506307386598,0.0,31.851259391886604
2024-11-20 06:00:00,221.25876181239383,0.0,58.54195830286527,27.737689332720414,0.0,221.25876181239383
2024-11-20 07:00:00,358.10290435111983,16.141524895532214,133.76348938106236,27.780449545129002,131.3217758244556,374.24442924665203
2024-11-20 08:00:00,305.67543009419467,36.68617291589382,115.2249933861179,26.187034854842167,305.28865895234185,342.3616030100885
2024-11-20 09:00:00,407.2427837472651,36.74125396989437,178.27653738273403,25.994211062599604,297.7931132308819,443.9840377171595
2024-11-20 10:00:00,370.4934867041949,63.610741539883875,170.70598568638357,24.55306378079604,539.5134306298227,434.10422824407874
2024-11-20 11:00:00,350.1884447240681,65.16833297712044,163.06420370666504,24.013473716300677,543.0207594355327,415.35677770118855
2024-11-20 12:00:00,293.75395515232526,63.38102405501209,132.479803367143,22.73495402974506,526.9209245985825,357.1349792073373
2024-11-20 13:00:00,189.7873344977597,64.19159231919122,81.21690136946866,22.027499045124692,527.6515838502273,253.97892681695092
2024-11-20 14:00:00,153.8704541125688,57.83235507433525,59.28379277519778,22.221014133400637,477.9063552006257,211.70280918690406
2024-11-20 15:00:00,295.56883576103644,56.293615834358555,129.76258573406116,22.55881892145034,468.48138279660714,351.862451595395
2024-11-20 16:00:00,309.79066596495073,48.805504490223235,128.40106117897685,22.600325723553027,404.841578940316,358.596170455174
2024-11-20 17:00:00,397.1503591690474,20.974162237792164,163.28445950314472,22.970049132412736,169.95296228694656,418.12452140683956
2024-11-20 18:00:00,368.5951818791158,4.598680929202858e-15,141.7142498660925,24.403912925011454,6.380077696236694e-14,368.5951818791158
2024-11-20 19:00:00,344.7075039823384,0.0,126.54186693327618,24.536928837843625,0.0,344.7075039823384
2024-11-20 20:00:00,404.31789002733933,0.0,156.0755095504113,25.17874810474181,0.0,404.31789002733933
2024-11-20 21:00:00,244.96149877650484,0.0,80.5931693726482,26.2903176797111,0.0,244.96149877650484
2024-11-20 22:00:00,38.64723985315085,0.0,0.0,27.578316334669452,0.0,38.64723985315085
2024-11-20 23:00:00,32.57056893083258,0.0,0.0,27.924908259071728,0.0,32.57056893083258
2024-11-21 00:00:00,28.888450963982855,0.0,0.0,30.28388142399001,0.0,28.888450963982855
2024-11-21 01:00:00,33.13575655629362,0.0,0.0,31.047800007055073,0.0,33.13575655629362
2024-11-21 02:00:00,31.881948011723736,0.0,0.0,31.154058985835405,0.0,31.881948011723736
2024-11-21 03:00:00,35.39119899843588,0.0,0.0,30.417164899870812,0.0,35.39119899843588
2024-11-21 04:00:00,35.42905030035466,0.0,0.0,29.745955582129792,0.0,35.42905030035466
2024-11-21 05:00:00,28.303501844239506,0.0,0.0,29.55389946398204,0.0,28.303501844239506
2024-11-21 06:00:00,200.60828137925557,0.0,45.71767903990177,29.444659867295506,0.0,200.60828137925557
2024-11-21 07:00:00,333.2376504651871,28.80301746875559,126.32892189799189,28.717302234784835,245.8780928473947,362.04066793394264
2024-11-21 08:00:00,341.06733150544517,38.99591667307833,135.13996861752938,27.543282422920406,332.1451414666531,380.0632481785235
2024-11-21 09:00:00,342.11690813180013,52.04998569290402,145.63442134975864,27.061688830042616,443.3285627395524,394.1668938247042
2024-11-21 10:00:00,298.57772410108873,76.74086097276941,144.94726106511797,26.481438522213416,672.6422233187689,375.3185850738581
2024-11-21 11:00:00,339.71019092288554,77.59224983911454,159.99572547053717,24.65034976418605,671.278682199196,417.30244076200006
2024-11-21 12:00:00,291.37757009327674,88.76823141205625,139.12228143329702,25.079030176151438,778.2322781771836,380.145801505333
2024-11-21 13:00:00,179.17665595841748,85.57590984378886,81.51866622917603,23.85582230999612,749.147406769107,264.75256580220633
2024-11-21 14:00:00,148.72140493717473,76.19142140172056,64.09676585075117,24.376761811033763,663.6342870334278,224.9128263388953
2024-11-21 15:00:00,344.5541629958692,59.63501838607571,156.4464804634878,24.340383304728373,507.10478903499654,404.18918138194493
2024-11-21 16:00:00,329.58852283031007,48.644527678682984,139.45822879900908,23.347219339531883,407.02978812032546,378.2330505089931
2024-11-21 17:00:00,359.35282416003815,23.925591879705564,146.66142152898132,24.40885016078742,195.94156904127757,383.2784160397437
2024-11-21 18:00:00,362.66981078067704,2.2932229147344896e-15,135.7266580125076,25.00619350424855,1.0593883539557573e-13,362.66981078067704
2024-11-21 19:00:00,342.2261114090271,0.0,125.93919346614076,25.569947288731964,0.0,342.2261114090271
2024-11-21 20:00:00,441.17196660351993,0.0,173.8106149365981,27.80649495410156,0.0,441.17196660351993
2024-11-21 21:00:00,257.13055674996457,0.0,80.8668541510377,29.307090047822587,0.0,257.13055674996457
2024-11-21 22:00:00,37.521237783417895,0.0,0.0,28.988001210054204,0.0,37.521237783417895
2024-11-21 23:00:00,36.667739911439234,0.0,0.0,30.268789529239836,0.0,36.667739911439234
2024-11-22 00:00:00,30.856087389666936,0.0,0.0,31.892594657312397,0.0,30.856087389666936
2024-11-22 01:00:00,26.183622149848087,0.0,0.0,31.604099327324608,0.0,26.183622149848087
2024-11-22 02:00:00,35.6961754796973,0.0,0.0,31.60653655276397,0.0,35.6961754796973
2024-11-22 03:00:00,38.74649189512992,0.0,0.0,31.377089513362183,0.0,38.74649189512992
2024-11-22 04:00:00,36.26935292104248,0.0,0.0,31.419061439569514,0.0,36.26935292104248
2024-11-22 05:00:00,37.23154714592016,0.0,0.0,31.031413844390695,0.0,37.23154714592016
2024-11-22 06:00:00,215.33351442388582,0.0,58.681458467668335,30.10009553824108,0.0,215.33351442388582
2024-11-22 07:00:00,331.90358217846654,19.325971560883556,120.90629885209704,29.238791280988746,163.1802821797273,351.2295537393501
2024-11-22 08:00:00,388.0505701385594,34.10931427028822,152.994435507761,28.09359163461751,286.0835630593402,422.15988440884763
2024-11-22 09:00:00,292.2631934820254,44.13119477662525,125.31652694817305,26.416849164826278,367.8684535812219,336.3943882586506
2024-11-22 10:00:00,365.2385782344148,59.78487843233659,166.4109097857287,26.81805127959979,508.8545111811659,425.0234566667514
2024-11-22 11:00:00,381.42330663282195,52.63594659939327,168.11309336050368,25.002006791261152,429.35036550596595,434.0592532322152
2024-11-22 12:00:00,348.5657951451875,54.354209370979035,150.56035654529168,25.397796993018865,448.10303907434786,402.92000451616656
2024-11-22 13:00:00,217.19554260290715,57.15165807239897,86.48223721323254,25.11632101820623,470.6509893777276,274.3472006753061
2024-11-22 14:00:00,132.95051535880597,61.6249594893762,55.93173381502235,24.048977032976126,518.707624620246,194.57547484818218
2024-11-22 15:00:00,321.1387866345758,48.89245228196535,141.82249791721748,24.434552297907175,404.56426372742953,370.03123891654116
2024-11-22 16:00:00,349.909229186202,39.05621669084094,148.33160052374072,26.148841447670826,326.05516262715975,388.96544587704295
2024-11-22 17:00:00,373.1691397649777,16.29140953116845,143.77886726387922,25.604578232133886,130.0484619604993,389.4605492961461
2024-11-22 18:00:00,404.0125009129966,3.2940064951653925e-15,156.4892936467331,25.75908624750423,7.544591609063958e-14,404.0125009129966
2024-11-22 19:00:00,355.04519471233624,0.0,129.41425170822993,27.613766047219187,0.0,355.04519471233624
2024-11-22 20:00:00,411.3788340035025,0.0,164.27517421534336,27.7328554824349,0.0,411.3788340035025
2024-11-22 21:00:00,270.06832319588955,0.0,81.88626759251899,28.064797731853265,0.0,270.06832319588955
2024-11-22 22:00:00,33.23963136713318,0.0,0.0,30.129077859244724,0.0,33.23963136713318
2024-11-22 23:00:00,25.907543935972544,0.0,0.0,30.13575791148284,0.0,25.907543935972544
2024-11-23 00:00:00,28.912019254415135,0.0,0.0,30.433570630692785,0.0,28.912019254415135
2024-11-23 01:00:00,33.96599439107916,0.0,0.0,30.21628291929658,0.0,33.96599439107916
2024-11-23 02:00:00,37.23132691930196,0.0,0.0,31.09548964347087,0.0,37.23132691930196
2024-11-23 03:00:00,34.046677777232,0.0,0.0,30.714377100650733,0.0,34.046677777232
2024-11-23 04:00:00,33.89511512773298,0.0,0.0,28.978372165102073,0.0,33.89511512773298
2024-11-23 05:00:00,34.620520111714086,0.0,0.0,29.907767550841236,0.0,34.620520111714086
2024-11-23 06:00:00,56.03822194782959,0.0,0.0,28.84702188212083,0.0,56.03822194782959
2024-11-23 07:00:00,47.67411855746959,14.178588257812327,0.0,28.856113025290252,115.27160412555136,61.85270681528192
2024-11-23 08:00:00,27.764723753825542,30.60332551000338,0.0,27.439491470843954,252.31354181985466,58.36804926382892
2024-11-23 09:00:00,15.942270644706696,48.54514097801871,0.0,26.714099810353712,409.2071413722731,64.4874116227254
2024-11-23 10:00:00,2.2448348634808397,55.41536507996529,0.0,25.136617145825564,465.0789365091992,57.66019994344613
2024-11-23 11:00:00,0.0,56.24654430105567,0.0,24.37197993677413,466.1108534006709,56.24654430105567
2024-11-23 12:00:00,0.0,58.263316450115944,0.0,24.19797396756021,479.4979713935503,58.263316450115944
2024-11-23 13:00:00,0.0,65.51146559621148,0.0,23.680839090927364,551.7774778625538,65.51146559621148
2024-11-23 14:00:00,24.096376308552905,36.748366118242494,0.0,24.41089207244107,295.1140507752971,60.8447424267954
2024-11-23 15:00:00,9.667608683873162,50.02599068859332,0.0,23.784487624962626,412.61095671540807,59.69359937246648
2024-11-23 16:00:00,37.871102384274835,24.049741709963186,0.0,23.598387758098628,190.24753644840084,61.92084409423802
2024-11-23 17:00:00,45.17124430985191,13.66649568541827,0.0,24.35322335533878,107.50030164186273,58.83773999527018
2024-11-23 18:00:00,58.00942254259021,4.8920176197862146e-15,0.0,25.97441308864303,5.92528292742014e-14,58.009422542590215
2024-11-23 19:00:00,56.958861344156205,0.0,0.0,26.25239221634574,0.0,56.958861344156205
2024-11-23 20:00:00,55.04354683782153,0.0,0.0,27.131531662361148,0.0,55.04354683782153
2024-11-23 21:00:00,61.67687183739515,0.0,0.0,28.677847988803748,0.0,61.67687183739515
2024-11-23 22:00:00,31.60778515168719,0.0,0.0,28.534505951903256,0.0,31.60778515168719
2024-11-23 23:00:00,30.096294458399186,0.0,0.0,28.599173131275275,0.0,30.096294458399186
2024-11-24 00:00:00,21.470275242352724,0.0,0.0,28.904410550084283,0.0,21.470275242352724
2024-11-24 01:00:00,19.2530357627833,0.0,0.0,29.80153989630198,0.0,19.2530357627833
2024-11-24 02:00:00,20.728791161554632,0.0,0.0,29.674999199848024,0.0,20.728791161554632
2024-11-24 03:00:00,16.948705249374264,0.0,0.0,28.90028054198659,0.0,16.948705249374264
2024-11-24 04:00:00,15.637591358330173,0.0,0.0,29.83887363893838,0.0,15.637591358330173
2024-11-24 05:00:00,18.23421179050041,0.0,0.0,28.85637716721221,0.0,18.23421179050041
2024-11-24 06:00:00,18.34499962860388,0.0,0.0,28.244262307373816,0.0,18.34499962860388
2024-11-24 07:00:00,0.0,20.62080368489439,0.0,27.415426747767576,175.62642433930097,20.62080368489439
2024-11-24 08:00:00,0.0,36.03953983798341,0.0,25.65049283709212,303.0280695535867,36.03953983798341
2024-11-24 09:00:00,0.0,53.65429958285304,0.0,25.54532776037299,453.77531524997966,53.65429958285304
2024-11-24 10:00:00,0.0,70.0572255394937,0.0,25.003481851618073,602.7702532741537,70.0572255394937
2024-11-24 11:00:00,0.0,67.18540719614725,0.0,24.39503634104948,567.9181475062838,67.18540719614725
2024-11-24 12:00:00,0.0,78.6582710438213,0.0,23.62929770927801,685.3491706819881,78.6582710438213
2024-11-24 13:00:00,0.0,74.2101642828073,0.0,23.175579397301345,634.3522983772307,74.2101642828073
2024-11-24 14:00:00,0.0,64.15607756340799,0.0,21.931044327631863,539.2419122058892,64.15607756340799
2024-11-24 15:00:00,0.0,54.02457498529934,0.0,22.911547241616596,450.5005722674094,54.02457498529934
2024-11-24 16:00:00,0.0,40.12789679121502,0.0,22.79037887205331,330.56079218201717,40.12789679121502
2024-11-24 17:00:00,0.0,19.802478044048808,0.0,24.465965166837332,159.04739691563412,19.802478044048808
2024-11-24 18:00:00,19.377400359220974,2.4833082338562002e-15,0.0,25.114944706205595,8.246853697447383e-14,19.377400359220978
2024-11-24 19:00:00,19.576841558805135,0.0,0.0,24.91862389679815,0.0,19.576841558805135
2024-11-24 20:00:00,14.943192682093962,0.0,0.0,26.276765868164063,0.0,14.943192682093962
2024-11-24 21:00:00,19.975836115808832,0.0,0.0,27.329876339629447,0.0,19.975836115808832
2024-11-24 22:00:00,17.679747855551167,0.0,0.0,28.500150588761585,0.0,17.679747855551167
2024-11-24 23:00:00,16.01658305775689,0.0,0.0,27.936819569236256,0.0,16.01658305775689
2024-11-25 00:00:00,33.65955420358868,0.0,0.0,30.662500234648522,0.0,33.65955420358868
2024-11-25 01:00:00,36.02792486638134,0.0,0.0,32.13603712575395,0.0,36.02792486638134
2024-11-25 02:00:00,40.96546054080429,0.0,0.0,30.970514067134083,0.0,40.96546054080429
2024-11-25 03:00:00,30.205146094144276,0.0,0.0,32.19624907523957,0.0,30.205146094144276
2024-11-25 04:00:00,41.49237630387861,0.0,0.0,32.06341527835871,0.0,41.49237630387861
2024-11-25 05:00:00,29.153232690180424,0.0,0.0,31.829136166638605,0.0,29.153232690180424
2024-11-25 06:00:00,196.70818857513112,0.0,52.74848987263369,30.174938352693808,0.0,196.70818857513112
2024-11-25 07:00:00,384.699509451711,18.80217076206766,147.6672053739006,29.722679959248204,160.27132034375924,403.5016802137786
2024-11-25 08:00:00,356.9116525521668,35.498617659666586,148.57837307882622,29.061977398151967,301.5167937832851,392.4102702118334
2024-11-25 09:00:00,281.0920708634031,69.43712864693866,117.75245116891199,27.2424958162558,615.994079626141,350.52919951034175
2024-11-25 10:00:00,314.4455342632122,59.72632767060652,135.64418553634601,27.443896377197603,516.0624124096518,374.1718619338187
2024-11-25 11:00:00,259.2882601550076,56.94989557468503,111.54828786740086,26.398519906782713,472.37332184239966,316.2381557296926
2024-11-25 12:00:00,299.4411129118369,62.38127600187425,132.8711740120235,25.40241039972336,524.6614670670738,361.82238891371117
2024-11-25 13:00:00,173.85503257473079,78.48041059136723,80.09090001923336,25.42617237242286,679.9763285444774,252.335443166098
2024-11-25 14:00:00,144.1384834399973,74.21662339061984,58.69552761482212,25.166555235731934,647.6369210648501,218.35510683061713
2024-11-25 15:00:00,296.4994618334777,50.09190716408151,131.273910473712,25.745519061434,420.33235017073366,346.59136899755924
2024-11-25 16:00:00,316.0570548828261,44.20594052433832,134.64756948800678,25.524903520002802,371.7282358761202,360.2629954071644
2024-11-25 17:00:00,383.84937440534384,22.308228101286026,161.08039987025714,26.374893990858318,181.85069643166116,406.15760250662987
2024-11-25 18:00:00,438.3856994142909,3.0449046066164547e-15,171.9147378423746,26.675756669245146,7.738001914488793e-14,438.3856994142909
2024-11-25 19:00:00,331.17260185272096,0.0,129.37711189835937,27.361434401117116,0.0,331.17260185272096
2024-11-25 20:00:00,402.4595352042809,0.0,157.02440851068158,28.821988874276727,0.0,402.4595352042809
2024-11-25 21:00:00,256.8966627982088,0.0,88.81575235323982,29.19370530267134,0.0,256.8966627982088
2024-11-25 22:00:00,37.03820615349374,0.0,0.0,30.886512624046215,0.0,37.03820615349374
2024-11-25 23:00:00,36.55229368228343,0.0,0.0,31.50721247856328,0.0,36.55229368228343
2024-11-26 00:00:00,32.6527196095267,0.0,0.0,31.024840039013814,0.0,32.6527196095267
2024-11-26 01:00:00,37.28532221467745,0.0,0.0,31.86393896188855,0.0,37.28532221467745
2024-11-26 02:00:00,35.64986360092268,0.0,0.0,31.491458403773212,0.0,35.64986360092268
2024-11-26 03:00:00,36.25108415958312,0.0,0.0,30.95489234305112,0.0,36.25108415958312
2024-11-26 04:00:00,30.967858984537003,0.0,0.0,31.10878468346224,0.0,30.967858984537003
2024-11-26 05:00:00,30.108623732145716,0.0,0.0,30.82602367345678,0.0,30.108623732145716
2024-11-26 06:00:00,208.4216527899076,0.0,47.08890422285383,30.38701271639699,0.0,208.4216527899076
2024-11-26 07:00:00,349.8385855229047,22.249557291989795,131.22582384014987,29.356914977034215,194.40044200627852,372.08814281489447
2024-11-26 08:00:00,256.007073698914,42.14106891847799,99.35338394325112,28.830145661454335,368.7603763312061,298.14814261739195
2024-11-26 09:00:00,330.21012121433336,57.43615991533681,147.11081955539373,26.97985861037311,497.06767479169775,387.6462811296702
2024-11-26 10:00:00,,63.767238664790135,127.15572828100223,26.437959159984143,545.7501489708185,
2024-11-26 11:00:00,,77.92718516374512,144.40845885358908,26.723617970670468,687.9385669999403,
2024-11-26 12:00:00,,78.32407308983747,179.13606488448954,24.37967941421927,677.811339607226,
2024-11-26 13:00:00,,74.11673305824682,99.12132995341602,24.769590808965486,637.0053769182147,
2024-11-26 14:00:00,,88.1331938615268,52.628063969463,24.340561380058897,767.723654238967,
2024-11-26 15:00:00,,48.0686305116998,128.12485338285646,24.897868759801444,400.17721400107837,
2024-11-26 16:00:00,,45.12281980672229,160.92498693233617,25.127995696976626,377.8754600335845,
2024-11-26 17:00:00,,19.839921380975923,128.1815791363629,26.202512338832346,159.77959544451627,
2024-11-26 18:00:00,,2.2464325927471734e-15,156.623499430307,26.754068683644974,8.48526905991774e-14,
2024-11-26 19:00:00,,0.0,181.48608344042927,26.817632910126257,0.0,
2024-11-26 20:00:00,,0.0,152.12470974616892,28.08222731735068,0.0,
2024-11-26 21:00:00,,0.0,95.62331729131841,29.282116487236202,0.0,
2024-11-26 22:00:00,,0.0,0.0,30.49599879595973,0.0,
2024-11-26 23:00:00,,0.0,0.0,32.0676602304331,0.0,
2024-11-27 00:00:00,,0.0,0.0,29.633062202158758,0.0,
2024-11-27 01:00:00,,0.0,0.0,29.125065826172506,0.0,
2024-11-27 02:00:00,,0.0,0.0,29.703652766735914,0.0,
2024-11-27 03:00:00,,0.0,0.0,29.721803883964153,0.0,
2024-11-27 04:00:00,,0.0,0.0,29.021968872509287,0.0,
2024-11-27 05:00:00,,0.0,0.0,28.9605780315557,0.0,
2024-11-27 06:00:00,,0.0,63.08777094389529,26.86488685023527,0.0,
2024-11-27 07:00:00,,27.49164289942672,134.5613488367719,27.433016862958333,241.14869309465902,
2024-11-27 08:00:00,,40.832569609236,146.63521547821463,26.012381683220276,350.0367499480779,
2024-11-27 09:00:00,,59.976904464053604,128.87079197996746,25.289856120728928,521.4731328649524,
2024-11-27 10:00:00,,82.76130210314584,160.8814760058623,25.23343686394876,734.1935404826165,
2024-11-27 11:00:00,,85.74427345432716,127.03694087355397,23.144943072478135,745.4773127914096,
2024-11-27 12:00:00,,80.19329181848103,152.48908602926204,23.35584612049189,700.9410794638378,
2024-11-27 13:00:00,,103.33224681956091,95.17618904413202,23.266795791926995,917.6295349746149,
2024-11-27 14:00:00,,75.19968131153702,54.197638454471495,22.83574362357866,641.0444712986971,
2024-11-27 15:00:00,,66.84014309463221,132.22581311811155,22.062738849663685,566.6916179613106,
2024-11-27 16:00:00,,47.89941205277029,140.08187555239718,23.89468479484064,400.2199668228587,
2024-11-27 17:00:00,,27.931935539422103,129.78284986780685,23.670024635079418,225.25592468804615,
2024-11-27 18:00:00,,2.263910666874762e-15,144.72866572203338,24.2368049693965,1.0427590138995496e-13,
2024-11-27 19:00:00,,0.0,129.43317547027857,25.189467295480227,0.0,
2024-11-27 20:00:00,,0.0,130.46507741800792,26.05950219893272,0.0,
2024-11-27 21:00:00,,0.0,90.17601977497895,26.561352215919445,0.0,
2024-11-27 22:00:00,,0.0,0.0,28.08305068747417,0.0,
2024-11-27 23:00:00,,0.0,0.0,28.426832624631427,0.0,
2024-11-28 00:00:00,,0.0,0.0,29.313603971293404,0.0,
2024-11-28 01:00:00,,0.0,0.0,29.58660906079228,0.0,
2024-11-28 02:00:00,,0.0,0.0,30.259905627854856,0.0,
2024-11-28 03:00:00,,0.0,0.0,29.22199474229835,0.0,
2024-11-28 04:00:00,,0.0,0.0,28.57653495969608,0.0,
2024-11-28 05:00:00,,0.0,0.0,27.68707348854951,0.0,
2024-11-28 06:00:00,,0.0,60.52008156635749,28.79374261501036,0.0,
2024-11-28 07:00:00,,23.677573049322998,138.31742083088255,27.18399157808984,208.0481366448768,
2024-11-28 08:00:00,,44.162046924162986,119.03846130434046,25.600860961383056,380.4592324180686,
2024-11-28 09:00:00,,70.91677511492396,159.1847638839343,25.887781808747697,628.0393673711801,
2024-11-28 10:00:00,,76.53387398956247,136.1102805333229,24.875152113915966,671.8737934139388,
2024-11-28 11:00:00,,85.04346583918753,171.88798901712988,22.796558436592466,741.241655164775,
2024-11-28 12:00:00,,91.69583475847979,140.613344576975,22.539244571185428,805.4541733492692,
2024-11-28 13:00:00,,99.95241194288593,86.66089666223128,22.50016810738103,879.7416370985499,
2024-11-28 14:00:00,,85.44496985280182,54.53901684526919,21.91202837397197,737.5508782666341,
2024-11-28 15:00:00,,68.7497430696223,145.96858065944923,22.518040798505787,585.3029731674716,
2024-11-28 16:00:00,,43.815773619988754,192.04108480950674,23.271962981947308,363.204202252281,
2024-11-28 17:00:00,,24.241662265821773,137.52719187631067,22.785566758658888,193.71931666535335,
2024-11-28 18:00:00,,1.9865169533466985e-15,160.6876813814101,24.34357119595992,9.039860792129553e-14,
2024-11-28 19:00:00,,0.0,143.79153047566533,25.625453251830482,0.0,
2024-11-28 20:00:00,,0.0,159.22655468820082,26.147181041608214,0.0,
2024-11-28 21:00:00,,0.0,68.98236750077244,26.81512940244173,0.0,
2024-11-28 22:00:00,,0.0,0.0,27.363020042184825,0.0,
2024-11-28 23:00:00,,0.0,0.0,28.83736559217554,0.0,
2024-11-29 00:00:00,,0.0,0.0,28.800319558028928,0.0,
2024-11-29 01:00:00,,0.0,0.0,29.85982699836671,0.0,
2024-11-29 02:00:00,,0.0,0.0,29.87044856733407,0.0,
2024-11-29 03:00:00,,0.0,0.0,30.301236605924004,0.0,
2024-11-29 04:00:00,,0.0,0.0,29.0974052335185,0.0,
2024-11-29 05:00:00,,0.0,0.0,28.583696529013768,0.0,
2024-11-29 06:00:00,,0.0,68.08586201527321,27.486758265491698,0.0,
2024-11-29 07:00:00,,22.976307708179768,147.3596126081977,27.482199495966437,203.1653435431333,
2024-11-29 08:00:00,,49.013059842063115,138.68448785660894,26.145782779291284,431.2624029618043,
2024-11-29 09:00:00,,63.97784405558138,155.37216605639753,25.02078705431366,559.0254788594741,
2024-11-29 10:00:00,,91.2244294474709,144.55071896437417,24.22428256746877,814.9244304289521,
2024-11-29 11:00:00,,91.31783580606353,126.14276259039568,24.15136971488595,818.9292363273781,
2024-11-29 12:00:00,,94.01858086189736,107.96826319730432,22.775121537700343,837.0320859531895,
2024-11-29 13:00:00,,91.44850333469452,101.11280208655774,22.46986732630583,798.5793903965985,
2024-11-29 14:00:00,,93.6009242725317,55.72975714047944,23.305871413566102,822.1637694144547,
2024-11-29 15:00:00,,59.31342647538079,133.76575754099778,22.893890020880935,500.72187975591464,
2024-11-29 16:00:00,,56.4453767958611,134.87316269001278,23.804324330554028,474.99999999999994,
2024-11-29 17:00:00,,26.00398167432249,163.36869092731447,23.703139058999913,207.81746058536197,
2024-11-29 18:00:00,,2.1118061982206526e-15,135.51591188525413,24.607127751109093,8.697752340497147e-14,
2024-11-29 19:00:00,,0.0,151.68220991888202,25.529973678916697,0.0,
2024-11-29 20:00:00,,0.0,137.73152084650727,27.051333834380824,0.0,
2024-11-29 21:00:00,,0.0,74.77138033842662,27.916493771771368,0.0,
2024-11-29 22:00:00,,0.0,0.0,28.68430921990358,0.0,
2024-11-29 23:00:00,,0.0,0.0,28.51815499999263,0.0,
2024-11-30 00:00:00,,0.0,0.0,30.692001927138584,0.0,
2024-11-30 01:00:00,,0.0,0.0,31.91546392212685,0.0,
2024-11-30 02:00:00,,0.0,0.0,32.34270764973507,0.0,
2024-11-30 03:00:00,,0.0,0.0,32.11647755665577,0.0,
2024-11-30 04:00:00,,0.0,0.0,31.191941340496903,0.0,
2024-11-30 05:00:00,,0.0,0.0,30.99310580517465,0.0,
2024-11-30 06:00:00,,0.0,0.0,30.277021625127226,0.0,
2024-11-30 07:00:00,,18.3728578849041,0.0,29.134665852133185,160.08952547607896,
2024-11-30 08:00:00,,34.53859967749337,0.0,28.25051461095316,296.08482489446465,
2024-11-30 09:00:00,,51.823450171137395,0.0,27.29755880912724,449.3082370123785,
2024-11-30 10:00:00,,64.87087512250255,0.0,26.01027953194521,561.6536722289535,
2024-11-30 11:00:00,,68.12381719678321,0.0,25.33642784565377,586.132139691748,
2024-11-30 12:00:00,,77.4725856843112,0.0,24.7724937045843,678.9424394173456,
2024-11-30 13:00:00,,65.02982566319704,0.0,23.97396901818167,546.9032727768091,
2024-11-30 14:00:00,,58.75908828916781,0.0,24.725757762258866,490.0149072712189,
2024-11-30 15:00:00,,55.533537131591025,0.0,24.753300720154144,471.49370718497136,
2024-11-30 16:00:00,,33.630282782898455,0.0,25.504220953180972,274.9205836339227,
2024-11-30 17:00:00,,22.438061147780182,0.0,26.309812705921303,179.6367880603143,
2024-11-30 18:00:00,,2.9554220940970633e-15,0.0,27.066474981007925,7.808012609549138e-14,
2024-11-30 19:00:00,,0.0,0.0,27.957693869880714,0.0,
2024-11-30 20:00:00,,0.0,0.0,27.775787284940158,0.0,
2024-11-30 21:00:00,,0.0,0.0,28.344214817449902,0.0,
2024-11-30 22:00:00,,0.0,0.0,30.369699587617376,0.0,
2024-11-30 23:00:00,,0.0,0.0,31.320268251838026,0.0,
2024-12-01 00:00:00,,0.0,0.0,30.639772615605807,0.0,
2024-12-01 01:00:00,,0.0,0.0,30.453925975612982,0.0,
2024-12-01 02:00:00,,0.0,0.0,29.332335504953242,0.0,
2024-12-01 03:00:00,,0.0,0.0,30.39423260248359,0.0,
2024-12-01 04:00:00,,0.0,0.0,30.139496825955298,0.0,
2024-12-01 05:00:00,,0.0,0.0,29.931598723537267,0.0,
2024-12-01 06:00:00,,0.0,0.0,29.295501825746673,0.0,
2024-12-01 07:00:00,,22.360535670046197,0.0,28.191370838306547,200.73794640254263,
2024-12-01 08:00:00,,47.962017112620195,0.0,26.537048029607128,423.6578051044995,
2024-12-01 09:00:00,0.0,60.76762750815506,0.0,25.410262163619905,533.6629854339685,60.76762750815506
2024-12-01 10:00:00,0.0,75.30389247404067,0.0,25.34766805466321,660.5358070173863,75.30389247404067
2024-12-01 11:00:00,0.0,84.7988026216867,0.0,23.95960618938936,747.5262563018242,84.7988026216867
2024-12-01 12:00:00,0.0,96.55635507112856,0.0,24.537167118930704,860.4727693041043,96.55635507112856
2024-12-01 13:00:00,0.0,87.85815699354198,0.0,22.59766761806736,772.7979042321215,87.85815699354198
2024-12-01 14:00:00,0.0,70.90857271873931,0.0,23.61413078495239,602.769623684241,70.90857271873931
2024-12-01 15:00:00,0.0,73.89050544670216,0.0,23.609714574114562,636.1746765290126,73.89050544670216
2024-12-01 16:00:00,0.0,45.54849980440951,0.0,23.69621523174394,377.06090158405925,45.54849980440951
2024-12-01 17:00:00,0.0,24.18825871449041,0.0,23.89325560744977,191.98064475772483,24.18825871449041
2024-12-01 18:00:00,19.580369906898586,4.116804308863589e-15,0.0,24.049799327533524,6.874351247694146e-14,19.58036990689859
2024-12-01 19:00:00,11.205212777433555,0.0,0.0,25.65910647785989,0.0,11.205212777433555
2024-12-01 20:00:00,15.882552184082304,0.0,0.0,26.573745888138063,0.0,15.882552184082304
2024-12-01 21:00:00,13.487572096696294,0.0,0.0,28.292422466038108,0.0,13.487572096696294
2024-12-01 22:00:00,21.723052679598908,0.0,0.0,28.189259659614994,0.0,21.723052679598908
2024-12-01 23:00:00,15.599555438878047,0.0,0.0,29.531946519689868,0.0,15.599555438878047
2024-12-02 00:00:00,31.76821293448312,0.0,0.0,29.833068266459495,0.0,31.76821293448312
2024-12-02 01:00:00,35.24921128087357,0.0,0.0,31.068963743988387,0.0,35.24921128087357
2024-12-02 02:00:00,37.695573719521875,0.0,0.0,29.829249078842523,0.0,37.695573719521875
2024-12-02 03:00:00,35.72258082511984,0.0,0.0,31.87648773591194,0.0,35.72258082511984
2024-12-02 04:00:00,37.83666308228589,0.0,0.0,30.408654404781466,0.0,37.83666308228589
2024-12-02 05:00:00,37.377031903905774,0.0,0.0,28.525722626888268,0.0,37.377031903905774
2024-12-02 06:00:00,242.8793194164665,0.0,62.137323928818155,28.839224517154918,0.0,242.8793194164665
2024-12-02 07:00:00,395.3506678948128,23.05679267030423,158.21781483034235,27.916134796250745,207.5151934712224,418.407460565117
2024-12-02 08:00:00,329.87081933711147,38.92215425381411,132.8197083191864,27.120190189001704,341.69209369320623,368.79297359092556
2024-12-02 09:00:00,321.0537879638372,64.03246597465898,141.96196180266338,26.359911899176613,568.7854847977746,385.08625393849616
2024-12-02 10:00:00,313.7138404416148,66.53135823603904,143.88237521455275,25.36679067827206,579.7968329621172,380.2451986776539
2024-12-02 11:00:00,304.81050478602214,77.6521687250089,148.84302805294166,24.565019482247834,684.4456770487081,382.462673511031
2024-12-02 12:00:00,353.9927835157117,73.73925154641718,170.5908906558526,23.8376688656899,633.2770082814825,427.7320350621289
2024-12-02 13:00:00,183.8216785452763,84.88238297531666,82.73090897574365,24.478253574889663,747.0360870106806,268.704061520593
2024-12-02 14:00:00,106.06406965282487,89.1353562183731,55.11874754526027,24.54866706255298,787.2428273423685,195.19942587119797
2024-12-02 15:00:00,312.93716816335825,64.728981548551,140.0017597571064,23.940071951304976,549.9874627454318,377.66614971190927
2024-12-02 16:00:00,306.23515993341607,50.69637208231365,129.07344047931767,24.408192016673183,417.80502201443176,356.9315320157297
2024-12-02 17:00:00,300.91619349646106,30.91048285860294,117.95919619318978,24.410060090685654,245.87809284739495,331.826676355064
2024-12-02 18:00:00,372.0725265345758,2.160140086344287e-15,144.40612422876092,25.73360960410307,1.00103339614472e-13,372.0725265345758
2024-12-02 19:00:00,403.67008259299865,0.0,150.01369504717462,26.657214478152945,0.0,403.67008259299865
2024-12-02 20:00:00,369.83472403257645,0.0,142.53494752319966,27.338399950077946,0.0,369.83472403257645
2024-12-02 21:00:00,265.9927216478373,0.0,84.963860021929,28.552003401678405,0.0,265.9927216478373
2024-12-02 22:00:00,32.11649048516985,0.0,0.0,29.35245364596037,0.0,32.11649048516985
2024-12-02 23:00:00,39.139530910200094,0.0,0.0,29.39590329454248,0.0,39.139530910200094
2024-12-03 00:00:00,34.989531898948115,0.0,0.0,29.736232408449276,0.0,34.989531898948115
2024-12-03 01:00:00,33.68203114389254,0.0,0.0,29.385537000436212,0.0,33.68203114389254
2024-12-03 02:00:00,34.57200510788953,0.0,0.0,30.446405539297754,0.0,34.57200510788953
2024-12-03 03:00:00,38.46365303172522,0.0,0.0,29.69957042506061,0.0,38.46365303172522
2024-12-03 04:00:00,29.829944921259596,0.0,0.0,30.125175216770714,0.0,29.829944921259596
2024-12-03 05:00:00,34.242809032512035,0.0,0.0,29.1711280571454,0.0,34.242809032512035
2024-12-03 06:00:00,219.7447170697162,0.0,51.87723908137132,27.972214552409692,0.0,219.7447170697162
2024-12-03 07:00:00,373.3244452613395,27.164960569357984,146.09673479722224,26.652932962888272,245.8780928473947,400.4894058306975
2024-12-03 08:00:00,345.78528108251453,44.621751993470994,144.9204934278349,25.757836000954512,394.64887804175754,390.4070330759855
2024-12-03 09:00:00,320.7039868971872,62.9912909941487,149.2672087022385,25.469270222971698,560.8018232975841,383.6952778913359
2024-12-03 10:00:00,294.4565806149455,84.55453160858548,147.11238297519478,24.43018278023472,752.940021150237,379.011112223531
2024-12-03 11:00:00,300.4656705186846,85.2185028625341,148.11188270161253,23.339232886190803,746.5065560131969,385.68417338121867
2024-12-03 12:00:00,300.80915138524654,92.22470596726039,161.29263388353223,23.494060798898744,813.9758251277182,393.0338573525069
2024-12-03 13:00:00,199.91452666921379,87.39350044893526,90.3922846554354,22.74726501150554,766.1202347177302,287.308027118149
2024-12-03 14:00:00,163.04484800725766,64.29813620526335,59.7394755290564,23.028124645989624,541.6497245373747,227.342984212521
2024-12-03 15:00:00,259.3073798610759,69.47847303445545,117.66921255157348,22.240144312976746,589.765700374804,328.7858528955313
2024-12-03 16:00:00,367.4791036664426,48.970756613292046,157.51233049100134,23.57726665909781,405.41474684699267,416.44986027973465
2024-12-03 17:00:00,353.3925060945696,30.237013069145664,138.25556489022705,23.884243788859987,238.4506297859378,383.6295191637153
2024-12-03 18:00:00,374.0678470235425,2.1872374889919313e-15,143.6287576123258,24.957404570570212,1.0104636638153492e-13,374.0678470235425
2024-12-03 19:00:00,346.55010768586163,0.0,124.3611531855455,25.691468330838607,0.0,346.55010768586163
2024-12-03 20:00:00,441.3747074362167,0.0,172.28069773479564,26.066143037985306,0.0,441.3747074362167
2024-12-03 21:00:00,228.92030658417153,0.0,64.34545566500381,26.931799125876427,0.0,228.92030658417153
2024-12-03 22:00:00,30.427305019260036,0.0,0.0,28.750135234634733,0.0,30.427305019260036
2024-12-03 23:00:00,37.25902376531035,0.0,0.0,28.438209237801196,0.0,37.25902376531035
2024-12-04 00:00:00,34.385175276559266,0.0,0.0,28.79562467766433,0.0,34.385175276559266
2024-12-04 01:00:00,43.01554152983461,0.0,0.0,28.58036581091674,0.0,43.01554152983461
2024-12-04 02:00:00,33.78078747815657,0.0,0.0,27.959377374931044,0.0,33.78078747815657
2024-12-04 03:00:00,38.328532040881264,0.0,0.0,28.157389758108632,0.0,38.328532040881264
2024-12-04 04:00:00,33.36032080037015,0.0,0.0,28.6243682706764,0.0,33.36032080037015
2024-12-04 05:00:00,29.053882562450692,0.0,0.0,28.21575849895534,0.0,29.053882562450692
2024-12-04 06:00:00,248.134215043363,0.0,65.482240968014,27.34492561960995,0.0,248.134215043363
2024-12-04 07:00:00,378.91866473162133,21.38606787189183,148.55853807374123,26.869160323555445,194.0050787107866,400.3047326035132
2024-12-04 08:00:00,275.9299653842161,46.19491496802718,115.34956346784575,25.585948992616935,408.9570316598251,322.1248803522433
2024-12-04 09:00:00,388.8496702168448,54.801707687919965,171.5186626329005,24.096834903974006,475.7359836024432,443.6513779047648
2024-12-04 10:00:00,316.0725567953502,79.16553467521707,149.82115818306804,23.937470005736753,694.754195779743,395.23809147056727
2024-12-04 11:00:00,245.2459185972525,70.23388678460543,108.89399031186619,23.000249161311938,600.2332949573448,315.47980538185794
2024-12-04 12:00:00,302.2342561469642,72.55765399103277,136.47999281708866,22.071450999279563,618.6201914430659,374.791910137997
2024-12-04 13:00:00,205.19455232176756,83.69300300946198,90.07010117407432,22.245838173721562,732.1482462379176,288.8875553312295
2024-12-04 14:00:00,178.52550255629316,60.830137615678524,66.76545573272772,21.930003998008594,507.84301627612956,239.3556401719717
2024-12-04 15:00:00,316.8814907061425,62.84270341129988,136.6682138924362,21.70707824754446,526.2975182730855,379.7241941174424
2024-12-04 16:00:00,247.92534037340667,43.39131775358376,104.78152087109329,22.270297114972845,354.23335157403966,291.31665812699043
2024-12-04 17:00:00,400.00339198256694,25.89386000108066,163.29104380904457,23.622228748618024,202.45542838631374,425.8972519836476
2024-12-04 18:00:00,381.65082141103505,2.234367583084068e-15,149.59938076146892,24.330762823034693,8.526593040869968e-14,381.65082141103505
2024-12-04 19:00:00,317.83664800233066,0.0,110.68610654495583,24.578524326776318,0.0,317.83664800233066
2024-12-04 20:00:00,377.09394702427693,0.0,147.3834200615115,25.418952493943515,0.0,377.09394702427693
2024-12-04 21:00:00,268.3676025645414,0.0,89.33524336297522,25.579662579226774,0.0,268.3676025645414
2024-12-04 22:00:00,29.31843807182587,0.0,0.0,28.000001471683014,0.0,29.31843807182587
2024-12-04 23:00:00,32.65385935777156,0.0,0.0,28.38336359283677,0.0,32.65385935777156
2024-12-05 00:00:00,14.154270790830214,0.0,0.0,31.0096804846951,0.0,14.154270790830214
2024-12-05 01:00:00,21.661755056072757,0.0,0.0,29.845990819563816,0.0,21.661755056072757
2024-12-05 02:00:00,13.368834738870534,0.0,0.0,31.123077111425296,0.0,13.368834738870534
2024-12-05 03:00:00,16.428783770670876,0.0,0.0,30.919791823949595,0.0,16.428783770670876
2024-12-05 04:00:00,15.132623269095777,0.0,0.0,30.975112418493236,0.0,15.132623269095777
2024-12-05 05:00:00,23.871054996834562,0.0,0.0,29.851974113477414,0.0,23.871054996834562
2024-12-05 06:00:00,54.583998521733434,0.0,0.0,29.236760677870638,0.0,54.583998521733434
2024-12-05 07:00:00,25.73166022335386,20.324756824620525,0.0,28.818188913433573,187.27067330735468,46.056417047974385
2024-12-05 08:00:00,0.0,43.29976287385587,0.0,27.215826602553058,388.3501447853387,43.29976287385587
2024-12-05 09:00:00,0.0,63.25337145353002,0.0,26.409727786533917,558.8464292351701,63.25337145353002
2024-12-05 10:00:00,0.0,71.27379166600186,0.0,25.94927910597788,636.5301270855762,71.27379166600186
2024-12-05 11:00:00,0.0,86.52169869808557,0.0,25.796984903619272,772.1809014807011,86.52169869808557
2024-12-05 12:00:00,0.0,87.34062247249206,0.0,24.975761741463536,782.3506532593062,87.34062247249206
2024-12-05 13:00:00,0.0,88.08654789750811,0.0,24.75957742855191,783.7148922441464,88.08654789750811
2024-12-05 14:00:00,0.0,79.49567196860141,0.0,24.134274189205044,694.1922324361376,79.49567196860141
2024-12-05 15:00:00,0.0,69.48087805774844,0.0,24.969414405977147,598.2798554136223,69.48087805774844
2024-12-05 16:00:00,13.702255048220358,43.39179170982824,0.0,23.700935660601207,356.94023102868636,57.0940467580486
2024-12-05 17:00:00,21.59456320950437,20.61534020019278,0.0,26.138861661145157,162.00020603590767,42.20990340969715
2024-12-05 18:00:00,42.5981389823188,2.043977192064903e-15,0.0,26.928495273687417,9.518197001802303e-14,42.5981389823188
2024-12-05 19:00:00,53.17802381566839,0.0,0.0,26.92505730300702,0.0,53.17802381566839
2024-12-05 20:00:00,42.93490277799225,0.0,0.0,28.018747104815155,0.0,42.93490277799225
2024-12-05 21:00:00,34.045081641749064,0.0,0.0,28.489482511953582,0.0,34.045081641749064
2024-12-05 22:00:00,19.614223254884394,0.0,0.0,29.24783160456073,0.0,19.614223254884394
2024-12-05 23:00:00,20.05249143663194,0.0,0.0,29.772054332568146,0.0,20.05249143663194
2024-12-06 00:00:00,36.041620110446594,0.0,0.0,28.84244468897193,0.0,36.041620110446594
2024-12-06 01:00:00,31.843851430733093,0.0,0.0,29.494568913673195,0.0,31.843851430733093
2024-12-06 02:00:00,37.83131660411955,0.0,0.0,29.545803707440314,0.0,37.83131660411955
2024-12-06 03:00:00,31.04929354076484,0.0,0.0,30.20990371171596,0.0,31.04929354076484
2024-12-06 04:00:00,34.163585379279525,0.0,0.0,28.917087970005415,0.0,34.163585379279525
2024-12-06 05:00:00,39.071700219648285,0.0,0.0,27.566321237339004,0.0,39.071700219648285
2024-12-06 06:00:00,230.49916682235136,0.0,55.14911701360411,28.408017094470313,0.0,230.49916682235136
2024-12-06 07:00:00,346.5265451523256,20.667557318668926,130.71122066713562,26.131251302587543,189.3710807679094,367.1941024709945
2024-12-06 08:00:00,322.81739108165107,45.28815346875934,133.811328599795,25.55616632110589,405.06616954229514,368.1055445504104
2024-12-06 09:00:00,329.6991732565333,44.61773660418388,137.86370839288878,25.065866696675233,376.25935075711647,374.3169098607172
2024-12-06 10:00:00,314.5510640467517,73.98022408691321,147.55476592851406,24.294449324990218,652.5590759302358,388.53128813366493
2024-12-06 11:00:00,310.7951646967838,91.70901822061644,153.73412897728554,22.638268890240415,802.1627885571127,402.5041829174002
2024-12-06 12:00:00,216.30622873025004,98.10076806567764,111.89340138026019,22.431536752426258,881.1944912315864,314.4069967959277
2024-12-06 13:00:00,189.3425592298279,87.07671915441281,87.6885590509294,21.7147301612106,767.6211250136079,276.4192783842407
2024-12-06 14:00:00,142.79135401437816,85.89154387503413,59.78129493822497,22.646718315519884,750.9496059664851,228.6828978894123
2024-12-06 15:00:00,328.63612125012446,62.817158055707836,144.91026467540712,23.04681133419831,531.6806176040695,391.4532793058323
2024-12-06 16:00:00,326.0807768656657,45.493179778267276,136.73080599502163,22.19385384848981,369.6441801796854,371.573956643933
2024-12-06 17:00:00,390.21612821779314,25.977761108830414,162.73229806049963,23.85881802622962,201.69933660128794,416.19388932662355
2024-12-06 18:00:00,419.8979509265232,1.983719072541733e-15,161.65773699003233,24.551251156020935,9.048033931908957e-14,419.8979509265232
2024-12-06 19:00:00,369.1075265829524,0.0,137.28147044613345,24.60045973104403,0.0,369.1075265829524
2024-12-06 20:00:00,392.56715859938396,0.0,141.31613866009693,24.84457226592469,0.0,392.56715859938396
2024-12-06 21:00:00,284.2805502543284,0.0,92.099234088699,26.206100432120063,0.0,284.2805502543284
2024-12-06 22:00:00,32.10532375048409,0.0,0.0,27.288232990404207,0.0,32.10532375048409
2024-12-06 23:00:00,30.26399184326452,0.0,0.0,29.081570941416118,0.0,30.26399184326452
2024-12-07 00:00:00,35.40359022945753,0.0,0.0,29.6957952927622,0.0,35.40359022945753
2024-12-07 01:00:00,36.823145868182856,0.0,0.0,29.60118407104136,0.0,36.823145868182856
2024-12-07 02:00:00,35.36304133634495,0.0,0.0,30.297781944500745,0.0,35.36304133634495
2024-12-07 03:00:00,40.67519417377467,0.0,0.0,29.45692422360372,0.0,40.67519417377467
2024-12-07 04:00:00,25.90518945185772,0.0,0.0,30.012116605373485,0.0,25.90518945185772
2024-12-07 05:00:00,31.677535516680933,0.0,0.0,28.709899371541805,0.0,31.677535516680933
2024-12-07 06:00:00,58.35543831739038,0.0,0.0,28.057595796929487,0.0,58.35543831739038
2024-12-07 07:00:00,41.71045082721674,17.85806422609381,0.0,27.817470349099544,160.4919645974075,59.56851505331055
2024-12-07 08:00:00,14.683317378132315,42.63615959605229,0.0,27.598974508425883,383.1062297808345,57.3194769741846
2024-12-07 09:00:00,0.0,66.32238476519645,0.0,26.9168847892839,599.2649072565481,66.32238476519645
2024-12-07 10:00:00,0.0,82.02419708675092,0.0,24.453924914135,734.099688252358,82.02419708675092
2024-12-07 11:00:00,0.0,84.96031178345581,0.0,23.9506807695142,754.0806905940439,84.96031178345581
2024-12-07 12:00:00,0.0,87.34395006169594,0.0,23.950534896297917,778.4729833556414,87.34395006169594
2024-12-07 13:00:00,0.0,99.01560473678025,0.0,23.92751194916739,865.226538923436,99.01560473678025
2024-12-07 14:00:00,3.421149867431467,57.66718956494911,0.0,22.141815822230914,473.87991225783435,61.08833943238058
2024-12-07 15:00:00,6.2872978409158975,57.932055348379365,0.0,23.386785684466187,487.4185675693433,64.21935318929526
2024-12-07 16:00:00,15.682460631901968,47.96426890825798,0.0,23.44919726549729,394.54442036049096,63.646729540159946
2024-12-07 17:00:00,39.24306323975901,23.513393125164963,0.0,23.286973333356702,180.9066567462279,62.75645636492398
2024-12-07 18:00:00,55.70192143548051,2.1760842518060778e-15,0.0,24.30527377702859,1.0027733890080831e-13,55.70192143548051
2024-12-07 19:00:00,62.363093991719765,0.0,0.0,25.53410377934548,0.0,62.363093991719765
2024-12-07 20:00:00,63.55193865664448,0.0,0.0,26.753265177016,0.0,63.55193865664448
2024-12-07 21:00:00,58.23935490081452,0.0,0.0,28.13377575501567,0.0,58.23935490081452
2024-12-07 22:00:00,38.91904626506059,0.0,0.0,28.651031724565808,0.0,38.91904626506059
2024-12-07 23:00:00,37.137760701561916,0.0,0.0,29.672501119761517,0.0,37.137760701561916
2024-12-08 00:00:00,21.811682230979976,0.0,0.0,27.684541274230718,0.0,21.811682230979976
2024-12-08 01:00:00,13.90958854801177,0.0,0.0,27.66835761160479,0.0,13.90958854801177
2024-12-08 02:00:00,9.340270534930792,0.0,0.0,28.048215216126263,0.0,9.340270534930792
2024-12-08 03:00:00,15.6198885830111,0.0,0.0,28.368589258807894,0.0,15.6198885830111
2024-12-08 04:00:00,16.050487075757445,0.0,0.0,28.187460190970477,0.0,16.050487075757445
2024-12-08 05:00:00,9.643841719036505,0.0,0.0,27.04102658499254,0.0,9.643841719036505
2024-12-08 06:00:00,14.251189971678157,0.0,0.0,25.925532561870032,0.0,14.251189971678157
2024-12-08 07:00:00,0.0,19.054384296632687,0.0,25.71378593066399,174.51100019373897,19.054384296632687
2024-12-08 08:00:00,0.0,49.86096904489623,0.0,24.87908067498266,447.442846146607,49.86096904489623
2024-12-08 09:00:00,0.0,60.85136669065509,0.0,24.350583078229285,545.0440678170532,60.85136669065509
2024-12-08 10:00:00,0.0,63.41645875855964,0.0,22.55070875658175,547.7081764453643,63.41645875855964
2024-12-08 11:00:00,0.0,78.00604574107369,0.0,21.83131783177579,682.7547868429526,78.00604574107369
2024-12-08 12:00:00,0.0,83.8527744243638,0.0,21.987081378585803,729.8734506284104,83.8527744243638
2024-12-08 13:00:00,0.0,65.59775187075152,0.0,21.055633015545258,551.1373198415334,65.59775187075152
2024-12-08 14:00:00,0.0,79.13967916303598,0.0,20.915248101721996,674.3466256647517,79.13967916303598
2024-12-08 15:00:00,0.0,56.133235345840085,0.0,21.886419736119933,468.0004701084109,56.133235345840085
2024-12-08 16:00:00,0.0,41.53398482271429,0.0,20.923498476675427,333.8425507362465,41.53398482271429
2024-12-08 17:00:00,0.0,22.791926034526153,0.0,23.19331802879639,175.0611851787379,22.791926034526153
2024-12-08 18:00:00,18.287494896669752,2.0377582199344813e-15,0.0,22.583772486507637,9.326443385952618e-14,18.287494896669756
2024-12-08 19:00:00,20.474780584818916,0.0,0.0,24.167587736603082,0.0,20.474780584818916
2024-12-08 20:00:00,18.050723857311255,0.0,0.0,24.585690362098862,0.0,18.050723857311255
2024-12-08 21:00:00,18.87796864038996,0.0,0.0,25.68163799335644,0.0,18.87796864038996
2024-12-08 22:00:00,16.03618750559694,0.0,0.0,26.25869694318067,0.0,16.03618750559694
2024-12-08 23:00:00,16.523977919474667,0.0,0.0,27.543252253230953,0.0,16.523977919474667
2024-12-09 00:00:00,32.5435790168561,0.0,0.0,28.673654467048394,0.0,32.5435790168561
2024-12-09 01:00:00,29.744608940101394,0.0,0.0,28.910494646901828,0.0,29.744608940101394
2024-12-09 02:00:00,32.58340008644984,0.0,0.0,30.222898403747635,0.0,32.58340008644984
2024-12-09 03:00:00,34.212978210478454,0.0,0.0,29.211659231331225,0.0,34.212978210478454
2024-12-09 04:00:00,40.44518137302916,0.0,0.0,28.509468623548408,0.0,40.44518137302916
2024-12-09 05:00:00,36.50035949596622,0.0,0.0,27.545957930009607,0.0,36.50035949596622
2024-12-09 06:00:00,252.08265426572564,0.0,64.31097957007118,28.49901650633063,0.0,252.08265426572564
2024-12-09 07:00:00,346.08193768682395,19.353662959645565,130.87878998399586,26.446131460443837,179.81723350717868,365.43560064646954
2024-12-09 08:00:00,330.4006553512062,44.08685379909712,127.59166283456781,26.847146610063213,400.3872458757176,374.4875091503033
2024-12-09 09:00:00,345.09539008638137,57.16089488522489,146.40680661552577,25.109788008660257,511.50542174423526,402.25628497160625
2024-12-09 10:00:00,284.53192854478743,82.32976109690954,126.48899478271359,24.137670090963866,743.6471860322483,366.86168964169696
2024-12-09 11:00:00,235.38155543311197,75.52675428892277,114.78378571929653,23.426275662823723,664.2822424011958,310.90830972203474
2024-12-09 12:00:00,265.75948229948506,93.85304207396776,130.80964285255556,23.89311404720545,834.9992111923959,359.6125243734528
2024-12-09 13:00:00,38.12645036237535,86.63159740233068,0.0,21.339377814090472,746.7922223932555,124.75804776470603
2024-12-09 14:00:00,53.453829396760185,73.90519939841832,0.0,22.423398250566393,628.3798524990214,127.3590287951785
2024-12-09 15:00:00,311.75181054776385,64.76233051677947,132.40010355016148,22.302885295035875,543.9653765053547,376.5141410645433
2024-12-09 16:00:00,355.192103608003,45.851977214966986,140.72920316419098,22.678591885025572,373.9568443450618,401.04408082297
2024-12-09 17:00:00,365.237771722287,25.538228650835627,144.71651702331528,23.416009682730678,195.4368882127459,390.7760003731226
2024-12-09 18:00:00,363.6558881155489,2.101787652320919e-15,133.25745895277353,23.933100416064576,8.723592597929267e-14,363.6558881155489
2024-12-09 19:00:00,366.0120217156956,0.0,132.13791498543324,25.00442616654797,0.0,366.0120217156956
2024-12-09 20:00:00,399.28456058647646,0.0,147.2735355468502,25.804438759735113,0.0,399.28456058647646
2024-12-09 21:00:00,256.6265593502751,0.0,75.26195973079469,26.065315059579138,0.0,256.6265593502751
2024-12-09 22:00:00,28.62952171715386,0.0,0.0,27.75691050971808,0.0,28.62952171715386
2024-12-09 23:00:00,37.08791964419609,0.0,0.0,28.649128450815347,0.0,37.08791964419609
2024-12-10 00:00:00,20.13397551835283,0.0,0.0,30.47133168962131,0.0,20.13397551835283
2024-12-10 01:00:00,23.015539960373175,0.0,0.0,32.02596401625359,0.0,23.015539960373175
2024-12-10 02:00:00,,0.0,0.0,31.87906145796186,0.0,
2024-12-10 03:00:00,,0.0,0.0,31.51399212672714,0.0,
2024-12-10 04:00:00,,0.0,0.0,31.15827487038936,0.0,
2024-12-10 05:00:00,,0.0,0.0,30.201197795587674,0.0,
2024-12-10 06:00:00,,0.0,0.0,30.031961637497027,0.0,
2024-12-10 07:00:00,,19.857932396969403,0.0,29.40251954901969,189.80516941420623,
2024-12-10 08:00:00,,32.76095023246076,0.0,28.11528759153579,284.3719196123579,
2024-12-10 09:00:00,,40.16287532651737,0.0,26.52026725636481,336.2109163526265,
2024-12-10 10:00:00,,67.79322917644186,0.0,25.941434865986515,599.970224197725,
2024-12-10 11:00:00,,66.07378392000275,0.0,25.523236867464945,570.2658186276093,
2024-12-10 12:00:00,,59.11322682606159,0.0,25.099059123907352,497.5520782016897,
2024-12-10 13:00:00,,69.87595378067884,0.0,24.291796585846303,598.0570534230978,
2024-12-10 14:00:00,,72.8321449116064,0.0,23.92787131157628,627.6290221586488,
2024-12-10 15:00:00,,46.200269840310234,0.0,25.122638686806994,378.43928166435364,
2024-12-10 16:00:00,,49.33299790909789,0.0,24.1440268146248,404.3684280591089,
2024-12-10 17:00:00,,19.098028433483567,0.0,24.765735973160442,146.8855441555406,
2024-12-10 18:00:00,,2.9723652431827026e-15,0.0,25.29771168037911,7.810968595068542e-14,
2024-12-10 19:00:00,,0.0,0.0,26.33363351745883,0.0,
2024-12-10 20:00:00,,0.0,0.0,28.334948023689318,0.0,
2024-12-10 21:00:00,,0.0,0.0,29.25755862124524,0.0,
2024-12-10 22:00:00,,0.0,0.0,29.42425281789723,0.0,
2024-12-10 23:00:00,,0.0,0.0,30.43430651706112,0.0,
2024-12-11 00:00:00,,0.0,0.0,28.666307144429748,0.0,
2024-12-11 01:00:00,,0.0,0.0,28.42522249903143,0.0,
2024-12-11 02:00:00,,0.0,0.0,30.249524023833388,0.0,
2024-12-11 03:00:00,,0.0,0.0,29.708580894542898,0.0,
2024-12-11 04:00:00,,0.0,0.0,28.84876913590656,0.0,
2024-12-11 05:00:00,,0.0,0.0,27.68739929295295,0.0,
2024-12-11 06:00:00,,0.0,52.625741671205816,27.27800333141128,0.0,
2024-12-11 07:00:00,,15.42722477928909,139.6131227136651,26.20012440214501,132.91689188088054,
2024-12-11 08:00:00,,40.151674003910045,147.09507155958727,25.689261640460405,362.53266465650796,
2024-12-11 09:00:00,,44.51240685961628,120.90773626540727,24.889565449437022,376.36567684377894,
2024-12-11 10:00:00,,59.84788321628686,140.63585982376205,23.71990777309099,515.7115829997391,
2024-12-11 11:00:00,,72.63653926455649,124.10530581015927,22.438390409389754,633.9298066011462,
2024-12-11 12:00:00,,78.75900998979304,132.7501386360533,23.675411099608578,690.3562417792338,
2024-12-11 13:00:00,,71.90673067151975,92.24275795320446,22.378493501400108,615.009524803582,
2024-12-11 14:00:00,,77.07400511244836,56.579080549760775,22.368766520093384,668.5595761891502,
2024-12-11 15:00:00,,60.459102667307945,166.2842485996765,22.04852543494694,503.1078546476442,
2024-12-11 16:00:00,,43.705504692268384,141.47118530562975,21.828376049086028,352.7674122206983,
2024-12-11 17:00:00,,19.13463685807746,156.29418272450567,23.123946520394338,145.74133418324354,
2024-12-11 18:00:00,,2.0926547793387773e-15,153.82553959530838,23.72885951550272,9.621899310320742e-14,
2024-12-11 19:00:00,,0.0,142.31161103591313,25.089371052497135,0.0,
2024-12-11 20:00:00,,0.0,123.75194967273022,26.093509306684258,0.0,
2024-12-11 21:00:00,,0.0,0.0,26.92885191770968,0.0,
2024-12-11 22:00:00,,0.0,0.0,27.884606687954747,0.0,
2024-12-11 23:00:00,,0.0,0.0,29.017177157887385,0.0,
2024-12-12 00:00:00,,0.0,0.0,30.703419368755114,0.0,
2024-12-12 01:00:00,,0.0,0.0,31.407752888158452,0.0,
2024-12-12 02:00:00,,0.0,0.0,31.22433487265966,0.0,
2024-12-12 03:00:00,,0.0,0.0,29.908127277764578,0.0,
2024-12-12 04:00:00,,0.0,0.0,30.43123335764348,0.0,
2024-12-12 05:00:00,,0.0,0.0,29.518422566442823,0.0,
2024-12-12 06:00:00,,0.0,53.963207107116204,29.34312125109398,0.0,
2024-12-12 07:00:00,,17.206135465149607,134.35728001256354,27.987766163943803,158.16853429996453,
2024-12-12 08:00:00,,26.37490059970098,144.72044911197338,27.780245030756966,218.29793720006427,
2024-12-12 09:00:00,,52.57847380399709,121.84361414669034,27.062051976952773,470.6821986830964,
2024-12-12 10:00:00,,65.05276949499512,130.04772279872375,26.32918960875188,579.90439949718,
2024-12-12 11:00:00,,61.9099004009617,128.0780803861398,25.812161632351017,525.1516119912249,
2024-12-12 12:00:00,,71.44029736264731,138.87729983806415,23.608303630460814,619.3458036078779,
2024-12-12 13:00:00,,65.28346556064785,78.93222072989006,23.49716417625665,544.0377558398646,
2024-12-12 14:00:00,,60.99538053621609,52.9961560186197,25.441312178858357,517.9818065678008,
2024-12-12 15:00:00,,42.952466583543774,144.43035365275136,24.601426053659832,348.2763352236525,
2024-12-12 16:00:00,,38.907371278828855,136.1489905692042,24.558539658019768,313.5191361298001,
2024-12-12 17:00:00,,15.28140673373318,142.56848958806762,25.01854960674483,117.76234339450886,
2024-12-12 18:00:00,,5.095834901438301e-15,126.60130185741488,25.69897451219434,5.3964568276334235e-14,
2024-12-12 19:00:00,,0.0,130.6949824235774,25.604664649115264,0.0,
2024-12-12 20:00:00,,0.0,171.58180536845765,27.09124003343005,0.0,
2024-12-12 21:00:00,,0.0,79.53718937903668,28.32734744634829,0.0,
2024-12-12 22:00:00,,0.0,0.0,28.869474648011604,0.0,
2024-12-12 23:00:00,,0.0,0.0,29.659710324620004,0.0,
2024-12-13 00:00:00,,0.0,0.0,28.01323098881001,0.0,
2024-12-13 01:00:00,,0.0,0.0,26.957690235802705,0.0,
2024-12-13 02:00:00,,0.0,0.0,27.341836368707533,0.0,
2024-12-13 03:00:00,,0.0,0.0,27.204784899087766,0.0,
2024-12-13 04:00:00,,0.0,0.0,27.028595027131246,0.0,
2024-12-13 05:00:00,,0.0,0.0,25.93900871579203,0.0,
2024-12-13 06:00:00,,0.0,44.99335806909801,26.076266988593506,0.0,
2024-12-13 07:00:00,,18.452424057461062,147.37532703285007,24.83042411923636,172.8995786590635,
2024-12-13 08:00:00,,37.73447592066168,132.4114416741565,23.059194177711834,335.451482248109,
2024-12-13 09:00:00,,63.595747916359095,145.97481832803933,22.74315770710053,566.3380288574333,
2024-12-13 10:00:00,,76.71952731033034,141.22412635511023,21.866702204238273,685.6151396344912,
2024-12-13 11:00:00,,92.47111693545956,150.33573642137313,21.11881990275594,821.7796856404087,
2024-12-13 12:00:00,,90.92814253674679,141.08037499653173,20.92633585244017,808.2246705066837,
2024-12-13 13:00:00,,93.08660947698007,83.56297814820066,20.63939856715204,821.930550572696,
2024-12-13 14:00:00,,73.29322157811934,63.543146438838924,20.46110290598116,616.6431224267923,
2024-12-13 15:00:00,,68.66265354573403,110.89147405112443,20.49149365160121,569.8480201514777,
2024-12-13 16:00:00,,44.24112928819417,123.61180001506331,20.714506305156718,352.3915369279728,
2024-12-13 17:00:00,,29.19513976832833,130.74239734853828,20.152299128365097,216.39979131864192,
2024-12-13 18:00:00,,2.63338974234255e-15,0.0,22.341722679043254,8.131088013123948e-14,
2024-12-13 19:00:00,,0.0,135.66873770684444,23.041086754268584,0.0,
2024-12-13 20:00:00,,0.0,134.26236239053438,23.210395726238545,0.0,
2024-12-13 21:00:00,,0.0,0.0,24.74893416163131,0.0,
2024-12-13 22:00:00,,0.0,0.0,25.77674560511428,0.0,
2024-12-13 23:00:00,,0.0,0.0,26.76327363133961,0.0,
2024-12-14 00:00:00,,0.0,0.0,29.114969643260658,0.0,
2024-12-14 01:00:00,,0.0,0.0,29.3702713038481,0.0,
2024-12-14 02:00:00,,0.0,0.0,29.80211616717855,0.0,
2024-12-14 03:00:00,,0.0,0.0,29.05620039034286,0.0,
2024-12-14 04:00:00,,0.0,0.0,29.06582053147124,0.0,
2024-12-14 05:00:00,,0.0,0.0,27.99304714547918,0.0,
2024-12-14 06:00:00,,0.0,0.0,28.13387836223883,0.0,
2024-12-14 07:00:00,,17.77126371244749,0.0,25.929741109158666,166.9856014026957,
2024-12-14 08:00:00,,34.01235233968887,0.0,26.23709859550334,299.2389787274601,
2024-12-14 09:00:00,,47.267350176606165,0.0,24.93171783149336,409.13589071110766,
2024-12-14 10:00:00,,53.04038477304978,0.0,24.561423673791325,448.4538597274211,
2024-12-14 11:00:00,,64.30980103210373,0.0,22.963584089079614,546.6532870919829,
2024-12-14 12:00:00,,59.656388395768026,0.0,22.842632884590788,498.9607048374535,
2024-12-14 13:00:00,,61.790699206193565,0.0,22.478304661282078,516.9157874844742,
2024-12-14 14:00:00,,62.81179619338225,0.0,22.545671788453404,524.9340449137745,
2024-12-14 15:00:00,,51.423034817784725,0.0,21.92420864109245,417.49699987205065,
2024-12-14 16:00:00,,51.32336950606048,0.0,23.11574863922482,416.15125650112265,
2024-12-14 17:00:00,,16.96860200569707,0.0,22.430909210239083,128.65965045723308,
2024-12-14 18:00:00,,3.714631765260739e-15,0.0,23.744808979869497,7.223893625974099e-14,
2024-12-14 19:00:00,,0.0,0.0,24.141498346999754,0.0,
2024-12-14 20:00:00,,0.0,0.0,26.242839708270992,0.0,
2024-12-14 21:00:00,,0.0,0.0,26.934662055041517,0.0,
2024-12-14 22:00:00,,0.0,0.0,27.806749331877544,0.0,
2024-12-14 23:00:00,,0.0,0.0,29.04019844070537,0.0,
2024-12-15 00:00:00,,0.0,0.0,29.167492503610877,0.0,
2024-12-15 01:00:00,,0.0,0.0,29.97990765766431,0.0,
2024-12-15 02:00:00,,0.0,0.0,29.82738559853448,0.0,
2024-12-15 03:00:00,,0.0,0.0,29.631997539623676,0.0,
2024-12-15 04:00:00,,0.0,0.0,29.978776254231224,0.0,
2024-12-15 05:00:00,,0.0,0.0,29.810187840800175,0.0,
2024-12-15 06:00:00,,0.0,0.0,27.828641093514534,0.0,
2024-12-15 07:00:00,,17.241269701193094,0.0,27.617100878565005,162.96951875193866,
2024-12-15 08:00:00,,35.069656544324694,0.0,26.453932881269647,314.1649034585243,
2024-12-15 09:00:00,,43.05822330914388,0.0,25.55406397831264,365.37155114504316,
2024-12-15 10:00:00,,67.22664846730186,0.0,24.667963289462985,596.2715036554151,
2024-12-15 11:00:00,,66.31585123160802,0.0,23.652961695062746,574.3462225902834,
2024-12-15 12:00:00,,80.95221989219262,0.0,21.470795231239855,704.276569085094,
2024-12-15 13:00:00,,81.94322737156529,0.0,23.68103869523375,722.0726731300243,
2024-12-15 14:00:00,,65.13033911171948,0.0,22.447008131110042,548.37911640688,
2024-12-15 15:00:00,,49.41808927346994,0.0,22.792855460459197,402.85538252469394,
2024-12-15 16:00:00,,40.49858745847701,0.0,23.15313906169166,323.11305419253614,
2024-12-15 17:00:00,,23.467286006424246,0.0,23.427598994166637,174.44314472324302,
2024-12-15 18:00:00,,3.1940131282521476e-15,0.0,24.66449449594405,7.635864852631447e-14,
2024-12-15 19:00:00,,0.0,0.0,25.366351549376375,0.0,
2024-12-15 20:00:00,,0.0,0.0,25.93610643553147,0.0,
2024-12-15 21:00:00,,0.0,0.0,27.27489209113074,0.0,
2024-12-15 22:00:00,,0.0,0.0,28.02785107846706,0.0,
2024-12-15 23:00:00,,0.0,0.0,29.233167444743206,0.0,
2024-12-16 00:00:00,,0.0,0.0,30.951945883415558,0.0,
2024-12-16 01:00:00,,0.0,0.0,31.569094095576734,0.0,
2024-12-16 02:00:00,,0.0,0.0,32.45369716942959,0.0,
2024-12-16 03:00:00,29.434938668578226,0.0,0.0,31.651917284298513,0.0,29.434938668578226
2024-12-16 04:00:00,40.77832653862328,0.0,0.0,31.17043614598388,0.0,40.77832653862328
2024-12-16 05:00:00,33.36994049401956,0.0,0.0,30.770776627659497,0.0,33.36994049401956
2024-12-16 06:00:00,235.36686709781586,0.0,56.49684960263105,30.290559005666196,0.0,235.36686709781586
2024-12-16 07:00:00,359.73896029104117,22.348091766559463,139.46458905335876,29.44832555383619,223.756130139439,382.08705205760066
2024-12-16 08:00:00,323.121809395215,44.19291398929912,137.0873009941987,28.48606914595972,412.5117565442252,367.31472338451414
2024-12-16 09:00:00,303.3936824337616,52.33066453071825,127.5090590887693,27.17089913192774,470.8182656286122,355.7243469644799
2024-12-16 10:00:00,337.51380887854924,86.11743117853312,155.1938129991298,27.227627827637654,790.821383016793,423.6312400570824
2024-12-16 11:00:00,321.64788540273577,90.00259132168863,159.74359686549704,26.779284510986813,818.468979362325,411.6504767244244
2024-12-16 12:00:00,268.99582463412634,81.42176076947952,125.22663449054289,24.604745107571986,724.6514469729744,350.41758540360587
2024-12-16 13:00:00,219.02090102820557,82.67601903095687,99.35147754748172,24.433537663287385,730.465685642985,301.69692005916244
2024-12-16 14:00:00,119.18097144506149,83.43540159944973,53.17539928565893,25.59247685139838,721.9852491639701,202.61637304451122
2024-12-16 15:00:00,293.3239224244197,71.47026966759105,131.77663817650813,25.995206142312018,613.6041527134397,364.7941920920108
2024-12-16 16:00:00,344.7156804857233,48.04953602308546,149.23730982173083,24.49536996491298,389.5092694613527,392.76521650880875
2024-12-16 17:00:00,366.51639595785537,30.261729082568593,150.5091289954907,26.52389288049739,227.46147350214179,396.77812504042396
2024-12-16 18:00:00,372.6677868471424,2.3794359920946318e-15,141.48448621620915,27.659988307235277,8.325803355034375e-14,372.6677868471424
2024-12-16 19:00:00,373.4686998081883,0.0,137.56544240771552,27.25397557323566,0.0,373.4686998081883
2024-12-16 20:00:00,409.42922471563475,0.0,159.2060285822242,29.380882277457495,0.0,409.42922471563475
2024-12-16 21:00:00,259.2456310650711,0.0,80.17079121707242,29.407917881429707,0.0,259.2456310650711
2024-12-16 22:00:00,29.503383588335197,0.0,0.0,30.49836690929745,0.0,29.503383588335197
2024-12-16 23:00:00,38.625346579241146,0.0,0.0,30.706305440890258,0.0,38.625346579241146
2024-12-17 00:00:00,32.211493693476946,0.0,0.0,28.62872772023889,0.0,32.211493693476946
2024-12-17 01:00:00,34.68815204491935,0.0,0.0,28.895090994802132,0.0,34.68815204491935
2024-12-17 02:00:00,34.17003271262167,0.0,0.0,29.45947922184757,0.0,34.17003271262167
2024-12-17 03:00:00,30.789552201522657,0.0,0.0,29.19816862054951,0.0,30.789552201522657
2024-12-17 04:00:00,39.06016646484243,0.0,0.0,28.123638435119577,0.0,39.06016646484243
2024-12-17 05:00:00,37.85999934173584,0.0,0.0,29.126187585726523,0.0,37.85999934173584
2024-12-17 06:00:00,225.6893834054537,0.0,56.608016335220555,27.52252086821951,0.0,225.6893834054537
2024-12-17 07:00:00,434.97460237151165,18.049327845780574,166.63647144765014,26.27324921936431,176.70714431440024,453.0239302172922
2024-12-17 08:00:00,311.17802179210634,38.59057023291722,123.44656344581252,24.598547345155854,352.64602522867654,349.76859202502357
2024-12-17 09:00:00,320.48621336628804,59.88549592920034,135.96424423919714,23.42624152151002,539.6785046914069,380.37170929548836
2024-12-17 10:00:00,334.8784496758181,76.14465228404971,157.10817748101385,22.62461061544433,678.735939296996,411.0231019598678
2024-12-17 11:00:00,310.40697093453167,78.98342615043849,150.02400059173146,22.15541806636747,690.3642224309303,389.3903970849702
2024-12-17 12:00:00,25.027381577252086,86.81892669820992,0.0,22.754686958682235,768.067235928379,111.84630827546201
2024-12-17 13:00:00,171.5074933857702,89.29669280765506,74.18933913008001,21.959928608639682,780.8750579436727,260.80418619342527
2024-12-17 14:00:00,130.91172884614662,91.8264427305291,58.830355605512196,21.29043795229843,789.1988018697562,222.7381715766757
2024-12-17 15:00:00,315.53213220239337,63.60903500840294,138.4358046534085,21.648449646522568,532.1850885811484,379.1411672107963
2024-12-17 16:00:00,389.63377380812506,47.43503644738994,174.8819418177744,21.93716242927318,379.5396734176737,437.068810255515
2024-12-17 17:00:00,376.6937270778146,30.768496730528597,154.03363373671152,23.022276145091574,227.3218856954001,407.4622238083432
2024-12-17 18:00:00,386.759378835365,2.0513422495708367e-15,142.18195978370187,22.907725662764744,8.823351639012084e-14,386.759378835365
2024-12-17 19:00:00,385.72810125538837,0.0,146.57405357635946,24.366101079181956,0.0,385.72810125538837
2024-12-17 20:00:00,387.55403200630906,0.0,143.27360049826467,25.247167431956008,0.0,387.55403200630906
2024-12-17 21:00:00,290.48673987922166,0.0,91.47657831673774,25.578557196765026,0.0,290.48673987922166
2024-12-17 22:00:00,32.152077354601154,0.0,0.0,27.641127558587833,0.0,32.152077354601154
2024-12-17 23:00:00,29.42405225583042,0.0,0.0,27.42421267487401,0.0,29.42405225583042
2024-12-18 00:00:00,29.865778833347576,0.0,0.0,29.839905805503925,0.0,29.865778833347576
2024-12-18 01:00:00,31.9516708688562,0.0,0.0,31.112372336308344,0.0,31.9516708688562
2024-12-18 02:00:00,43.491597190037595,0.0,0.0,30.832439743113827,0.0,43.491597190037595
2024-12-18 03:00:00,34.452227365859365,0.0,0.0,30.890146502877773,0.0,34.452227365859365
2024-12-18 04:00:00,39.27612029866745,0.0,0.0,29.743940967686274,0.0,39.27612029866745
2024-12-18 05:00:00,37.80213969429062,0.0,0.0,30.186273814510407,0.0,37.80213969429062
2024-12-18 06:00:00,217.6207936972838,0.0,52.11908672690409,30.141406136798786,0.0,217.6207936972838
2024-12-18 07:00:00,401.03448369075903,18.976943021457963,161.95434709263424,27.5796417475031,193.46389545109514,420.011426712217
2024-12-18 08:00:00,322.11358985339484,40.34050247679783,123.62263611108078,27.482296357531272,381.16807113740805,362.4540923301927
2024-12-18 09:00:00,334.061118098484,58.39886373000732,145.42187451395844,26.006670449002677,538.4899487357291,392.4599818284913
2024-12-18 10:00:00,288.0476009475553,62.56529307508022,130.75401284479017,26.89999498433524,566.7334344739654,350.6128940226355
2024-12-18 11:00:00,306.10035598640314,65.6305341638943,143.11029129280115,25.450134459458717,582.9847093854005,371.73089015029745
2024-12-18 12:00:00,329.47674790197414,83.3907008406463,156.5792671015805,24.415156712805956,748.586465115695,412.86744874262047
2024-12-18 13:00:00,169.73999276922945,75.72169867992551,70.85944665122685,23.310517824590058,666.6772691643355,245.46169144915496
2024-12-18 14:00:00,128.68051009278443,84.9979317029218,56.033973619371416,23.31216391714838,752.0189485789874,213.67844179570625
2024-12-18 15:00:00,270.20102421171975,71.51990562711912,121.98346282751339,24.297588815365664,616.5035494168745,341.72092983883886
2024-12-18 16:00:00,324.576781175777,54.04429680014068,138.5187995616605,23.592856942432224,439.96868415672924,378.6210779759177
2024-12-18 17:00:00,320.8104844705461,22.789714361414095,121.94589720203699,24.164761298012557,170.0949745762481,343.6001988319602
2024-12-18 18:00:00,369.05176271470884,2.0111105711344707e-15,144.80544648991966,25.559607587120446,9.45325676560763e-14,369.05176271470884
2024-12-18 19:00:00,372.1484278072776,0.0,136.42707892548358,26.46603363144947,0.0,372.1484278072776
2024-12-18 20:00:00,416.215982293796,0.0,153.1464961634572,27.495207658133655,0.0,416.215982293796
2024-12-18 21:00:00,287.65463594088834,0.0,96.00417184910124,27.991295963486774,0.0,287.65463594088834
2024-12-18 22:00:00,33.732669825669376,0.0,0.0,29.51526522760205,0.0,33.732669825669376
2024-12-18 23:00:00,38.830659200236646,0.0,0.0,29.34915833220121,0.0,38.830659200236646
2024-12-19 00:00:00,35.79589889986642,0.0,0.0,31.112729227522312,0.0,35.79589889986642
2024-12-19 01:00:00,34.97152092422593,0.0,0.0,31.256118868844354,0.0,34.97152092422593
2024-12-19 02:00:00,34.52894385566246,0.0,0.0,31.56864268031282,0.0,34.52894385566246
2024-12-19 03:00:00,33.12963894515088,0.0,0.0,31.74005755547306,0.0,33.12963894515088
2024-12-19 04:00:00,41.90192652291401,0.0,0.0,30.57174087819165,0.0,41.90192652291401
2024-12-19 05:00:00,40.09116317621843,0.0,0.0,29.912653105741754,0.0,40.09116317621843
2024-12-19 06:00:00,211.02346138375614,0.0,57.060694218136504,28.674121259422762,0.0,211.02346138375614
2024-12-19 07:00:00,386.10840164979743,16.410406430015886,155.23458354227716,27.66468374739596,162.1425083490896,402.5188080798133
2024-12-19 08:00:00,384.8598709431574,36.41972188766617,162.20003566935236,27.680331058463814,344.8631783781843,421.27959283082356
2024-12-19 09:00:00,303.59359722717505,47.95938038207666,129.36003136265057,26.808690039204922,434.7497156562455,351.5529776092517
2024-12-19 10:00:00,372.0776269859011,51.57226400804252,162.94854431022748,25.47527657552664,449.7700969055679,423.6498909939436
2024-12-19 11:00:00,309.4052822368665,71.7621139003486,141.97361749795272,24.857894553411416,650.2471666448829,381.1673961372151
2024-12-19 12:00:00,295.2987885605183,65.12923393931962,128.5581323401832,25.49895615290098,568.4603570288896,360.4280224998379
2024-12-19 13:00:00,197.78746890934346,59.48217915519417,88.05185341618052,24.82549763563822,511.26538685423077,257.26964806453765
2024-12-19 14:00:00,142.59148624541717,56.04755784248897,56.589057743152125,23.637514700137743,478.2662388834476,198.63904408790614
2024-12-19 15:00:00,279.51391995858694,54.5872823660417,122.45008176631056,24.166403719927363,460.6645382894642,334.1012023246286
2024-12-19 16:00:00,317.43171628250457,38.07632395461327,126.81004464911621,24.94023057008122,311.3046739434827,355.5080402371178
2024-12-19 17:00:00,407.7581975886331,15.54520632772037,165.8317292110492,24.980218891165368,121.09130275160061,423.3034039163535
2024-12-19 18:00:00,396.59362823907816,3.43501781058164e-15,146.46969170475109,25.61397047979584,7.357517849772022e-14,396.59362823907816
2024-12-19 19:00:00,413.1077559335052,0.0,163.61556802190805,26.693328587748464,0.0,413.1077559335052
2024-12-19 20:00:00,380.5634919869661,0.0,136.56383272999057,28.31364858016479,0.0,380.5634919869661
2024-12-19 21:00:00,248.35526492165727,0.0,78.64607196100667,29.264885446616745,0.0,248.35526492165727
2024-12-19 22:00:00,26.333383019976743,0.0,0.0,29.150594728602417,0.0,26.333383019976743
2024-12-19 23:00:00,31.491390589062615,0.0,0.0,30.473467418968625,0.0,31.491390589062615
2024-12-20 00:00:00,36.31901420781149,0.0,0.0,28.66209546011353,0.0,36.31901420781149
2024-12-20 01:00:00,38.49246294789319,0.0,0.0,28.510835069075583,0.0,38.49246294789319
2024-12-20 02:00:00,29.276339995000985,0.0,0.0,28.985675166681848,0.0,29.276339995000985
2024-12-20 03:00:00,26.30545556892949,0.0,0.0,28.38283572131979,0.0,26.30545556892949
2024-12-20 04:00:00,37.72492073396773,0.0,0.0,29.246828955128954,0.0,37.72492073396773
2024-12-20 05:00:00,30.775545877782644,0.0,0.0,28.885322178787437,0.0,30.775545877782644
2024-12-20 06:00:00,206.85055397853188,0.0,47.405106876075024,27.178925882519824,0.0,206.85055397853188
2024-12-20 07:00:00,403.6141391501602,20.0637890200526,156.293670986562,26.215539424893535,211.427181243873,423.6779281702128
2024-12-20 08:00:00,357.7563470787304,41.02126920672119,148.3515100110841,26.161509642131158,397.7074995995845,398.7776162854516
2024-12-20 09:00:00,315.31784948025427,64.45747560486528,136.69248059028033,25.336420235938057,612.3698584549195,379.77532508511956
2024-12-20 10:00:00,283.1262784725329,82.05299357681075,131.20460127689603,23.32700672236061,777.7235920490438,365.17927204934364
2024-12-20 11:00:00,331.0356468737556,84.68528632844784,158.5578917149932,23.085316354777632,782.1187781304287,415.7209332022034
2024-12-20 12:00:00,301.37958549050387,87.06660222359935,139.9737438878601,22.573654316125715,798.0494847789461,388.4461877141032
2024-12-20 13:00:00,169.627434592528,90.6425608283011,84.07616665768394,21.868083894467674,826.900124568539,260.2699954208291
2024-12-20 14:00:00,125.3523621025922,77.45293838291279,53.57560703569348,22.327203270350594,690.1030104191057,202.80530048550497
2024-12-20 15:00:00,295.30111814876796,65.12206608876942,136.69370222837466,21.903499363753156,558.9712032361405,360.4231842375374
2024-12-20 16:00:00,337.8111243053666,54.53416556199895,150.3392503909205,22.332993137383145,447.58277580001743,392.3452898673655
2024-12-20 17:00:00,303.8021036076621,31.36562720521128,122.31572672792306,23.108667324236436,236.06533456338852,335.1677308128734
2024-12-20 18:00:00,99.10090626533737,2.3119006349342936e-15,0.0,23.13968128219419,1.1006203648818164e-13,99.10090626533737
2024-12-20 19:00:00,439.4531603740635,0.0,156.1170870884772,23.700119130459726,0.0,439.4531603740635
2024-12-20 20:00:00,377.8055550578242,0.0,141.29218820345366,26.093348606626034,0.0,377.8055550578242
2024-12-20 21:00:00,303.81195712713543,0.0,94.51363452842244,26.16991753660977,0.0,303.81195712713543
2024-12-20 22:00:00,35.03071341436242,0.0,0.0,28.45164446481939,0.0,35.03071341436242
2024-12-20 23:00:00,31.70963213248593,0.0,0.0,29.095005120001616,0.0,31.70963213248593
2024-12-21 00:00:00,34.03834863403161,0.0,0.0,28.829620863858782,0.0,34.03834863403161
2024-12-21 01:00:00,38.1613342048085,0.0,0.0,30.602038151275824,0.0,38.1613342048085
2024-12-21 02:00:00,38.94696950026284,0.0,0.0,30.02055852616656,0.0,38.94696950026284
2024-12-21 03:00:00,45.250502546997936,0.0,0.0,29.10985475201297,0.0,45.250502546997936
2024-12-21 04:00:00,35.60778539467894,0.0,0.0,27.791940304812172,0.0,35.60778539467894
2024-12-21 05:00:00,33.200914501237136,0.0,0.0,28.87072256442585,0.0,33.200914501237136
2024-12-21 06:00:00,187.03070866250332,0.0,54.94520286056281,27.817419198913345,0.0,187.03070866250332
2024-12-21 07:00:00,325.06666553406336,20.363615771826503,132.06964115620198,27.173318712203447,218.81521140140305,345.4302813058899
2024-12-21 08:00:00,255.74948245008227,42.885415705939586,114.61748949583681,25.937353173220547,421.1905203808508,298.63489815602185
2024-12-21 09:00:00,243.0862948809554,61.293599979135664,120.6957528889961,24.573976138314517,589.2337712725036,304.37989486009104
2024-12-21 10:00:00,237.7684285364674,73.4207977283051,125.31314137278108,24.088257929262188,689.27982261749,311.1892262647725
2024-12-21 11:00:00,200.21198592464037,84.44436261664013,115.43515631707066,23.93021617029238,799.7075507804191,284.6563485412805
2024-12-21 12:00:00,180.10866724217834,94.37178495283739,115.03112763071476,22.84349466454013,877.2486252463218,274.48045219501574
2024-12-21 13:00:00,112.27686148048167,86.11171223605419,68.5811202349381,22.490821940789733,777.7592680563332,198.38857371653586
2024-12-21 14:00:00,0.0,63.00150010941518,0.0,21.79207771744395,548.4249186366841,63.00150010941518
2024-12-21 15:00:00,2.555401490579932,60.411069036167305,0.0,22.71663111035017,518.1151015630982,62.96647052674724
2024-12-21 16:00:00,12.925135506080657,50.25158491880073,0.0,22.464716377483473,412.9090263095664,63.17672042488139
2024-12-21 17:00:00,28.950068894018273,25.073965943750807,0.0,24.036160627168915,187.70453601819898,54.02403483776908
2024-12-21 18:00:00,57.26598679128704,2.294384599280041e-15,0.0,23.934720811357682,1.0973104666325222e-13,57.26598679128704
2024-12-21 19:00:00,66.47338477055598,0.0,0.0,24.998052558366073,0.0,66.47338477055598
2024-12-21 20:00:00,51.80092429690518,0.0,0.0,27.13376304434496,0.0,51.80092429690518
2024-12-21 21:00:00,60.94289165727287,0.0,0.0,26.8043508079813,0.0,60.94289165727287
2024-12-21 22:00:00,44.853947647699485,0.0,0.0,27.581483853406233,0.0,44.853947647699485
2024-12-21 23:00:00,36.25461144846831,0.0,0.0,28.819455988575154,0.0,36.25461144846831
2024-12-22 00:00:00,17.029724560019268,0.0,0.0,28.808412540706993,0.0,17.029724560019268
2024-12-22 01:00:00,21.192960674623286,0.0,0.0,30.676099581475285,0.0,21.192960674623286
2024-12-22 02:00:00,18.195759812607065,0.0,0.0,30.66692455030208,0.0,18.195759812607065
2024-12-22 03:00:00,20.715932443613664,0.0,0.0,30.312920793023384,0.0,20.715932443613664
2024-12-22 04:00:00,22.308001457445805,0.0,0.0,28.012494695081664,0.0,22.308001457445805
2024-12-22 05:00:00,10.567544066734474,0.0,0.0,29.015122413489312,0.0,10.567544066734474
2024-12-22 06:00:00,19.558976719060176,0.0,0.0,27.783521415571617,0.0,19.558976719060176
2024-12-22 07:00:00,2.77152341210153,14.157027869775591,0.0,28.137874578412877,132.85476836054502,16.92855128187712
2024-12-22 08:00:00,0.0,35.93387943366615,0.0,27.19623507220229,350.12385862382075,35.93387943366615
2024-12-22 09:00:00,0.0,52.33582589967122,0.0,25.95809281563085,500.31544679285196,52.33582589967122
2024-12-22 10:00:00,0.0,59.5290125024619,0.0,24.318398930004278,543.0538227212135,59.5290125024619
2024-12-22 11:00:00,0.0,70.04427884035316,0.0,24.942227899683832,649.277486633115,70.04427884035316
2024-12-22 12:00:00,0.0,76.89750680189297,0.0,23.507735045819004,698.387272284302,76.89750680189297
2024-12-22 13:00:00,0.0,63.82219710649286,0.0,24.191899670012827,560.1383952539883,63.82219710649286
2024-12-22 14:00:00,0.0,58.511352894315756,0.0,23.30264806200561,509.24984092060294,58.511352894315756
2024-12-22 15:00:00,0.0,54.12901467679634,0.0,23.54261814602087,463.9827739329103,54.12901467679634
2024-12-22 16:00:00,0.0,43.39072976063351,0.0,23.40871342304748,355.23115146811887,43.39072976063351
2024-12-22 17:00:00,0.0,18.601896958116075,0.0,24.898558583312273,143.1628600578419,18.601896958116075
2024-12-22 18:00:00,11.811839391347135,3.0202201103303895e-15,0.0,25.22417147072109,7.674953607665201e-14,11.811839391347139
2024-12-22 19:00:00,21.283854079151666,0.0,0.0,26.48553371697277,0.0,21.283854079151666
2024-12-22 20:00:00,18.305127082082926,0.0,0.0,26.758725127847804,0.0,18.305127082082926
2024-12-22 21:00:00,16.418004374223464,0.0,0.0,27.552301856805208,0.0,16.418004374223464
2024-12-22 22:00:00,19.19411788970195,0.0,0.0,28.71751961002369,0.0,19.19411788970195
2024-12-22 23:00:00,15.783286734022086,0.0,0.0,29.866098517272803,0.0,15.783286734022086
2024-12-23 00:00:00,40.605912195338654,0.0,0.0,28.261674106234086,0.0,40.605912195338654
2024-12-23 01:00:00,36.29130107040042,0.0,0.0,28.17207033495784,0.0,36.29130107040042
2024-12-23 02:00:00,36.02552677685855,0.0,0.0,27.293608785555016,0.0,36.02552677685855
2024-12-23 03:00:00,39.945072641185114,0.0,0.0,28.508151451066365,0.0,39.945072641185114
2024-12-23 04:00:00,32.94235842212097,0.0,0.0,27.033954553887504,0.0,32.94235842212097
2024-12-23 05:00:00,29.87961632178505,0.0,0.0,27.21459465159805,0.0,29.87961632178505
2024-12-23 06:00:00,250.01637250274518,0.0,63.36462558436502,26.414334945683677,0.0,250.01637250274518
2024-12-23 07:00:00,416.7453847674326,16.59718914267726,161.49838254807045,24.91920045569498,175.00327734854034,433.3425739101099
2024-12-23 08:00:00,298.1003367471082,40.39639070993886,125.58137973865237,24.90846958430588,396.476177065648,338.4967274570471
2024-12-23 09:00:00,369.3003256004743,45.05568209739677,159.240960164626,24.89351025161378,408.3179739260327,414.35600769787106
2024-12-23 10:00:00,300.02724165584857,50.80390057805258,123.44365156551866,22.815915273779005,442.72074523266394,350.8311422339011
2024-12-23 11:00:00,340.50438407017344,60.90378417372853,151.50695730797796,22.630284136422613,535.5518364691901,401.40816824390197
2024-12-23 12:00:00,314.9276325357504,65.90707402428397,138.39643070704392,22.868974045494483,580.8085478496635,380.83470656003436
2024-12-23 13:00:00,232.21602096272937,62.26134845601275,96.92497064306164,21.772784256861662,541.1476191484129,294.4773694187421
2024-12-23 14:00:00,138.7369349938922,64.12674251987116,58.4203913661662,20.8997963855401,555.4724281103692,202.86367751376335
2024-12-23 15:00:00,343.3504036825196,60.79064739273923,155.77342239733485,21.459985045418602,515.8258127372887,404.1410510752588
2024-12-23 16:00:00,362.6888455437653,46.000667513024894,160.13803254029492,21.931519217678087,375.6500884592889,408.6895130567902
2024-12-23 17:00:00,337.65139689133093,23.533504879031867,138.3528008779227,22.964250871853032,174.08519246692057,361.1849017703628
2024-12-23 18:00:00,379.6756175088903,2.0436945226535355e-15,142.08812847596832,23.57924320968801,9.760713911665547e-14,379.6756175088903
2024-12-23 19:00:00,335.4980880022564,0.0,126.66566004560474,22.431409572267857,0.0,335.4980880022564
2024-12-23 20:00:00,106.26330474743725,0.0,0.0,24.294115763270877,0.0,106.26330474743725
2024-12-23 21:00:00,109.53244632809461,0.0,0.0,25.593071335920985,0.0,109.53244632809461
2024-12-23 22:00:00,30.477788165742215,0.0,0.0,25.964574508100117,0.0,30.477788165742215
2024-12-23 23:00:00,30.636106811032796,0.0,0.0,25.347045993976558,0.0,30.636106811032796
2024-12-24 00:00:00,39.78181097276569,0.0,0.0,28.62215581513657,0.0,39.78181097276569
2024-12-24 01:00:00,35.153933155559685,0.0,0.0,29.33281123403428,0.0,35.153933155559685
2024-12-24 02:00:00,33.84591812928709,0.0,0.0,29.191233804360653,0.0,33.84591812928709
2024-12-24 03:00:00,31.4435004724067,0.0,0.0,28.83614491023994,0.0,31.4435004724067
2024-12-24 04:00:00,40.93740542432842,0.0,0.0,29.005697371404324,0.0,40.93740542432842
2024-12-24 05:00:00,31.8740985392769,0.0,0.0,28.60029396754535,0.0,31.8740985392769
2024-12-24 06:00:00,228.68514584223834,0.0,61.30796013538327,27.469577588783636,0.0,228.68514584223834
2024-12-24 07:00:00,355.2242143812621,17.63676819082306,127.61445655061046,27.545614714862033,193.7126664417404,372.8609825720851
2024-12-24 08:00:00,402.0524073550509,36.42173471777334,165.74805757609667,25.98273335370611,358.3662567144553,438.47414207282424
2024-12-24 09:00:00,338.05359213739877,55.62116603763795,148.04329529323442,24.61225265309011,530.3415750525916,393.6747581750367
2024-12-24 10:00:00,330.9407766666681,76.22884164316584,154.33354885295557,23.641607484591454,728.6415600002609,407.16961830983394
2024-12-24 11:00:00,298.5343229215232,85.68678554319865,149.4900356170193,23.372517509984128,809.1166629969606,384.22110846472185
2024-12-24 12:00:00,311.5565090780141,81.63307286407039,148.48155763816183,23.479497559289563,750.706896789037,393.1895819420845
2024-12-24 13:00:00,163.864535362048,70.14982741434135,68.41954664679514,22.161291399183067,621.6000450321998,234.01436277638936
2024-12-24 14:00:00,140.78598960243053,81.23935958776104,63.309668470720915,22.751815887764725,730.4633352447291,222.02534919019158
2024-12-24 15:00:00,248.7058442433925,61.26591820160874,110.37571983446517,22.62041420876179,525.6063821541034,309.9717624450012
2024-12-24 16:00:00,355.5880334609419,52.21775481125968,156.9778321447617,23.919403717273173,431.9570924197346,407.8057882722016
2024-12-24 17:00:00,349.0215038639633,26.544146510121863,143.91882394609476,23.674128143443742,195.1705511720444,375.5656503740852
2024-12-24 18:00:00,399.1166819897888,1.9170850366212558e-15,154.4053659428447,23.854763026053444,9.019095073287326e-14,399.1166819897888
2024-12-24 19:00:00,378.3207074344418,0.0,144.75721246528357,25.41619425228989,0.0,378.3207074344418
2024-12-24 20:00:00,405.1080255310914,0.0,157.37346500262703,26.338887141214357,0.0,405.1080255310914
2024-12-24 21:00:00,265.5814128221115,0.0,85.63806585054981,26.66123729747729,0.0,265.5814128221115
2024-12-24 22:00:00,35.65575985552215,0.0,0.0,27.121878293601366,0.0,35.65575985552215
2024-12-24 23:00:00,33.494937985415426,0.0,0.0,28.696767475532575,0.0,33.494937985415426
2024-12-25 00:00:00,35.27002464523418,0.0,0.0,31.094180950763736,0.0,35.27002464523418
2024-12-25 01:00:00,36.57679627812017,0.0,0.0,30.65379979527866,0.0,36.57679627812017
2024-12-25 02:00:00,39.34958826065937,0.0,0.0,31.658594948631006,0.0,39.34958826065937
2024-12-25 03:00:00,33.00863315813796,0.0,0.0,31.093578392136834,0.0,33.00863315813796
2024-12-25 04:00:00,42.08897165517052,0.0,0.0,30.304622341449996,0.0,42.08897165517052
2024-12-25 05:00:00,33.643293797424825,0.0,0.0,30.330150011594462,0.0,33.643293797424825
2024-12-25 06:00:00,221.8956520138983,0.0,58.60128207468694,30.422793816239132,0.0,221.8956520138983
2024-12-25 07:00:00,392.8724906514913,14.425038007035687,148.26783138471464,29.54123185703855,141.5762186122726,407.297528658527
2024-12-25 08:00:00,410.82553304928484,33.38936631875443,169.2706524791439,28.50471050013938,324.13127349726415,444.21489936803926
2024-12-25 09:00:00,340.7836707757113,58.15912003605424,151.0539198425508,27.260084236322935,566.499394467636,398.9427908117655
2024-12-25 10:00:00,282.66533552782005,62.13646430456441,123.73484698927768,26.579233050813247,584.4952326633319,344.80179983238446
2024-12-25 11:00:00,296.7657808720121,65.52496899215151,134.4632882402469,25.605783005721783,600.8215240643227,362.2907498641636
2024-12-25 12:00:00,327.5092627451513,60.21673194610454,151.02155716591386,24.44772012278293,531.3159738133063,387.72599469125583
2024-12-25 13:00:00,189.44652266373527,81.37978193096134,96.2708278177864,24.197843107697743,743.6011702463625,270.8263045946966
2024-12-25 14:00:00,144.53401019291442,65.33644379260166,52.883596251134335,24.227743986356845,571.2329328444793,209.87045398551606
2024-12-25 15:00:00,391.90629313829913,44.61327278290704,174.41825603270306,25.351273595442127,375.76896817922636,436.51956592120615
2024-12-25 16:00:00,341.9800759250044,36.50404020155574,145.00235421980153,25.538590901450384,297.34257606807176,378.48411612656014
2024-12-25 17:00:00,365.32995968432454,19.35736192452746,148.493085486716,25.01652193331937,146.96688896804318,384.687321608852
2024-12-25 18:00:00,364.3399392317076,2.6120642618253655e-15,124.629452709643,26.308030006843797,8.02041806938957e-14,364.3399392317076
2024-12-25 19:00:00,412.7093285391707,0.0,158.39554129069202,26.92416421990051,0.0,412.7093285391707
2024-12-25 20:00:00,364.29988403458907,0.0,136.1475755145474,27.953784179485357,0.0,364.29988403458907
2024-12-25 21:00:00,265.6924409002542,0.0,79.1227017917461,28.66917969751841,0.0,265.6924409002542
2024-12-25 22:00:00,38.10075371897971,0.0,0.0,30.48418026053884,0.0,38.10075371897971
2024-12-25 23:00:00,38.10425672528141,0.0,0.0,30.496754914851795,0.0,38.10425672528141
2024-12-26 00:00:00,32.38526185198734,0.0,0.0,30.26635308858348,0.0,32.38526185198734
2024-12-26 01:00:00,31.927133863121664,0.0,0.0,30.620055268115703,0.0,31.927133863121664
2024-12-26 02:00:00,35.50489971273135,0.0,0.0,30.113300685556794,0.0,35.50489971273135
2024-12-26 03:00:00,37.48950881425421,0.0,0.0,30.562203013969306,0.0,37.48950881425421
2024-12-26 04:00:00,36.765074812077934,0.0,0.0,30.689433097176263,0.0,36.765074812077934
2024-12-26 05:00:00,35.611111338317,0.0,0.0,30.33840499993057,0.0,35.611111338317
2024-12-26 06:00:00,210.15495159533063,0.0,55.19200036048394,28.303278289177584,0.0,210.15495159533063
2024-12-26 07:00:00,415.28500967438845,14.726151800368948,162.20457954094508,27.273751812201763,135.65765528155478,430.0111614747574
2024-12-26 08:00:00,370.205322139846,21.906913680663205,149.1368338127182,27.158253063058066,178.47553423162734,392.11223582050917
2024-12-26 09:00:00,311.27215767005305,42.231192683963314,129.83053538166925,26.775912903046,363.4819795646368,353.50335035401633
2024-12-26 10:00:00,308.6237424712352,41.98206372281053,134.94209965545483,25.55698400017915,345.59525100679366,350.6058061940457
2024-12-26 11:00:00,359.41536578840464,54.44530951677673,162.58632369349536,24.992460076924292,456.6664093459794,413.86067530518136
2024-12-26 12:00:00,297.4754225410952,64.49054756874771,139.1315705332269,23.415972349338507,547.6992252842393,361.96597010984294
2024-12-26 13:00:00,195.80320420819095,75.23015908735663,90.29152738036746,23.460451638890568,653.7975389877816,271.0333632955476
2024-12-26 14:00:00,192.74029629282168,45.012364603462935,61.58934950329339,22.529129620140854,363.5800810832599,237.75266089628462
2024-12-26 15:00:00,254.37413063538565,43.166031500902776,93.7822758362798,23.67520135640259,346.7156883794729,297.5401621362884
2024-12-26 16:00:00,395.3419654355622,28.672993765982426,160.51757101018424,23.013987139370133,223.3742478336194,424.0149592015446
2024-12-26 17:00:00,326.7676353732595,14.918534363886971,130.35399130253037,25.31864288980463,112.75296678556423,341.6861697371465
2024-12-26 18:00:00,367.04598607207896,5.0668521019670975e-15,137.3616188628164,26.154596506991773,5.4792679501688055e-14,367.04598607207896
2024-12-26 19:00:00,425.60969310442334,0.0,164.43530019526716,26.291640861209363,0.0,425.60969310442334
2024-12-26 20:00:00,416.64415051017033,0.0,163.11867692158432,26.37089921919834,0.0,416.64415051017033
2024-12-26 21:00:00,270.1574364819734,0.0,89.7132681752802,28.220908757852715,0.0,270.1574364819734
2024-12-26 22:00:00,39.654666341053826,0.0,0.0,29.806752052267775,0.0,39.654666341053826
2024-12-26 23:00:00,37.97314366857489,0.0,0.0,29.839927257033683,0.0,37.97314366857489
2024-12-27 00:00:00,25.993689486533825,0.0,0.0,29.935479361111106,0.0,25.993689486533825
2024-12-27 01:00:00,29.84889077881134,0.0,0.0,29.450056188783737,0.0,29.84889077881134
2024-12-27 02:00:00,38.4229711159738,0.0,0.0,29.376293428703416,0.0,38.4229711159738
2024-12-27 03:00:00,37.534459208455914,0.0,0.0,29.65720784005052,0.0,37.534459208455914
2024-12-27 04:00:00,32.465166695588955,0.0,0.0,28.37963468839528,0.0,32.465166695588955
2024-12-27 05:00:00,39.458924280357834,0.0,0.0,29.91881646743,0.0,39.458924280357834
2024-12-27 06:00:00,231.87549764811968,0.0,61.152102004254246,28.131723475860355,0.0,231.87549764811968
2024-12-27 07:00:00,393.935916008708,18.12753768517848,156.43595454956758,27.651151587662437,196.949507056028,412.06345369388646
2024-12-27 08:00:00,381.8579821009075,40.18166090566275,162.8790382085047,26.081144188422005,386.08154348673975,422.03964300657026
2024-12-27 09:00:00,374.54225652627997,54.68611147353866,164.6932151515707,24.634488609832143,500.28285318063064,429.2283679998186
2024-12-27 10:00:00,328.8862238105894,63.67631862239576,144.03475680058685,25.27480586796055,572.3928012012869,392.56254243298514
2024-12-27 11:00:00,280.4853443239739,78.62113185068253,131.99297542230667,23.27497457782888,702.8399339028396,359.10647617465645
2024-12-27 12:00:00,313.3945053113541,67.88228816827886,138.86407381974817,23.455228921159193,580.2598335499334,381.276793479633
2024-12-27 13:00:00,202.54391382926067,60.98276136845632,86.58756056213264,23.152700466268097,509.08920882613313,263.526675197717
2024-12-27 14:00:00,137.1220420848337,71.447300637387,56.69751598198975,22.84887410445955,606.5870007838064,208.5693427222207
2024-12-27 15:00:00,285.29341442899073,51.75262597765215,128.07583756098316,22.538865942517273,417.7659842124782,337.0460404066429
2024-12-27 16:00:00,77.37962912938741,42.40485384036965,0.0,23.205993420861457,331.13928441508347,119.78448296975705
2024-12-27 17:00:00,329.54888253985155,25.062217757878926,120.15902566312786,23.361999305446005,175.04799935815018,354.61110029773045
2024-12-27 18:00:00,395.96391003665406,2.3333245964672266e-15,143.71677152610596,24.96648729889958,8.402289038009253e-14,395.96391003665406
2024-12-27 19:00:00,391.7647922778868,0.0,144.63037745812633,25.691805258510392,0.0,391.7647922778868
2024-12-27 20:00:00,391.7697680238798,0.0,144.142180476642,26.30119723607116,0.0,391.7697680238798
2024-12-27 21:00:00,278.8670199008288,0.0,92.77788653466614,26.933589374631417,0.0,278.8670199008288
2024-12-27 22:00:00,35.36267536022239,0.0,0.0,29.11555740251112,0.0,35.36267536022239
2024-12-27 23:00:00,30.40047901809786,0.0,0.0,28.135740193696357,0.0,30.40047901809786
2024-12-28 00:00:00,32.95695806719133,0.0,0.0,28.894469199018896,0.0,32.95695806719133
2024-12-28 01:00:00,32.03440116515763,0.0,0.0,29.975424235901507,0.0,32.03440116515763
2024-12-28 02:00:00,40.21451469621777,0.0,0.0,30.00666317091833,0.0,40.21451469621777
2024-12-28 03:00:00,35.68907553786319,0.0,0.0,30.56521845359271,0.0,35.68907553786319
2024-12-28 04:00:00,39.531419279438474,0.0,0.0,29.989833974922654,0.0,39.531419279438474
2024-12-28 05:00:00,33.2811307672189,0.0,0.0,29.125323361847716,0.0,33.2811307672189
2024-12-28 06:00:00,58.85456021549282,0.0,0.0,28.635855725613517,0.0,58.85456021549282
2024-12-28 07:00:00,38.6063925180528,17.06448544990043,0.0,27.782636366187432,185.6060174404373,55.67087796795323
2024-12-28 08:00:00,23.960622276835757,37.43299479077898,0.0,27.687465194294756,358.8323365364384,61.393617067614734
2024-12-28 09:00:00,10.327032396650381,52.23555854361286,0.0,25.856501871592677,477.7762225236655,62.56259094026324
2024-12-28 10:00:00,0.0,70.85216867301202,0.0,24.545148267864036,639.0785330655085,70.85216867301202
2024-12-28 11:00:00,0.0,81.4822949103953,0.0,24.260063649964973,730.234084554977,81.4822949103953
2024-12-28 12:00:00,0.0,78.28592310772892,0.0,22.295258214323123,680.8613967896368,78.28592310772892
2024-12-28 13:00:00,0.0,74.19998723104888,0.0,23.238622671481863,628.4654780498696,74.19998723104888
2024-12-28 14:00:00,0.0,74.56169072342965,0.0,23.682178069756777,629.8890924470375,74.56169072342965
2024-12-28 15:00:00,14.687476905158476,51.4220948665652,0.0,23.556038501627253,417.6401438474754,66.10957177172368
2024-12-28 16:00:00,22.132911487447494,39.031491391461415,0.0,23.753875942781082,302.3904487961628,61.16440287890891
2024-12-28 17:00:00,37.365679844466875,24.188474382353682,0.0,24.485432677836112,169.60283984158926,61.55415422682056
2024-12-28 18:00:00,57.734800511602835,4.512010257384923e-15,0.0,25.43731510664264,6.453922207865724e-14,57.73480051160284
2024-12-28 19:00:00,59.75534556264957,0.0,0.0,26.44243687999405,0.0,59.75534556264957
2024-12-28 20:00:00,58.212618728374515,0.0,0.0,26.85941478434851,0.0,58.212618728374515
2024-12-28 21:00:00,57.84905019327868,0.0,0.0,27.38349777480626,0.0,57.84905019327868
2024-12-28 22:00:00,34.9355430804873,0.0,0.0,27.228925838923892,0.0,34.9355430804873
2024-12-28 23:00:00,32.64677304681306,0.0,0.0,29.599647281860562,0.0,32.64677304681306
2024-12-29 00:00:00,21.77950940869294,0.0,0.0,30.485776608683214,0.0,21.77950940869294
2024-12-29 01:00:00,17.429003054678212,0.0,0.0,30.654156574405363,0.0,17.429003054678212
2024-12-29 02:00:00,18.522802473516112,0.0,0.0,30.353060691038607,0.0,18.522802473516112
2024-12-29 03:00:00,13.378285087466551,0.0,0.0,31.06040283231774,0.0,13.378285087466551
2024-12-29 04:00:00,20.531168978462283,0.0,0.0,30.099557138967196,0.0,20.531168978462283
2024-12-29 05:00:00,14.185587479410364,0.0,0.0,29.65474911726565,0.0,14.185587479410364
2024-12-29 06:00:00,14.306670180234477,0.0,0.0,28.919092144051604,0.0,14.306670180234477
2024-12-29 07:00:00,0.29570222106100275,16.18882379508133,0.0,28.327878955577297,172.05613262714493,16.484526016142333
2024-12-29 08:00:00,0.0,34.339777262992236,0.0,26.62277043312066,322.3859202627131,34.339777262992236
2024-12-29 09:00:00,0.0,54.25950151985588,0.0,26.572495711730575,503.6271552824628,54.25950151985588
2024-12-29 10:00:00,0.0,56.77295631414471,0.0,25.086642260231713,493.5322439990143,56.77295631414471
2024-12-29 11:00:00,0.0,70.35900720006028,0.0,24.37931085103323,620.5344299524423,70.35900720006028
2024-12-29 12:00:00,0.0,75.88599672276115,0.0,24.608617549169065,672.6288606054053,75.88599672276115
2024-12-29 13:00:00,0.0,84.70548451864724,0.0,23.3188318160762,735.7783451320703,84.70548451864724
2024-12-29 14:00:00,0.0,71.50143209960196,0.0,24.138807639140957,611.1145135998133,71.50143209960196
2024-12-29 15:00:00,0.0,51.81719412286349,0.0,23.86702940897844,417.52045947839554,51.81719412286349
2024-12-29 16:00:00,0.0,41.506268566850544,0.0,23.341859150955152,321.67998488292824,41.506268566850544
2024-12-29 17:00:00,0.0,27.912954664700692,0.0,25.40445063030606,193.53145004507434,27.912954664700692
2024-12-29 18:00:00,21.079624560672094,3.696779027312195e-15,0.0,25.602213302267472,7.214998174197973e-14,21.079624560672098
2024-12-29 19:00:00,15.294328871331075,0.0,0.0,26.488282713721837,0.0,15.294328871331075
2024-12-29 20:00:00,21.173825368175407,0.0,0.0,27.700707593928104,0.0,21.173825368175407
2024-12-29 21:00:00,16.571716452161464,0.0,0.0,28.852563468775198,0.0,16.571716452161464
2024-12-29 22:00:00,8.812296414397903,0.0,0.0,29.04759988674379,0.0,8.812296414397903
2024-12-29 23:00:00,19.54868089421357,0.0,0.0,29.980603834036675,0.0,19.54868089421357
2024-12-30 00:00:00,27.367308092200307,0.0,0.0,30.643574056046386,0.0,27.367308092200307
2024-12-30 01:00:00,30.584780206049317,0.0,0.0,30.636198716153032,0.0,30.584780206049317
2024-12-30 02:00:00,33.812603296460516,0.0,0.0,30.135174026044563,0.0,33.812603296460516
2024-12-30 03:00:00,34.579596051919125,0.0,0.0,30.91509359905598,0.0,34.579596051919125
2024-12-30 04:00:00,35.379503821526384,0.0,0.0,31.147450006059948,0.0,35.379503821526384
2024-12-30 05:00:00,36.354591522791615,0.0,0.0,30.193432393323878,0.0,36.354591522791615
2024-12-30 06:00:00,233.979471898709,0.0,61.096054540741115,28.643180582003914,0.0,233.979471898709
2024-12-30 07:00:00,426.02340599350003,15.795685118650288,174.1731663377169,28.88151958817341,167.48963347182007,441.8190911121503
2024-12-30 08:00:00,345.06566643138217,41.944730605302766,135.1226070805515,27.272157251563964,406.45069650514574,387.01039703668494
2024-12-30 09:00:00,325.1515227572739,53.02420246906497,146.48049759343036,25.47501258338581,489.3185065287588,378.17572522633884
2024-12-30 10:00:00,329.60179505791075,55.020677357688186,145.56712401386196,26.185844085083396,476.8945582606107,384.62247241559896
2024-12-30 11:00:00,287.77820783467934,92.34700892792256,144.89665569684422,24.479328131292664,838.6863568037083,380.1252167626019
2024-12-30 12:00:00,276.1585904532096,75.55125375627699,124.47582715759742,25.286167450805554,673.1456955875178,351.7098442094866
2024-12-30 13:00:00,168.26174346799957,79.65828835841288,75.3812809754382,24.620038485779105,691.0045863627001,247.92003182641244
2024-12-30 14:00:00,119.91685057652083,86.04032595765744,57.03685887885549,23.812992540660556,743.7545978486188,205.95717653417827
2024-12-30 15:00:00,288.7343842395843,62.38620683917392,120.04351166690114,24.27583170835763,511.47334478127937,351.12059107875825
2024-12-30 16:00:00,339.19919019175546,46.229608578422926,137.73757369067053,25.607762547074152,360.84567918646707,385.4287987701784
2024-12-30 17:00:00,338.87020665606497,23.682982846784036,133.27256069297545,25.452021962257714,165.84187194169644,362.553189502849
2024-12-30 18:00:00,370.64398353931625,3.3848003355633994e-15,138.2538214848647,25.79599218988443,7.468601320196267e-14,370.64398353931625
2024-12-30 19:00:00,409.13433479621904,0.0,158.6356591173049,27.965602516736446,0.0,409.13433479621904
2024-12-30 20:00:00,331.7075661980846,0.0,127.13371751366995,27.485682682970378,0.0,331.7075661980846
2024-12-30 21:00:00,278.214316344817,0.0,92.93678273728727,28.62366624479038,0.0,278.214316344817
2024-12-30 22:00:00,35.52826277822292,0.0,0.0,28.708785582962506,0.0,35.52826277822292
2024-12-30 23:00:00,35.382463811598164,0.0,0.0,29.064406478847605,0.0,35.382463811598164
